record_id,prior_ai_code,disposition,code,comment
FS-000003,TI04,EXCLUDE_TITLE,TI04,Diesel exhaust exposure is the stated study exposure.
FS-000004,TI04,EXCLUDE_TITLE,TI04,Ozone is the stated exposure.
FS-000006,TI04,EXCLUDE_TITLE,TI04,Elevated noradrenaline is the stated exposure.
FS-000008,TI04,EXCLUDE_TITLE,TI04,Ozone is the stated exposure.
FS-000009,TI04,EXCLUDE_TITLE,TI04,Thrombin peptide is the stated intervention.
FS-000012,TI05,ADVANCE_TO_ABSTRACT,,
FS-000014,TI04,EXCLUDE_TITLE,TI04,Exam stress is the stated exposure.
FS-000015,TI04,EXCLUDE_TITLE,TI04,Prior infection is the stated predictor of clinical outcome.
FS-000016,TI04,ADVANCE_TO_ABSTRACT,,
FS-000017,TI05,ADVANCE_TO_ABSTRACT,,
FS-000024,TI04,EXCLUDE_TITLE,TI04,Ozone exposure is stated.
FS-000026,TI05,ADVANCE_TO_ABSTRACT,,
FS-000030,TI05,EXCLUDE_TITLE,TI05,Erythropoietin is the only named outcome.
FS-000037,TI05,ADVANCE_TO_ABSTRACT,,
FS-000043,TI05,ADVANCE_TO_ABSTRACT,,
FS-000048,TI04,EXCLUDE_TITLE,TI04,Immunosuppression is the stated exposure.
FS-000049,TI05,ADVANCE_TO_ABSTRACT,,
FS-000054,TI04,EXCLUDE_TITLE,TI04,Tacalcitol is the stated intervention.
FS-000057,TI04,EXCLUDE_TITLE,TI04,Ozone is the stated exposure.
FS-000058,TI04,EXCLUDE_TITLE,TI04,Ozone exposure is stated.
FS-000064,TI04,EXCLUDE_TITLE,TI04,Ozone exposure is stated.
FS-000065,TI05,ADVANCE_TO_ABSTRACT,,
FS-000066,TI04,ADVANCE_TO_ABSTRACT,,
FS-000070,TI04,EXCLUDE_TITLE,TI04,Ritonavir is the stated drug exposure.
FS-000071,TI05,ADVANCE_TO_ABSTRACT,,
FS-000077,TI04,EXCLUDE_TITLE,TI04,Growth factors are the stated non-exercise exposure.
FS-000079,TI05,ADVANCE_TO_ABSTRACT,,
FS-000082,TI05,ADVANCE_TO_ABSTRACT,,
FS-000084,TI04,EXCLUDE_TITLE,TI04,Ozone exposure is studied without exercise context.
FS-000085,TI04,ADVANCE_TO_ABSTRACT,,
FS-000087,TI04,EXCLUDE_TITLE,TI04,Aspirin use is the stated exposure.
FS-000088,TI05,EXCLUDE_TITLE,TI05,Erythropoietin production is the only named outcome.
FS-000094,TI04,ADVANCE_TO_ABSTRACT,,
FS-000101,TI04,ADVANCE_TO_ABSTRACT,,
FS-000103,TI04,EXCLUDE_TITLE,TI04,Drug treatment before chemotherapy is the stated intervention.
FS-000104,TI05,EXCLUDE_TITLE,TI05,Growth hormone is the only named outcome.
FS-000105,TI04,ADVANCE_TO_ABSTRACT,,
FS-000109,TI05,ADVANCE_TO_ABSTRACT,,
FS-000116,TI04,ADVANCE_TO_ABSTRACT,,
FS-000117,TI05,EXCLUDE_TITLE,TI05,The only named outcome is endocrine response.
FS-000122,TI04,EXCLUDE_TITLE,TI04,Ozone exposure is studied without exercise context.
FS-000123,TI04,EXCLUDE_TITLE,TI04,Ozone exposure is studied without exercise context.
FS-000128,TI04,ADVANCE_TO_ABSTRACT,,
FS-000129,TI05,ADVANCE_TO_ABSTRACT,,
FS-000131,TI05,ADVANCE_TO_ABSTRACT,,
FS-000132,TI04,EXCLUDE_TITLE,TI04,A drug is the stated intervention.
FS-000139,TI04,EXCLUDE_TITLE,TI04,Repeated ozone exposure is studied without exercise context.
FS-000143,TI04,EXCLUDE_TITLE,TI04,Azithromycin and ozone are studied without exercise context.
FS-000146,TI04,ADVANCE_TO_ABSTRACT,,
FS-000147,TI04,EXCLUDE_TITLE,TI04,Zafirlukast is the stated non-exercise exposure.
FS-000152,TI04,ADVANCE_TO_ABSTRACT,,
FS-000153,TI05,ADVANCE_TO_ABSTRACT,,
FS-000166,TI04,EXCLUDE_TITLE,TI04,Chromium exposure is the study exposure; no exercise context is named.
FS-000167,TI04,EXCLUDE_TITLE,TI04,Paroxetine treatment is the study exposure; no exercise context is named.
FS-000168,TI04,ADVANCE_TO_ABSTRACT,,
FS-000169,TI04,EXCLUDE_TITLE,TI04,Ambient air particles are the study exposure; no exercise context is named.
FS-000177,TI04,EXCLUDE_TITLE,TI04,Ozone exposure is named without exercise context.
FS-000179,TI04,EXCLUDE_TITLE,TI04,Adrenaline infusion is the study exposure; no exercise context is named.
FS-000186,TI05,ADVANCE_TO_ABSTRACT,,
FS-000187,TI04,ADVANCE_TO_ABSTRACT,,
FS-000188,TI04,EXCLUDE_TITLE,TI04,Antiretroviral therapy is the study exposure; no exercise context is named.
FS-000192,TI04,ADVANCE_TO_ABSTRACT,,
FS-000195,TI04,EXCLUDE_TITLE,TI04,High altitude is the named exposure; no exercise context is stated.
FS-000196,TI04,EXCLUDE_TITLE,TI04,Drug treatment and sulfur dioxide exposure are named without exercise context.
FS-000203,TI04,EXCLUDE_TITLE,TI04,Stent deployment is the study intervention; no exercise context is named.
FS-000207,TI05,ADVANCE_TO_ABSTRACT,,
FS-000216,TI05,ADVANCE_TO_ABSTRACT,,
FS-000217,TI04,ADVANCE_TO_ABSTRACT,,
FS-000218,TI04,EXCLUDE_TITLE,TI04,"Train-the-trainer refers to education, not physical training."
FS-000233,TI05,ADVANCE_TO_ABSTRACT,,
FS-000234,TI04,EXCLUDE_TITLE,TI04,Repeated ozone exposure is named without exercise context.
FS-000240,TI04,ADVANCE_TO_ABSTRACT,,
FS-000241,TI05,ADVANCE_TO_ABSTRACT,,
FS-000248,TI04,EXCLUDE_TITLE,TI04,Steroid withdrawal is the study intervention; no exercise context is named.
FS-000253,TI05,EXCLUDE_TITLE,TI05,The only named outcome is performance.
FS-000256,TI04,EXCLUDE_TITLE,TI04,High-altitude exposure is the stated exposure.
FS-000257,TI04,EXCLUDE_TITLE,TI04,Sea-snake bites are the stated exposure.
FS-000259,TI04,ADVANCE_TO_ABSTRACT,,
FS-000260,TI05,ADVANCE_TO_ABSTRACT,,
FS-000263,TI04,EXCLUDE_TITLE,TI04,Antioxidant supplementation and ozone exposure are the stated interventions.
FS-000275,TI05,ADVANCE_TO_ABSTRACT,,
FS-000276,TI05,ADVANCE_TO_ABSTRACT,,
FS-000278,TI04,ADVANCE_TO_ABSTRACT,,
FS-000282,TI05,ADVANCE_TO_ABSTRACT,,
FS-000284,TI04,EXCLUDE_TITLE,TI04,Sleep deprivation is the stated exposure.
FS-000285,TI04,EXCLUDE_TITLE,TI04,Risk of death after myocardial infarction is the stated disease course.
FS-000289,TI04,EXCLUDE_TITLE,TI04,Live bacterial products are the stated stimulus.
FS-000292,TI04,ADVANCE_TO_ABSTRACT,,
FS-000293,TI05,ADVANCE_TO_ABSTRACT,,
FS-000294,TI04,EXCLUDE_TITLE,TI04,Nitrogen dioxide exposure is stated.
FS-000296,TI04,EXCLUDE_TITLE,TI04,Revascularization is the stated intervention.
FS-000299,TI05,ADVANCE_TO_ABSTRACT,,
FS-000300,TI05,ADVANCE_TO_ABSTRACT,,
FS-000303,TI04,EXCLUDE_TITLE,TI04,Propranolol is the stated drug intervention.
FS-000304,TI05,ADVANCE_TO_ABSTRACT,,
FS-000310,TI04,EXCLUDE_TITLE,TI04,Cell transplantation is the stated intervention.
FS-000321,TI04,EXCLUDE_TITLE,TI04,Interleukin-11 is the stated stimulus.
FS-000326,TI04,EXCLUDE_TITLE,TI04,Candesartan is the stated drug intervention.
FS-000334,TI05,EXCLUDE_TITLE,TI05,Only power and anaerobic capacity are named as outcomes.
FS-000337,TI04,ADVANCE_TO_ABSTRACT,,
FS-000347,TI04,EXCLUDE_TITLE,TI04,Drug pharmacology is the stated topic; no exercise context.
FS-000350,TI04,ADVANCE_TO_ABSTRACT,,
FS-000351,TI04,ADVANCE_TO_ABSTRACT,,
FS-000355,TI05,ADVANCE_TO_ABSTRACT,,
FS-000365,TI04,EXCLUDE_TITLE,TI02,Title names only wheat and a fungus.
FS-000366,TI04,EXCLUDE_TITLE,TI04,Drug therapy is the stated intervention; no exercise context.
FS-000370,TI04,EXCLUDE_TITLE,TI04,Ozone exposure is studied without exercise context.
FS-000371,TI04,ADVANCE_TO_ABSTRACT,,
FS-000372,TI05,ADVANCE_TO_ABSTRACT,,
FS-000373,TI04,ADVANCE_TO_ABSTRACT,,
FS-000376,TI05,EXCLUDE_TITLE,TI05,Only bronchoconstriction is named as an outcome.
FS-000379,TI04,EXCLUDE_TITLE,TI04,"Training refers to health care skills, not physical training."
FS-000382,TI05,EXCLUDE_TITLE,TI04,Fish oil and isoflavones are studied without an exercise term.
FS-000391,TI04,ADVANCE_TO_ABSTRACT,,
FS-000392,TI05,ADVANCE_TO_ABSTRACT,,
FS-000396,TI04,EXCLUDE_TITLE,TI04,Endotoxemia is the stated exposure; no exercise context.
FS-000400,TI04,EXCLUDE_TITLE,TI04,Controlled ischaemia is the stated exposure; no exercise context.
FS-000401,TI05,ADVANCE_TO_ABSTRACT,,
FS-000406,TI05,ADVANCE_TO_ABSTRACT,,
FS-000413,TI04,EXCLUDE_TITLE,TI04,Drug use is the stated comparison; no exercise context.
FS-000414,TI05,EXCLUDE_TITLE,TI04,Massage is the stated intervention; no exercise context.
FS-000415,TI05,ADVANCE_TO_ABSTRACT,,
FS-000422,TI04,EXCLUDE_TITLE,TI04,Drug treatment is the stated topic; no exercise context.
FS-000423,TI05,ADVANCE_TO_ABSTRACT,,
FS-000426,TI05,ADVANCE_TO_ABSTRACT,,
FS-000427,TI04,ADVANCE_TO_ABSTRACT,,
FS-000433,TI04,EXCLUDE_TITLE,TI04,Interleukin-6 administration is the study exposure.
FS-000442,TI04,EXCLUDE_TITLE,TI04,Bone marrow cell transplantation is the intervention.
FS-000443,TI04,EXCLUDE_TITLE,TI04,Anabolic steroid use is the exposure.
FS-000444,TI05,EXCLUDE_TITLE,TI05,"Only erythropoietin concentrations, a hormonal outcome, are named."
FS-000452,TI04,ADVANCE_TO_ABSTRACT,,
FS-000456,TI05,ADVANCE_TO_ABSTRACT,,
FS-000459,TI04,EXCLUDE_TITLE,TI04,Beryllium stimulation is the named exposure.
FS-000467,TI04,EXCLUDE_TITLE,TI04,Drug administration is the study exposure.
FS-000473,TI05,EXCLUDE_TITLE,TI04,HAART use is the named exposure.
FS-000477,TI04,ADVANCE_TO_ABSTRACT,,
FS-000478,TI05,ADVANCE_TO_ABSTRACT,,
FS-000479,TI04,EXCLUDE_TITLE,TI04,Interleukin-6 is the named study exposure.
FS-000482,TI05,EXCLUDE_TITLE,TI05,Only erythropoietin and growth hormone concentrations are named as outcomes.
FS-000487,TI04,ADVANCE_TO_ABSTRACT,,
FS-000490,TI05,ADVANCE_TO_ABSTRACT,,
FS-000496,TI04,EXCLUDE_TITLE,TI04,Hyperosmolar stimulus is the study exposure.
FS-000500,TI05,ADVANCE_TO_ABSTRACT,,
FS-000506,TI05,ADVANCE_TO_ABSTRACT,,
FS-000509,TI04,ADVANCE_TO_ABSTRACT,,
FS-000513,TI04,ADVANCE_TO_ABSTRACT,,
FS-000517,TI04,EXCLUDE_TITLE,TI04,Epicutaneous leukotriene-B4 application is the study exposure.
FS-000519,TI04,EXCLUDE_TITLE,TI04,Camptothecin is the study exposure.
FS-000520,TI04,EXCLUDE_TITLE,TI04,Ketotifen treatment is the study exposure.
FS-000521,TI04,ADVANCE_TO_ABSTRACT,,
FS-000523,TI04,ADVANCE_TO_ABSTRACT,,
FS-000528,TI05,ADVANCE_TO_ABSTRACT,,
FS-000529,TI04,EXCLUDE_TITLE,TI04,Erythropoietin treatment is the stated exposure.
FS-000530,TI04,ADVANCE_TO_ABSTRACT,,
FS-000537,TI05,ADVANCE_TO_ABSTRACT,,
FS-000538,TI05,ADVANCE_TO_ABSTRACT,,
FS-000539,TI05,ADVANCE_TO_ABSTRACT,,
FS-000540,TI04,ADVANCE_TO_ABSTRACT,,
FS-000548,TI05,ADVANCE_TO_ABSTRACT,,
FS-000549,TI04,EXCLUDE_TITLE,TI04,Iloprost is the stated exposure; no exercise context is named.
FS-000551,TI04,ADVANCE_TO_ABSTRACT,,
FS-000553,TI04,ADVANCE_TO_ABSTRACT,,
FS-000557,TI04,ADVANCE_TO_ABSTRACT,,
FS-000560,TI05,EXCLUDE_TITLE,TI04,Antiretroviral therapy is the studied exposure; no exercise context is named.
FS-000565,TI05,ADVANCE_TO_ABSTRACT,,
FS-000576,TI04,ADVANCE_TO_ABSTRACT,,
FS-000579,TI04,EXCLUDE_TITLE,TI04,Air pollution exposure is stated; no exercise context is named.
FS-000583,TI04,ADVANCE_TO_ABSTRACT,,
FS-000585,TI04,EXCLUDE_TITLE,TI04,Factor VIII concentrates are the stated exposure.
FS-000590,TI04,ADVANCE_TO_ABSTRACT,,
FS-000596,TI04,EXCLUDE_TITLE,TI04,Pentoxifylline is the stated intervention; no exercise context is named.
FS-000601,TI04,EXCLUDE_TITLE,TI04,Typing task is the stated non-exercise exposure.
FS-000603,TI04,EXCLUDE_TITLE,TI04,Drug blockade is named without exercise context.
FS-000610,TI05,ADVANCE_TO_ABSTRACT,,
FS-000617,TI05,EXCLUDE_TITLE,TI05,Named outcomes are lung function and asthma-like symptoms only.
FS-000624,TI04,EXCLUDE_TITLE,TI04,Nutritional and drug treatment is the study intervention.
FS-000625,TI04,ADVANCE_TO_ABSTRACT,,
FS-000626,TI04,ADVANCE_TO_ABSTRACT,,
FS-000629,TI05,EXCLUDE_TITLE,TI05,Only hormonal outcomes are named.
FS-000630,TI05,ADVANCE_TO_ABSTRACT,,
FS-000633,TI04,EXCLUDE_TITLE,TI04,Ambient air pollution is the study exposure.
FS-000636,TI04,ADVANCE_TO_ABSTRACT,,
FS-000641,TI04,ADVANCE_TO_ABSTRACT,,
FS-000646,TI04,EXCLUDE_TITLE,TI04,Sulfuric acid aerosol is the study exposure.
FS-000647,TI04,ADVANCE_TO_ABSTRACT,,
FS-000648,TI04,EXCLUDE_TITLE,TI04,Ultrafine particles are the study exposure.
FS-000650,TI04,ADVANCE_TO_ABSTRACT,,
FS-000653,TI05,EXCLUDE_TITLE,TI05,Only exercise duration is named as an outcome.
FS-000654,TI05,EXCLUDE_TITLE,TI05,Only lower extremity functioning is named as an outcome.
FS-000656,TI05,ADVANCE_TO_ABSTRACT,,
FS-000677,TI04,EXCLUDE_TITLE,TI04,Blood cell contact with biomaterials is the study exposure.
FS-000678,TI04,EXCLUDE_TITLE,TI04,Interferon treatment is the study exposure.
FS-000688,TI04,ADVANCE_TO_ABSTRACT,,
FS-000690,TI04,ADVANCE_TO_ABSTRACT,,
FS-000692,TI05,ADVANCE_TO_ABSTRACT,,
FS-000698,TI04,ADVANCE_TO_ABSTRACT,,
FS-000707,TI05,ADVANCE_TO_ABSTRACT,,
FS-000713,TI05,ADVANCE_TO_ABSTRACT,,
FS-000715,TI05,ADVANCE_TO_ABSTRACT,,
FS-000722,TI04,EXCLUDE_TITLE,TI04,Cell delivery for transplantation patients is the study intervention.
FS-000723,TI04,EXCLUDE_TITLE,TI04,Food challenges are the stated exposure; no exercise context.
FS-000737,TI04,EXCLUDE_TITLE,TI04,Whole-body periodic acceleration is the stated non-exercise exposure.
FS-000744,TI05,ADVANCE_TO_ABSTRACT,,
FS-000748,TI04,ADVANCE_TO_ABSTRACT,,
FS-000750,TI04,ADVANCE_TO_ABSTRACT,,
FS-000752,TI05,ADVANCE_TO_ABSTRACT,,
FS-000754,TI04,EXCLUDE_TITLE,TI04,Ultrafine carbon particle exposure is studied without exercise context.
FS-000755,TI04,EXCLUDE_TITLE,TI04,Glucocorticoid treatment is the stated exposure; no exercise context.
FS-000763,TI05,ADVANCE_TO_ABSTRACT,,
FS-000770,TI05,EXCLUDE_TITLE,TI05,Exercise capacity is the only named outcome.
FS-000772,TI04,EXCLUDE_TITLE,TI04,The title concerns drugs without exercise context.
FS-000773,TI04,EXCLUDE_TITLE,TI04,Ozone challenge is the stated non-exercise exposure.
FS-000776,TI05,ADVANCE_TO_ABSTRACT,,
FS-000780,TI05,EXCLUDE_TITLE,TI05,Exercise capacity is the only named outcome.
FS-000781,TI05,ADVANCE_TO_ABSTRACT,,
FS-000784,TI04,ADVANCE_TO_ABSTRACT,,
FS-000786,TI04,ADVANCE_TO_ABSTRACT,,
FS-000788,TI04,EXCLUDE_TITLE,TI04,Hyperbaric exposure is studied without exercise context.
FS-000789,TI04,ADVANCE_TO_ABSTRACT,,
FS-000792,TI04,EXCLUDE_TITLE,TI04,In vitro viral infection is the stated exposure; no exercise context.
FS-000797,TI04,ADVANCE_TO_ABSTRACT,,
FS-000804,TI04,EXCLUDE_TITLE,TI04,Hypoxaemia is the stated non-exercise exposure.
FS-000806,TI05,ADVANCE_TO_ABSTRACT,,
FS-000811,TI05,ADVANCE_TO_ABSTRACT,,
FS-000812,TI04,EXCLUDE_TITLE,TI04,Air pollution is the stated exposure; no exercise context.
FS-000813,TI05,EXCLUDE_TITLE,TI04,Saturation diving is the stated exposure; no exercise context is named.
FS-000815,TI05,ADVANCE_TO_ABSTRACT,,
FS-000819,TI04,EXCLUDE_TITLE,TI04,HAART treatment is the stated exposure; no exercise context is named.
FS-000821,TI04,EXCLUDE_TITLE,TI04,Testosterone treatment is the stated intervention.
FS-000827,TI05,ADVANCE_TO_ABSTRACT,,
FS-000832,TI04,EXCLUDE_TITLE,TI04,Acute stress before vaccination is the stated exposure.
FS-000833,TI04,EXCLUDE_TITLE,TI04,Dimethyl sulfoxide exposure is stated; no exercise context is named.
FS-000834,TI04,EXCLUDE_TITLE,TI04,Enzyme inhibition is the stated intervention; no exercise context is named.
FS-000836,TI04,ADVANCE_TO_ABSTRACT,,
FS-000840,TI05,ADVANCE_TO_ABSTRACT,,
FS-000843,TI04,ADVANCE_TO_ABSTRACT,,
FS-000846,TI04,ADVANCE_TO_ABSTRACT,,
FS-000853,TI05,ADVANCE_TO_ABSTRACT,,
FS-000856,TI04,ADVANCE_TO_ABSTRACT,,
FS-000857,TI05,ADVANCE_TO_ABSTRACT,,
FS-000859,TI04,ADVANCE_TO_ABSTRACT,,
FS-000863,TI05,ADVANCE_TO_ABSTRACT,,
FS-000864,TI04,EXCLUDE_TITLE,TI04,Granulocyte colony-stimulating factor treatment is the stated intervention.
FS-000865,TI04,ADVANCE_TO_ABSTRACT,,
FS-000868,TI04,ADVANCE_TO_ABSTRACT,,
FS-000869,TI05,EXCLUDE_TITLE,TI05,The only named outcomes are hormones.
FS-000876,TI04,ADVANCE_TO_ABSTRACT,,
FS-000878,TI05,ADVANCE_TO_ABSTRACT,,
FS-000881,TI05,EXCLUDE_TITLE,TI05,Insulin secretion is the only named outcome.
FS-000891,TI04,EXCLUDE_TITLE,TI04,Chemotherapy and growth-factor treatment are the stated interventions.
FS-000895,TI04,ADVANCE_TO_ABSTRACT,,
FS-000896,TI04,EXCLUDE_TITLE,TI04,Diesel exhaust inhalation is the stated exposure.
FS-000898,TI05,ADVANCE_TO_ABSTRACT,,
FS-000900,TI04,EXCLUDE_TITLE,TI04,Progressive muscle relaxation is the stated intervention.
FS-000910,TI05,ADVANCE_TO_ABSTRACT,,
FS-000913,TI04,EXCLUDE_TITLE,TI04,Compost dust is the stated exposure.
FS-000920,TI04,ADVANCE_TO_ABSTRACT,,
FS-000921,TI04,ADVANCE_TO_ABSTRACT,,
FS-000924,TI04,ADVANCE_TO_ABSTRACT,,
FS-000929,TI05,EXCLUDE_TITLE,TI05,Only erythropoietin detection is named as the outcome.
FS-000938,TI04,ADVANCE_TO_ABSTRACT,,
FS-000941,TI05,EXCLUDE_TITLE,TI05,Exercise capacity is the only named outcome.
FS-000942,TI04,EXCLUDE_TITLE,TI04,Interleukin-6 infusion is the stated intervention.
FS-000944,TI05,ADVANCE_TO_ABSTRACT,,
FS-000957,TI05,ADVANCE_TO_ABSTRACT,,
FS-000958,TI04,EXCLUDE_TITLE,TI04,Intramyocardial cell injection is the stated intervention.
FS-000964,TI05,ADVANCE_TO_ABSTRACT,,
FS-000967,TI04,EXCLUDE_TITLE,TI04,Ketotifen is the stated intervention.
FS-000968,TI04,ADVANCE_TO_ABSTRACT,,
FS-000970,TI05,ADVANCE_TO_ABSTRACT,,
FS-000975,TI04,ADVANCE_TO_ABSTRACT,,
FS-000977,TI04,ADVANCE_TO_ABSTRACT,,
FS-000981,TI04,EXCLUDE_TITLE,TI04,Intermittent hypobaric hypoxia is the stated exposure.
FS-000991,TI04,EXCLUDE_TITLE,TI04,Interleukin-6 infusion is the stated intervention.
FS-000993,TI04,ADVANCE_TO_ABSTRACT,,
FS-001002,TI05,ADVANCE_TO_ABSTRACT,,
FS-001005,TI04,EXCLUDE_TITLE,TI04,Alpha-thioglycerol is the stated intervention; no exercise context appears.
FS-001006,TI05,ADVANCE_TO_ABSTRACT,,
FS-001012,TI04,EXCLUDE_TITLE,TI04,Clastogen exposure is studied without exercise context.
FS-001013,TI04,ADVANCE_TO_ABSTRACT,,
FS-001017,TI05,ADVANCE_TO_ABSTRACT,,
FS-001019,TI04,ADVANCE_TO_ABSTRACT,,
FS-001020,TI05,EXCLUDE_TITLE,TI05,Exercise capacity is the only named outcome.
FS-001025,TI04,ADVANCE_TO_ABSTRACT,,
FS-001027,TI04,EXCLUDE_TITLE,TI04,Ozone exposure is studied without exercise context.
FS-001030,TI05,EXCLUDE_TITLE,TI05,Named outcomes are neurohumoral activation and exercise tolerance.
FS-001031,TI04,EXCLUDE_TITLE,TI04,Chemical exposure is studied without exercise context.
FS-001037,TI04,ADVANCE_TO_ABSTRACT,,
FS-001041,TI05,EXCLUDE_TITLE,TI05,Erythropoietin concentration is the only named outcome.
FS-001047,TI05,ADVANCE_TO_ABSTRACT,,
FS-001053,TI05,ADVANCE_TO_ABSTRACT,,
FS-001057,TI04,EXCLUDE_TITLE,TI04,Coronary stenting is the studied treatment; no exercise context appears.
FS-001058,TI04,EXCLUDE_TITLE,TI04,Gemcitabine treatment is studied without exercise context.
FS-001059,TI05,ADVANCE_TO_ABSTRACT,,
FS-001069,TI04,ADVANCE_TO_ABSTRACT,,
FS-001070,TI05,EXCLUDE_TITLE,TI05,Adrenomedullin concentration is the only named outcome.
FS-001072,TI04,EXCLUDE_TITLE,TI04,Wheat allelic variants are the stated exposure; no exercise context appears.
FS-001077,TI04,EXCLUDE_TITLE,TI04,Stem cell transplantation is studied without exercise context.
FS-001083,TI05,ADVANCE_TO_ABSTRACT,,
FS-001090,TI04,EXCLUDE_TITLE,TI04,Psychosocial factors are studied without exercise context.
FS-001094,TI04,EXCLUDE_TITLE,TI04,Mental stress is the stated exposure.
FS-001096,TI05,EXCLUDE_TITLE,TI05,Only hormonal outcomes are named.
FS-001101,TI04,EXCLUDE_TITLE,TI04,Statin therapy is the stated exposure.
FS-001105,TI04,EXCLUDE_TITLE,TI04,A drug is the stated intervention.
FS-001114,TI05,ADVANCE_TO_ABSTRACT,,
FS-001119,TI04,EXCLUDE_TITLE,TI04,Mechanical circulatory support is the stated intervention.
FS-001121,TI05,EXCLUDE_TITLE,TI05,Exercise performance is the only named outcome.
FS-001127,TI05,EXCLUDE_TITLE,TI05,Peak oxygen uptake is the only named outcome.
FS-001128,TI05,EXCLUDE_TITLE,TI05,Erythropoietin is a hormone.
FS-001131,TI04,ADVANCE_TO_ABSTRACT,,
FS-001135,TI05,ADVANCE_TO_ABSTRACT,,
FS-001136,TI04,ADVANCE_TO_ABSTRACT,,
FS-001138,TI04,EXCLUDE_TITLE,TI04,Ozone inhalation is the stated exposure.
FS-001143,TI05,ADVANCE_TO_ABSTRACT,,
FS-001144,TI04,EXCLUDE_TITLE,TI04,Chemical exposure is the stated intervention.
FS-001147,TI04,ADVANCE_TO_ABSTRACT,,
FS-001150,TI04,EXCLUDE_TITLE,TI04,Peripheral vascular intervention is the stated exposure.
FS-001154,TI05,EXCLUDE_TITLE,TI05,Only hormonal responses are named.
FS-001156,TI05,ADVANCE_TO_ABSTRACT,,
FS-001158,TI04,ADVANCE_TO_ABSTRACT,,
FS-001159,TI05,ADVANCE_TO_ABSTRACT,,
FS-001165,TI04,ADVANCE_TO_ABSTRACT,,
FS-001167,TI04,EXCLUDE_TITLE,TI04,Supplement consumption is the stated exposure.
FS-001181,TI05,EXCLUDE_TITLE,TI05,IGF-I is a hormone.
FS-001185,TI04,EXCLUDE_TITLE,TI04,Stem cell infusion is the stated intervention.
FS-001188,TI05,EXCLUDE_TITLE,TI05,Lean mass is the only named outcome.
FS-001190,TI04,ADVANCE_TO_ABSTRACT,,
FS-001199,TI04,EXCLUDE_TITLE,TI04,Chemoendocrine therapy is the named exposure.
FS-001203,TI04,ADVANCE_TO_ABSTRACT,,
FS-001204,TI05,ADVANCE_TO_ABSTRACT,,
FS-001205,TI04,EXCLUDE_TITLE,TI04,Propolis polyphenols are the named dietary exposure.
FS-001214,TI05,EXCLUDE_TITLE,TI05,Only growth hormone outcomes are named.
FS-001217,TI04,EXCLUDE_TITLE,TI04,Clopidogrel treatment is the named exposure.
FS-001225,TI05,ADVANCE_TO_ABSTRACT,,
FS-001228,TI04,EXCLUDE_TITLE,TI04,Ozone exposure is studied without exercise context.
FS-001232,TI04,ADVANCE_TO_ABSTRACT,,
FS-001249,TI04,ADVANCE_TO_ABSTRACT,,
FS-001251,TI04,ADVANCE_TO_ABSTRACT,,
FS-001262,TI04,ADVANCE_TO_ABSTRACT,,
FS-001267,TI04,EXCLUDE_TITLE,TI04,Diesel exhaust and ozone exposures are studied without exercise context.
FS-001272,TI04,EXCLUDE_TITLE,TI04,Hypoxia is the named exposure.
FS-001281,TI04,EXCLUDE_TITLE,TI04,N-butyric acid is the named exposure.
FS-001282,TI05,EXCLUDE_TITLE,TI05,Vasopressin is the only named outcome.
FS-001286,TI04,ADVANCE_TO_ABSTRACT,,
FS-001287,TI04,EXCLUDE_TITLE,TI04,"Race refers to a demographic characteristic, not physical competition."
FS-001289,TI04,ADVANCE_TO_ABSTRACT,,
FS-001295,TI04,ADVANCE_TO_ABSTRACT,,
FS-001296,TI05,ADVANCE_TO_ABSTRACT,,
FS-001303,TI04,EXCLUDE_TITLE,TI04,Ozone exposure is studied without exercise context.
FS-001313,TI04,EXCLUDE_TITLE,TI04,Inhaled steroid treatment is the named intervention.
FS-001316,TI05,ADVANCE_TO_ABSTRACT,,
FS-001321,TI05,ADVANCE_TO_ABSTRACT,,
FS-001336,TI04,EXCLUDE_TITLE,TI04,Nitrogen dioxide exposure is the study exposure; no exercise context is named.
FS-001341,TI04,ADVANCE_TO_ABSTRACT,,
FS-001344,TI04,ADVANCE_TO_ABSTRACT,,
FS-001346,TI05,ADVANCE_TO_ABSTRACT,,
FS-001355,TI04,EXCLUDE_TITLE,TI04,DNA damage is the stated exposure; no exercise context is named.
FS-001358,TI05,EXCLUDE_TITLE,TI05,Named outcomes are fitness and heart rate variability.
FS-001360,TI05,ADVANCE_TO_ABSTRACT,,
FS-001361,TI05,ADVANCE_TO_ABSTRACT,,
FS-001363,TI04,EXCLUDE_TITLE,TI04,Nocturnal hypoxemia is the study exposure; no exercise context is named.
FS-001365,TI05,ADVANCE_TO_ABSTRACT,,
FS-001382,TI04,EXCLUDE_TITLE,TI04,Growth factor treatment is the study exposure; no exercise context is named.
FS-001389,TI04,EXCLUDE_TITLE,TI04,Hypoxia is the study exposure; no exercise context is named.
FS-001391,TI04,EXCLUDE_TITLE,TI04,Mode of delivery is the study exposure; no exercise context is named.
FS-001396,TI05,EXCLUDE_TITLE,TI04,Acupuncture is the study intervention; no exercise context is named.
FS-001400,TI05,ADVANCE_TO_ABSTRACT,,
FS-001402,TI05,EXCLUDE_TITLE,TI05,The named outcome is antidepressant-like behavior.
FS-001408,TI04,ADVANCE_TO_ABSTRACT,,
FS-001416,TI05,EXCLUDE_TITLE,TI05,The named outcome is muscle performance.
FS-001417,TI05,ADVANCE_TO_ABSTRACT,,
FS-001422,TI04,EXCLUDE_TITLE,TI04,Type D personality is the studied determinant; no exercise context is named.
FS-001427,TI04,EXCLUDE_TITLE,TI04,Adenosine is the study intervention; no exercise context is named.
FS-001436,TI04,ADVANCE_TO_ABSTRACT,,
FS-001437,TI04,ADVANCE_TO_ABSTRACT,,
FS-001439,TI05,ADVANCE_TO_ABSTRACT,,
FS-001440,TI04,EXCLUDE_TITLE,TI02,Title names only plant cells.
FS-001446,TI04,ADVANCE_TO_ABSTRACT,,
FS-001447,TI04,EXCLUDE_TITLE,TI02,Title names only plants.
FS-001450,TI05,EXCLUDE_TITLE,TI05,Exercise capacity is the only named outcome.
FS-001451,TI05,ADVANCE_TO_ABSTRACT,,
FS-001454,TI04,EXCLUDE_TITLE,TI04,Nitrogen dioxide exposure is the study topic.
FS-001455,TI04,EXCLUDE_TITLE,TI04,Title studies disease course through long-term follow-up.
FS-001456,TI04,ADVANCE_TO_ABSTRACT,,
FS-001470,TI05,ADVANCE_TO_ABSTRACT,,
FS-001477,TI04,EXCLUDE_TITLE,TI04,Pollen challenge is the study exposure.
FS-001480,TI05,ADVANCE_TO_ABSTRACT,,
FS-001487,TI04,EXCLUDE_TITLE,TI04,Dengue virus infection is the study exposure.
FS-001488,TI04,EXCLUDE_TITLE,TI04,Ramipril treatment is the study intervention.
FS-001498,TI04,ADVANCE_TO_ABSTRACT,,
FS-001504,TI05,ADVANCE_TO_ABSTRACT,,
FS-001508,TI04,EXCLUDE_TITLE,TI04,Antioxidant supplementation is the study intervention.
FS-001510,TI04,EXCLUDE_TITLE,TI04,Drug and ozone exposures are named without exercise context.
FS-001512,TI04,ADVANCE_TO_ABSTRACT,,
FS-001515,TI04,ADVANCE_TO_ABSTRACT,,
FS-001517,TI04,EXCLUDE_TITLE,TI04,Air pollution exposure is the study exposure.
FS-001519,TI05,ADVANCE_TO_ABSTRACT,,
FS-001521,TI05,ADVANCE_TO_ABSTRACT,,
FS-001525,TI05,ADVANCE_TO_ABSTRACT,,
FS-001531,TI04,EXCLUDE_TITLE,TI04,Drug agonists are the study exposure.
FS-001532,TI04,EXCLUDE_TITLE,TI04,Erythropoietin treatment is the stated exposure.
FS-001538,TI04,EXCLUDE_TITLE,TI04,Depression symptoms are the stated non-exercise exposure.
FS-001540,TI04,EXCLUDE_TITLE,TI04,Endotoxin tolerance is the stated non-exercise exposure.
FS-001546,TI05,ADVANCE_TO_ABSTRACT,,
FS-001562,TI05,ADVANCE_TO_ABSTRACT,,
FS-001563,TI04,EXCLUDE_TITLE,TI04,Hawthorn extract is the stated intervention.
FS-001573,TI04,EXCLUDE_TITLE,TI04,Intracoronary cell injection is the stated intervention.
FS-001578,TI05,ADVANCE_TO_ABSTRACT,,
FS-001581,TI04,ADVANCE_TO_ABSTRACT,,
FS-001583,TI05,ADVANCE_TO_ABSTRACT,,
FS-001591,TI05,ADVANCE_TO_ABSTRACT,,
FS-001594,TI05,ADVANCE_TO_ABSTRACT,,
FS-001596,TI04,EXCLUDE_TITLE,TI03,Title names only adolescents.
FS-001597,TI05,EXCLUDE_TITLE,TI05,Strength recovery is the only named outcome.
FS-001623,TI04,ADVANCE_TO_ABSTRACT,,
FS-001642,TI04,EXCLUDE_TITLE,TI04,Smoking is the stated non-exercise exposure.
FS-001657,TI04,EXCLUDE_TITLE,TI04,Noradrenaline is the stated non-exercise exposure.
FS-001661,TI05,EXCLUDE_TITLE,TI05,Bone mineral density is the only named outcome.
FS-001663,TI04,EXCLUDE_TITLE,TI04,Acute hypoxia is the stated non-exercise exposure.
FS-001679,TI04,EXCLUDE_TITLE,TI04,N-acetylcysteine is the stated non-exercise exposure.
FS-001692,TI04,EXCLUDE_TITLE,TI04,Ozone is the stated non-exercise exposure.
FS-001700,TI05,ADVANCE_TO_ABSTRACT,,
FS-001701,TI05,ADVANCE_TO_ABSTRACT,,
FS-001710,TI05,ADVANCE_TO_ABSTRACT,,
FS-001723,TI05,EXCLUDE_TITLE,TI05,Time trial performance is the only named outcome.
FS-001726,TI04,EXCLUDE_TITLE,TI04,Ozone and lipopolysaccharide challenge are the study exposures.
FS-001727,TI04,EXCLUDE_TITLE,TI04,Daily hypoxia is the study exposure.
FS-001741,TI05,ADVANCE_TO_ABSTRACT,,
FS-001743,TI04,EXCLUDE_TITLE,TI04,Oligonol intake is the study exposure.
FS-001746,TI05,EXCLUDE_TITLE,TI05,Only perceived soreness is named as an outcome.
FS-001754,TI05,EXCLUDE_TITLE,TI05,Only hormonal responses are named.
FS-001762,TI04,ADVANCE_TO_ABSTRACT,,
FS-001766,TI04,EXCLUDE_TITLE,TI04,Wood smoke exposure is the study exposure.
FS-001771,TI05,EXCLUDE_TITLE,TI05,Only exercise capacity is named as an outcome.
FS-001778,TI04,EXCLUDE_TITLE,TI04,Immunoadsorption is the treatment studied.
FS-001796,TI04,EXCLUDE_TITLE,TI04,Cell therapy is the intervention studied.
FS-001810,TI05,EXCLUDE_TITLE,TI05,Only asthma symptoms and airway responsiveness are named.
FS-001816,TI05,ADVANCE_TO_ABSTRACT,,
FS-001820,TI05,ADVANCE_TO_ABSTRACT,,
FS-001826,TI05,ADVANCE_TO_ABSTRACT,,
FS-001832,TI05,ADVANCE_TO_ABSTRACT,,
FS-001847,TI04,ADVANCE_TO_ABSTRACT,,
FS-001859,TI04,EXCLUDE_TITLE,TI04,Ozone exposure is the study exposure.
FS-001860,TI04,EXCLUDE_TITLE,TI02,Only the bacterium Legionella pneumophila is named.
FS-001865,TI04,EXCLUDE_TITLE,TI04,"Training refers to clinical skills, not physical activity."
FS-001874,TI04,EXCLUDE_TITLE,TI04,A drug is the intervention studied.
FS-001883,TI05,ADVANCE_TO_ABSTRACT,,
FS-001888,TI04,EXCLUDE_TITLE,TI04,G-CSF treatment is the intervention studied.
FS-001890,TI04,ADVANCE_TO_ABSTRACT,,
FS-001893,TI04,ADVANCE_TO_ABSTRACT,,
FS-001899,TI04,EXCLUDE_TITLE,TI04,Ozone and diesel exhaust are the named exposures.
FS-001902,TI04,EXCLUDE_TITLE,TI04,Drug and hyperoxia exposures are named.
FS-001908,TI05,EXCLUDE_TITLE,TI04,Conjugated linoleic acid is the named intervention.
FS-001910,TI05,ADVANCE_TO_ABSTRACT,,
FS-001928,TI04,EXCLUDE_TITLE,TI04,The title studies the course after myocardial infarction.
FS-001938,TI04,EXCLUDE_TITLE,TI04,Ozone exposure is the named intervention.
FS-001941,TI04,EXCLUDE_TITLE,TI04,A drug is the named intervention.
FS-001957,TI04,EXCLUDE_TITLE,TI04,A topical drug is the named intervention.
FS-001966,TI05,EXCLUDE_TITLE,TI05,Cognitive plasticity is the only named outcome.
FS-001975,TI04,EXCLUDE_TITLE,TI04,Asbestos and silica are the named exposures.
FS-001978,TI05,ADVANCE_TO_ABSTRACT,,
FS-001981,TI04,EXCLUDE_TITLE,TI04,Traffic air pollution is the named exposure.
FS-001988,TI04,EXCLUDE_TITLE,TI04,The title names psychological stress and disclosure.
FS-001995,TI04,EXCLUDE_TITLE,TI04,Wood smoke particles are the named exposure.
FS-002001,TI05,ADVANCE_TO_ABSTRACT,,
FS-002043,TI05,ADVANCE_TO_ABSTRACT,,
FS-002049,TI05,EXCLUDE_TITLE,TI05,Only physical performance and cognition are named as outcomes.
FS-002052,TI05,EXCLUDE_TITLE,TI05,Feeling states are the only named outcome.
FS-002060,TI04,EXCLUDE_TITLE,TI04,The title studies drug pharmacokinetics.
FS-002073,TI04,EXCLUDE_TITLE,TI04,Prolonged bed rest is the named exposure.
FS-002078,TI05,EXCLUDE_TITLE,TI05,Exercise performance is the only named outcome.
FS-002092,TI04,EXCLUDE_TITLE,TI04,Nitrogen dioxide inhalation is the named exposure.
FS-002094,TI04,ADVANCE_TO_ABSTRACT,,
FS-002098,TI04,ADVANCE_TO_ABSTRACT,,
FS-002107,TI04,EXCLUDE_TITLE,TI04,Anesthesia during surgery is the named intervention.
FS-002114,TI05,EXCLUDE_TITLE,TI05,Muscle glycogen restorage is the only named outcome.
FS-002119,TI05,EXCLUDE_TITLE,TI05,Natriuretic peptide is a hormone; no immune or omics outcome is named.
FS-002120,TI04,ADVANCE_TO_ABSTRACT,,
FS-002137,TI05,ADVANCE_TO_ABSTRACT,,
FS-002138,TI05,EXCLUDE_TITLE,TI05,Match performance is the only named outcome.
FS-002151,TI05,ADVANCE_TO_ABSTRACT,,
FS-002155,TI05,EXCLUDE_TITLE,TI05,Exercise capacity is the only named outcome.
FS-002164,TI05,ADVANCE_TO_ABSTRACT,,
FS-002181,TI05,EXCLUDE_TITLE,TI04,Pulsed ultrasound is the study intervention; no exercise context is named.
FS-002187,TI05,ADVANCE_TO_ABSTRACT,,
FS-002197,TI05,EXCLUDE_TITLE,TI05,Growth hormone assays are the only named outcomes.
FS-002201,TI04,EXCLUDE_TITLE,TI04,Ozone exposure is studied without an exercise context.
FS-002216,TI04,ADVANCE_TO_ABSTRACT,,
FS-002224,TI05,EXCLUDE_TITLE,TI05,Exercise capacity is the only named outcome.
FS-002250,TI04,EXCLUDE_TITLE,TI04,Breathing ozone is the study exposure; no exercise context is named.
FS-002256,TI04,EXCLUDE_TITLE,TI04,G-CSF stimulation and coronary reinfusion are the interventions studied.
FS-002260,TI04,EXCLUDE_TITLE,TI04,Oral cystine and theanine administration is the study intervention.
FS-002274,TI04,EXCLUDE_TITLE,TI04,Opium addiction is the named exposure; no exercise context is named.
FS-002289,TI04,EXCLUDE_TITLE,TI04,Wheat protein is the allergen exposure tested; no exercise context is named.
FS-002302,TI04,EXCLUDE_TITLE,TI04,A cryopneumatic device after knee surgery is the intervention studied.
FS-002318,TI04,EXCLUDE_TITLE,TI04,Raltegravir treatment is the study context; race refers to ancestry.
FS-002322,TI04,EXCLUDE_TITLE,TI04,Cosmetic wheat protein is the sensitizing exposure studied.
FS-002336,TI04,EXCLUDE_TITLE,TI04,Fasting is the study exposure; no exercise context is named.
FS-002342,TI05,ADVANCE_TO_ABSTRACT,,
FS-002347,TI05,EXCLUDE_TITLE,TI05,Only lactate dehydrogenase and creatine kinase responses are named.
FS-002351,TI05,EXCLUDE_TITLE,TI05,The named outcome is football skill performance.
FS-002355,TI05,ADVANCE_TO_ABSTRACT,,
FS-002357,TI04,ADVANCE_TO_ABSTRACT,,
FS-002364,TI05,ADVANCE_TO_ABSTRACT,,
FS-002401,TI04,EXCLUDE_TITLE,TI04,Hypobaric decompression is the stated non-exercise exposure.
FS-002403,TI04,EXCLUDE_TITLE,TI04,Particulate matter composition is the stated non-exercise exposure.
FS-002404,TI05,EXCLUDE_TITLE,TI05,The only named outcome is exercise performance.
FS-002412,TI04,EXCLUDE_TITLE,TI04,Carvedilol treatment is the stated non-exercise intervention.
FS-002415,TI05,ADVANCE_TO_ABSTRACT,,
FS-002425,TI05,EXCLUDE_TITLE,TI05,The named outcome is recovery of muscle strength.
FS-002441,TI04,ADVANCE_TO_ABSTRACT,,
FS-002452,TI04,EXCLUDE_TITLE,TI04,Ozone exposure is the stated non-exercise exposure.
FS-002464,TI04,EXCLUDE_TITLE,TI04,Oscillatory waves and hyperthermia are the stated non-exercise interventions.
FS-002473,TI05,ADVANCE_TO_ABSTRACT,,
FS-002474,TI05,ADVANCE_TO_ABSTRACT,,
FS-002479,TI04,EXCLUDE_TITLE,TI04,High altitude is the stated non-exercise exposure.
FS-002485,TI04,EXCLUDE_TITLE,TI04,High altitude and cold air are the stated non-exercise exposures.
FS-002499,TI04,EXCLUDE_TITLE,TI04,Amino acid infusion is the stated non-exercise intervention.
FS-002513,TI04,EXCLUDE_TITLE,TI04,Erythropoietin treatment is the stated non-exercise intervention.
FS-002528,TI05,ADVANCE_TO_ABSTRACT,,
FS-002549,TI04,EXCLUDE_TITLE,TI04,Resin treatment of urine is the stated non-exercise intervention.
FS-002561,TI04,ADVANCE_TO_ABSTRACT,,
FS-002574,TI05,EXCLUDE_TITLE,TI05,The only named outcome is run performance.
FS-002579,TI05,ADVANCE_TO_ABSTRACT,,
FS-002586,TI04,EXCLUDE_TITLE,TI04,Aspirin is the stated non-exercise exposure.
FS-002604,TI05,EXCLUDE_TITLE,TI05,Only walk test performance is named.
FS-002611,TI04,EXCLUDE_TITLE,TI04,Ablation and ischemic preconditioning are the study interventions.
FS-002613,TI05,EXCLUDE_TITLE,TI05,Only run time performance is named.
FS-002633,TI05,EXCLUDE_TITLE,TI05,Only athletic performance is named.
FS-002637,TI05,ADVANCE_TO_ABSTRACT,,
FS-002661,TI04,EXCLUDE_TITLE,TI04,Cold exposure is the study exposure.
FS-002668,TI04,EXCLUDE_TITLE,TI04,Air pollution is the study exposure.
FS-002677,TI05,ADVANCE_TO_ABSTRACT,,
FS-002679,TI05,ADVANCE_TO_ABSTRACT,,
FS-002680,TI04,EXCLUDE_TITLE,TI05,Only hormone patterns and adiposity are named.
FS-002689,TI04,EXCLUDE_TITLE,TI04,Plant extracts are the study intervention.
FS-002692,TI05,ADVANCE_TO_ABSTRACT,,
FS-002704,TI05,EXCLUDE_TITLE,TI05,Only race performance is named.
FS-002705,TI04,ADVANCE_TO_ABSTRACT,,
FS-002716,TI04,ADVANCE_TO_ABSTRACT,,
FS-002727,TI05,EXCLUDE_TITLE,TI05,Only aerobic fitness and VO2max are named.
FS-002732,TI04,EXCLUDE_TITLE,TI04,Dichlorophenol exposure is studied in relation to asthma.
FS-002740,TI04,ADVANCE_TO_ABSTRACT,,
FS-002745,TI05,ADVANCE_TO_ABSTRACT,,
FS-002766,TI05,ADVANCE_TO_ABSTRACT,,
FS-002774,TI05,ADVANCE_TO_ABSTRACT,,
FS-002775,TI05,ADVANCE_TO_ABSTRACT,,
FS-002811,TI05,EXCLUDE_TITLE,TI05,Only muscular strength recovery is named.
FS-002814,TI04,ADVANCE_TO_ABSTRACT,,
FS-002815,TI05,EXCLUDE_TITLE,TI05,Only perceived muscle soreness is named.
FS-002861,TI04,EXCLUDE_TITLE,TI04,Diabetes is the named exposure; no exercise context.
FS-002864,TI05,ADVANCE_TO_ABSTRACT,,
FS-002881,TI04,ADVANCE_TO_ABSTRACT,,
FS-002898,TI04,EXCLUDE_TITLE,TI04,Propranolol is the named exposure; no exercise context.
FS-002946,TI05,EXCLUDE_TITLE,TI05,Only atrial natriuretic factor release is named as an outcome.
FS-002962,TI05,ADVANCE_TO_ABSTRACT,,
FS-002970,TI05,EXCLUDE_TITLE,TI05,Only running endurance is named as an outcome.
FS-002981,TI05,EXCLUDE_TITLE,TI05,Only an exercise-stimulated hormone is named.
FS-002985,TI05,EXCLUDE_TITLE,TI05,Only running performance is named as an outcome.
FS-002996,TI04,EXCLUDE_TITLE,TI04,Peripheral artery disease is the named exposure; no exercise context.
FS-003003,TI04,EXCLUDE_TITLE,TI02,Title names only a virus as the organism.
FS-003013,TI05,ADVANCE_TO_ABSTRACT,,
FS-003015,TI04,ADVANCE_TO_ABSTRACT,,
FS-003023,TI05,EXCLUDE_TITLE,TI05,Only physical performance is named as an outcome.
FS-003033,TI04,EXCLUDE_TITLE,TI04,Ozone exposure is studied without exercise context.
FS-003034,TI04,EXCLUDE_TITLE,TI04,Drug treatment is studied without exercise context.
FS-003041,TI04,ADVANCE_TO_ABSTRACT,,
FS-003050,TI05,ADVANCE_TO_ABSTRACT,,
FS-003068,TI05,EXCLUDE_TITLE,TI05,Only performance is named as an outcome.
FS-003070,TI05,EXCLUDE_TITLE,TI05,Only running performance is named as an outcome.
FS-003077,TI05,EXCLUDE_TITLE,TI05,Only bone turnover markers are named as outcomes.
FS-003078,TI05,EXCLUDE_TITLE,TI05,Only exercise tolerance is named as an outcome.
FS-003079,TI05,ADVANCE_TO_ABSTRACT,,
FS-003081,TI05,EXCLUDE_TITLE,TI05,Only growth hormone signaling is named as an outcome.
FS-003086,TI04,EXCLUDE_TITLE,TI04,Sulfur dioxide exposure is studied without exercise context.
FS-003101,TI04,EXCLUDE_TITLE,TI04,Rhodiola treatment is the stated exposure.
FS-003102,TI04,EXCLUDE_TITLE,TI04,Hot water immersion is the stated exposure.
FS-003104,TI04,ADVANCE_TO_ABSTRACT,,
FS-003107,TI05,ADVANCE_TO_ABSTRACT,,
FS-003125,TI04,EXCLUDE_TITLE,TI04,Drug antagonist is the stated exposure.
FS-003143,TI04,EXCLUDE_TITLE,TI04,Inhaled treatment and ozone challenge are stated exposures.
FS-003145,TI04,EXCLUDE_TITLE,TI04,Supplementation is the stated intervention.
FS-003151,TI05,EXCLUDE_TITLE,TI05,Ergogenic activity names only a performance outcome.
FS-003167,TI05,ADVANCE_TO_ABSTRACT,,
FS-003182,TI04,EXCLUDE_TITLE,TI04,Growth factor administration is the stated exposure.
FS-003183,TI05,EXCLUDE_TITLE,TI04,Sodium nitrate is the stated intervention.
FS-003185,TI05,ADVANCE_TO_ABSTRACT,,
FS-003201,TI04,EXCLUDE_TITLE,TI04,Cryostimulation is the stated exposure.
FS-003231,TI05,EXCLUDE_TITLE,TI05,Named outcomes are hormones and anxiety.
FS-003240,TI04,EXCLUDE_TITLE,TI04,Ticlopidine treatment is the stated intervention.
FS-003247,TI04,EXCLUDE_TITLE,TI04,Training refers to brushing techniques.
FS-003254,TI04,EXCLUDE_TITLE,TI04,High altitude is the stated exposure.
FS-003255,TI05,ADVANCE_TO_ABSTRACT,,
FS-003259,TI04,ADVANCE_TO_ABSTRACT,,
FS-003268,TI04,ADVANCE_TO_ABSTRACT,,
FS-003269,TI04,EXCLUDE_TITLE,TI04,External pneumatic compression is the stated intervention.
FS-003274,TI04,EXCLUDE_TITLE,TI04,Aluminium oxide exposure is stated.
FS-003283,TI04,ADVANCE_TO_ABSTRACT,,
FS-003285,TI04,EXCLUDE_TITLE,TI04,"Stress refers to mental disease, with no physical activity stated."
FS-003302,TI04,EXCLUDE_TITLE,TI04,Mental stress is the stated exposure.
FS-003326,TI04,ADVANCE_TO_ABSTRACT,,
FS-003332,TI05,ADVANCE_TO_ABSTRACT,,
FS-003334,TI04,EXCLUDE_TITLE,TI04,Cryotherapy is the study exposure; no exercise context is named.
FS-003339,TI04,EXCLUDE_TITLE,TI04,The title studies recovery after critical illness without an exercise context.
FS-003341,TI04,EXCLUDE_TITLE,TI04,The study exposure is a drug.
FS-003347,TI04,EXCLUDE_TITLE,TI04,Acupuncture is the study intervention; no exercise context is named.
FS-003368,TI04,EXCLUDE_TITLE,TI04,Allergen challenge and ibuprofen are study exposures without exercise context.
FS-003372,TI04,ADVANCE_TO_ABSTRACT,,
FS-003380,TI04,ADVANCE_TO_ABSTRACT,,
FS-003390,TI04,EXCLUDE_TITLE,TI04,Thermotherapy is the study intervention; no exercise context is named.
FS-003404,TI04,EXCLUDE_TITLE,TI04,Erythropoietin dosing and hydration are studied without exercise context.
FS-003410,TI05,ADVANCE_TO_ABSTRACT,,
FS-003416,TI05,ADVANCE_TO_ABSTRACT,,
FS-003420,TI05,EXCLUDE_TITLE,TI05,Only depression and anxiety outcomes are named.
FS-003422,TI05,EXCLUDE_TITLE,TI05,Only exercise performance is named as an outcome.
FS-003439,TI04,EXCLUDE_TITLE,TI04,Ozone exposure is studied without exercise context.
FS-003453,TI05,EXCLUDE_TITLE,TI05,Only growth hormone concentrations are named as outcomes.
FS-003454,TI05,ADVANCE_TO_ABSTRACT,,
FS-003458,TI05,EXCLUDE_TITLE,TI05,Only serotonin concentrations and cognitive task performance are named.
FS-003466,TI05,ADVANCE_TO_ABSTRACT,,
FS-003467,TI04,ADVANCE_TO_ABSTRACT,,
FS-003476,TI04,ADVANCE_TO_ABSTRACT,,
FS-003506,TI05,ADVANCE_TO_ABSTRACT,,
FS-003507,TI04,ADVANCE_TO_ABSTRACT,,
FS-003510,TI04,ADVANCE_TO_ABSTRACT,,
FS-003520,TI04,ADVANCE_TO_ABSTRACT,,
FS-003527,TI05,ADVANCE_TO_ABSTRACT,,
FS-003550,TI04,EXCLUDE_TITLE,TI04,Counterpulsation therapy is the stated exposure.
FS-003554,TI05,EXCLUDE_TITLE,TI04,Shock wave treatment is the stated intervention; exercise is not named.
FS-003562,TI05,EXCLUDE_TITLE,TI05,Only hormone changes and muscle strength are named as outcomes.
FS-003564,TI05,EXCLUDE_TITLE,TI04,Drug effects are the stated topic; exercise is not named.
FS-003566,TI04,ADVANCE_TO_ABSTRACT,,
FS-003574,TI05,EXCLUDE_TITLE,TI05,Only bone adaptation is named as an outcome.
FS-003580,TI04,EXCLUDE_TITLE,TI04,Erythropoietin is the stated intervention; exercise is not named.
FS-003585,TI05,EXCLUDE_TITLE,TI04,Taurine supplementation is the stated intervention; exercise is not named.
FS-003589,TI04,ADVANCE_TO_ABSTRACT,,
FS-003603,TI04,ADVANCE_TO_ABSTRACT,,
FS-003606,TI04,EXCLUDE_TITLE,TI04,Erythropoietin doses are the stated exposure; exercise is not named.
FS-003610,TI04,EXCLUDE_TITLE,TI04,Trimetazidine is the stated intervention; exercise is not named.
FS-003621,TI04,EXCLUDE_TITLE,TI04,The stated topic is deterioration over a two-year disease course.
FS-003641,TI04,ADVANCE_TO_ABSTRACT,,
FS-003651,TI04,EXCLUDE_TITLE,TI04,Omega-3 fatty acids are the stated exposure; exercise is not named.
FS-003655,TI05,EXCLUDE_TITLE,TI04,Electrical stimulation is the stated exposure; exercise is not named.
FS-003672,TI05,EXCLUDE_TITLE,TI05,Neurocognition is the only named outcome.
FS-003680,TI05,ADVANCE_TO_ABSTRACT,,
FS-003696,TI04,EXCLUDE_TITLE,TI04,Allopurinol is the stated intervention; exercise is not named.
FS-003705,TI05,EXCLUDE_TITLE,TI05,Performance is the only named outcome.
FS-003729,TI05,EXCLUDE_TITLE,TI05,Cycling performance is the only named outcome.
FS-003736,TI05,ADVANCE_TO_ABSTRACT,,
FS-003742,TI04,EXCLUDE_TITLE,TI04,Tertatolol is the stated intervention; exercise is not named.
FS-003748,TI04,ADVANCE_TO_ABSTRACT,,
FS-003750,TI05,ADVANCE_TO_ABSTRACT,,
FS-003760,TI04,EXCLUDE_TITLE,TI02,Title names only wheat.
FS-003765,TI04,EXCLUDE_TITLE,TI04,Study concerns drug prophylaxis administration.
FS-003768,TI04,EXCLUDE_TITLE,TI04,Tertatolol treatment is the study exposure.
FS-003774,TI04,EXCLUDE_TITLE,TI04,Outcomes are studied after surgery.
FS-003784,TI04,ADVANCE_TO_ABSTRACT,,
FS-003789,TI04,EXCLUDE_TITLE,TI04,Drug blockade is the study exposure.
FS-003790,TI05,ADVANCE_TO_ABSTRACT,,
FS-003792,TI05,EXCLUDE_TITLE,TI05,Only maximal exercise time is named as an outcome.
FS-003795,TI04,EXCLUDE_TITLE,TI04,Nutrition is the intervention studied.
FS-003807,TI04,EXCLUDE_TITLE,TI04,Experimental endotoxemia is the study exposure.
FS-003855,TI05,ADVANCE_TO_ABSTRACT,,
FS-003867,TI04,EXCLUDE_TITLE,TI04,Erythropoietin administration is the study exposure.
FS-003868,TI04,ADVANCE_TO_ABSTRACT,,
FS-003877,TI04,ADVANCE_TO_ABSTRACT,,
FS-003897,TI04,EXCLUDE_TITLE,TI04,Ozone exposure is the study exposure.
FS-003899,TI05,ADVANCE_TO_ABSTRACT,,
FS-003916,TI04,ADVANCE_TO_ABSTRACT,,
FS-003937,TI04,EXCLUDE_TITLE,TI04,Injury and SOST treatment are studied without exercise context.
FS-003940,TI05,EXCLUDE_TITLE,TI05,Only exercise performance is named as an outcome.
FS-003944,TI05,ADVANCE_TO_ABSTRACT,,
FS-003949,TI04,EXCLUDE_TITLE,TI04,Particle inhalation is the study exposure.
FS-003953,TI05,EXCLUDE_TITLE,TI05,Only cognitive function is named as an outcome.
FS-003966,TI05,ADVANCE_TO_ABSTRACT,,
FS-003969,TI04,EXCLUDE_TITLE,TI04,Cardiac resynchronization therapy is the study intervention.
FS-003972,TI04,ADVANCE_TO_ABSTRACT,,
FS-003973,TI04,EXCLUDE_TITLE,TI04,Inescapable psychological stress is the study exposure.
FS-003990,TI04,EXCLUDE_TITLE,TI04,Levosimendan treatment is the study intervention.
FS-004012,TI05,EXCLUDE_TITLE,TI05,Only stress hormone response is named as an outcome.
FS-004019,TI04,EXCLUDE_TITLE,TI04,Carbon particles and ozone are the study exposures.
FS-004041,TI04,EXCLUDE_TITLE,TI04,Oral nisoldipine is the study exposure.
FS-004045,TI04,ADVANCE_TO_ABSTRACT,,
FS-004062,TI05,EXCLUDE_TITLE,TI05,Exercise time is the only named outcome.
FS-004087,TI04,EXCLUDE_TITLE,TI04,Lipid transfer proteins are named as the cause of anaphylaxis.
FS-004096,TI05,EXCLUDE_TITLE,TI05,Exercise performance is the only named outcome.
FS-004105,TI04,EXCLUDE_TITLE,TI04,Acute hypoxia is the study exposure.
FS-004117,TI04,ADVANCE_TO_ABSTRACT,,
FS-004125,TI04,EXCLUDE_TITLE,TI02,Title names only wheat and its seed proteins.
FS-004126,TI04,EXCLUDE_TITLE,TI04,"Cold, dry air is the study exposure."
FS-004127,TI05,ADVANCE_TO_ABSTRACT,,
FS-004128,TI04,EXCLUDE_TITLE,TI04,Glucocorticoid exposure is named as the cause.
FS-004132,TI05,EXCLUDE_TITLE,TI05,Irisin is a hormone and the only named outcome.
FS-004133,TI05,EXCLUDE_TITLE,TI05,Only muscle strength and cardiopulmonary fitness are named as outcomes.
FS-004135,TI05,EXCLUDE_TITLE,TI05,Melatonin is a hormone and the only named outcome.
FS-004150,TI04,EXCLUDE_TITLE,TI04,Pyridostigmine and ivabradine are the study interventions.
FS-004151,TI04,EXCLUDE_TITLE,TI02,Title names only wheat as the source organism.
FS-004153,TI04,EXCLUDE_TITLE,TI04,Statin treatment is the study intervention.
FS-004157,TI04,EXCLUDE_TITLE,TI04,Nedocromil sodium treatment is the study topic.
FS-004159,TI04,EXCLUDE_TITLE,TI04,Taurine is the study intervention.
FS-004206,TI04,EXCLUDE_TITLE,TI04,Terbutaline is the stated exposure.
FS-004214,TI05,ADVANCE_TO_ABSTRACT,,
FS-004218,TI04,EXCLUDE_TITLE,TI04,Drug infusion is the stated intervention.
FS-004228,TI04,ADVANCE_TO_ABSTRACT,,
FS-004233,TI04,EXCLUDE_TITLE,TI04,Parecoxib is the stated intervention.
FS-004240,TI04,EXCLUDE_TITLE,TI04,Vagus nerve stimulation is the stated intervention.
FS-004254,TI05,EXCLUDE_TITLE,TI05,Exercise capacity is the only named outcome.
FS-004258,TI05,EXCLUDE_TITLE,TI05,Only performance and mood are named as outcomes.
FS-004259,TI05,ADVANCE_TO_ABSTRACT,,
FS-004277,TI04,EXCLUDE_TITLE,TI04,Omalizumab is the stated intervention.
FS-004278,TI04,EXCLUDE_TITLE,TI04,Omaveloxolone is the stated intervention.
FS-004281,TI05,EXCLUDE_TITLE,TI05,Fat-free mass is the only named outcome.
FS-004282,TI05,EXCLUDE_TITLE,TI05,Exercise performance is the only named outcome.
FS-004289,TI04,EXCLUDE_TITLE,TI04,Hyperhydration is the stated exposure; no exercise context is named.
FS-004298,TI04,EXCLUDE_TITLE,TI04,Oxidized LDL induces cellular trained immunity; no exercise is named.
FS-004322,TI05,ADVANCE_TO_ABSTRACT,,
FS-004325,TI04,EXCLUDE_TITLE,TI04,Air pollution and traffic noise are the stated exposures.
FS-004330,TI04,EXCLUDE_TITLE,TI04,Particles and ozone are the stated exposures.
FS-004360,TI05,ADVANCE_TO_ABSTRACT,,
FS-004361,TI05,EXCLUDE_TITLE,TI05,Sprint speed is the only named outcome.
FS-004377,TI04,EXCLUDE_TITLE,TI04,Stress inoculation training is a nonphysical intervention.
FS-004378,TI04,ADVANCE_TO_ABSTRACT,,
FS-004394,TI05,ADVANCE_TO_ABSTRACT,,
FS-004395,TI04,EXCLUDE_TITLE,TI04,Aldosterone induces trained immunity; no exercise is named.
FS-004409,TI04,EXCLUDE_TITLE,TI04,Anesthesia and analgesia are the stated interventions.
FS-004410,TI05,ADVANCE_TO_ABSTRACT,,
FS-004416,TI04,EXCLUDE_TITLE,TI04,Mannitol is the stated exposure; no exercise context.
FS-004440,TI04,EXCLUDE_TITLE,TI04,Growth hormone and erythropoietin administration are the stated exposures.
FS-004471,TI04,EXCLUDE_TITLE,TI04,Mutagen treatment is the stated exposure; no exercise context.
FS-004483,TI05,EXCLUDE_TITLE,TI05,Only hormone outcomes are named.
FS-004499,TI04,EXCLUDE_TITLE,TI04,Ozone is the stated exposure; no exercise context.
FS-004500,TI04,EXCLUDE_TITLE,TI04,Nifedipine is the stated exposure; no exercise context.
FS-004504,TI05,EXCLUDE_TITLE,TI05,Cycling performance is the only named outcome.
FS-004510,TI04,EXCLUDE_TITLE,TI04,The antithrombotic compound is the stated intervention.
FS-004512,TI05,ADVANCE_TO_ABSTRACT,,
FS-004522,TI04,EXCLUDE_TITLE,TI02,Title names only wheat allergens.
FS-004526,TI04,EXCLUDE_TITLE,TI02,Title names only chickpea and fungus.
FS-004527,TI04,EXCLUDE_TITLE,TI04,Supplementation is the stated intervention; no exercise context.
FS-004539,TI05,ADVANCE_TO_ABSTRACT,,
FS-004550,TI04,EXCLUDE_TITLE,TI04,Minocycline is the stated intervention; no exercise context.
FS-004581,TI04,EXCLUDE_TITLE,TI04,Parecoxib administration is the stated intervention.
FS-004583,TI04,EXCLUDE_TITLE,TI04,Mental exercise is explicitly nonphysical.
FS-004594,TI04,EXCLUDE_TITLE,TI04,Antibody-mediated treatment is the stated intervention; no exercise context.
FS-004600,TI04,ADVANCE_TO_ABSTRACT,,
FS-004611,TI04,ADVANCE_TO_ABSTRACT,,
FS-004625,TI05,EXCLUDE_TITLE,TI05,Walking ability is the only named outcome.
FS-004631,TI04,EXCLUDE_TITLE,TI04,Race is used in a clearly nonphysical sense.
FS-004632,TI04,EXCLUDE_TITLE,TI04,Astaxanthin is the stated intervention; no exercise context.
FS-004633,TI05,EXCLUDE_TITLE,TI05,Aerobic fitness is the only named outcome.
FS-004638,TI04,ADVANCE_TO_ABSTRACT,,
FS-004672,TI04,EXCLUDE_TITLE,TI04,Controlled ozone exposure is the study exposure.
FS-004679,TI04,EXCLUDE_TITLE,TI04,Zinc oxide nanoparticle exposure is the study exposure.
FS-004680,TI05,EXCLUDE_TITLE,TI05,"Named outcomes are performance, fitness, and strength."
FS-004686,TI04,EXCLUDE_TITLE,TI04,Radiotherapy is the named exposure.
FS-004709,TI04,EXCLUDE_TITLE,TI04,Catecholamines induce immune training; no physical activity is named.
FS-004710,TI04,ADVANCE_TO_ABSTRACT,,
FS-004711,TI05,ADVANCE_TO_ABSTRACT,,
FS-004721,TI04,EXCLUDE_TITLE,TI04,A pharmacologic intervention is the study exposure.
FS-004724,TI04,ADVANCE_TO_ABSTRACT,,
FS-004740,TI04,ADVANCE_TO_ABSTRACT,,
FS-004746,TI04,ADVANCE_TO_ABSTRACT,,
FS-004767,TI04,EXCLUDE_TITLE,TI04,A pill and altitude exposure are studied without exercise context.
FS-004768,TI05,EXCLUDE_TITLE,TI05,Named outcomes are muscle and cognitive function.
FS-004772,TI05,ADVANCE_TO_ABSTRACT,,
FS-004781,TI05,EXCLUDE_TITLE,TI05,Named outcomes are IGF-1 and irisin hormones.
FS-004812,TI04,EXCLUDE_TITLE,TI04,Mitogen stimulation is the study exposure.
FS-004814,TI05,EXCLUDE_TITLE,TI05,The only named outcome is neuromuscular performance.
FS-004817,TI04,ADVANCE_TO_ABSTRACT,,
FS-004821,TI05,ADVANCE_TO_ABSTRACT,,
FS-004832,TI05,ADVANCE_TO_ABSTRACT,,
FS-004833,TI04,ADVANCE_TO_ABSTRACT,,
FS-004843,TI04,EXCLUDE_TITLE,TI04,EPO microdoses are studied without exercise context.
FS-004852,TI04,ADVANCE_TO_ABSTRACT,,
FS-004859,TI04,EXCLUDE_TITLE,TI04,Testosterone supplementation is the study intervention.
FS-004899,TI04,EXCLUDE_TITLE,TI04,Sacubitril-valsartan treatment is the study intervention.
FS-004913,TI04,EXCLUDE_TITLE,TI04,Oral glutamine supplementation is the study exposure.
FS-004915,TI04,EXCLUDE_TITLE,TI04,Aspirin is the study exposure.
FS-004919,TI04,ADVANCE_TO_ABSTRACT,,
FS-004923,TI04,EXCLUDE_TITLE,TI04,Changes are studied after heart transplantation.
FS-004925,TI04,EXCLUDE_TITLE,TI04,Relaxation training is a nonphysical intervention.
FS-004936,TI05,EXCLUDE_TITLE,TI05,Cognitive function is the only named outcome.
FS-004940,TI04,EXCLUDE_TITLE,TI04,Gene delivery is the study intervention.
FS-004943,TI05,EXCLUDE_TITLE,TI04,Curcumin supplementation is the named exposure; no exercise context appears.
FS-004946,TI05,EXCLUDE_TITLE,TI05,Cognitive decline is the only named outcome.
FS-004952,TI04,ADVANCE_TO_ABSTRACT,,
FS-004956,TI05,ADVANCE_TO_ABSTRACT,,
FS-004958,TI04,EXCLUDE_TITLE,TI02,Title names bananas and a fungus only.
FS-004962,TI04,ADVANCE_TO_ABSTRACT,,
FS-004971,TI04,EXCLUDE_TITLE,TI04,Fine particulate matter is the study exposure.
FS-004979,TI04,EXCLUDE_TITLE,TI04,Cryotherapy is the study exposure.
FS-004980,TI04,ADVANCE_TO_ABSTRACT,,
FS-004984,TI05,EXCLUDE_TITLE,TI05,Muscle strength recovery is the only named outcome.
FS-004994,TI05,EXCLUDE_TITLE,TI05,Quadriceps weakness is the only named outcome.
FS-004998,TI04,ADVANCE_TO_ABSTRACT,,
FS-005017,TI04,EXCLUDE_TITLE,TI04,Imatinib treatment is the study intervention.
FS-005033,TI05,EXCLUDE_TITLE,TI05,Only cortisol response and exercise capacity are named outcomes.
FS-005040,TI04,ADVANCE_TO_ABSTRACT,,
FS-005041,TI04,EXCLUDE_TITLE,TI04,Erythropoietin administration is the study exposure.
FS-005048,TI05,ADVANCE_TO_ABSTRACT,,
FS-005061,TI04,EXCLUDE_TITLE,TI04,Therapeutic stromal cells are the study intervention.
FS-005066,TI05,EXCLUDE_TITLE,TI05,Only sprint performance is named as an outcome.
FS-005081,TI04,ADVANCE_TO_ABSTRACT,,
FS-005091,TI05,EXCLUDE_TITLE,TI05,Erythropoietin is a hormone.
FS-005093,TI05,ADVANCE_TO_ABSTRACT,,Training adaptations could include immune outcomes.
FS-005094,TI04,EXCLUDE_TITLE,TI04,Training refers to learning blood smear analysis.
FS-005103,TI04,ADVANCE_TO_ABSTRACT,,
FS-005114,TI04,EXCLUDE_TITLE,TI04,Studies COVID-19 recovery over time without exercise context.
FS-005124,TI04,EXCLUDE_TITLE,TI04,Deferoxamine is the stated exposure; no exercise context appears.
FS-005136,TI04,EXCLUDE_TITLE,TI04,Cyclocreatine phosphate therapy is the stated exposure.
FS-005144,TI04,EXCLUDE_TITLE,TI04,Studies miners’ hypoxia exposure without exercise context.
FS-005153,TI04,ADVANCE_TO_ABSTRACT,,
FS-005184,TI04,EXCLUDE_TITLE,TI04,Cold exposure is the stated intervention.
FS-005210,TI04,ADVANCE_TO_ABSTRACT,,
FS-005215,TI04,EXCLUDE_TITLE,TI04,Studies immunity afforded by an antibody without exercise context.
FS-005219,TI04,EXCLUDE_TITLE,TI04,Fatty acids and vitamin D are the stated interventions.
FS-005223,TI05,EXCLUDE_TITLE,TI05,Erythropoietin is a hormone.
FS-005224,TI05,EXCLUDE_TITLE,TI05,Only performance fatigability is named as an outcome.
FS-005243,TI04,EXCLUDE_TITLE,TI04,Training refers to peer support for hospital discharge.
FS-005245,TI04,EXCLUDE_TITLE,TI04,Immune training by infections and stimuli is non-physical.
FS-005255,TI04,EXCLUDE_TITLE,TI04,Mistletoe supplementation is the stated topic.
FS-005256,TI04,ADVANCE_TO_ABSTRACT,,
FS-005261,TI05,ADVANCE_TO_ABSTRACT,,Arterial function is outside the closed TI05 outcome list.
FS-005265,TI04,EXCLUDE_TITLE,TI04,Rectal infusion is the stated intervention.
FS-005275,TI04,EXCLUDE_TITLE,TI04,Drug administration is the stated exposure.
FS-005283,TI04,EXCLUDE_TITLE,TI04,Training refers to endoscopy simulation skills.
FS-005289,TI04,EXCLUDE_TITLE,TI04,Doxorubicin is the named non-exercise exposure.
FS-005296,TI04,EXCLUDE_TITLE,TI04,Erythropoietin injection is the named intervention.
FS-005297,TI04,ADVANCE_TO_ABSTRACT,,
FS-005302,TI05,ADVANCE_TO_ABSTRACT,,
FS-005314,TI04,EXCLUDE_TITLE,TI04,Nanocapsules and a drug are the named interventions.
FS-005352,TI04,EXCLUDE_TITLE,TI04,Fetal hypoxia is the named non-exercise exposure.
FS-005360,TI04,EXCLUDE_TITLE,TI04,A surgical nerve block is the named intervention.
FS-005365,TI05,ADVANCE_TO_ABSTRACT,,
FS-005371,TI04,EXCLUDE_TITLE,TI04,Cognitive training and brain stimulation are non-physical interventions.
FS-005375,TI04,EXCLUDE_TITLE,TI04,Smoking and alcohol are named non-exercise exposures.
FS-005386,TI04,ADVANCE_TO_ABSTRACT,,
FS-005397,TI04,EXCLUDE_TITLE,TI04,The named intervention is a drug.
FS-005402,TI04,EXCLUDE_TITLE,TI04,Nitrogen dioxide exposure is the study exposure.
FS-005417,TI04,EXCLUDE_TITLE,TI04,Neurectomy is the named surgical intervention.
FS-005428,TI05,EXCLUDE_TITLE,TI05,The only named outcomes are thyroid hormone responses.
FS-005429,TI05,ADVANCE_TO_ABSTRACT,,
FS-005443,TI04,EXCLUDE_TITLE,TI04,Growth factor and anti-immunoglobulin are non-exercise stimuli.
FS-005460,TI05,ADVANCE_TO_ABSTRACT,,
FS-005474,TI04,EXCLUDE_TITLE,TI04,Vaccine allocation is the named non-exercise topic.
FS-005487,TI04,EXCLUDE_TITLE,TI04,Bacterial toxins are the named non-exercise exposure.
FS-005495,TI04,EXCLUDE_TITLE,TI04,"Competition refers to malaria biology, not physical competition."
FS-005537,TI04,EXCLUDE_TITLE,TI04,Recombinant growth factor is the named intervention.
FS-005556,TI05,ADVANCE_TO_ABSTRACT,,
FS-005575,TI05,EXCLUDE_TITLE,TI05,Cortisol is the only named outcome.
FS-005580,TI04,EXCLUDE_TITLE,TI04,Oxidized LDL induces immune training without exercise context.
FS-005586,TI04,EXCLUDE_TITLE,TI04,Anesthesia is the stated exposure.
FS-005604,TI04,EXCLUDE_TITLE,TI04,Corticosteroid treatment is the stated exposure.
FS-005617,TI04,EXCLUDE_TITLE,TI04,Acupuncture is the stated intervention.
FS-005618,TI05,ADVANCE_TO_ABSTRACT,,
FS-005623,TI04,EXCLUDE_TITLE,TI04,Fish oil and ozone are the stated exposures.
FS-005627,TI05,EXCLUDE_TITLE,TI05,Fitness is the only named outcome.
FS-005629,TI04,EXCLUDE_TITLE,TI04,"Trained immunity refers to immune training, with no exercise context."
FS-005633,TI05,ADVANCE_TO_ABSTRACT,,
FS-005643,TI04,EXCLUDE_TITLE,TI04,Aspirin and alcohol are the stated exposures.
FS-005649,TI04,ADVANCE_TO_ABSTRACT,,
FS-005658,TI04,EXCLUDE_TITLE,TI04,The study compares drug treatments.
FS-005679,TI04,EXCLUDE_TITLE,TI02,The only named organism is a bacterium.
FS-005714,TI04,EXCLUDE_TITLE,TI04,Nutrition modification and wet cupping are the stated interventions.
FS-005728,TI05,EXCLUDE_TITLE,TI05,Effort capacity is the only named outcome.
FS-005733,TI05,ADVANCE_TO_ABSTRACT,,
FS-005738,TI04,EXCLUDE_TITLE,TI04,A pill treatment is the stated intervention.
FS-005745,TI05,ADVANCE_TO_ABSTRACT,,
FS-005749,TI05,EXCLUDE_TITLE,TI05,Heart rate variability is the only named outcome.
FS-005759,TI04,EXCLUDE_TITLE,TI04,Cryotherapy is the stated exposure.
FS-005779,TI05,EXCLUDE_TITLE,TI05,VO2 max is the only named outcome.
FS-005781,TI04,ADVANCE_TO_ABSTRACT,,
FS-005784,TI05,EXCLUDE_TITLE,TI05,Erythropoietin is the only named outcome.
FS-005793,TI04,ADVANCE_TO_ABSTRACT,,
FS-005798,TI05,ADVANCE_TO_ABSTRACT,,
FS-005799,TI04,EXCLUDE_TITLE,TI04,Sleep and sleep loss are the stated exposures.
FS-005801,TI04,EXCLUDE_TITLE,TI04,Compares surgical approaches without an exercise context.
FS-005812,TI04,EXCLUDE_TITLE,TI04,Studies drug metabolites without an exercise context.
FS-005828,TI04,EXCLUDE_TITLE,TI04,Cryotherapy is the stated exposure; no exercise context.
FS-005846,TI04,EXCLUDE_TITLE,TI04,Studies effects of echinacoside without an exercise context.
FS-005848,TI04,ADVANCE_TO_ABSTRACT,,
FS-005861,TI04,EXCLUDE_TITLE,TI04,Studies a drug formulation without an exercise context.
FS-005892,TI05,EXCLUDE_TITLE,TI04,Supplementation is the stated exposure; no exercise context.
FS-005913,TI04,ADVANCE_TO_ABSTRACT,,
FS-005917,TI05,EXCLUDE_TITLE,TI05,Named outcomes are exercise capacity and muscle strength only.
FS-005924,TI04,EXCLUDE_TITLE,TI04,Studies a drug without an exercise context.
FS-005925,TI04,EXCLUDE_TITLE,TI04,Hypoxia exposure is studied without an exercise context.
FS-005965,TI04,EXCLUDE_TITLE,TI04,Drug treatment is the stated exposure; no exercise context.
FS-005987,TI04,EXCLUDE_TITLE,TI04,Decoction treatment is studied without an exercise context.
FS-005993,TI04,EXCLUDE_TITLE,TI04,Studies drug action without an exercise context.
FS-006001,TI04,EXCLUDE_TITLE,TI04,Cold air challenge is the stated exposure; no exercise context.
FS-006004,TI04,ADVANCE_TO_ABSTRACT,,
FS-006006,TI05,ADVANCE_TO_ABSTRACT,,
FS-006012,TI04,ADVANCE_TO_ABSTRACT,,
FS-006015,TI05,EXCLUDE_TITLE,TI05,Named outcome is cardiorespiratory fitness only.
FS-006021,TI04,EXCLUDE_TITLE,TI04,Supplemental lactase is the stated exposure; no exercise context.
FS-006023,TI04,ADVANCE_TO_ABSTRACT,,
FS-006025,TI04,ADVANCE_TO_ABSTRACT,,
FS-006026,TI05,ADVANCE_TO_ABSTRACT,,
FS-006031,TI04,ADVANCE_TO_ABSTRACT,,
FS-006032,TI05,ADVANCE_TO_ABSTRACT,,
FS-006038,TI04,EXCLUDE_TITLE,TI04,Tracks hospitalization and recovery from a disease exacerbation.
FS-006043,TI05,ADVANCE_TO_ABSTRACT,,
FS-006045,TI05,EXCLUDE_TITLE,TI05,Only peak VO2 and exercise capacity are named as outcomes.
FS-006049,TI05,ADVANCE_TO_ABSTRACT,,
FS-006068,TI04,EXCLUDE_TITLE,TI04,Glucocorticoid treatment is the study exposure.
FS-006080,TI04,EXCLUDE_TITLE,TI04,Yeast beta glucan is the study intervention.
FS-006086,TI04,EXCLUDE_TITLE,TI04,Red meat intake is the study exposure.
FS-006094,TI04,ADVANCE_TO_ABSTRACT,,
FS-006098,TI04,EXCLUDE_TITLE,TI04,Cold exposure is the study exposure.
FS-006102,TI05,EXCLUDE_TITLE,TI04,Electrical stimulation is the study intervention.
FS-006103,TI04,ADVANCE_TO_ABSTRACT,,
FS-006106,TI05,ADVANCE_TO_ABSTRACT,,
FS-006109,TI05,EXCLUDE_TITLE,TI05,Cognitive function is the only named outcome.
FS-006121,TI05,ADVANCE_TO_ABSTRACT,,
FS-006123,TI05,EXCLUDE_TITLE,TI05,Only cardiorespiratory fitness is named as an outcome.
FS-006140,TI04,EXCLUDE_TITLE,TI04,Compares postoperative drug analgesia after surgery.
FS-006150,TI04,EXCLUDE_TITLE,TI04,"Trained immunity refers to immune training, with no physical activity named."
FS-006151,TI04,ADVANCE_TO_ABSTRACT,,
FS-006152,TI05,ADVANCE_TO_ABSTRACT,,
FS-006165,TI04,ADVANCE_TO_ABSTRACT,,
FS-006171,TI04,EXCLUDE_TITLE,TI04,Vaccine administration is the study intervention.
FS-006187,TI04,EXCLUDE_TITLE,TI04,Hypoxic and hyperoxic exposure is the study intervention.
FS-006189,TI04,EXCLUDE_TITLE,TI04,Estradiol exposure induces the studied fibrosis.
FS-006203,TI05,EXCLUDE_TITLE,TI05,Reduced exercise tolerance is the only named outcome.
FS-006211,TI05,ADVANCE_TO_ABSTRACT,,
FS-006219,TI05,ADVANCE_TO_ABSTRACT,,
FS-006224,TI05,EXCLUDE_TITLE,TI05,Only exercise performance is named as an outcome.
FS-006227,TI04,EXCLUDE_TITLE,TI04,CAR T-cell therapy is the stated exposure.
FS-006257,TI05,ADVANCE_TO_ABSTRACT,,
FS-006261,TI04,ADVANCE_TO_ABSTRACT,,
FS-006264,TI05,EXCLUDE_TITLE,TI04,The study follows phases of bipolar disorder.
FS-006265,TI04,ADVANCE_TO_ABSTRACT,,
FS-006271,TI04,EXCLUDE_TITLE,TI04,Prior COVID-19 is the stated exposure.
FS-006276,TI04,ADVANCE_TO_ABSTRACT,,
FS-006277,TI05,EXCLUDE_TITLE,TI05,Exercise performance is the only stated outcome.
FS-006285,TI04,ADVANCE_TO_ABSTRACT,,
FS-006295,TI04,EXCLUDE_TITLE,TI04,Drug administration is the stated exposure.
FS-006301,TI05,ADVANCE_TO_ABSTRACT,,
FS-006306,TI04,ADVANCE_TO_ABSTRACT,,
FS-006312,TI05,ADVANCE_TO_ABSTRACT,,
FS-006317,TI04,EXCLUDE_TITLE,TI04,Dietary nitrate is the stated exposure.
FS-006323,TI05,ADVANCE_TO_ABSTRACT,,
FS-006327,TI04,EXCLUDE_TITLE,TI04,Dialysis initiation is the stated exposure.
FS-006331,TI05,EXCLUDE_TITLE,TI05,Only strength and muscle mass outcomes are named.
FS-006332,TI04,EXCLUDE_TITLE,TI04,Blueberry consumption is the stated topic without exercise context.
FS-006338,TI05,ADVANCE_TO_ABSTRACT,,
FS-006339,TI05,EXCLUDE_TITLE,TI04,Probiotic supplementation is the stated intervention without exercise context.
FS-006343,TI04,EXCLUDE_TITLE,TI04,Diet is the stated exposure without exercise context.
FS-006347,TI05,EXCLUDE_TITLE,TI05,Only aerobic performance and lactate response are named as outcomes.
FS-006354,TI04,ADVANCE_TO_ABSTRACT,,
FS-006355,TI05,ADVANCE_TO_ABSTRACT,,
FS-006358,TI04,ADVANCE_TO_ABSTRACT,,
FS-006359,TI04,ADVANCE_TO_ABSTRACT,,
FS-006361,TI05,ADVANCE_TO_ABSTRACT,,
FS-006363,TI04,ADVANCE_TO_ABSTRACT,,
FS-006365,TI05,ADVANCE_TO_ABSTRACT,,
FS-006388,TI05,ADVANCE_TO_ABSTRACT,,
FS-006395,TI04,EXCLUDE_TITLE,TI04,Lower limb vibration is the study intervention; no exercise context is named.
FS-006398,TI05,EXCLUDE_TITLE,TI05,Only bone metabolism is named as an outcome.
FS-006402,TI04,EXCLUDE_TITLE,TI04,Surgical reconstruction is the named treatment; no exercise context is stated.
FS-006417,TI05,ADVANCE_TO_ABSTRACT,,
FS-006425,TI05,EXCLUDE_TITLE,TI05,Swimming performance is the only named outcome.
FS-006426,TI04,EXCLUDE_TITLE,TI04,A bioreactor system is the intervention; no exercise context is stated.
FS-006427,TI04,EXCLUDE_TITLE,TI04,Ventilation during surgery is the study intervention.
FS-006431,TI05,ADVANCE_TO_ABSTRACT,,
FS-006435,TI04,EXCLUDE_TITLE,TI02,Title names only spinach and a plant pathogen.
FS-006443,TI05,EXCLUDE_TITLE,TI05,Exercise-induced bronchoconstriction is the only named outcome.
FS-006444,TI05,EXCLUDE_TITLE,TI05,Only bronchodilatation and bronchospasm are named as outcomes.
FS-006445,TI05,ADVANCE_TO_ABSTRACT,,
FS-006449,TI04,EXCLUDE_TITLE,TI04,Probiotic supplementation is the study exposure; no exercise context is named.
FS-006451,TI04,ADVANCE_TO_ABSTRACT,,
FS-006457,TI04,EXCLUDE_TITLE,TI04,Perioperative vitamin C is the study intervention.
FS-006465,TI04,EXCLUDE_TITLE,TI04,Surgical nerve blocks are the interventions; no exercise context is named.
FS-006469,TI04,ADVANCE_TO_ABSTRACT,,
FS-006473,TI04,EXCLUDE_TITLE,TI04,Tablet treatment is the study intervention; no exercise context is named.
FS-006476,TI04,ADVANCE_TO_ABSTRACT,,
FS-006478,TI05,ADVANCE_TO_ABSTRACT,,
FS-006480,TI04,EXCLUDE_TITLE,TI04,Mediterranean diet is the stated intervention.
FS-006483,TI05,EXCLUDE_TITLE,TI05,Only exercise performance is named as an outcome.
FS-006487,TI05,ADVANCE_TO_ABSTRACT,,
FS-006496,TI04,ADVANCE_TO_ABSTRACT,,
FS-006497,TI04,ADVANCE_TO_ABSTRACT,,
FS-006503,TI04,EXCLUDE_TITLE,TI04,Whole lung lavage is the stated intervention.
FS-006507,TI04,ADVANCE_TO_ABSTRACT,,
FS-006510,TI04,EXCLUDE_TITLE,TI04,Surgery is the stated intervention.
FS-006518,TI05,EXCLUDE_TITLE,TI05,"Named outcomes are body composition, bone content, and exercise capacity."
FS-006519,TI04,EXCLUDE_TITLE,TI04,Drug prophylaxis is the stated intervention.
FS-006529,TI05,EXCLUDE_TITLE,TI05,Only bone density and a hormone are named as outcomes.
FS-006531,TI05,ADVANCE_TO_ABSTRACT,,
FS-006532,TI05,ADVANCE_TO_ABSTRACT,,
FS-006541,TI05,EXCLUDE_TITLE,TI05,Cardiorespiratory fitness is the only named outcome.
FS-006543,TI04,EXCLUDE_TITLE,TI04,Calcitriol is the stated intervention; aerobic vaginitis is a disease.
FS-006544,TI04,EXCLUDE_TITLE,TI04,Age and sex are the stated factors studied.
FS-006553,TI05,ADVANCE_TO_ABSTRACT,,
FS-006561,TI04,EXCLUDE_TITLE,TI04,Response to tadalafil treatment is stated.
FS-006564,TI04,ADVANCE_TO_ABSTRACT,,
FS-006571,TI05,EXCLUDE_TITLE,TI05,Heart rate variability is the only named outcome.
FS-006572,TI04,EXCLUDE_TITLE,TI04,Acute and convalescent COVID-19 disease course is studied.
FS-006578,TI04,EXCLUDE_TITLE,TI04,Post-COVID-19 disease course is studied over time.
FS-006589,TI04,ADVANCE_TO_ABSTRACT,,
FS-006590,TI04,EXCLUDE_TITLE,TI04,Fluid restriction is the stated non-exercise exposure.
FS-006593,TI05,EXCLUDE_TITLE,TI05,Exercise capacity is the only named outcome.
FS-006598,TI04,ADVANCE_TO_ABSTRACT,,
FS-006600,TI04,EXCLUDE_TITLE,TI04,"The training programme concerns nursing skills, not physical training."
FS-006602,TI05,ADVANCE_TO_ABSTRACT,,
FS-006606,TI04,ADVANCE_TO_ABSTRACT,,
FS-006615,TI04,EXCLUDE_TITLE,TI04,Fracture infection is the stated non-exercise exposure.
FS-006630,TI04,ADVANCE_TO_ABSTRACT,,
FS-006633,TI04,EXCLUDE_TITLE,TI04,Fasting is the stated non-exercise exposure.
FS-006648,TI05,ADVANCE_TO_ABSTRACT,,
FS-006650,TI04,ADVANCE_TO_ABSTRACT,,
FS-006653,TI05,EXCLUDE_TITLE,TI05,"Named outcomes are performance, cognition, and a hormone."
FS-006660,TI05,ADVANCE_TO_ABSTRACT,,
FS-006663,TI05,ADVANCE_TO_ABSTRACT,,
FS-006686,TI04,EXCLUDE_TITLE,TI04,Dietary supplementation is the stated exposure; no exercise context is named.
FS-006704,TI05,ADVANCE_TO_ABSTRACT,,
FS-006705,TI04,ADVANCE_TO_ABSTRACT,,
FS-006714,TI05,ADVANCE_TO_ABSTRACT,,
FS-006720,TI05,ADVANCE_TO_ABSTRACT,,
FS-006725,TI05,EXCLUDE_TITLE,TI05,Osteoporosis is the sole named outcome and concerns bone.
FS-006728,TI04,EXCLUDE_TITLE,TI04,Estradiol concentration across the menstrual cycle is the stated non-exercise exposure.
FS-006730,TI04,EXCLUDE_TITLE,TI04,Quercetin treatment is the stated non-exercise intervention.
FS-006731,TI05,EXCLUDE_TITLE,TI05,"Erythropoietin, a hormone, is the only named outcome."
FS-006747,TI05,ADVANCE_TO_ABSTRACT,,
FS-006757,TI04,EXCLUDE_TITLE,TI04,Prostaglandins and aspirin are the stated non-exercise exposures.
FS-006758,TI05,ADVANCE_TO_ABSTRACT,,
FS-006761,TI05,ADVANCE_TO_ABSTRACT,,
FS-006777,TI04,ADVANCE_TO_ABSTRACT,,
FS-006778,TI05,ADVANCE_TO_ABSTRACT,,
FS-006780,TI05,ADVANCE_TO_ABSTRACT,,
FS-006791,TI04,EXCLUDE_TITLE,TI04,Gene therapy is the stated exposure; no exercise context is named.
FS-006793,TI05,ADVANCE_TO_ABSTRACT,,
FS-006799,TI05,EXCLUDE_TITLE,TI05,Cardiorespiratory fitness is the only named outcome.
FS-006804,TI04,ADVANCE_TO_ABSTRACT,,
FS-006810,TI05,ADVANCE_TO_ABSTRACT,,
FS-006812,TI05,ADVANCE_TO_ABSTRACT,,
FS-006819,TI04,EXCLUDE_TITLE,TI04,Ozone exposure is studied without exercise context.
FS-006824,TI04,ADVANCE_TO_ABSTRACT,,
FS-006827,TI04,ADVANCE_TO_ABSTRACT,,
FS-006832,TI05,ADVANCE_TO_ABSTRACT,,
FS-006846,TI05,ADVANCE_TO_ABSTRACT,,
FS-006851,TI04,EXCLUDE_TITLE,TI02,Title names only a plant and fungal pathogen.
FS-006857,TI04,ADVANCE_TO_ABSTRACT,,
FS-006858,TI04,EXCLUDE_TITLE,TI04,Serotonin is the stated exposure; no exercise context is named.
FS-006865,TI05,ADVANCE_TO_ABSTRACT,,
FS-006867,TI04,ADVANCE_TO_ABSTRACT,,
FS-006869,TI04,ADVANCE_TO_ABSTRACT,,
FS-006877,TI05,ADVANCE_TO_ABSTRACT,,
FS-006886,TI05,ADVANCE_TO_ABSTRACT,,
FS-006890,TI05,EXCLUDE_TITLE,TI05,"Insulin, GLP-1, and PYY are the only named outcomes."
FS-006892,TI04,EXCLUDE_TITLE,TI04,Studies sequelae after pulmonary embolism.
FS-006898,TI04,ADVANCE_TO_ABSTRACT,,
FS-006905,TI04,ADVANCE_TO_ABSTRACT,,
FS-006912,TI04,EXCLUDE_TITLE,TI04,Intravenous immunoglobulin is the intervention.
FS-006913,TI05,EXCLUDE_TITLE,TI05,Aerobic capacity is the only named outcome.
FS-006915,TI05,ADVANCE_TO_ABSTRACT,,
FS-006916,TI04,EXCLUDE_TITLE,TI04,Experimental endotoxemia is the study exposure.
FS-006920,TI04,EXCLUDE_TITLE,TI04,Studies outcomes following cancer treatments.
FS-006924,TI04,ADVANCE_TO_ABSTRACT,,
FS-006937,TI05,ADVANCE_TO_ABSTRACT,,
FS-006962,TI04,ADVANCE_TO_ABSTRACT,,
FS-006964,TI04,ADVANCE_TO_ABSTRACT,,
FS-006969,TI04,EXCLUDE_TITLE,TI04,Oral immunotherapy is the intervention.
FS-006973,TI05,ADVANCE_TO_ABSTRACT,,
FS-006976,TI04,ADVANCE_TO_ABSTRACT,,
FS-006987,TI05,EXCLUDE_TITLE,TI05,Catecholaminergic responses are the only named outcome.
FS-006988,TI05,EXCLUDE_TITLE,TI05,Testosterone and cortisol are the only named outcomes.
FS-006999,TI04,EXCLUDE_TITLE,TI04,Minocycline is the study intervention.
FS-007006,TI04,EXCLUDE_TITLE,TI04,Ibrutinib is the study exposure.
FS-007013,TI05,ADVANCE_TO_ABSTRACT,,
FS-007014,TI04,EXCLUDE_TITLE,TI04,HMB ingestion is the study exposure.
FS-007021,TI05,ADVANCE_TO_ABSTRACT,,
FS-007030,TI04,EXCLUDE_TITLE,TI04,Heat stress is the study exposure.
FS-007031,TI05,ADVANCE_TO_ABSTRACT,,
FS-007039,TI04,EXCLUDE_TITLE,TI04,Metformin is the named intervention.
FS-007044,TI04,EXCLUDE_TITLE,TI04,IL-33 is the stated non-exercise exposure.
FS-007052,TI04,EXCLUDE_TITLE,TI04,Pulse treatment is the stated non-exercise exposure.
FS-007057,TI05,EXCLUDE_TITLE,TI05,Only exercise performance and muscle strength outcomes are named.
FS-007060,TI05,EXCLUDE_TITLE,TI05,Cognitive impairment is the only named outcome.
FS-007062,TI04,ADVANCE_TO_ABSTRACT,,
FS-007067,TI05,EXCLUDE_TITLE,TI05,Prolactin is a hormone outcome.
FS-007074,TI04,EXCLUDE_TITLE,TI04,Supplement products are the stated non-exercise topic.
FS-007083,TI05,ADVANCE_TO_ABSTRACT,,
FS-007087,TI05,ADVANCE_TO_ABSTRACT,,
FS-007088,TI05,ADVANCE_TO_ABSTRACT,,
FS-007099,TI05,ADVANCE_TO_ABSTRACT,,
FS-007115,TI04,ADVANCE_TO_ABSTRACT,,
FS-007120,TI04,EXCLUDE_TITLE,TI04,Remdesivir treatment is the stated non-exercise intervention.
FS-007141,TI05,ADVANCE_TO_ABSTRACT,,
FS-007151,TI05,ADVANCE_TO_ABSTRACT,,
FS-007154,TI04,EXCLUDE_TITLE,TI04,Ischemia-reperfusion is the stated non-exercise exposure.
FS-007159,TI04,EXCLUDE_TITLE,TI04,Supplementation is the stated non-exercise intervention.
FS-007166,TI04,EXCLUDE_TITLE,TI04,Dietary potassium-to-sodium ratio is the stated exposure.
FS-007177,TI04,EXCLUDE_TITLE,TI04,Circadian timing of surgery is the stated non-exercise topic.
FS-007179,TI05,ADVANCE_TO_ABSTRACT,,
FS-007181,TI05,ADVANCE_TO_ABSTRACT,,
FS-007193,TI05,EXCLUDE_TITLE,TI05,Only hormones and cognitive function are named as outcomes.
FS-007216,TI05,ADVANCE_TO_ABSTRACT,,
FS-007219,TI04,EXCLUDE_TITLE,TI02,Title names only tomato and its bacterial pathogen.
FS-007224,TI04,EXCLUDE_TITLE,TI04,Bee pollen ingestion is the stated non-exercise exposure.
FS-007230,TI05,EXCLUDE_TITLE,TI05,Exercise performance is the only stated outcome.
FS-007231,TI04,EXCLUDE_TITLE,TI04,Title describes endoscopic treatment without exercise context.
FS-007234,TI05,ADVANCE_TO_ABSTRACT,,
FS-007238,TI05,ADVANCE_TO_ABSTRACT,,
FS-007243,TI04,EXCLUDE_TITLE,TI04,Cold exposure is the stated exposure; no exercise context is named.
FS-007257,TI05,ADVANCE_TO_ABSTRACT,,
FS-007270,TI04,EXCLUDE_TITLE,TI04,Title concerns occupational lung disease without exercise context.
FS-007272,TI04,ADVANCE_TO_ABSTRACT,,
FS-007273,TI05,ADVANCE_TO_ABSTRACT,,
FS-007274,TI05,EXCLUDE_TITLE,TI04,Plant treatment is the stated exposure; no exercise context is named.
FS-007276,TI05,EXCLUDE_TITLE,TI05,Bone status indices are the only stated outcomes.
FS-007279,TI04,ADVANCE_TO_ABSTRACT,,
FS-007286,TI04,EXCLUDE_TITLE,TI04,Repetitive tooth-clenching is the stated non-exercise exposure.
FS-007292,TI04,EXCLUDE_TITLE,TI04,Plasma exchange is the stated treatment; no exercise context is named.
FS-007296,TI04,EXCLUDE_TITLE,TI04,Title concerns a biofiller treatment without exercise context.
FS-007299,TI05,ADVANCE_TO_ABSTRACT,,
FS-007309,TI05,ADVANCE_TO_ABSTRACT,,
FS-007311,TI05,EXCLUDE_TITLE,TI05,Bone status indices are the only stated outcomes.
FS-007317,TI04,EXCLUDE_TITLE,TI04,Intravenous ketamine is the stated exposure; no exercise context is named.
FS-007318,TI05,ADVANCE_TO_ABSTRACT,,
FS-007326,TI05,ADVANCE_TO_ABSTRACT,,
FS-007338,TI05,EXCLUDE_TITLE,TI05,Exercise distance and duration are performance outcomes.
FS-007340,TI04,EXCLUDE_TITLE,TI04,Treatment is the stated exposure; no exercise context is named.
FS-007347,TI04,ADVANCE_TO_ABSTRACT,,
FS-007350,TI04,ADVANCE_TO_ABSTRACT,,
FS-007353,TI05,ADVANCE_TO_ABSTRACT,,
FS-007358,TI05,ADVANCE_TO_ABSTRACT,,
FS-007361,TI04,ADVANCE_TO_ABSTRACT,,
FS-007362,TI04,ADVANCE_TO_ABSTRACT,,
FS-007365,TI04,ADVANCE_TO_ABSTRACT,,
FS-007366,TI04,EXCLUDE_TITLE,TI04,Title studies rhinitis as an early stage of asthma.
FS-007369,TI05,ADVANCE_TO_ABSTRACT,,
FS-007375,TI04,EXCLUDE_TITLE,TI04,Title studies the action of a drug without exercise context.
FS-007376,TI04,ADVANCE_TO_ABSTRACT,,
FS-007379,TI04,EXCLUDE_TITLE,TI04,Title studies a drug's effect without exercise context.
FS-007381,TI04,EXCLUDE_TITLE,TI04,Title studies calcium antagonists without exercise context.
FS-007385,TI04,EXCLUDE_TITLE,TI04,Title studies surgery and a drug without exercise context.
FS-007387,TI04,ADVANCE_TO_ABSTRACT,,
FS-007388,TI05,ADVANCE_TO_ABSTRACT,,
FS-007392,TI04,ADVANCE_TO_ABSTRACT,,
FS-007393,TI04,ADVANCE_TO_ABSTRACT,,
FS-007394,TI05,ADVANCE_TO_ABSTRACT,,
FS-007395,TI04,EXCLUDE_TITLE,TI04,Title states a drug trial without exercise context.
FS-007396,TI05,ADVANCE_TO_ABSTRACT,,
FS-007402,TI05,ADVANCE_TO_ABSTRACT,,
FS-007403,TI05,ADVANCE_TO_ABSTRACT,,
FS-007405,TI04,EXCLUDE_TITLE,TI04,Title studies hyperosmolar exposure without exercise context.
FS-007407,TI04,EXCLUDE_TITLE,TI04,Title states exposure to DNA-damaging chemicals without exercise context.
FS-007410,TI05,ADVANCE_TO_ABSTRACT,,
FS-007417,TI04,EXCLUDE_TITLE,TI04,Title studies calcium antagonists without exercise context.
FS-007420,TI04,EXCLUDE_TITLE,TI04,Title studies a surgical procedure without exercise context.
FS-007424,TI04,ADVANCE_TO_ABSTRACT,,
FS-007430,TI05,ADVANCE_TO_ABSTRACT,,
FS-007435,TI05,ADVANCE_TO_ABSTRACT,,
FS-007436,TI04,EXCLUDE_TITLE,TI04,Arginine is the stated exposure; no exercise context appears.
FS-007438,TI04,EXCLUDE_TITLE,TI04,Diet is the stated exposure; no exercise context appears.
FS-007439,TI04,ADVANCE_TO_ABSTRACT,,
FS-007448,TI04,ADVANCE_TO_ABSTRACT,,
FS-007456,TI04,ADVANCE_TO_ABSTRACT,,
FS-007464,TI05,ADVANCE_TO_ABSTRACT,,
FS-007468,TI05,ADVANCE_TO_ABSTRACT,,
FS-007473,TI05,ADVANCE_TO_ABSTRACT,,
FS-007476,TI05,ADVANCE_TO_ABSTRACT,,
FS-007477,TI04,ADVANCE_TO_ABSTRACT,,
FS-007478,TI04,EXCLUDE_TITLE,TI04,Ozone exposure is studied without exercise context.
FS-007500,TI05,EXCLUDE_TITLE,TI05,Parathyroid function is the only named outcome.
FS-007504,TI04,EXCLUDE_TITLE,TI04,High-dose steroids are the stated exposure without exercise context.
FS-007505,TI04,EXCLUDE_TITLE,TI04,Ozone exposure is studied without exercise context.
FS-007506,TI04,EXCLUDE_TITLE,TI04,Salbutamol activity is studied without exercise context.
FS-007507,TI04,EXCLUDE_TITLE,TI04,Drug blockade is the stated exposure without exercise context.
FS-007510,TI05,ADVANCE_TO_ABSTRACT,,
FS-007515,TI04,EXCLUDE_TITLE,TI04,"Behavioral training concerns condom use, not physical activity."
FS-007517,TI04,EXCLUDE_TITLE,TI04,Long-term survival after transplantation is studied without exercise context.
FS-007518,TI04,EXCLUDE_TITLE,TI04,Drug interaction is studied without exercise context.
FS-007520,TI05,EXCLUDE_TITLE,TI05,Erythropoietin is the only named outcome.
FS-007532,TI04,EXCLUDE_TITLE,TI04,Compares hypertension drugs; no exercise context.
FS-007540,TI04,EXCLUDE_TITLE,TI04,Drug treatment is the stated exposure.
FS-007541,TI04,EXCLUDE_TITLE,TI04,Stem cell transplantation is the stated intervention.
FS-007542,TI04,EXCLUDE_TITLE,TI04,"Studies injected erythropoietin, with no exercise context."
FS-007545,TI04,EXCLUDE_TITLE,TI04,Ozone exposure is the stated exposure.
FS-007546,TI04,EXCLUDE_TITLE,TI04,"Training refers to clinical skills, not physical activity."
FS-007548,TI04,ADVANCE_TO_ABSTRACT,,
FS-007551,TI05,ADVANCE_TO_ABSTRACT,,
FS-007552,TI04,ADVANCE_TO_ABSTRACT,,
FS-007557,TI05,EXCLUDE_TITLE,TI05,Only cardiopulmonary fitness is named as an outcome.
FS-007560,TI05,ADVANCE_TO_ABSTRACT,,
FS-007561,TI04,EXCLUDE_TITLE,TI04,Antiepileptic drug exposure is stated; no exercise context.
FS-007563,TI04,EXCLUDE_TITLE,TI04,Interferon treatment is the stated intervention.
FS-007572,TI04,EXCLUDE_TITLE,TI04,Ozone exposure is the stated exposure.
FS-007574,TI04,ADVANCE_TO_ABSTRACT,,
FS-007575,TI04,EXCLUDE_TITLE,TI04,Protein kinase C activators are the stated exposure.
FS-007579,TI05,EXCLUDE_TITLE,TI05,"Only erythropoietin, a hormone, is named as an outcome."
FS-007581,TI04,EXCLUDE_TITLE,TI04,Ozone exposure is stated; no exercise context.
FS-007584,TI04,EXCLUDE_TITLE,TI04,Local hyperthermia is the stated intervention.
FS-007588,TI04,EXCLUDE_TITLE,TI04,Erythropoietin treatment is the stated exposure.
FS-007589,TI04,ADVANCE_TO_ABSTRACT,,
FS-007592,TI04,EXCLUDE_TITLE,TI04,Immunoadsorption treatment is the stated intervention.
FS-007596,TI04,EXCLUDE_TITLE,TI04,Ozone exposure is stated; no exercise context.
FS-007600,TI04,EXCLUDE_TITLE,TI04,Converting enzyme inhibition is the stated intervention.
FS-007601,TI04,EXCLUDE_TITLE,TI04,Mental stress is the stated exposure.
FS-007603,TI05,EXCLUDE_TITLE,TI05,Exercise capacity is the only named outcome.
FS-007605,TI04,EXCLUDE_TITLE,TI04,Steroid hormones are the study exposure; no exercise context is named.
FS-007607,TI04,EXCLUDE_TITLE,TI04,Erythropoietin treatment is the study exposure; no exercise context is named.
FS-007608,TI04,ADVANCE_TO_ABSTRACT,,
FS-007609,TI05,EXCLUDE_TITLE,TI05,Plasma erythropoietin is the only named outcome.
FS-007611,TI04,ADVANCE_TO_ABSTRACT,,
FS-007613,TI04,EXCLUDE_TITLE,TI04,Hyperosmolar solutions are the study exposure; no exercise context is named.
FS-007615,TI04,EXCLUDE_TITLE,TI04,Ozone is the study exposure; no exercise context is named.
FS-007620,TI04,EXCLUDE_TITLE,TI04,The study compares diagnostic strategies without an exercise context.
FS-007622,TI04,EXCLUDE_TITLE,TI04,Chemical exposures are studied without an exercise context.
FS-007625,TI04,EXCLUDE_TITLE,TI04,Erythropoietin therapy is the study exposure; no exercise context is named.
FS-007626,TI04,EXCLUDE_TITLE,TI04,Ozone is the study exposure; no exercise context is named.
FS-007627,TI04,ADVANCE_TO_ABSTRACT,,
FS-007632,TI04,EXCLUDE_TITLE,TI04,Chemical exposures are studied without an exercise context.
FS-007634,TI04,EXCLUDE_TITLE,TI04,Nitrogen dioxide is the study exposure; no exercise context is named.
FS-007638,TI05,ADVANCE_TO_ABSTRACT,,
FS-007648,TI04,ADVANCE_TO_ABSTRACT,,
FS-007655,TI04,EXCLUDE_TITLE,TI04,Prechemotherapy drug support is studied without an exercise context.
FS-007659,TI04,EXCLUDE_TITLE,TI04,Anaemia correction is the study intervention; no exercise context is named.
FS-007661,TI04,ADVANCE_TO_ABSTRACT,,
FS-007663,TI05,ADVANCE_TO_ABSTRACT,,
FS-007681,TI04,EXCLUDE_TITLE,TI04,Indobufen is the study intervention; no exercise context is named.
FS-007686,TI04,EXCLUDE_TITLE,TI04,Cold exposure is studied without an exercise context.
FS-007687,TI05,ADVANCE_TO_ABSTRACT,,
FS-007699,TI04,ADVANCE_TO_ABSTRACT,,
FS-007700,TI04,EXCLUDE_TITLE,TI04,Aminothiol is the study exposure; no exercise context appears.
FS-007711,TI04,ADVANCE_TO_ABSTRACT,,
FS-007712,TI05,ADVANCE_TO_ABSTRACT,,
FS-007718,TI04,ADVANCE_TO_ABSTRACT,,
FS-007720,TI04,EXCLUDE_TITLE,TI04,High-altitude hypoxia is the study exposure; no exercise context appears.
FS-007736,TI04,ADVANCE_TO_ABSTRACT,,
FS-007751,TI04,EXCLUDE_TITLE,TI04,Ozone is the study exposure; no exercise context appears.
FS-007752,TI04,ADVANCE_TO_ABSTRACT,,
FS-007757,TI05,ADVANCE_TO_ABSTRACT,,
FS-007758,TI04,EXCLUDE_TITLE,TI04,Ozone is the study exposure; no exercise context appears.
FS-007759,TI04,EXCLUDE_TITLE,TI04,Ozone is the study exposure; no exercise context appears.
FS-007769,TI04,EXCLUDE_TITLE,TI04,An antibody is the study intervention; no exercise context appears.
FS-007770,TI04,EXCLUDE_TITLE,TI04,Chemical exposure is studied without exercise context.
FS-007797,TI05,ADVANCE_TO_ABSTRACT,,
FS-007799,TI05,ADVANCE_TO_ABSTRACT,,
FS-007800,TI04,EXCLUDE_TITLE,TI04,Ozone is the study exposure; no exercise context appears.
FS-007802,TI04,ADVANCE_TO_ABSTRACT,,
FS-007803,TI04,ADVANCE_TO_ABSTRACT,,
FS-007805,TI04,EXCLUDE_TITLE,TI04,Ozone exposure is studied without exercise context.
FS-007807,TI05,EXCLUDE_TITLE,TI05,Named outcomes are adrenergic activity and heart rate variability.
FS-007817,TI04,ADVANCE_TO_ABSTRACT,,
FS-007822,TI04,EXCLUDE_TITLE,TI04,Relaxation training is a nonphysical intervention.
FS-007826,TI05,ADVANCE_TO_ABSTRACT,,
FS-007828,TI05,ADVANCE_TO_ABSTRACT,,
FS-007844,TI04,ADVANCE_TO_ABSTRACT,,
FS-007855,TI05,EXCLUDE_TITLE,TI05,Only exercise capacity and oxygen consumption are named as outcomes.
FS-007861,TI04,EXCLUDE_TITLE,TI04,Irisin is the stated non-exercise intervention.
FS-007866,TI04,EXCLUDE_TITLE,TI04,Irisin is the stated non-exercise intervention.
FS-007880,TI04,ADVANCE_TO_ABSTRACT,,
FS-007885,TI04,EXCLUDE_TITLE,TI04,Vortex wave stimulation is the stated non-exercise exposure.
FS-007896,TI04,EXCLUDE_TITLE,TI04,Sleep deprivation is the stated exposure.
FS-007906,TI04,EXCLUDE_TITLE,TI04,A nanofiber conduit is the stated intervention.
FS-007907,TI04,EXCLUDE_TITLE,TI04,Sprint and marathon describe firms metaphorically.
FS-007916,TI04,EXCLUDE_TITLE,TI04,Gene delivery is the stated intervention.
FS-007943,TI04,ADVANCE_TO_ABSTRACT,,
FS-007946,TI04,EXCLUDE_TITLE,TI04,Envenomation is the stated non-exercise exposure.
FS-007948,TI04,EXCLUDE_TITLE,TI04,Dietary leucine is the stated exposure.
FS-007952,TI04,EXCLUDE_TITLE,TI04,Salmon roe is the stated non-exercise exposure.
FS-007956,TI04,EXCLUDE_TITLE,TI04,Herb and drug exposure is the stated topic.
FS-007971,TI05,ADVANCE_TO_ABSTRACT,,
FS-007981,TI04,EXCLUDE_TITLE,TI04,Tensile loading of tendon explants is the stated non-exercise exposure.
FS-008008,TI05,ADVANCE_TO_ABSTRACT,,
FS-008014,TI04,EXCLUDE_TITLE,TI04,Plant extract phytotherapy is the stated intervention.
FS-008016,TI04,EXCLUDE_TITLE,TI04,Nutrition therapy is the stated non-exercise topic.
FS-008023,TI04,EXCLUDE_TITLE,TI04,Acupotomy is the stated intervention.
FS-008029,TI05,ADVANCE_TO_ABSTRACT,,
FS-008033,TI04,EXCLUDE_TITLE,TI04,Hydrogen inhalation is the stated intervention.
FS-008040,TI04,ADVANCE_TO_ABSTRACT,,
FS-008042,TI04,EXCLUDE_TITLE,TI04,Fampridine is the stated drug exposure.
FS-008045,TI04,EXCLUDE_TITLE,TI04,Irisin-loaded microneedles are the stated intervention.
FS-008059,TI04,ADVANCE_TO_ABSTRACT,,
FS-008060,TI05,EXCLUDE_TITLE,TI05,Only endurance and fatigue resistance outcomes are named.
FS-008079,TI04,EXCLUDE_TITLE,TI04,Rice allergens are the stated non-exercise exposure.
FS-008080,TI05,ADVANCE_TO_ABSTRACT,,
FS-008098,TI04,EXCLUDE_TITLE,TI04,"Stated exposures are smoke, heat stress, and sleep deprivation."
FS-008108,TI04,EXCLUDE_TITLE,TI04,Hydrogen inhalation is the stated intervention.
FS-008123,TI04,EXCLUDE_TITLE,TI04,Biologic therapy is the stated intervention.
FS-008125,TI04,EXCLUDE_TITLE,TI04,Plant extracts are the stated intervention.
FS-008126,TI05,ADVANCE_TO_ABSTRACT,,
FS-008148,TI04,EXCLUDE_TITLE,TI04,Nanovesicles are the stated wound-healing intervention.
FS-008153,TI04,ADVANCE_TO_ABSTRACT,,
FS-008163,TI04,EXCLUDE_TITLE,TI04,Race and ethnicity are studied in a non-physical sense.
FS-008173,TI05,EXCLUDE_TITLE,TI05,Mood states are the only named outcome.
FS-008189,TI04,ADVANCE_TO_ABSTRACT,,
FS-008190,TI05,EXCLUDE_TITLE,TI05,Only aerobic and motor performance outcomes are named.
FS-008191,TI04,EXCLUDE_TITLE,TI04,Oxygen supplementation is the stated intervention.
FS-008221,TI05,EXCLUDE_TITLE,TI05,Psychological effects are the only named outcome.
FS-008225,TI05,EXCLUDE_TITLE,TI05,Lactate is the only named measured outcome.
FS-008239,TI04,EXCLUDE_TITLE,TI04,Acute inflammation is the stated non-exercise exposure.
FS-008247,TI04,EXCLUDE_TITLE,TI04,Depression and psychological stress are the stated non-exercise exposures.
FS-008255,TI04,EXCLUDE_TITLE,TI04,Vitamin D is the stated intervention.
FS-008280,TI05,EXCLUDE_TITLE,TI05,Only body composition and maximum oxygen utilisation are named.
FS-008290,TI04,ADVANCE_TO_ABSTRACT,,
FS-008307,TI04,EXCLUDE_TITLE,TI04,Fasting is the stated non-exercise exposure.
FS-008314,TI05,EXCLUDE_TITLE,TI05,Walking speed is the only named outcome.
FS-008316,TI04,EXCLUDE_TITLE,TI04,Protectin DX treatment is the stated exposure.
FS-008320,TI05,ADVANCE_TO_ABSTRACT,,
FS-008340,TI04,EXCLUDE_TITLE,TI04,Jingfang Granule is the stated intervention.
FS-008344,TI04,EXCLUDE_TITLE,TI04,Supplementation is the stated exposure.
FS-008353,TI04,EXCLUDE_TITLE,TI04,Chemsex is the stated non-exercise exposure.
FS-008356,TI04,EXCLUDE_TITLE,TI04,LPS exposure induces non-physical microglial training.
FS-008364,TI04,EXCLUDE_TITLE,TI04,Paroxetine delivery is the stated intervention.
FS-008367,TI04,EXCLUDE_TITLE,TI04,Irisin is the stated non-exercise intervention.
FS-008377,TI04,EXCLUDE_TITLE,TI04,Irisin is the stated non-exercise exposure.
FS-008380,TI04,ADVANCE_TO_ABSTRACT,,
FS-008417,TI04,EXCLUDE_TITLE,TI04,Topical therapy is the stated intervention.
FS-008428,TI04,EXCLUDE_TITLE,TI04,Radiation therapy is the stated intervention.
FS-008435,TI04,EXCLUDE_TITLE,TI04,Race and age are non-physical study exposures.
FS-008445,TI04,EXCLUDE_TITLE,TI04,Immunotherapy is the stated intervention.
FS-008448,TI04,EXCLUDE_TITLE,TI04,miR-222 is the stated non-exercise agent.
FS-008451,TI04,EXCLUDE_TITLE,TI01,Title states a literature review.
FS-008471,TI04,ADVANCE_TO_ABSTRACT,,
FS-008473,TI04,ADVANCE_TO_ABSTRACT,,
FS-008481,TI04,ADVANCE_TO_ABSTRACT,,
FS-008482,TI05,ADVANCE_TO_ABSTRACT,,
FS-008483,TI04,EXCLUDE_TITLE,TI04,Plant leaves are the stated anti-fatigue intervention.
FS-008492,TI05,EXCLUDE_TITLE,TI05,Muscle force recovery is the only named outcome.
FS-008494,TI04,EXCLUDE_TITLE,TI04,Immunotherapy is the stated non-exercise treatment.
FS-008495,TI04,EXCLUDE_TITLE,TI02,Title names only a bacterial organism.
FS-008524,TI04,ADVANCE_TO_ABSTRACT,,
FS-008542,TI04,EXCLUDE_TITLE,TI04,Immune checkpoint therapy is the study exposure.
FS-008564,TI04,ADVANCE_TO_ABSTRACT,,
FS-008567,TI05,EXCLUDE_TITLE,TI05,Named outcomes are functional capacity and body composition.
FS-008579,TI04,EXCLUDE_TITLE,TI04,Alcohol is the named exposure.
FS-008585,TI04,EXCLUDE_TITLE,TI04,Vaping is the named exposure.
FS-008586,TI05,EXCLUDE_TITLE,TI05,Cognitive functioning is the only named outcome.
FS-008592,TI04,EXCLUDE_TITLE,TI04,Quercetin and lipopolysaccharide are non-exercise exposures.
FS-008593,TI04,ADVANCE_TO_ABSTRACT,,
FS-008605,TI04,EXCLUDE_TITLE,TI04,Drug binding is the study topic.
FS-008606,TI04,EXCLUDE_TITLE,TI04,Weight-drop injury is the study exposure.
FS-008617,TI04,EXCLUDE_TITLE,TI04,Taping is the intervention studied.
FS-008621,TI04,EXCLUDE_TITLE,TI04,Azathioprine discontinuation is the study exposure.
FS-008631,TI04,ADVANCE_TO_ABSTRACT,,
FS-008642,TI04,EXCLUDE_TITLE,TI04,Cryptotanshinone is the named intervention.
FS-008643,TI04,ADVANCE_TO_ABSTRACT,,
FS-008650,TI04,EXCLUDE_TITLE,TI04,Epidural anesthesia is the named exposure.
FS-008653,TI04,EXCLUDE_TITLE,TI04,Blueberry extract and lipopolysaccharide are non-exercise exposures.
FS-008661,TI04,EXCLUDE_TITLE,TI04,Experimentally induced emphysema is the study exposure.
FS-008668,TI04,ADVANCE_TO_ABSTRACT,,
FS-008669,TI04,ADVANCE_TO_ABSTRACT,,
FS-008677,TI04,ADVANCE_TO_ABSTRACT,,
FS-008688,TI04,EXCLUDE_TITLE,TI02,Title names only bacteria.
FS-008694,TI05,ADVANCE_TO_ABSTRACT,,
FS-008704,TI04,EXCLUDE_TITLE,TI04,Antineoplastic immunotherapy is the study exposure.
FS-008706,TI04,ADVANCE_TO_ABSTRACT,,
FS-008717,TI04,EXCLUDE_TITLE,TI01,Title states review of the literature.
FS-008719,TI04,EXCLUDE_TITLE,TI04,Essential oil is the stated non-exercise exposure.
FS-008721,TI04,EXCLUDE_TITLE,TI04,Drug treatment is the stated exposure.
FS-008728,TI04,EXCLUDE_TITLE,TI04,Heat is the stated non-exercise exposure.
FS-008752,TI04,EXCLUDE_TITLE,TI04,Aging is stated as inducing vascular impairment.
FS-008758,TI05,ADVANCE_TO_ABSTRACT,,
FS-008761,TI05,ADVANCE_TO_ABSTRACT,,
FS-008773,TI05,ADVANCE_TO_ABSTRACT,,
FS-008787,TI04,EXCLUDE_TITLE,TI04,Race is used in a non-physical sense.
FS-008815,TI04,EXCLUDE_TITLE,TI04,Herbal extract treatment is the stated intervention.
FS-008817,TI05,EXCLUDE_TITLE,TI05,Only cortisol and testosterone outcomes are named.
FS-008833,TI04,EXCLUDE_TITLE,TI04,Operating room fire is the stated non-exercise event.
FS-008869,TI04,EXCLUDE_TITLE,TI04,Drug nanoparticles are the stated treatment.
FS-008884,TI04,ADVANCE_TO_ABSTRACT,,
FS-008895,TI04,EXCLUDE_TITLE,TI04,Inhibition of microglial activation is the stated intervention.
FS-008905,TI04,EXCLUDE_TITLE,TI04,β-glucan administration induces immune training.
FS-008907,TI04,EXCLUDE_TITLE,TI04,Defibrillator shocks are the stated non-exercise exposure.
FS-008915,TI04,EXCLUDE_TITLE,TI04,Drug comparison is the stated intervention.
FS-008922,TI04,EXCLUDE_TITLE,TI04,Cannabidiol is the stated exposure.
FS-008932,TI04,EXCLUDE_TITLE,TI04,Vaccination is the stated exposure.
FS-008944,TI04,EXCLUDE_TITLE,TI04,Kidney transplantation is the stated non-exercise treatment.
FS-008973,TI05,EXCLUDE_TITLE,TI05,Only bone repair is named as an outcome.
FS-008985,TI05,ADVANCE_TO_ABSTRACT,,
FS-008988,TI04,ADVANCE_TO_ABSTRACT,,
FS-009023,TI05,ADVANCE_TO_ABSTRACT,,
FS-009051,TI04,EXCLUDE_TITLE,TI04,Supplementation is the study exposure; no exercise context is named.
FS-009055,TI04,EXCLUDE_TITLE,TI04,Drug treatment is named; no exercise context is named.
FS-009058,TI04,EXCLUDE_TITLE,TI04,Dojuksan treatment is named; no exercise context is named.
FS-009063,TI04,EXCLUDE_TITLE,TI04,Ferulic acid and lipopolysaccharide are named exposures; no exercise context.
FS-009065,TI04,EXCLUDE_TITLE,TI04,Ketamine treatment after surgery is studied without exercise context.
FS-009069,TI04,EXCLUDE_TITLE,TI04,Empagliflozin is the study exposure; no exercise context is named.
FS-009082,TI04,EXCLUDE_TITLE,TI04,Pressure overload is the named exposure; no exercise context is named.
FS-009092,TI04,EXCLUDE_TITLE,TI04,Drug dosing is the study exposure; no exercise context is named.
FS-009098,TI04,EXCLUDE_TITLE,TI04,Apheresis therapy is studied without exercise context.
FS-009108,TI05,EXCLUDE_TITLE,TI05,Named outcomes are psychomotor and neuromuscular performance.
FS-009111,TI04,EXCLUDE_TITLE,TI04,Thoracoscopic treatment is named; no exercise context is named.
FS-009113,TI04,EXCLUDE_TITLE,TI01,Title explicitly states literature review.
FS-009120,TI04,EXCLUDE_TITLE,TI04,"Training refers to a clinical curriculum, not physical activity."
FS-009132,TI04,EXCLUDE_TITLE,TI04,Duloxetine treatment is named; no exercise context is named.
FS-009133,TI04,EXCLUDE_TITLE,TI04,Prolonged confined isolation is the study exposure.
FS-009137,TI04,EXCLUDE_TITLE,TI04,Ganoderma and ethanol drinking are named exposures without exercise context.
FS-009140,TI04,EXCLUDE_TITLE,TI02,Title names only wheat.
FS-009145,TI04,ADVANCE_TO_ABSTRACT,,
FS-009149,TI04,EXCLUDE_TITLE,TI04,Prenatal DDT and DDE exposure is studied without exercise context.
FS-009165,TI04,ADVANCE_TO_ABSTRACT,,
FS-009171,TI04,EXCLUDE_TITLE,TI04,Ketamine is the named intervention; no exercise context is named.
FS-009194,TI05,ADVANCE_TO_ABSTRACT,,
FS-009196,TI04,EXCLUDE_TITLE,TI04,Bariatric surgery is the named non-exercise context.
FS-009200,TI05,ADVANCE_TO_ABSTRACT,,
FS-009205,TI05,EXCLUDE_TITLE,TI05,Cardiorespiratory fitness is the only named outcome.
FS-009212,TI04,EXCLUDE_TITLE,TI04,Muscle PGC-1α overexpression is the stated intervention; no exercise context.
FS-009213,TI05,ADVANCE_TO_ABSTRACT,,
FS-009232,TI05,EXCLUDE_TITLE,TI05,Endurance performance is the only named outcome.
FS-009262,TI04,ADVANCE_TO_ABSTRACT,,
FS-009263,TI04,EXCLUDE_TITLE,TI04,Irisin is the stated intervention; no exercise context.
FS-009267,TI04,ADVANCE_TO_ABSTRACT,,
FS-009271,TI04,EXCLUDE_TITLE,TI04,Corm-3 is the stated intervention; no exercise context.
FS-009283,TI04,EXCLUDE_TITLE,TI02,Title names only a plant.
FS-009324,TI04,EXCLUDE_TITLE,TI04,ATP is the stated exposure; no exercise context.
FS-009352,TI04,EXCLUDE_TITLE,TI04,Ocean water exposure is the stated exposure.
FS-009356,TI04,ADVANCE_TO_ABSTRACT,,
FS-009370,TI04,EXCLUDE_TITLE,TI04,Ketamine is the stated intervention; no exercise context.
FS-009383,TI04,EXCLUDE_TITLE,TI04,Vitamin C is the stated intervention; no exercise context.
FS-009412,TI05,ADVANCE_TO_ABSTRACT,,
FS-009422,TI04,EXCLUDE_TITLE,TI04,Training refers to community health worker skills.
FS-009427,TI05,ADVANCE_TO_ABSTRACT,,
FS-009441,TI04,EXCLUDE_TITLE,TI04,Study follows the resolution phase of experimental colitis.
FS-009443,TI04,EXCLUDE_TITLE,TI04,Dexmedetomidine is the stated intervention; no exercise context.
FS-009444,TI04,EXCLUDE_TITLE,TI04,Melatonin is the stated intervention; no exercise context.
FS-009445,TI04,EXCLUDE_TITLE,TI04,Hot water immersion is the stated exposure.
FS-009449,TI05,ADVANCE_TO_ABSTRACT,,
FS-009470,TI04,EXCLUDE_TITLE,TI04,Ginkgo preparation is the stated intervention; no exercise context.
FS-009486,TI04,ADVANCE_TO_ABSTRACT,,
FS-009496,TI05,EXCLUDE_TITLE,TI01,Title explicitly includes a literature review.
FS-009513,TI04,EXCLUDE_TITLE,TI04,GHB administration is the stated exposure; no exercise context.
FS-009545,TI04,EXCLUDE_TITLE,TI04,Acute inflammation is the stated non-exercise exposure.
FS-009548,TI04,EXCLUDE_TITLE,TI04,Title studies chloroform-induced toxicity and a drug intervention.
FS-009555,TI04,EXCLUDE_TITLE,TI04,Xenon-containing liposome infusion is the intervention.
FS-009569,TI05,EXCLUDE_TITLE,TI04,Dipeptides are the stated intervention; no exercise context is named.
FS-009571,TI04,ADVANCE_TO_ABSTRACT,,
FS-009607,TI05,ADVANCE_TO_ABSTRACT,,
FS-009617,TI04,EXCLUDE_TITLE,TI04,An inflammatory insult is the stated exposure.
FS-009619,TI04,EXCLUDE_TITLE,TI04,Peanut challenge is the stated exposure.
FS-009637,TI04,EXCLUDE_TITLE,TI04,Drug and lipopolysaccharide injection are the stated exposures.
FS-009646,TI05,EXCLUDE_TITLE,TI05,Only lactate and insulin outcomes are named.
FS-009651,TI05,ADVANCE_TO_ABSTRACT,,
FS-009654,TI04,EXCLUDE_TITLE,TI04,"Race refers to a demographic category, not physical activity."
FS-009659,TI05,EXCLUDE_TITLE,TI05,Only hormonal outcomes are named.
FS-009666,TI04,EXCLUDE_TITLE,TI04,Lactate and β-hydroxybutyrate are studied as hepatitis treatments.
FS-009672,TI05,EXCLUDE_TITLE,TI05,Only physical endurance is named as an outcome.
FS-009684,TI04,ADVANCE_TO_ABSTRACT,,
FS-009688,TI05,EXCLUDE_TITLE,TI04,Cream and ultrasound are the stated interventions; no exercise context is named.
FS-009690,TI05,EXCLUDE_TITLE,TI05,Only sports performance is named as an outcome.
FS-009701,TI04,EXCLUDE_TITLE,TI04,Inhibition of endocannabinoid degradation is the stated intervention.
FS-009702,TI05,EXCLUDE_TITLE,TI05,Only exercise performance and fatigue are named as outcomes.
FS-009711,TI05,EXCLUDE_TITLE,TI05,Only strength and walking performance are named as outcomes.
FS-009731,TI04,ADVANCE_TO_ABSTRACT,,
FS-009738,TI05,ADVANCE_TO_ABSTRACT,,
FS-009739,TI04,EXCLUDE_TITLE,TI04,Settling legal judgments is the stated non-exercise action.
FS-009753,TI04,ADVANCE_TO_ABSTRACT,,
FS-009774,TI04,EXCLUDE_TITLE,TI04,Exendin-4 treatment is the stated exposure.
FS-009777,TI05,ADVANCE_TO_ABSTRACT,,
FS-009779,TI05,ADVANCE_TO_ABSTRACT,,
FS-009790,TI05,ADVANCE_TO_ABSTRACT,,
FS-009816,TI05,ADVANCE_TO_ABSTRACT,,
FS-009818,TI04,ADVANCE_TO_ABSTRACT,,
FS-009824,TI04,EXCLUDE_TITLE,TI04,Budesonide inhalation therapy is the stated exposure.
FS-009829,TI05,ADVANCE_TO_ABSTRACT,,
FS-009848,TI04,ADVANCE_TO_ABSTRACT,,
FS-009877,TI04,ADVANCE_TO_ABSTRACT,,
FS-009883,TI04,EXCLUDE_TITLE,TI04,β-Caryophyllene treatment is the stated exposure.
FS-009889,TI04,ADVANCE_TO_ABSTRACT,,
FS-009901,TI05,ADVANCE_TO_ABSTRACT,,
FS-009907,TI05,ADVANCE_TO_ABSTRACT,,
FS-009924,TI05,EXCLUDE_TITLE,TI05,Irisin concentration is the only named outcome.
FS-009945,TI04,EXCLUDE_TITLE,TI04,Smoke grenade inhalation is the stated exposure.
FS-009953,TI05,ADVANCE_TO_ABSTRACT,,
FS-009956,TI04,EXCLUDE_TITLE,TI04,Race is the stated non-exercise exposure.
FS-009963,TI04,ADVANCE_TO_ABSTRACT,,
FS-009969,TI04,EXCLUDE_TITLE,TI04,Cytotoxic damage is the stated non-exercise exposure.
FS-009995,TI05,ADVANCE_TO_ABSTRACT,,
FS-010003,TI05,ADVANCE_TO_ABSTRACT,,
FS-010008,TI04,EXCLUDE_TITLE,TI04,N-acetylcysteine is the stated exposure.
FS-010013,TI05,ADVANCE_TO_ABSTRACT,,
FS-010018,TI04,EXCLUDE_TITLE,TI04,Losartan and nimesulide are the stated interventions.
FS-010027,TI04,EXCLUDE_TITLE,TI04,Cilostazol is the stated treatment; no exercise context appears.
FS-010039,TI05,ADVANCE_TO_ABSTRACT,,
FS-010054,TI05,EXCLUDE_TITLE,TI05,Named outcomes are body weight and oxygen uptake.
FS-010063,TI05,ADVANCE_TO_ABSTRACT,,
FS-010068,TI05,EXCLUDE_TITLE,TI05,Only sports performance is named as an outcome.
FS-010093,TI05,ADVANCE_TO_ABSTRACT,,
FS-010108,TI05,ADVANCE_TO_ABSTRACT,,
FS-010111,TI04,EXCLUDE_TITLE,TI04,Carotid occlusion is the stated exposure; no exercise context appears.
FS-010120,TI04,EXCLUDE_TITLE,TI04,Statin therapy is the stated exposure; no exercise context appears.
FS-010124,TI04,EXCLUDE_TITLE,TI04,Bornyl acetate is the stated intervention; no exercise context appears.
FS-010125,TI05,EXCLUDE_TITLE,TI05,Only swim performance outcomes are named.
FS-010128,TI05,ADVANCE_TO_ABSTRACT,,
FS-010135,TI04,ADVANCE_TO_ABSTRACT,,
FS-010139,TI04,EXCLUDE_TITLE,TI04,MWCNT exposure induces the studied inflammation; no exercise context appears.
FS-010140,TI04,EXCLUDE_TITLE,TI04,Genipin and lipopolysaccharide are stated exposures; no exercise context appears.
FS-010143,TI04,ADVANCE_TO_ABSTRACT,,
FS-010151,TI04,ADVANCE_TO_ABSTRACT,,
FS-010155,TI04,EXCLUDE_TITLE,TI04,Acute mental stress is the stated exposure; no exercise context appears.
FS-010179,TI05,ADVANCE_TO_ABSTRACT,,
FS-010185,TI05,ADVANCE_TO_ABSTRACT,,
FS-010193,TI04,EXCLUDE_TITLE,TI04,"Race refers to patient demographics, with no physical exercise context."
FS-010207,TI04,EXCLUDE_TITLE,TI04,Early-life inflammation is the stated exposure; no exercise context appears.
FS-010215,TI04,ADVANCE_TO_ABSTRACT,,
FS-010221,TI05,ADVANCE_TO_ABSTRACT,,
FS-010223,TI05,ADVANCE_TO_ABSTRACT,,
FS-010243,TI04,EXCLUDE_TITLE,TI04,Weight cycling is the stated non-exercise exposure.
FS-010245,TI04,ADVANCE_TO_ABSTRACT,,
FS-010275,TI04,EXCLUDE_TITLE,TI04,Experimental atherogenesis is the stated disease process studied.
FS-010287,TI04,ADVANCE_TO_ABSTRACT,,
FS-010299,TI04,EXCLUDE_TITLE,TI04,Chemotherapy is the stated exposure.
FS-010303,TI04,ADVANCE_TO_ABSTRACT,,
FS-010310,TI04,EXCLUDE_TITLE,TI04,Stem-cell transplantation is the stated intervention.
FS-010312,TI05,ADVANCE_TO_ABSTRACT,,
FS-010325,TI04,EXCLUDE_TITLE,TI04,Environmental free radicals are the stated exposure.
FS-010327,TI04,ADVANCE_TO_ABSTRACT,,
FS-010333,TI04,ADVANCE_TO_ABSTRACT,,
FS-010337,TI05,ADVANCE_TO_ABSTRACT,,
FS-010346,TI04,ADVANCE_TO_ABSTRACT,,
FS-010365,TI04,EXCLUDE_TITLE,TI04,Nutritional strategies are the stated intervention.
FS-010379,TI04,EXCLUDE_TITLE,TI04,Aldosterone is the stated non-exercise exposure.
FS-010395,TI04,EXCLUDE_TITLE,TI04,Mite ingestion is the stated exposure.
FS-010397,TI05,ADVANCE_TO_ABSTRACT,,
FS-010405,TI04,EXCLUDE_TITLE,TI04,Blast injury is the stated exposure.
FS-010413,TI04,ADVANCE_TO_ABSTRACT,,
FS-010423,TI05,ADVANCE_TO_ABSTRACT,,
FS-010430,TI04,ADVANCE_TO_ABSTRACT,,
FS-010438,TI04,ADVANCE_TO_ABSTRACT,,
FS-010455,TI04,ADVANCE_TO_ABSTRACT,,
FS-010467,TI04,EXCLUDE_TITLE,TI04,Receptor antagonism is the stated intervention.
FS-010480,TI05,ADVANCE_TO_ABSTRACT,,
FS-010486,TI04,EXCLUDE_TITLE,TI04,Diesel exhaust exposure is the stated study exposure.
FS-010489,TI05,ADVANCE_TO_ABSTRACT,,
FS-010495,TI04,ADVANCE_TO_ABSTRACT,,
FS-010502,TI05,EXCLUDE_TITLE,TI05,The only named outcome is running performance.
FS-010506,TI04,ADVANCE_TO_ABSTRACT,,
FS-010515,TI05,ADVANCE_TO_ABSTRACT,,
FS-010517,TI05,EXCLUDE_TITLE,TI05,The only named outcome is urinary catecholamines.
FS-010529,TI05,EXCLUDE_TITLE,TI05,The only named outcome is exercise capacity.
FS-010531,TI05,ADVANCE_TO_ABSTRACT,,
FS-010538,TI04,EXCLUDE_TITLE,TI02,The title names only a plant-derived material.
FS-010541,TI04,EXCLUDE_TITLE,TI04,Interleukin-2 administration is the stated study exposure.
FS-010548,TI04,EXCLUDE_TITLE,TI04,The stated exposure is a meal.
FS-010557,TI05,ADVANCE_TO_ABSTRACT,,
FS-010559,TI05,ADVANCE_TO_ABSTRACT,,
FS-010567,TI05,EXCLUDE_TITLE,TI04,Vitamin C supplementation is the stated exposure; no exercise is named.
FS-010570,TI04,EXCLUDE_TITLE,TI04,Stress is the stated exposure; no exercise context is named.
FS-010582,TI05,ADVANCE_TO_ABSTRACT,,
FS-010595,TI05,EXCLUDE_TITLE,TI05,The named outcomes are mood and attention.
FS-010601,TI04,EXCLUDE_TITLE,TI04,Montelukast treatment is the stated study exposure.
FS-010603,TI04,EXCLUDE_TITLE,TI04,Sitagliptin treatment is the stated study exposure.
FS-010613,TI04,ADVANCE_TO_ABSTRACT,,
FS-010616,TI04,EXCLUDE_TITLE,TI04,HIV-1 Tat administration is the stated study exposure.
FS-010623,TI04,ADVANCE_TO_ABSTRACT,,
FS-010634,TI04,EXCLUDE_TITLE,TI04,The title studies restenosis after angioplasty.
FS-010646,TI05,ADVANCE_TO_ABSTRACT,,
FS-010647,TI05,ADVANCE_TO_ABSTRACT,,
FS-010648,TI04,EXCLUDE_TITLE,TI04,Supplementation is the stated non-exercise intervention.
FS-010651,TI04,ADVANCE_TO_ABSTRACT,,
FS-010659,TI04,EXCLUDE_TITLE,TI04,Reduced helminth burden is the stated non-exercise exposure.
FS-010665,TI05,ADVANCE_TO_ABSTRACT,,
FS-010673,TI04,EXCLUDE_TITLE,TI04,Asthma screening is the stated non-exercise intervention.
FS-010675,TI04,EXCLUDE_TITLE,TI04,Title concerns the natural history of asthma.
FS-010677,TI04,ADVANCE_TO_ABSTRACT,,
FS-010682,TI05,ADVANCE_TO_ABSTRACT,,
FS-010684,TI04,ADVANCE_TO_ABSTRACT,,
FS-010697,TI04,ADVANCE_TO_ABSTRACT,,
FS-010716,TI04,EXCLUDE_TITLE,TI02,Title names only wheat.
FS-010717,TI04,ADVANCE_TO_ABSTRACT,,
FS-010718,TI04,ADVANCE_TO_ABSTRACT,,
FS-010726,TI04,EXCLUDE_TITLE,TI04,Drug treatment is the stated intervention.
FS-010727,TI04,ADVANCE_TO_ABSTRACT,,
FS-010762,TI04,EXCLUDE_TITLE,TI04,Fatty acids are the stated non-exercise exposure.
FS-010765,TI05,ADVANCE_TO_ABSTRACT,,
FS-010773,TI04,ADVANCE_TO_ABSTRACT,,
FS-010777,TI04,ADVANCE_TO_ABSTRACT,,
FS-010778,TI04,EXCLUDE_TITLE,TI04,Calcium channel blockers are the stated intervention.
FS-010804,TI05,EXCLUDE_TITLE,TI05,Physical performance is the only named outcome.
FS-010812,TI04,EXCLUDE_TITLE,TI04,C-fiber activation is the stated non-exercise exposure.
FS-010813,TI05,EXCLUDE_TITLE,TI05,Muscle force-generating capacity is the only named outcome.
FS-010818,TI04,ADVANCE_TO_ABSTRACT,,
FS-010825,TI05,ADVANCE_TO_ABSTRACT,,
FS-010830,TI05,ADVANCE_TO_ABSTRACT,,
FS-010840,TI04,EXCLUDE_TITLE,TI04,Anti-inflammatory therapy is the study intervention; no exercise context.
FS-010850,TI05,ADVANCE_TO_ABSTRACT,,
FS-010851,TI05,ADVANCE_TO_ABSTRACT,,
FS-010866,TI04,EXCLUDE_TITLE,TI04,Intravenous drug administration is the study exposure; no exercise context.
FS-010882,TI05,ADVANCE_TO_ABSTRACT,,
FS-010889,TI04,ADVANCE_TO_ABSTRACT,,
FS-010900,TI05,ADVANCE_TO_ABSTRACT,,
FS-010901,TI04,EXCLUDE_TITLE,TI04,Intracerebroventricular IL-6 administration is the study exposure; no exercise context.
FS-010933,TI04,EXCLUDE_TITLE,TI04,"Race denotes a demographic factor, with no physical activity context."
FS-010943,TI05,ADVANCE_TO_ABSTRACT,,
FS-010950,TI05,ADVANCE_TO_ABSTRACT,,
FS-010953,TI05,ADVANCE_TO_ABSTRACT,,
FS-010960,TI04,EXCLUDE_TITLE,TI04,Amylin and calcitonin are the study interventions; no exercise context.
FS-010963,TI05,ADVANCE_TO_ABSTRACT,,
FS-010970,TI05,EXCLUDE_TITLE,TI04,Protein intake is the study exposure; no exercise context.
FS-010974,TI04,EXCLUDE_TITLE,TI04,Red light is the study exposure; no exercise context.
FS-010989,TI04,ADVANCE_TO_ABSTRACT,,
FS-010990,TI04,ADVANCE_TO_ABSTRACT,,
FS-010997,TI04,EXCLUDE_TITLE,TI04,Nicotine is the study exposure; no exercise context.
FS-011000,TI05,ADVANCE_TO_ABSTRACT,,
FS-011002,TI04,EXCLUDE_TITLE,TI04,"Staff training concerns workplace skills, with no physical activity context."
FS-011010,TI05,ADVANCE_TO_ABSTRACT,,
FS-011015,TI04,ADVANCE_TO_ABSTRACT,,
FS-011026,TI05,ADVANCE_TO_ABSTRACT,,
FS-011028,TI04,EXCLUDE_TITLE,TI04,Compares surgical anastomosis techniques.
FS-011035,TI04,EXCLUDE_TITLE,TI04,Morphine is the study exposure.
FS-011042,TI05,ADVANCE_TO_ABSTRACT,,
FS-011049,TI05,ADVANCE_TO_ABSTRACT,,
FS-011058,TI04,EXCLUDE_TITLE,TI04,Radionuclide therapy is the study exposure.
FS-011076,TI05,ADVANCE_TO_ABSTRACT,,
FS-011082,TI04,EXCLUDE_TITLE,TI04,Studies T cell responses during infection.
FS-011087,TI04,EXCLUDE_TITLE,TI04,Studies drug therapy following blood inoculation.
FS-011090,TI05,EXCLUDE_TITLE,TI05,Ergogenic properties concern performance only.
FS-011092,TI04,EXCLUDE_TITLE,TI04,Oscillatory fluid flow is the study exposure.
FS-011093,TI04,ADVANCE_TO_ABSTRACT,,
FS-011112,TI04,EXCLUDE_TITLE,TI04,Studies disease evolution; race refers to pathogen and host.
FS-011116,TI05,EXCLUDE_TITLE,TI04,Growth hormone treatment is the study exposure.
FS-011121,TI04,ADVANCE_TO_ABSTRACT,,
FS-011131,TI05,ADVANCE_TO_ABSTRACT,,
FS-011133,TI04,ADVANCE_TO_ABSTRACT,,
FS-011134,TI05,ADVANCE_TO_ABSTRACT,,
FS-011141,TI04,ADVANCE_TO_ABSTRACT,,
FS-011143,TI05,ADVANCE_TO_ABSTRACT,,
FS-011146,TI04,ADVANCE_TO_ABSTRACT,,
FS-011149,TI05,EXCLUDE_TITLE,TI05,Names only lung function and bronchoconstriction symptoms as outcomes.
FS-011157,TI05,EXCLUDE_TITLE,TI04,Electrical current is the study intervention.
FS-011160,TI04,ADVANCE_TO_ABSTRACT,,
FS-011170,TI04,EXCLUDE_TITLE,TI04,Pharmacotherapy is the stated topic.
FS-011173,TI04,EXCLUDE_TITLE,TI04,Estradiol valerate is the stated exposure.
FS-011176,TI04,EXCLUDE_TITLE,TI04,Antiretroviral therapy is the stated exposure.
FS-011181,TI04,ADVANCE_TO_ABSTRACT,,
FS-011187,TI05,ADVANCE_TO_ABSTRACT,,
FS-011190,TI04,ADVANCE_TO_ABSTRACT,,
FS-011192,TI04,EXCLUDE_TITLE,TI04,Viruses are the stated potential cause.
FS-011201,TI04,EXCLUDE_TITLE,TI04,Vaccination is the stated exposure.
FS-011203,TI04,ADVANCE_TO_ABSTRACT,,
FS-011211,TI04,EXCLUDE_TITLE,TI04,COX inhibitors are the stated exposure.
FS-011213,TI04,ADVANCE_TO_ABSTRACT,,
FS-011219,TI04,ADVANCE_TO_ABSTRACT,,
FS-011221,TI04,EXCLUDE_TITLE,TI03,Title names only children.
FS-011222,TI04,ADVANCE_TO_ABSTRACT,,
FS-011223,TI05,EXCLUDE_TITLE,TI03,Title specifies pediatric patients.
FS-011231,TI04,ADVANCE_TO_ABSTRACT,,
FS-011234,TI04,ADVANCE_TO_ABSTRACT,,
FS-011235,TI04,ADVANCE_TO_ABSTRACT,,
FS-011247,TI04,EXCLUDE_TITLE,TI03,Title specifies childhood.
FS-011248,TI04,EXCLUDE_TITLE,TI04,Training refers to fear conditioning.
FS-011253,TI05,EXCLUDE_TITLE,TI03,Title names only adolescents.
FS-011256,TI04,EXCLUDE_TITLE,TI04,Afferent blockade is the stated intervention.
FS-011257,TI04,EXCLUDE_TITLE,TI04,Intravenous montelukast is the stated intervention.
FS-011258,TI04,EXCLUDE_TITLE,TI04,Surgical pain interventions are the stated exposures.
FS-011270,TI05,EXCLUDE_TITLE,TI05,Exercise performance is the only named outcome.
FS-011272,TI04,EXCLUDE_TITLE,TI04,Chemotherapy is the stated exposure.
FS-011274,TI04,EXCLUDE_TITLE,TI04,Statins are the stated exposure; no exercise context.
FS-011276,TI05,ADVANCE_TO_ABSTRACT,,
FS-011277,TI04,EXCLUDE_TITLE,TI04,Iloprost is the stated exposure; no exercise context.
FS-011288,TI05,EXCLUDE_TITLE,TI04,Drug treatments are the stated exposures; no exercise context is named.
FS-011290,TI04,EXCLUDE_TITLE,TI04,Competition refers to ligands in a non-physical sense.
FS-011291,TI05,EXCLUDE_TITLE,TI05,The only named outcome is ability to perform strenuous activities.
FS-011310,TI05,ADVANCE_TO_ABSTRACT,,
FS-011311,TI05,ADVANCE_TO_ABSTRACT,,
FS-011318,TI04,EXCLUDE_TITLE,TI03,The title names only children.
FS-011325,TI04,ADVANCE_TO_ABSTRACT,,
FS-011330,TI04,EXCLUDE_TITLE,TI04,Allergen-specific immunotherapy is the stated exposure; no exercise context.
FS-011332,TI04,EXCLUDE_TITLE,TI03,The title names only 7-to-9-year-olds.
FS-011334,TI04,ADVANCE_TO_ABSTRACT,,
FS-011337,TI04,EXCLUDE_TITLE,TI04,Montelukast treatment is the stated topic; no exercise context.
FS-011339,TI05,EXCLUDE_TITLE,TI05,Performance is the only named outcome.
FS-011343,TI04,EXCLUDE_TITLE,TI04,Drug treatment is the stated topic; no exercise context.
FS-011344,TI04,ADVANCE_TO_ABSTRACT,,
FS-011345,TI04,ADVANCE_TO_ABSTRACT,,
FS-011353,TI04,EXCLUDE_TITLE,TI04,Lung instillation is the stated intervention; no exercise context.
FS-011370,TI04,EXCLUDE_TITLE,TI04,Ischemic preconditioning is a non-exercise exposure.
FS-011371,TI04,EXCLUDE_TITLE,TI02,The title names only a bacterial organism.
FS-011373,TI04,EXCLUDE_TITLE,TI04,Drug therapy is the stated topic; no exercise context.
FS-011382,TI04,ADVANCE_TO_ABSTRACT,,
FS-011385,TI04,ADVANCE_TO_ABSTRACT,,
FS-011386,TI05,EXCLUDE_TITLE,TI03,The title names only children.
FS-011389,TI05,EXCLUDE_TITLE,TI03,Title names children only.
FS-011395,TI05,EXCLUDE_TITLE,TI05,Aerobic performance is the only named outcome.
FS-011399,TI04,EXCLUDE_TITLE,TI04,Drug conditioning is the stated exposure.
FS-011406,TI04,EXCLUDE_TITLE,TI04,Title concerns asthma drug treatment.
FS-011408,TI04,EXCLUDE_TITLE,TI02,Title names only plants.
FS-011426,TI05,ADVANCE_TO_ABSTRACT,,
FS-011428,TI04,EXCLUDE_TITLE,TI04,Ozone is the stated exposure.
FS-011429,TI04,EXCLUDE_TITLE,TI04,Title concerns drug pharmacokinetics.
FS-011430,TI04,ADVANCE_TO_ABSTRACT,,
FS-011437,TI04,EXCLUDE_TITLE,TI04,Nebulized saline is the stated intervention.
FS-011441,TI04,ADVANCE_TO_ABSTRACT,,
FS-011450,TI04,ADVANCE_TO_ABSTRACT,,
FS-011451,TI04,ADVANCE_TO_ABSTRACT,,
FS-011457,TI04,EXCLUDE_TITLE,TI04,Filgrastim administration is the stated exposure.
FS-011462,TI04,ADVANCE_TO_ABSTRACT,,
FS-011463,TI04,EXCLUDE_TITLE,TI04,Title concerns drugs for asthma management.
FS-011464,TI05,EXCLUDE_TITLE,TI05,Only creatine kinase and perceived soreness are named as outcomes.
FS-011468,TI04,ADVANCE_TO_ABSTRACT,,
FS-011473,TI04,EXCLUDE_TITLE,TI04,Leukotriene-modifying drugs are the stated exposure.
FS-011478,TI04,EXCLUDE_TITLE,TI04,Title concerns asthma treatment.
FS-011480,TI05,EXCLUDE_TITLE,TI04,Creatine supplementation is the stated intervention.
FS-011482,TI04,EXCLUDE_TITLE,TI04,Title concerns drugs for asthma.
FS-011483,TI04,ADVANCE_TO_ABSTRACT,,
FS-011489,TI04,EXCLUDE_TITLE,TI04,Aluminium dust is the stated occupational exposure.
FS-011498,TI04,ADVANCE_TO_ABSTRACT,,
FS-011505,TI04,ADVANCE_TO_ABSTRACT,,
FS-011509,TI04,EXCLUDE_TITLE,TI04,Drug exposure is studied without exercise context.
FS-011512,TI04,EXCLUDE_TITLE,TI04,Changes during experimental pancreatitis are studied without exercise context.
FS-011521,TI04,ADVANCE_TO_ABSTRACT,,
FS-011526,TI05,ADVANCE_TO_ABSTRACT,,
FS-011529,TI04,EXCLUDE_TITLE,TI04,Surgical technique is the topic without exercise context.
FS-011534,TI04,ADVANCE_TO_ABSTRACT,,
FS-011537,TI05,ADVANCE_TO_ABSTRACT,,
FS-011538,TI05,ADVANCE_TO_ABSTRACT,,
FS-011542,TI04,ADVANCE_TO_ABSTRACT,,
FS-011551,TI04,EXCLUDE_TITLE,TI04,Ambient particle exposure is studied without exercise context.
FS-011553,TI05,ADVANCE_TO_ABSTRACT,,
FS-011555,TI04,EXCLUDE_TITLE,TI04,Corticosteroid sensitivity is studied without exercise context.
FS-011558,TI05,ADVANCE_TO_ABSTRACT,,
FS-011568,TI04,EXCLUDE_TITLE,TI04,Nitrogen dioxide exposure is studied without exercise context.
FS-011578,TI04,EXCLUDE_TITLE,TI04,Drug therapy is the topic without exercise context.
FS-011582,TI05,EXCLUDE_TITLE,TI05,Named outcomes are strength and lean body mass only.
FS-011583,TI04,EXCLUDE_TITLE,TI04,Meditation is the intervention without exercise context.
FS-011587,TI04,ADVANCE_TO_ABSTRACT,,
FS-011589,TI04,EXCLUDE_TITLE,TI04,Drug treatment is the topic without exercise context.
FS-011595,TI04,ADVANCE_TO_ABSTRACT,,
FS-011603,TI04,EXCLUDE_TITLE,TI04,Low-temperature work is the exposure without exercise context.
FS-011604,TI04,EXCLUDE_TITLE,TI04,Pollution exposure is the topic without exercise context.
FS-011605,TI04,EXCLUDE_TITLE,TI04,Ozone exposure is studied without exercise context.
FS-011606,TI05,ADVANCE_TO_ABSTRACT,,
FS-011608,TI04,ADVANCE_TO_ABSTRACT,,
FS-011616,TI04,EXCLUDE_TITLE,TI04,Compares non-exercise therapies.
FS-011621,TI05,ADVANCE_TO_ABSTRACT,,
FS-011624,TI04,EXCLUDE_TITLE,TI04,Medication is the stated intervention; no exercise context is named.
FS-011626,TI04,ADVANCE_TO_ABSTRACT,,
FS-011628,TI04,EXCLUDE_TITLE,TI04,Nitric acid exposure is the stated study exposure.
FS-011631,TI04,ADVANCE_TO_ABSTRACT,,
FS-011636,TI04,EXCLUDE_TITLE,TI04,β-Endorphin is the stated intervention; no exercise context is named.
FS-011639,TI04,ADVANCE_TO_ABSTRACT,,
FS-011644,TI04,ADVANCE_TO_ABSTRACT,,
FS-011645,TI04,ADVANCE_TO_ABSTRACT,,
FS-011649,TI05,ADVANCE_TO_ABSTRACT,,
FS-011653,TI05,ADVANCE_TO_ABSTRACT,,
FS-011665,TI04,EXCLUDE_TITLE,TI04,Drug tolerability is the stated topic; no exercise context is named.
FS-011667,TI04,ADVANCE_TO_ABSTRACT,,
FS-011675,TI04,EXCLUDE_TITLE,TI04,Burn injury is the stated non-exercise exposure.
FS-011678,TI04,ADVANCE_TO_ABSTRACT,,
FS-011681,TI04,EXCLUDE_TITLE,TI04,Pentoxifylline is the stated intervention; no exercise context is named.
FS-011682,TI04,EXCLUDE_TITLE,TI04,A drug mimetic is the stated intervention; no exercise context is named.
FS-011683,TI04,ADVANCE_TO_ABSTRACT,,
FS-011684,TI05,EXCLUDE_TITLE,TI05,The only named outcome is corticosterone response.
FS-011686,TI05,ADVANCE_TO_ABSTRACT,,
FS-011693,TI04,EXCLUDE_TITLE,TI04,Drug therapy is the stated topic; no exercise context is named.
FS-011694,TI04,EXCLUDE_TITLE,TI02,Title names only a plant pathogen and soybean.
FS-011696,TI04,ADVANCE_TO_ABSTRACT,,
FS-011699,TI04,ADVANCE_TO_ABSTRACT,,
FS-011704,TI05,EXCLUDE_TITLE,TI05,Exercise capacity is the only named outcome.
FS-011705,TI05,ADVANCE_TO_ABSTRACT,,
FS-011715,TI04,ADVANCE_TO_ABSTRACT,,
FS-011719,TI05,ADVANCE_TO_ABSTRACT,,
FS-011720,TI05,ADVANCE_TO_ABSTRACT,,
FS-011726,TI04,ADVANCE_TO_ABSTRACT,,
FS-011728,TI04,ADVANCE_TO_ABSTRACT,,
FS-011733,TI04,EXCLUDE_TITLE,TI04,Title studies antihistamines without exercise context.
FS-011739,TI04,EXCLUDE_TITLE,TI04,Cryotherapy is the named intervention; no exercise context appears.
FS-011743,TI04,EXCLUDE_TITLE,TI04,Title evaluates a drug carrier without exercise context.
FS-011746,TI04,EXCLUDE_TITLE,TI04,Gonadectomy and hormone therapy are the named interventions.
FS-011747,TI04,EXCLUDE_TITLE,TI04,Skin irritant and tumor promoter are the named exposures.
FS-011752,TI04,ADVANCE_TO_ABSTRACT,,
FS-011754,TI04,ADVANCE_TO_ABSTRACT,,
FS-011755,TI04,EXCLUDE_TITLE,TI04,UV exposure is studied without exercise context.
FS-011761,TI04,ADVANCE_TO_ABSTRACT,,
FS-011762,TI04,ADVANCE_TO_ABSTRACT,,
FS-011768,TI04,ADVANCE_TO_ABSTRACT,,
FS-011776,TI04,ADVANCE_TO_ABSTRACT,,
FS-011779,TI04,ADVANCE_TO_ABSTRACT,,
FS-011784,TI04,ADVANCE_TO_ABSTRACT,,
FS-011785,TI04,ADVANCE_TO_ABSTRACT,,
FS-011792,TI04,EXCLUDE_TITLE,TI04,Pollution is the named exposure; no exercise context appears.
FS-011797,TI04,ADVANCE_TO_ABSTRACT,,
FS-011799,TI04,ADVANCE_TO_ABSTRACT,,
FS-011802,TI05,ADVANCE_TO_ABSTRACT,,
FS-011805,TI05,ADVANCE_TO_ABSTRACT,,
FS-011808,TI04,EXCLUDE_TITLE,TI04,Phencyclidine is the stated exposure; no exercise context.
FS-011811,TI05,ADVANCE_TO_ABSTRACT,,
FS-011812,TI04,ADVANCE_TO_ABSTRACT,,
FS-011814,TI04,EXCLUDE_TITLE,TI04,"Race refers to a demographic factor, with no exercise context."
FS-011816,TI05,ADVANCE_TO_ABSTRACT,,
FS-011822,TI04,EXCLUDE_TITLE,TI04,Anticatabolic agents are the stated topic; no exercise context.
FS-011823,TI04,EXCLUDE_TITLE,TI04,Tryptophan ingestion is the stated exposure; no exercise context.
FS-011829,TI05,ADVANCE_TO_ABSTRACT,,
FS-011832,TI04,ADVANCE_TO_ABSTRACT,,
FS-011835,TI04,ADVANCE_TO_ABSTRACT,,
FS-011837,TI04,ADVANCE_TO_ABSTRACT,,
FS-011841,TI05,ADVANCE_TO_ABSTRACT,,
FS-011843,TI04,EXCLUDE_TITLE,TI04,Therapy is the stated exposure; no exercise context.
FS-011844,TI05,ADVANCE_TO_ABSTRACT,,
FS-011850,TI04,ADVANCE_TO_ABSTRACT,,
FS-011854,TI04,EXCLUDE_TITLE,TI04,Calcium antagonists are the stated topic; no exercise context.
FS-011855,TI04,ADVANCE_TO_ABSTRACT,,
FS-011857,TI04,EXCLUDE_TITLE,TI04,Salbutamol efficacy is the stated topic; no exercise context.
FS-011858,TI04,EXCLUDE_TITLE,TI04,Interferon therapy is the stated exposure; no exercise context.
FS-011861,TI04,EXCLUDE_TITLE,TI04,Sulfur dioxide inhalation is the stated exposure; no exercise context.
FS-011862,TI05,ADVANCE_TO_ABSTRACT,,
FS-011863,TI04,EXCLUDE_TITLE,TI04,Intravenous cefsulodin is the stated intervention; no exercise context.
FS-011865,TI04,EXCLUDE_TITLE,TI04,Pituitary surgery is the study exposure.
FS-011866,TI04,ADVANCE_TO_ABSTRACT,,
FS-011867,TI04,EXCLUDE_TITLE,TI04,Title studies drug-induced cytotoxicity.
FS-011871,TI04,EXCLUDE_TITLE,TI04,Calcium antagonists are the study exposure.
FS-011874,TI04,EXCLUDE_TITLE,TI02,Title names only a dinoflagellate.
FS-011877,TI04,EXCLUDE_TITLE,TI04,Title studies a drug.
FS-011892,TI04,ADVANCE_TO_ABSTRACT,,
FS-011894,TI05,ADVANCE_TO_ABSTRACT,,
FS-011896,TI04,ADVANCE_TO_ABSTRACT,,
FS-011897,TI04,ADVANCE_TO_ABSTRACT,,
FS-011902,TI04,ADVANCE_TO_ABSTRACT,,
FS-011907,TI04,ADVANCE_TO_ABSTRACT,,
FS-011910,TI04,EXCLUDE_TITLE,TI04,Radiation and drugs are the study exposures.
FS-011915,TI04,ADVANCE_TO_ABSTRACT,,
FS-011918,TI04,ADVANCE_TO_ABSTRACT,,
FS-011922,TI04,ADVANCE_TO_ABSTRACT,,
FS-011924,TI04,ADVANCE_TO_ABSTRACT,,
FS-011929,TI04,ADVANCE_TO_ABSTRACT,,
FS-011930,TI04,ADVANCE_TO_ABSTRACT,,
FS-011946,TI04,EXCLUDE_TITLE,TI04,Ascorbic acid is the study exposure.
FS-011950,TI04,ADVANCE_TO_ABSTRACT,,
FS-011951,TI04,EXCLUDE_TITLE,TI04,Conditional training with a drug is non-physical.
FS-011953,TI04,EXCLUDE_TITLE,TI04,Title studies drug poisoning.
FS-011954,TI04,EXCLUDE_TITLE,TI04,Chemical exposure is the study exposure.
FS-011956,TI04,EXCLUDE_TITLE,TI04,Aceclofenac treatment is the study exposure.
FS-011957,TI04,EXCLUDE_TITLE,TI04,Pharmacological inhibitor is the study exposure.
FS-011964,TI04,EXCLUDE_TITLE,TI04,Anti-mitotic drug is the study exposure.
FS-011965,TI04,EXCLUDE_TITLE,TI04,Cytosine arabinoside is the study exposure.
FS-011969,TI04,EXCLUDE_TITLE,TI04,Adenosine use and treatment are the stated topics.
FS-011983,TI04,EXCLUDE_TITLE,TI04,Oxidant exposure is stated.
FS-011984,TI05,ADVANCE_TO_ABSTRACT,,
FS-011986,TI04,EXCLUDE_TITLE,TI04,Poliomyelitis incubation is the disease course studied.
FS-011987,TI04,ADVANCE_TO_ABSTRACT,,
FS-011991,TI05,ADVANCE_TO_ABSTRACT,,
FS-011998,TI05,ADVANCE_TO_ABSTRACT,,
FS-012002,TI04,ADVANCE_TO_ABSTRACT,,
FS-012004,TI05,ADVANCE_TO_ABSTRACT,,
FS-012007,TI04,ADVANCE_TO_ABSTRACT,,
FS-012009,TI04,EXCLUDE_TITLE,TI04,Drug treatments are the trial interventions.
FS-012010,TI04,EXCLUDE_TITLE,TI04,Intranasal corticosteroid is the study intervention.
FS-012011,TI04,ADVANCE_TO_ABSTRACT,,
FS-012012,TI04,ADVANCE_TO_ABSTRACT,,
FS-012015,TI05,ADVANCE_TO_ABSTRACT,,
FS-012016,TI04,ADVANCE_TO_ABSTRACT,,
FS-012020,TI04,ADVANCE_TO_ABSTRACT,,
FS-012029,TI04,EXCLUDE_TITLE,TI04,Vincristine infusion is the study exposure.
FS-012030,TI04,ADVANCE_TO_ABSTRACT,,
FS-012032,TI04,ADVANCE_TO_ABSTRACT,,
FS-012034,TI04,EXCLUDE_TITLE,TI04,Microwave exposure is stated.
FS-012042,TI04,ADVANCE_TO_ABSTRACT,,
FS-012044,TI04,EXCLUDE_TITLE,TI04,Mustard gas poisoning is the named exposure.
FS-012046,TI04,ADVANCE_TO_ABSTRACT,,
FS-012056,TI05,ADVANCE_TO_ABSTRACT,,
FS-012061,TI04,EXCLUDE_TITLE,TI04,Title studies a drug's mode of action.
FS-012064,TI05,ADVANCE_TO_ABSTRACT,,
FS-012065,TI04,ADVANCE_TO_ABSTRACT,,
FS-012070,TI04,EXCLUDE_TITLE,TI04,Trypsin-induced modification is the named exposure.
FS-012071,TI04,EXCLUDE_TITLE,TI02,Title names only an animal organism.
FS-012072,TI04,ADVANCE_TO_ABSTRACT,,
FS-012073,TI04,ADVANCE_TO_ABSTRACT,,
FS-012074,TI05,ADVANCE_TO_ABSTRACT,,
FS-012075,TI04,EXCLUDE_TITLE,TI04,Phytohemagglutinin stimulation is the named exposure.
FS-012076,TI05,ADVANCE_TO_ABSTRACT,,
FS-012077,TI04,ADVANCE_TO_ABSTRACT,,
FS-012081,TI04,ADVANCE_TO_ABSTRACT,,
FS-012082,TI04,ADVANCE_TO_ABSTRACT,,
FS-012083,TI04,ADVANCE_TO_ABSTRACT,,
FS-012086,TI04,EXCLUDE_TITLE,TI04,Title names coronary bypass surgery as the studied intervention.
FS-012090,TI04,EXCLUDE_TITLE,TI04,Anaesthesia is the named exposure.
FS-012091,TI04,ADVANCE_TO_ABSTRACT,,
FS-012096,TI04,EXCLUDE_TITLE,TI04,Nephrectomy is the named intervention.
FS-012099,TI04,EXCLUDE_TITLE,TI04,CAR-T cell manufacturing and optimization are the named interventions.
FS-012100,TI04,EXCLUDE_TITLE,TI04,Remote ischemic preconditioning is the named intervention.
FS-012102,TI04,EXCLUDE_TITLE,TI04,Ranolazine is the named drug exposure.
FS-012103,TI04,EXCLUDE_TITLE,TI04,LPS stimulation is the named exposure.
FS-012104,TI04,EXCLUDE_TITLE,TI04,Photon radiation is the stated exposure.
FS-012106,TI04,EXCLUDE_TITLE,TI04,Radiotherapy and drug therapy are the stated exposures.
FS-012108,TI04,ADVANCE_TO_ABSTRACT,,
FS-012109,TI04,ADVANCE_TO_ABSTRACT,,
FS-012110,TI04,EXCLUDE_TITLE,TI04,Venetoclax is the stated intervention.
FS-012112,TI04,ADVANCE_TO_ABSTRACT,,
FS-012113,TI04,EXCLUDE_TITLE,TI04,Drug desensitization is the stated intervention.
FS-012114,TI04,EXCLUDE_TITLE,TI04,Immune checkpoint blockade is the stated intervention.
FS-012119,TI04,EXCLUDE_TITLE,TI04,T cell activation is the stated non-exercise exposure.
FS-012123,TI04,EXCLUDE_TITLE,TI04,Ischemic postconditioning is the stated intervention.
FS-012124,TI04,EXCLUDE_TITLE,TI04,Irradiation is the stated exposure.
FS-012126,TI04,EXCLUDE_TITLE,TI04,Radiation is the stated exposure.
FS-012128,TI05,ADVANCE_TO_ABSTRACT,,
FS-012129,TI04,EXCLUDE_TITLE,TI01,Title states literature review.
FS-012130,TI04,EXCLUDE_TITLE,TI04,Drug treatment is the stated exposure.
FS-012132,TI04,EXCLUDE_TITLE,TI04,Natural killer-cell therapy is the stated intervention.
FS-012133,TI04,EXCLUDE_TITLE,TI04,Lipopolysaccharide injection is the stated exposure.
FS-012134,TI04,EXCLUDE_TITLE,TI04,Growth hormone variant is the stated exposure.
FS-012135,TI04,EXCLUDE_TITLE,TI04,Drug prophylaxis is the stated intervention.
FS-012136,TI04,EXCLUDE_TITLE,TI04,Title studies changes over time during experimental stroke.
FS-012137,TI04,ADVANCE_TO_ABSTRACT,,
FS-012140,TI04,ADVANCE_TO_ABSTRACT,,
FS-012144,TI04,ADVANCE_TO_ABSTRACT,,
FS-012146,TI04,EXCLUDE_TITLE,TI04,Interleukin-12 is the stated non-exercise exposure.
FS-012147,TI04,ADVANCE_TO_ABSTRACT,,
FS-012148,TI04,EXCLUDE_TITLE,TI04,Environmental exposures are the stated study exposure.
FS-012149,TI04,EXCLUDE_TITLE,TI04,Food immunotherapy is the stated intervention.
FS-012150,TI04,EXCLUDE_TITLE,TI04,Radionuclide therapy is the stated intervention.
FS-012152,TI04,ADVANCE_TO_ABSTRACT,,
FS-012153,TI04,EXCLUDE_TITLE,TI04,Chemotherapy is the stated exposure.
FS-012154,TI04,EXCLUDE_TITLE,TI04,Surgical ischemic preconditioning is the stated intervention.
FS-012158,TI04,EXCLUDE_TITLE,TI04,Immunotherapy is the stated treatment.
FS-012159,TI04,ADVANCE_TO_ABSTRACT,,
FS-012160,TI04,EXCLUDE_TITLE,TI04,L-asparaginase treatment is the stated exposure.
FS-012164,TI04,ADVANCE_TO_ABSTRACT,,
FS-012166,TI04,EXCLUDE_TITLE,TI04,Drug treatments are the stated interventions.
FS-012168,TI04,ADVANCE_TO_ABSTRACT,,
FS-012169,TI04,EXCLUDE_TITLE,TI04,Combined immunotherapy is the stated intervention.
FS-012172,TI04,EXCLUDE_TITLE,TI04,Blood purification is the stated intervention.
FS-012174,TI04,EXCLUDE_TITLE,TI04,Lipopolysaccharide is the stated exposure.
FS-012181,TI04,EXCLUDE_TITLE,TI04,Doxorubicin chemotherapy is the stated exposure.
FS-012185,TI04,EXCLUDE_TITLE,TI04,Oxaliplatin is the stated exposure.
FS-012186,TI04,EXCLUDE_TITLE,TI04,Stem cell transplantation is the stated intervention.
FS-012190,TI04,EXCLUDE_TITLE,TI04,Oestradiol is the stated exposure.
FS-012192,TI04,ADVANCE_TO_ABSTRACT,,
FS-012193,TI04,EXCLUDE_TITLE,TI04,Cardiac bypass is the stated intervention.
FS-012194,TI04,EXCLUDE_TITLE,TI04,Antibody treatment is the stated exposure.
FS-012200,TI04,EXCLUDE_TITLE,TI04,Ischemic conditioning is the stated intervention.
FS-012201,TI04,EXCLUDE_TITLE,TI04,Immunoglobulin infusion is the stated exposure.
FS-012205,TI05,ADVANCE_TO_ABSTRACT,,
FS-012206,TI04,EXCLUDE_TITLE,TI04,Drug trial is the stated exposure.
FS-012207,TI05,ADVANCE_TO_ABSTRACT,,
FS-012211,TI04,EXCLUDE_TITLE,TI04,Experimental myocardial infarction is the stated exposure.
FS-012212,TI04,ADVANCE_TO_ABSTRACT,,
FS-012213,TI04,EXCLUDE_TITLE,TI04,Bacterial colonization is the stated exposure.
FS-012215,TI04,EXCLUDE_TITLE,TI04,Ischemic postconditioning is the stated intervention.
FS-012218,TI04,EXCLUDE_TITLE,TI04,Immune checkpoint inhibitor therapy is the stated exposure.
FS-012219,TI04,EXCLUDE_TITLE,TI04,HIV infection is the stated exposure.
FS-012220,TI04,ADVANCE_TO_ABSTRACT,,
FS-012221,TI05,ADVANCE_TO_ABSTRACT,,
FS-012222,TI04,EXCLUDE_TITLE,TI04,Immunotherapy is the stated exposure.
FS-012224,TI05,ADVANCE_TO_ABSTRACT,,
FS-012225,TI04,EXCLUDE_TITLE,TI04,Cold stress is the stated exposure.
FS-012226,TI04,ADVANCE_TO_ABSTRACT,,
FS-012227,TI04,EXCLUDE_TITLE,TI01,Title states a review of literature.
FS-012231,TI04,EXCLUDE_TITLE,TI04,Chemotherapy and checkpoint blockade are the stated interventions.
FS-012233,TI04,EXCLUDE_TITLE,TI04,Freeze-thaw cycles and storage are the stated exposures.
FS-012235,TI04,EXCLUDE_TITLE,TI04,Brain injury is the stated exposure.
FS-012236,TI04,EXCLUDE_TITLE,TI04,Etanercept treatment is the stated intervention.
FS-012237,TI04,EXCLUDE_TITLE,TI04,Infection stages are the stated exposure.
FS-012243,TI04,EXCLUDE_TITLE,TI04,Drug treatment is the stated exposure.
FS-012244,TI04,EXCLUDE_TITLE,TI04,Immunotherapy is the stated intervention.
FS-012247,TI05,ADVANCE_TO_ABSTRACT,,
FS-012248,TI04,EXCLUDE_TITLE,TI04,Doxorubicin treatment is the stated exposure.
FS-012250,TI04,ADVANCE_TO_ABSTRACT,,
FS-012251,TI04,EXCLUDE_TITLE,TI04,Everolimus administration is the study exposure.
FS-012252,TI04,ADVANCE_TO_ABSTRACT,,
FS-012253,TI04,EXCLUDE_TITLE,TI04,Preoperative carbohydrate is the study intervention.
FS-012255,TI04,ADVANCE_TO_ABSTRACT,,
FS-012259,TI04,EXCLUDE_TITLE,TI04,Dengue infection is the study exposure.
FS-012261,TI04,EXCLUDE_TITLE,TI04,Aging and kidney disease progression are the study topics.
FS-012264,TI04,EXCLUDE_TITLE,TI04,Docetaxel delivery is the treatment studied.
FS-012267,TI04,EXCLUDE_TITLE,TI04,Cancer therapy is the study context.
FS-012269,TI04,EXCLUDE_TITLE,TI04,Ischaemic preconditioning and endotoxaemia are the study exposures.
FS-012270,TI04,EXCLUDE_TITLE,TI04,Concussion is the stated non-exercise event.
FS-012272,TI04,EXCLUDE_TITLE,TI04,Diet is the study exposure.
FS-012273,TI04,EXCLUDE_TITLE,TI04,Lymphoma treatment is the study topic.
FS-012277,TI04,EXCLUDE_TITLE,TI02,Title names only a bacterial organism.
FS-012280,TI04,ADVANCE_TO_ABSTRACT,,
FS-012288,TI04,ADVANCE_TO_ABSTRACT,,
FS-012290,TI04,EXCLUDE_TITLE,TI04,Drug treatment after chemotherapy is the study intervention.
FS-012291,TI04,EXCLUDE_TITLE,TI04,Drug pharmacokinetics are the study topic.
FS-012292,TI04,EXCLUDE_TITLE,TI04,A drug inhibitor is the study intervention.
FS-012293,TI04,ADVANCE_TO_ABSTRACT,,
FS-012295,TI04,EXCLUDE_TITLE,TI04,Postoperative response names surgery as the study exposure.
FS-012297,TI04,ADVANCE_TO_ABSTRACT,,
FS-012300,TI04,EXCLUDE_TITLE,TI04,Drug inhibitors are the study interventions.
FS-012301,TI04,EXCLUDE_TITLE,TI04,Ischemic preconditioning is the study intervention.
FS-012303,TI04,EXCLUDE_TITLE,TI04,Vaginal gel exposure is the study exposure.
FS-012304,TI04,EXCLUDE_TITLE,TI04,Obinutuzumab treatment is the study exposure.
FS-012307,TI04,ADVANCE_TO_ABSTRACT,,
FS-012311,TI05,ADVANCE_TO_ABSTRACT,,
FS-012313,TI04,ADVANCE_TO_ABSTRACT,,
FS-012314,TI04,EXCLUDE_TITLE,TI04,Electro-hyperthermia is the stated intervention.
FS-012315,TI04,EXCLUDE_TITLE,TI04,Meal is the stated exposure.
FS-012317,TI04,EXCLUDE_TITLE,TI04,Bone morphogenetic protein 2 is the stated intervention.
FS-012318,TI04,EXCLUDE_TITLE,TI04,Gene ablation is the stated intervention.
FS-012319,TI04,EXCLUDE_TITLE,TI04,Stevia and stevioside are the stated interventions.
FS-012320,TI04,EXCLUDE_TITLE,TI04,Antibody treatment is the stated intervention.
FS-012323,TI04,EXCLUDE_TITLE,TI04,Stem cell transplantation is the stated intervention.
FS-012324,TI04,EXCLUDE_TITLE,TI04,Microwave exposure is stated.
FS-012326,TI05,ADVANCE_TO_ABSTRACT,,
FS-012330,TI04,EXCLUDE_TITLE,TI04,Vaccine administration is the stated intervention.
FS-012337,TI04,EXCLUDE_TITLE,TI04,Carvacrol is the stated intervention.
FS-012338,TI04,ADVANCE_TO_ABSTRACT,,
FS-012339,TI04,EXCLUDE_TITLE,TI04,Drug dose escalation is the stated intervention.
FS-012344,TI04,EXCLUDE_TITLE,TI04,Cryopreservation is the stated exposure.
FS-012347,TI04,ADVANCE_TO_ABSTRACT,,
FS-012351,TI04,EXCLUDE_TITLE,TI04,Romidepsin treatment is the stated exposure.
FS-012352,TI04,EXCLUDE_TITLE,TI04,Drug administration is the stated intervention.
FS-012353,TI05,EXCLUDE_TITLE,TI05,Performance is the only named outcome.
FS-012356,TI04,EXCLUDE_TITLE,TI04,Ischemic preconditioning is the stated intervention.
FS-012357,TI05,EXCLUDE_TITLE,TI05,Exercise tolerance is the only named outcome.
FS-012364,TI05,ADVANCE_TO_ABSTRACT,,
FS-012365,TI04,EXCLUDE_TITLE,TI04,Vaccine administration is the stated intervention.
FS-012368,TI04,EXCLUDE_TITLE,TI04,Drug treatment is the study exposure.
FS-012370,TI04,EXCLUDE_TITLE,TI04,Bortezomib treatment is the study exposure.
FS-012376,TI04,ADVANCE_TO_ABSTRACT,,
FS-012378,TI04,EXCLUDE_TITLE,TI04,Interleukin-2 treatment is the study exposure.
FS-012379,TI04,ADVANCE_TO_ABSTRACT,,
FS-012380,TI04,ADVANCE_TO_ABSTRACT,,
FS-012384,TI04,EXCLUDE_TITLE,TI04,Ischemic preconditioning during surgery is the study intervention.
FS-012388,TI04,EXCLUDE_TITLE,TI04,Raltegravir dosing is the study exposure.
FS-012389,TI04,EXCLUDE_TITLE,TI04,Plant extract is the study intervention.
FS-012393,TI04,EXCLUDE_TITLE,TI04,Virus inoculation is the study exposure.
FS-012394,TI04,ADVANCE_TO_ABSTRACT,,
FS-012396,TI04,ADVANCE_TO_ABSTRACT,,
FS-012398,TI04,EXCLUDE_TITLE,TI04,Etoposide is the study exposure.
FS-012401,TI04,EXCLUDE_TITLE,TI04,Viral infection is the study exposure.
FS-012404,TI04,EXCLUDE_TITLE,TI04,Vasopressin is the study intervention.
FS-012405,TI04,EXCLUDE_TITLE,TI04,Drug combination is the study intervention.
FS-012407,TI04,EXCLUDE_TITLE,TI04,Glucosylceramide is the study exposure.
FS-012409,TI04,ADVANCE_TO_ABSTRACT,,
FS-012410,TI04,ADVANCE_TO_ABSTRACT,,
FS-012411,TI04,ADVANCE_TO_ABSTRACT,,
FS-012418,TI04,EXCLUDE_TITLE,TI04,Antigen receptor activation is the study exposure.
FS-012420,TI04,EXCLUDE_TITLE,TI04,Immunochemotherapy is the study intervention.
FS-012422,TI04,EXCLUDE_TITLE,TI04,Drug combination is the study intervention.
FS-012423,TI04,EXCLUDE_TITLE,TI04,Targeted treatment is the study intervention.
FS-012424,TI04,EXCLUDE_TITLE,TI04,Increased gravitational acceleration is the study exposure.
FS-012426,TI04,EXCLUDE_TITLE,TI04,TCDD treatment is the study exposure.
FS-012429,TI04,ADVANCE_TO_ABSTRACT,,
FS-012434,TI04,EXCLUDE_TITLE,TI04,Drug treatment is the study exposure.
FS-012437,TI04,EXCLUDE_TITLE,TI04,Lentiviral vector induction is the study intervention.
FS-012438,TI04,EXCLUDE_TITLE,TI04,Inositol treatment is the study exposure.
FS-012445,TI04,EXCLUDE_TITLE,TI04,Drug treatment is the study exposure.
FS-012450,TI04,EXCLUDE_TITLE,TI04,Checkpoint kinase knockdown is the study intervention.
FS-012451,TI04,EXCLUDE_TITLE,TI02,Title names only a plant organism.
FS-012455,TI05,EXCLUDE_TITLE,TI05,Title concerns six-minute walk performance.
FS-012462,TI04,ADVANCE_TO_ABSTRACT,,
FS-012464,TI04,EXCLUDE_TITLE,TI04,Nanomedicine treatment is the study exposure.
FS-012468,TI04,EXCLUDE_TITLE,TI04,Glucocorticoid control is the study exposure.
FS-012470,TI04,EXCLUDE_TITLE,TI04,Bendamustine exposure is the study topic.
FS-012471,TI04,EXCLUDE_TITLE,TI04,Chemotherapy is the study exposure.
FS-012473,TI04,EXCLUDE_TITLE,TI04,Irradiation is the study exposure.
FS-012474,TI04,EXCLUDE_TITLE,TI04,Cell therapy is the study intervention.
FS-012475,TI04,EXCLUDE_TITLE,TI04,Drug treatment is the study exposure.
FS-012476,TI04,EXCLUDE_TITLE,TI04,Vaccination is the study intervention.
FS-012478,TI04,EXCLUDE_TITLE,TI04,Receptor activation is the study exposure.
FS-012479,TI04,ADVANCE_TO_ABSTRACT,,
FS-012481,TI04,EXCLUDE_TITLE,TI04,Bacterial exposure is the study exposure.
FS-012482,TI04,EXCLUDE_TITLE,TI04,Chemotherapy is the study intervention.
FS-012485,TI04,ADVANCE_TO_ABSTRACT,,
FS-012489,TI04,EXCLUDE_TITLE,TI04,Chemotherapy is the study exposure.
FS-012490,TI04,EXCLUDE_TITLE,TI04,Alzheimer peptide exposure is the study exposure.
FS-012492,TI04,EXCLUDE_TITLE,TI04,Preanalytical factors are the stated study exposure.
FS-012493,TI04,ADVANCE_TO_ABSTRACT,,
FS-012497,TI04,EXCLUDE_TITLE,TI04,Psychosocial stress is the stated study exposure.
FS-012498,TI04,EXCLUDE_TITLE,TI04,Lenalidomide is the stated study exposure.
FS-012506,TI04,ADVANCE_TO_ABSTRACT,,
FS-012510,TI05,ADVANCE_TO_ABSTRACT,,
FS-012511,TI04,ADVANCE_TO_ABSTRACT,,
FS-012512,TI04,EXCLUDE_TITLE,TI04,Chemotherapy is the stated intervention.
FS-012514,TI05,ADVANCE_TO_ABSTRACT,,
FS-012522,TI04,EXCLUDE_TITLE,TI04,Radiofrequency radiation is the stated exposure.
FS-012524,TI04,EXCLUDE_TITLE,TI04,Panobinostat is the stated intervention.
FS-012528,TI04,EXCLUDE_TITLE,TI04,Anti-HIV compounds are the stated intervention.
FS-012531,TI04,EXCLUDE_TITLE,TI04,Drug dosing is the stated intervention.
FS-012532,TI04,EXCLUDE_TITLE,TI04,Arsenite is the stated exposure.
FS-012534,TI04,ADVANCE_TO_ABSTRACT,,
FS-012536,TI04,ADVANCE_TO_ABSTRACT,,
FS-012542,TI04,EXCLUDE_TITLE,TI04,Drug therapy is the stated intervention.
FS-012543,TI04,EXCLUDE_TITLE,TI04,Hepatitis is the stated preceding disease event.
FS-012546,TI04,EXCLUDE_TITLE,TI04,Interleukin-2 administration is the stated intervention.
FS-012549,TI04,EXCLUDE_TITLE,TI04,Insecticide exposure is the stated study topic.
FS-012553,TI04,EXCLUDE_TITLE,TI04,Ixabepilone pharmacodynamics is the stated study topic.
FS-012556,TI04,EXCLUDE_TITLE,TI04,Drug-induced damage is the stated exposure.
FS-012558,TI04,EXCLUDE_TITLE,TI04,A drug trial is stated in the title.
FS-012559,TI04,ADVANCE_TO_ABSTRACT,,
FS-012562,TI04,EXCLUDE_TITLE,TI04,Heat shock is the stated exposure.
FS-012565,TI04,EXCLUDE_TITLE,TI04,Cell therapy is the study intervention.
FS-012566,TI04,EXCLUDE_TITLE,TI04,Drug treatment is the study exposure.
FS-012567,TI04,EXCLUDE_TITLE,TI04,Antiretroviral treatment interruption is the study exposure.
FS-012569,TI04,ADVANCE_TO_ABSTRACT,,
FS-012571,TI04,EXCLUDE_TITLE,TI04,Irradiation and interleukin-2 are the trial interventions.
FS-012572,TI04,EXCLUDE_TITLE,TI04,The trial studies drug treatment.
FS-012575,TI04,ADVANCE_TO_ABSTRACT,,
FS-012577,TI04,EXCLUDE_TITLE,TI04,Interferon treatment is the study exposure.
FS-012578,TI04,EXCLUDE_TITLE,TI04,Oocyte cryopreservation is the study intervention.
FS-012583,TI04,EXCLUDE_TITLE,TI04,Viral latency is the disease course studied.
FS-012589,TI04,EXCLUDE_TITLE,TI04,Drug inhibitors are the stated topic.
FS-012590,TI04,ADVANCE_TO_ABSTRACT,,
FS-012591,TI04,EXCLUDE_TITLE,TI04,Viral polyprotein expression is the study exposure.
FS-012592,TI04,ADVANCE_TO_ABSTRACT,,
FS-012597,TI04,EXCLUDE_TITLE,TI04,Administered cancer drugs are the study intervention.
FS-012601,TI04,EXCLUDE_TITLE,TI04,Anti-CD3 stimulation is the study exposure.
FS-012606,TI04,EXCLUDE_TITLE,TI04,Gemcitabine treatment is the study intervention.
FS-012607,TI04,ADVANCE_TO_ABSTRACT,,
FS-012608,TI04,ADVANCE_TO_ABSTRACT,,
FS-012614,TI04,EXCLUDE_TITLE,TI04,Rasburicase treatment is the study intervention.
FS-012617,TI04,EXCLUDE_TITLE,TI04,Ergosterol peroxide is the study exposure.
FS-012620,TI04,EXCLUDE_TITLE,TI04,A drug inhibitor is the study exposure.
FS-012621,TI04,EXCLUDE_TITLE,TI04,Oltipraz is the study exposure.
FS-012623,TI04,ADVANCE_TO_ABSTRACT,,
FS-012625,TI04,ADVANCE_TO_ABSTRACT,,
FS-012626,TI04,EXCLUDE_TITLE,TI04,Drug administration is the study exposure.
FS-012627,TI04,ADVANCE_TO_ABSTRACT,,
FS-012628,TI04,EXCLUDE_TITLE,TI04,Drug treatment is the study exposure.
FS-012629,TI04,EXCLUDE_TITLE,TI04,Viral reactivation after inoculation is the study topic.
FS-012632,TI05,ADVANCE_TO_ABSTRACT,,
FS-012633,TI04,EXCLUDE_TITLE,TI04,Cancer treatment is the study exposure.
FS-012634,TI04,EXCLUDE_TITLE,TI04,Chemotherapy and dendritic cell administration are the study exposures.
FS-012636,TI04,EXCLUDE_TITLE,TI04,Drug treatment is the study exposure.
FS-012637,TI04,EXCLUDE_TITLE,TI04,Dietary supplementation is the study exposure.
FS-012638,TI04,EXCLUDE_TITLE,TI02,Title names only algal cultures.
FS-012639,TI04,EXCLUDE_TITLE,TI04,Brain injury is the named exposure.
FS-012640,TI04,EXCLUDE_TITLE,TI04,Drug treatment is the study exposure.
FS-012647,TI04,EXCLUDE_TITLE,TI04,Cryopreservation and phenylacetate are the study exposures.
FS-012650,TI04,EXCLUDE_TITLE,TI04,Corticosterone exposure is the study exposure.
FS-012653,TI05,ADVANCE_TO_ABSTRACT,,
FS-012654,TI04,EXCLUDE_TITLE,TI04,A drug inhibitor is the study exposure.
FS-012656,TI04,ADVANCE_TO_ABSTRACT,,
FS-012658,TI04,EXCLUDE_TITLE,TI04,Interferon treatment is the study exposure.
FS-012660,TI04,EXCLUDE_TITLE,TI04,Cytokine administration is the study exposure.
FS-012661,TI04,EXCLUDE_TITLE,TI02,Title names only microorganisms.
FS-012666,TI04,EXCLUDE_TITLE,TI04,Drug treatment is the study exposure.
FS-012667,TI04,ADVANCE_TO_ABSTRACT,,
FS-012668,TI04,EXCLUDE_TITLE,TI04,Drug treatment is the study exposure.
FS-012670,TI04,EXCLUDE_TITLE,TI04,Drug antagonists are the named intervention.
FS-012672,TI04,EXCLUDE_TITLE,TI04,A plant-derived compound is the study exposure.
FS-012677,TI04,EXCLUDE_TITLE,TI04,Title names a drug combination as the exposure.
FS-012680,TI04,EXCLUDE_TITLE,TI04,Title names ultraviolet irradiation as the exposure.
FS-012685,TI04,EXCLUDE_TITLE,TI04,Title names intrapleural TNF administration as the intervention.
FS-012689,TI04,EXCLUDE_TITLE,TI02,Title names only a virus as the organism.
FS-012690,TI04,EXCLUDE_TITLE,TI04,Title names chemotherapy and radiotherapy as treatments studied.
FS-012691,TI04,EXCLUDE_TITLE,TI04,Title names TNF-mediated apoptosis as the study context.
FS-012693,TI04,EXCLUDE_TITLE,TI04,Title names G-CSF priming as the exposure.
FS-012694,TI04,EXCLUDE_TITLE,TI04,Title names immune cell costimulation as the exposure.
FS-012696,TI04,EXCLUDE_TITLE,TI04,Title names antibody and interleukin treatment.
FS-012697,TI04,EXCLUDE_TITLE,TI04,Title names retinoic acid as the exposure.
FS-012698,TI04,ADVANCE_TO_ABSTRACT,,
FS-012703,TI04,EXCLUDE_TITLE,TI04,Title names chemotherapy as the exposure.
FS-012705,TI04,EXCLUDE_TITLE,TI04,Title names viral infection and mitogen stimulation as exposures.
FS-012706,TI04,EXCLUDE_TITLE,TI04,Title names laminin as the activating exposure.
FS-012707,TI04,EXCLUDE_TITLE,TI04,Title names isolated liver perfusion as the intervention.
FS-012708,TI04,EXCLUDE_TITLE,TI04,Title names antigen receptor stimulation as the exposure.
FS-012709,TI04,EXCLUDE_TITLE,TI04,Title names mitogenic stimulation as the exposure.
FS-012712,TI04,EXCLUDE_TITLE,TI04,Title compares days with and without bone marrow sampling.
FS-012713,TI04,ADVANCE_TO_ABSTRACT,,
FS-012715,TI04,EXCLUDE_TITLE,TI04,Title names bacterial endotoxin as the exposure.
FS-012717,TI05,ADVANCE_TO_ABSTRACT,,
FS-012718,TI04,ADVANCE_TO_ABSTRACT,,
FS-012719,TI04,EXCLUDE_TITLE,TI04,Title names cytokines as the upregulating exposure.
FS-012720,TI04,EXCLUDE_TITLE,TI02,Title names only Brugia as the organism.
FS-012721,TI04,EXCLUDE_TITLE,TI02,Title names only a virus as the organism.
FS-012722,TI04,EXCLUDE_TITLE,TI04,Intravenous immunoglobulin is the study intervention.
FS-012724,TI04,EXCLUDE_TITLE,TI04,Interleukin-2 stimulation is the study exposure.
FS-012731,TI04,ADVANCE_TO_ABSTRACT,,
FS-012741,TI04,EXCLUDE_TITLE,TI04,Concanavalin A induction is the study exposure.
FS-012742,TI04,EXCLUDE_TITLE,TI04,A synthetic peptide is the study intervention.
FS-012743,TI04,EXCLUDE_TITLE,TI04,An immunotoxin is the study intervention.
FS-012745,TI04,ADVANCE_TO_ABSTRACT,,
FS-012749,TI04,EXCLUDE_TITLE,TI04,HIV-1 infection is the study exposure.
FS-012751,TI04,EXCLUDE_TITLE,TI04,Chemotherapy and growth factor administration are study interventions.
FS-012755,TI04,EXCLUDE_TITLE,TI04,HIV-1 binding is the study exposure.
FS-012759,TI04,ADVANCE_TO_ABSTRACT,,
FS-012760,TI04,ADVANCE_TO_ABSTRACT,,
FS-012764,TI04,EXCLUDE_TITLE,TI04,Antibody treatment is the study intervention.
FS-012765,TI04,ADVANCE_TO_ABSTRACT,,
FS-012767,TI04,EXCLUDE_TITLE,TI04,Gene overexpression and immunoglobulin stimulation are study interventions.
FS-012768,TI04,EXCLUDE_TITLE,TI04,Influenza A virus is the study exposure.
FS-012769,TI04,EXCLUDE_TITLE,TI04,Intravenous interleukin-12 is the study intervention.
FS-012775,TI04,ADVANCE_TO_ABSTRACT,,
FS-012777,TI04,EXCLUDE_TITLE,TI04,Interleukin-2 stimulation is the study exposure.
FS-012778,TI04,ADVANCE_TO_ABSTRACT,,
FS-012780,TI04,EXCLUDE_TITLE,TI04,MHC class II ligands are the study exposure.
FS-012781,TI04,EXCLUDE_TITLE,TI04,Growth factor and chemotherapy are study interventions.
FS-012785,TI04,EXCLUDE_TITLE,TI04,Anti-immunoglobulin stimulation is the study exposure.
FS-012786,TI04,ADVANCE_TO_ABSTRACT,,
FS-012787,TI04,ADVANCE_TO_ABSTRACT,,
FS-012790,TI04,ADVANCE_TO_ABSTRACT,,
FS-012791,TI04,EXCLUDE_TITLE,TI04,GM-CSF stimulation is the stated non-exercise exposure.
FS-012792,TI04,EXCLUDE_TITLE,TI04,Wortmannin is the stated non-exercise exposure.
FS-012794,TI04,EXCLUDE_TITLE,TI04,Leflunomide is the stated non-exercise exposure.
FS-012796,TI04,EXCLUDE_TITLE,TI04,Title studies patients treated with dacarbazine and hydroxyurea.
FS-012797,TI04,ADVANCE_TO_ABSTRACT,,
FS-012798,TI04,EXCLUDE_TITLE,TI04,Interferon is the stated non-exercise intervention.
FS-012800,TI04,EXCLUDE_TITLE,TI04,Title states stimulation by hepatocyte growth factor.
FS-012801,TI04,EXCLUDE_TITLE,TI04,Title studies interleukin-2 treatment after transplantation.
FS-012802,TI04,EXCLUDE_TITLE,TI04,Mizoribine is the stated non-exercise exposure.
FS-012803,TI04,EXCLUDE_TITLE,TI02,Only Listeria strains are named as organisms.
FS-012804,TI04,ADVANCE_TO_ABSTRACT,,
FS-012805,TI04,EXCLUDE_TITLE,TI04,Gamma-ray exposure is the stated non-exercise exposure.
FS-012806,TI04,EXCLUDE_TITLE,TI04,Title states endotoxin treatment and testosterone therapy.
FS-012809,TI04,EXCLUDE_TITLE,TI04,Tumor necrosis factor and interleukin-1 are stated exposures.
FS-012810,TI04,ADVANCE_TO_ABSTRACT,,
FS-012813,TI04,EXCLUDE_TITLE,TI04,Title states irradiation and cytokine exposures.
FS-012814,TI04,EXCLUDE_TITLE,TI04,Chemotherapy agents are the stated non-exercise exposure.
FS-012815,TI04,EXCLUDE_TITLE,TI04,Endotoxin and interferon-gamma are stated exposures.
FS-012818,TI04,EXCLUDE_TITLE,TI04,Fumonisin is the stated non-exercise exposure.
FS-012819,TI04,ADVANCE_TO_ABSTRACT,,
FS-012820,TI04,ADVANCE_TO_ABSTRACT,,
FS-012821,TI04,EXCLUDE_TITLE,TI04,HIV infection is the stated non-exercise exposure.
FS-012822,TI04,EXCLUDE_TITLE,TI04,2-acetylaminofluorene is the stated non-exercise exposure.
FS-012823,TI04,EXCLUDE_TITLE,TI04,Mitogen stimulation is the stated non-exercise exposure.
FS-012826,TI04,EXCLUDE_TITLE,TI04,Leflunomide is the study exposure.
FS-012828,TI04,EXCLUDE_TITLE,TI04,Dietary starch intake is the study exposure.
FS-012829,TI04,ADVANCE_TO_ABSTRACT,,
FS-012830,TI04,EXCLUDE_TITLE,TI04,LDL apheresis is the study intervention.
FS-012834,TI04,EXCLUDE_TITLE,TI04,Cyclosporine is the study exposure.
FS-012837,TI04,EXCLUDE_TITLE,TI04,Heat shock is the study exposure.
FS-012838,TI04,EXCLUDE_TITLE,TI04,IL-10 is the study exposure.
FS-012840,TI04,EXCLUDE_TITLE,TI04,Pertussis toxin is the study exposure.
FS-012841,TI04,EXCLUDE_TITLE,TI04,Cytokines are the study exposures.
FS-012842,TI04,EXCLUDE_TITLE,TI04,Receptor cross-linking is the study intervention.
FS-012844,TI04,EXCLUDE_TITLE,TI02,Title names only a virus.
FS-012845,TI04,EXCLUDE_TITLE,TI04,Immunotherapy is the study intervention.
FS-012846,TI04,EXCLUDE_TITLE,TI04,IL-2 is the study exposure.
FS-012848,TI04,EXCLUDE_TITLE,TI04,IL-2 is the study exposure.
FS-012851,TI04,EXCLUDE_TITLE,TI04,An antibody is the study intervention.
FS-012852,TI04,EXCLUDE_TITLE,TI04,Viral superinfection is the study exposure.
FS-012854,TI04,EXCLUDE_TITLE,TI04,Chemotherapy is the study intervention.
FS-012856,TI04,EXCLUDE_TITLE,TI04,Hydroxyurea is the study exposure.
FS-012858,TI04,EXCLUDE_TITLE,TI04,Interferon and interleukin administration are the study interventions.
FS-012859,TI04,EXCLUDE_TITLE,TI04,Immunotherapy is the study intervention.
FS-012860,TI04,EXCLUDE_TITLE,TI04,Rapamycin is the study exposure.
FS-012862,TI04,ADVANCE_TO_ABSTRACT,,
FS-012863,TI04,EXCLUDE_TITLE,TI02,Title names only fibroblasts in culture.
FS-012871,TI04,EXCLUDE_TITLE,TI04,cAMP is the study exposure.
FS-012872,TI04,EXCLUDE_TITLE,TI04,Drug dosage is the study exposure.
FS-012873,TI04,EXCLUDE_TITLE,TI04,Aflatoxin exposure is the stated study exposure.
FS-012874,TI04,EXCLUDE_TITLE,TI04,Phytohemagglutinin stimulation is the stated study exposure.
FS-012875,TI04,EXCLUDE_TITLE,TI04,Rapamycin is the stated study exposure.
FS-012876,TI04,EXCLUDE_TITLE,TI04,Anti-IgM stimulation is the stated study exposure.
FS-012877,TI04,ADVANCE_TO_ABSTRACT,,
FS-012878,TI04,EXCLUDE_TITLE,TI04,Interleukin stimulation is the stated study exposure.
FS-012880,TI04,EXCLUDE_TITLE,TI02,Title names only the HL-60 cell line.
FS-012882,TI04,EXCLUDE_TITLE,TI04,Tumor necrosis factor is the stated study exposure.
FS-012884,TI04,EXCLUDE_TITLE,TI04,TNF-alpha and phorbol ester are the stated exposures.
FS-012885,TI04,EXCLUDE_TITLE,TI04,Cytokines and lipopolysaccharide are the stated exposures.
FS-012886,TI04,EXCLUDE_TITLE,TI04,Prostaglandin E2 is the stated study exposure.
FS-012887,TI04,EXCLUDE_TITLE,TI04,Hemodialysis is the stated study exposure.
FS-012888,TI04,EXCLUDE_TITLE,TI04,HIV infection during cell differentiation is the stated process studied.
FS-012890,TI04,ADVANCE_TO_ABSTRACT,,
FS-012891,TI04,EXCLUDE_TITLE,TI04,Ionomycin and phorbol ester are the stated exposures.
FS-012892,TI04,EXCLUDE_TITLE,TI04,Recombinant cytokine treatment is the stated intervention.
FS-012894,TI04,ADVANCE_TO_ABSTRACT,,
FS-012895,TI04,EXCLUDE_TITLE,TI04,Respiratory syncytial virus infection is the stated exposure.
FS-012896,TI04,EXCLUDE_TITLE,TI04,Ketotifen is the stated study exposure.
FS-012897,TI04,EXCLUDE_TITLE,TI04,Antigen receptor stimulation is the stated exposure.
FS-012898,TI04,EXCLUDE_TITLE,TI04,Influenza infection and lipopolysaccharide stimulation are stated exposures.
FS-012900,TI04,EXCLUDE_TITLE,TI04,Prostaglandin A is the stated study exposure.
FS-012907,TI04,EXCLUDE_TITLE,TI04,A parasite-derived factor is the stated exposure.
FS-012908,TI04,EXCLUDE_TITLE,TI04,IL-4 is the stated study exposure.
FS-012910,TI04,EXCLUDE_TITLE,TI04,Intravenous fat emulsions are the stated exposure.
FS-012911,TI04,EXCLUDE_TITLE,TI04,Antibody treatment is the study exposure.
FS-012912,TI04,EXCLUDE_TITLE,TI04,Drug infusion is the study exposure.
FS-012914,TI04,EXCLUDE_TITLE,TI04,Interferon dosing is the study exposure.
FS-012916,TI04,EXCLUDE_TITLE,TI04,Bacterial stimulation is the study exposure.
FS-012917,TI04,EXCLUDE_TITLE,TI04,Interferon is the study exposure.
FS-012919,TI04,EXCLUDE_TITLE,TI04,Interferon infusion is the study exposure.
FS-012920,TI04,EXCLUDE_TITLE,TI04,Interferon treatment is the study exposure.
FS-012922,TI04,EXCLUDE_TITLE,TI04,A T-cell-mediated response induces the studied changes.
FS-012924,TI04,ADVANCE_TO_ABSTRACT,,
FS-012925,TI04,EXCLUDE_TITLE,TI04,Interleukin-2 therapy is the study exposure.
FS-012926,TI04,EXCLUDE_TITLE,TI04,Ion channel blockers are the study exposure.
FS-012928,TI04,EXCLUDE_TITLE,TI02,"Title names only U937 cells, a cell line."
FS-012931,TI04,EXCLUDE_TITLE,TI04,Histamine is the study exposure.
FS-012932,TI04,EXCLUDE_TITLE,TI04,Interleukin-4 signaling is the study exposure.
FS-012933,TI04,ADVANCE_TO_ABSTRACT,,
FS-012934,TI04,EXCLUDE_TITLE,TI04,Epstein-Barr virus is the study exposure.
FS-012936,TI04,EXCLUDE_TITLE,TI04,An autoantibody is the study exposure.
FS-012938,TI04,ADVANCE_TO_ABSTRACT,,
FS-012939,TI04,EXCLUDE_TITLE,TI04,Cytokine treatment is the study exposure.
FS-012940,TI04,EXCLUDE_TITLE,TI04,Cytomegalovirus is the study exposure.
FS-012942,TI04,EXCLUDE_TITLE,TI04,"Interferons, RNA, cytokines, and viruses are study exposures."
FS-012943,TI04,EXCLUDE_TITLE,TI02,Title names only cultured lymphoblastoid T-cells.
FS-012945,TI04,ADVANCE_TO_ABSTRACT,,
FS-012947,TI04,EXCLUDE_TITLE,TI04,Chemotherapy and interleukin-2 are study interventions.
FS-012950,TI04,EXCLUDE_TITLE,TI04,Tumor necrosis factor is the study exposure.
FS-012951,TI04,ADVANCE_TO_ABSTRACT,,
FS-012953,TI04,EXCLUDE_TITLE,TI04,Polynucleotide treatment is the study exposure.
FS-012954,TI04,EXCLUDE_TITLE,TI04,Protein kinase C activation is the study exposure.
FS-012955,TI04,EXCLUDE_TITLE,TI02,Title names only B-cell hybridomas as study subjects.
FS-012956,TI04,EXCLUDE_TITLE,TI04,Antibody stimulation is the study exposure.
FS-012958,TI04,EXCLUDE_TITLE,TI04,Growth factor treatment is the study exposure.
FS-012959,TI04,EXCLUDE_TITLE,TI04,Measles virus is the study exposure.
FS-012960,TI04,EXCLUDE_TITLE,TI04,Cytokines are the study exposure.
FS-012961,TI04,EXCLUDE_TITLE,TI04,Lymphokines are the study exposure.
FS-012962,TI04,ADVANCE_TO_ABSTRACT,,
FS-012963,TI04,ADVANCE_TO_ABSTRACT,,
FS-012964,TI04,EXCLUDE_TITLE,TI04,Measles virus infection is the study exposure.
FS-012967,TI04,EXCLUDE_TITLE,TI04,IgD cross-linking is the study exposure.
FS-012968,TI04,EXCLUDE_TITLE,TI04,Interferon treatment is the study exposure.
FS-012970,TI04,EXCLUDE_TITLE,TI04,Phorbol myristate acetate is the study exposure.
FS-012972,TI04,EXCLUDE_TITLE,TI04,Antibodies to CD3 are the study exposure.
FS-012974,TI04,ADVANCE_TO_ABSTRACT,,
FS-012977,TI04,ADVANCE_TO_ABSTRACT,,
FS-012980,TI04,EXCLUDE_TITLE,TI04,Interferon administration is the study exposure.
FS-012983,TI04,EXCLUDE_TITLE,TI04,Interleukin-2 is the study exposure.
FS-012984,TI04,ADVANCE_TO_ABSTRACT,,
FS-012986,TI04,EXCLUDE_TITLE,TI04,Cyclosporine is the study exposure.
FS-012989,TI04,ADVANCE_TO_ABSTRACT,,
FS-012990,TI04,EXCLUDE_TITLE,TI04,Anti-mu and bacterial stimulation are the study exposures.
FS-012991,TI04,EXCLUDE_TITLE,TI04,Antimetabolite administration is the study exposure.
FS-012992,TI04,EXCLUDE_TITLE,TI04,Forskolin is the study exposure; no exercise context is named.
FS-012994,TI04,ADVANCE_TO_ABSTRACT,,
FS-012995,TI04,ADVANCE_TO_ABSTRACT,,
FS-012996,TI04,ADVANCE_TO_ABSTRACT,,
FS-012997,TI04,ADVANCE_TO_ABSTRACT,,
FS-012998,TI04,EXCLUDE_TITLE,TI04,Antibodies are the study exposure; no exercise context is named.
FS-013002,TI04,EXCLUDE_TITLE,TI04,Interferon is the study exposure; no exercise context is named.
FS-013003,TI04,EXCLUDE_TITLE,TI04,T-cell growth factor is the study exposure; no exercise context is named.
FS-013006,TI04,EXCLUDE_TITLE,TI04,Cyclic nucleotides are the study exposure; no exercise context is named.
FS-013014,TI04,ADVANCE_TO_ABSTRACT,,
FS-013016,TI04,EXCLUDE_TITLE,TI04,Ultraviolet irradiation is the study exposure; no exercise context is named.
FS-013017,TI04,EXCLUDE_TITLE,TI04,HVJ treatment is the study exposure; no exercise context is named.
FS-013018,TI04,ADVANCE_TO_ABSTRACT,,
FS-013022,TI04,EXCLUDE_TITLE,TI04,Steroid replacement is the study intervention; no exercise context is named.
FS-013025,TI04,ADVANCE_TO_ABSTRACT,,
FS-013032,TI04,EXCLUDE_TITLE,TI04,Intermittent hypoxia is the study exposure; no exercise context is named.
FS-013040,TI04,ADVANCE_TO_ABSTRACT,,
FS-013042,TI04,ADVANCE_TO_ABSTRACT,,
FS-013055,TI04,ADVANCE_TO_ABSTRACT,,
FS-013059,TI04,EXCLUDE_TITLE,TI01,Title explicitly states a review.
FS-013066,TI04,ADVANCE_TO_ABSTRACT,,
FS-013067,TI04,EXCLUDE_TITLE,TI04,Virus exposure is studied; no exercise context is named.
FS-013068,TI04,ADVANCE_TO_ABSTRACT,,
FS-013070,TI04,EXCLUDE_TITLE,TI04,Intravenous stem cells are the study intervention; no exercise context is named.
FS-013071,TI05,EXCLUDE_TITLE,TI04,Soft tissue mobilization is the study intervention; no exercise context is named.
FS-013073,TI04,EXCLUDE_TITLE,TI04,Immunization and receptor stimulation are the named interventions.
FS-013074,TI04,EXCLUDE_TITLE,TI04,Heat-capsaicin exposure is studied without exercise context.
FS-013084,TI04,EXCLUDE_TITLE,TI04,"Plant-derived peptides are the named intervention, without exercise context."
FS-013085,TI04,EXCLUDE_TITLE,TI02,Title names the HEp-2 cell line.
FS-013088,TI04,EXCLUDE_TITLE,TI04,"Respiratory variables are the studied exposure, without exercise context."
FS-013093,TI04,EXCLUDE_TITLE,TI02,Title names only cancer cell lines.
FS-013095,TI04,EXCLUDE_TITLE,TI04,"Viral infection is the studied exposure, without exercise context."
FS-013097,TI04,EXCLUDE_TITLE,TI04,Visible light exposure is studied without exercise context.
FS-013098,TI04,EXCLUDE_TITLE,TI02,Title names the IMR-90 cell line.
FS-013099,TI04,EXCLUDE_TITLE,TI04,"Supportive therapy is the studied treatment, without exercise context."
FS-013103,TI04,EXCLUDE_TITLE,TI04,Garlic extract treatment is studied without exercise context.
FS-013111,TI04,EXCLUDE_TITLE,TI04,Nicotine and radiation are the named exposures.
FS-013114,TI04,ADVANCE_TO_ABSTRACT,,
FS-013122,TI04,EXCLUDE_TITLE,TI04,"Ibuprofen is the studied intervention, without exercise context."
FS-013123,TI04,EXCLUDE_TITLE,TI01,Title explicitly states literature review.
FS-013129,TI04,EXCLUDE_TITLE,TI04,Pathogen-adsorbing device is the studied intervention.
FS-013131,TI04,ADVANCE_TO_ABSTRACT,,
FS-013133,TI04,EXCLUDE_TITLE,TI04,"Secondary infections are the studied exposure, without exercise context."
FS-013135,TI04,EXCLUDE_TITLE,TI04,Regional citrate anticoagulation is the studied intervention.
FS-013137,TI05,ADVANCE_TO_ABSTRACT,,
FS-013138,TI04,EXCLUDE_TITLE,TI02,"Title names only a parasite, with no human organism named."
FS-013139,TI04,EXCLUDE_TITLE,TI04,"Vaccination is the studied exposure, without exercise context."
FS-013140,TI04,EXCLUDE_TITLE,TI04,"Intravesical instillation is the named exposure, without exercise context."
FS-013142,TI04,EXCLUDE_TITLE,TI04,Surgery and anesthesia are the studied exposures.
FS-013155,TI05,EXCLUDE_TITLE,TI05,Endurance performance is the only named outcome.
FS-013156,TI05,ADVANCE_TO_ABSTRACT,,
FS-013165,TI04,EXCLUDE_TITLE,TI02,Title names only cultured cells and plants.
FS-013166,TI05,ADVANCE_TO_ABSTRACT,,
FS-013169,TI04,EXCLUDE_TITLE,TI02,Title names a cell line only.
FS-013171,TI04,EXCLUDE_TITLE,TI04,Drug treatment is the study exposure.
FS-013174,TI04,EXCLUDE_TITLE,TI02,Title names only cultured cells.
FS-013175,TI04,EXCLUDE_TITLE,TI04,Drug administration is the study exposure.
FS-013176,TI04,EXCLUDE_TITLE,TI04,Drug treatment is the study exposure.
FS-013177,TI04,EXCLUDE_TITLE,TI04,Remote ischemic conditioning is the study intervention.
FS-013179,TI04,EXCLUDE_TITLE,TI04,Drug treatment is the study exposure.
FS-013182,TI04,EXCLUDE_TITLE,TI04,Drug treatment is the study exposure.
FS-013184,TI04,EXCLUDE_TITLE,TI04,Angiography is the named non-exercise intervention.
FS-013185,TI04,ADVANCE_TO_ABSTRACT,,
FS-013188,TI04,EXCLUDE_TITLE,TI04,Electroacupuncture and analgesia are the study interventions.
FS-013191,TI04,ADVANCE_TO_ABSTRACT,,
FS-013196,TI04,EXCLUDE_TITLE,TI04,Anesthesia is the study intervention.
FS-013197,TI04,EXCLUDE_TITLE,TI04,Ultrasound treatment is the study intervention.
FS-013199,TI04,EXCLUDE_TITLE,TI02,Title names only melanoma cell lines.
FS-013201,TI04,EXCLUDE_TITLE,TI04,Remote ischemic conditioning is the study intervention.
FS-013203,TI05,EXCLUDE_TITLE,TI05,Title names only endocrine responses.
FS-013204,TI04,EXCLUDE_TITLE,TI02,Title names only a plant and an aphid.
FS-013212,TI04,EXCLUDE_TITLE,TI04,Remote ischemic preconditioning is the study intervention.
FS-013215,TI04,EXCLUDE_TITLE,TI04,Antibiotic treatment is the study exposure.
FS-013217,TI04,EXCLUDE_TITLE,TI04,Corticosteroid treatment is the study intervention.
FS-013218,TI04,EXCLUDE_TITLE,TI04,Sample handling is the study exposure.
FS-013224,TI04,EXCLUDE_TITLE,TI04,Remote ischemic postconditioning is the study intervention.
FS-013226,TI04,EXCLUDE_TITLE,TI04,Drug treatment is the study intervention.
FS-013231,TI04,ADVANCE_TO_ABSTRACT,,
FS-013235,TI04,EXCLUDE_TITLE,TI02,Title names only a fungus.
FS-013237,TI04,EXCLUDE_TITLE,TI04,Viral infection is the study exposure.
FS-013240,TI04,EXCLUDE_TITLE,TI04,Viral infection course is studied.
FS-013242,TI04,EXCLUDE_TITLE,TI02,Title names only bacteria.
FS-013244,TI04,EXCLUDE_TITLE,TI04,Ischemic preconditioning and valve replacement are the interventions.
FS-013246,TI04,EXCLUDE_TITLE,TI02,Title names only yeast.
FS-013252,TI04,EXCLUDE_TITLE,TI04,Stroke is the stated trigger.
FS-013254,TI04,EXCLUDE_TITLE,TI04,Spaceflight is the study exposure.
FS-013256,TI04,EXCLUDE_TITLE,TI04,Remote ischemic preconditioning is the study intervention.
FS-013259,TI04,EXCLUDE_TITLE,TI04,Nanomaterial exposure is the study exposure.
FS-013260,TI04,EXCLUDE_TITLE,TI04,Bacterial administration is the study intervention.
FS-013262,TI05,ADVANCE_TO_ABSTRACT,,
FS-013263,TI05,ADVANCE_TO_ABSTRACT,,
FS-013264,TI04,EXCLUDE_TITLE,TI04,A freeze-thaw cycle is the study exposure.
FS-013265,TI04,ADVANCE_TO_ABSTRACT,,
FS-013267,TI04,EXCLUDE_TITLE,TI04,Hemoperfusion is the study intervention.
FS-013268,TI04,EXCLUDE_TITLE,TI04,Oxygen and ionizing radiation are the stated exposures.
FS-013270,TI04,EXCLUDE_TITLE,TI04,Remote ischemic conditioning is the study intervention.
FS-013274,TI04,ADVANCE_TO_ABSTRACT,,
FS-013275,TI04,ADVANCE_TO_ABSTRACT,,
FS-013280,TI04,ADVANCE_TO_ABSTRACT,,
FS-013281,TI04,EXCLUDE_TITLE,TI04,Remote ischemic conditioning is the study intervention.
FS-013285,TI04,EXCLUDE_TITLE,TI02,Title names only soybean.
FS-013286,TI04,EXCLUDE_TITLE,TI04,Pembrolizumab is the stated exposure.
FS-013292,TI04,EXCLUDE_TITLE,TI04,Response to a bacterial pathogen is the stated exposure.
FS-013294,TI04,EXCLUDE_TITLE,TI04,Study tests drug treatment.
FS-013297,TI04,EXCLUDE_TITLE,TI04,Cisplatin therapy is the stated exposure.
FS-013306,TI04,ADVANCE_TO_ABSTRACT,,
FS-013307,TI04,EXCLUDE_TITLE,TI04,Doxorubicin is the stated exposure.
FS-013311,TI04,EXCLUDE_TITLE,TI04,Ischemic preconditioning is the stated intervention.
FS-013312,TI04,EXCLUDE_TITLE,TI04,Laser treatment is the stated intervention.
FS-013318,TI04,ADVANCE_TO_ABSTRACT,,
FS-013320,TI04,ADVANCE_TO_ABSTRACT,,
FS-013321,TI04,EXCLUDE_TITLE,TI04,Extended treatment is the stated intervention.
FS-013325,TI04,EXCLUDE_TITLE,TI04,Parasite invasion is the stated exposure.
FS-013327,TI04,EXCLUDE_TITLE,TI04,Ibuprofen is the stated intervention.
FS-013333,TI04,EXCLUDE_TITLE,TI04,Ischemic post-conditioning is the stated intervention.
FS-013334,TI05,ADVANCE_TO_ABSTRACT,,
FS-013337,TI04,ADVANCE_TO_ABSTRACT,,
FS-013339,TI04,EXCLUDE_TITLE,TI04,An inhibitor is the stated intervention.
FS-013340,TI04,ADVANCE_TO_ABSTRACT,,
FS-013349,TI04,ADVANCE_TO_ABSTRACT,,
FS-013350,TI04,EXCLUDE_TITLE,TI04,Ischemic preconditioning is the stated intervention.
FS-013351,TI04,EXCLUDE_TITLE,TI04,Antiviral drugs are the stated interventions.
FS-013360,TI04,EXCLUDE_TITLE,TI04,Cystine and theanine are the stated interventions.
FS-013364,TI05,EXCLUDE_TITLE,TI05,Pacing is the only named outcome.
FS-013366,TI04,ADVANCE_TO_ABSTRACT,,
FS-013368,TI04,EXCLUDE_TITLE,TI04,Kidney transplantation is the named study exposure.
FS-013369,TI05,ADVANCE_TO_ABSTRACT,,
FS-013370,TI04,EXCLUDE_TITLE,TI04,Retinal phototherapy is the named intervention.
FS-013372,TI04,EXCLUDE_TITLE,TI04,Surgery and anesthesia are the named exposures.
FS-013378,TI05,EXCLUDE_TITLE,TI05,LDH is the only named outcome.
FS-013379,TI04,EXCLUDE_TITLE,TI04,Diagnostic X rays are the named exposure.
FS-013380,TI04,EXCLUDE_TITLE,TI04,Viral DNA injection is the named non-exercise process studied.
FS-013381,TI04,EXCLUDE_TITLE,TI04,Autophagy induction is the named intervention.
FS-013383,TI04,EXCLUDE_TITLE,TI04,Combination therapy during influenza is the named topic.
FS-013387,TI04,EXCLUDE_TITLE,TI02,Title names only soybean and a fungus.
FS-013388,TI04,EXCLUDE_TITLE,TI04,Intermittent hypoxia is the named exposure.
FS-013389,TI04,ADVANCE_TO_ABSTRACT,,
FS-013396,TI04,EXCLUDE_TITLE,TI04,Mango polyphenolics are the named intervention.
FS-013399,TI04,EXCLUDE_TITLE,TI04,Cell cycle inhibition and hypobaria are named exposures.
FS-013410,TI04,EXCLUDE_TITLE,TI04,Hepatectomy is the named surgical exposure.
FS-013411,TI04,EXCLUDE_TITLE,TI02,Title names only a parasite.
FS-013413,TI04,EXCLUDE_TITLE,TI04,Palmitoylethanolamine is the named intervention.
FS-013415,TI04,EXCLUDE_TITLE,TI04,Lenvatinib is the named drug intervention.
FS-013416,TI04,EXCLUDE_TITLE,TI04,Doxorubicin exposure is explicitly named.
FS-013417,TI04,EXCLUDE_TITLE,TI02,The only named organism is a bacterium.
FS-013418,TI04,ADVANCE_TO_ABSTRACT,,
FS-013425,TI04,EXCLUDE_TITLE,TI02,Title names only a bacterium.
FS-013427,TI04,EXCLUDE_TITLE,TI04,Kidney transplantation is the named study event.
FS-013431,TI04,EXCLUDE_TITLE,TI04,Sleep is the named non-exercise exposure.
FS-013433,TI05,ADVANCE_TO_ABSTRACT,,
FS-013435,TI04,EXCLUDE_TITLE,TI04,Hyperosmotic shock is the stated exposure.
FS-013436,TI04,EXCLUDE_TITLE,TI04,Ivabradine is the stated intervention.
FS-013437,TI04,EXCLUDE_TITLE,TI04,Chemotherapy is the stated intervention.
FS-013438,TI04,ADVANCE_TO_ABSTRACT,,
FS-013439,TI04,EXCLUDE_TITLE,TI02,Title names only Arabidopsis.
FS-013441,TI04,EXCLUDE_TITLE,TI04,Particle exposure is the stated exposure.
FS-013442,TI05,ADVANCE_TO_ABSTRACT,,
FS-013451,TI04,EXCLUDE_TITLE,TI04,Ischemic preconditioning is the stated intervention.
FS-013453,TI04,EXCLUDE_TITLE,TI04,An alkaloid is the stated intervention.
FS-013457,TI04,EXCLUDE_TITLE,TI04,Myocardial infarction is the stated event being studied.
FS-013463,TI04,EXCLUDE_TITLE,TI04,Ischemic postconditioning is the stated intervention.
FS-013465,TI04,EXCLUDE_TITLE,TI04,CDK4/6 inhibition is the stated intervention.
FS-013467,TI04,EXCLUDE_TITLE,TI04,Irradiation is the stated exposure.
FS-013471,TI04,EXCLUDE_TITLE,TI04,Receptor antagonists are the stated intervention.
FS-013473,TI04,EXCLUDE_TITLE,TI04,Siltuximab is the stated intervention.
FS-013477,TI04,EXCLUDE_TITLE,TI04,Intermittent hypoxia is the stated exposure.
FS-013480,TI04,EXCLUDE_TITLE,TI04,Colistin toxicity is the stated topic.
FS-013482,TI04,EXCLUDE_TITLE,TI04,Ketorolac is the stated intervention.
FS-013484,TI04,EXCLUDE_TITLE,TI04,Rituximab treatment is the stated intervention.
FS-013488,TI04,EXCLUDE_TITLE,TI04,Brentuximab vedotin treatment is the stated intervention.
FS-013495,TI04,ADVANCE_TO_ABSTRACT,,
FS-013500,TI04,EXCLUDE_TITLE,TI04,Ovary removal and formaldehyde exposure are stated interventions.
FS-013501,TI04,EXCLUDE_TITLE,TI04,Transient limb ischemia is the stated exposure.
FS-013506,TI04,EXCLUDE_TITLE,TI02,Title names only Giardia intestinalis.
FS-013508,TI04,EXCLUDE_TITLE,TI04,Remote ischemic preconditioning is the stated intervention.
FS-013510,TI04,EXCLUDE_TITLE,TI04,Allergen inhalation challenge is the stated exposure.
FS-013511,TI04,EXCLUDE_TITLE,TI04,Viral infection is the stated exposure.
FS-013513,TI04,EXCLUDE_TITLE,TI02,Title names only a fungus.
FS-013516,TI04,EXCLUDE_TITLE,TI04,Ascorbic acid and cisplatin are the stated exposures.
FS-013517,TI04,ADVANCE_TO_ABSTRACT,,
FS-013519,TI04,EXCLUDE_TITLE,TI04,D609 is the stated intervention.
FS-013520,TI04,EXCLUDE_TITLE,TI04,Title studies outcomes after valve implantation.
FS-013521,TI04,EXCLUDE_TITLE,TI04,Quercetin is the stated intervention.
FS-013522,TI04,ADVANCE_TO_ABSTRACT,,
FS-013526,TI04,EXCLUDE_TITLE,TI04,Ischemic insult is the stated exposure.
FS-013529,TI04,ADVANCE_TO_ABSTRACT,,
FS-013539,TI04,EXCLUDE_TITLE,TI04,NSAID exposure is stated.
FS-013540,TI04,EXCLUDE_TITLE,TI04,Hip surgery is the stated exposure.
FS-013544,TI04,EXCLUDE_TITLE,TI04,Vaccine formulation is the stated intervention.
FS-013545,TI04,EXCLUDE_TITLE,TI04,Sleep loss is the stated exposure.
FS-013546,TI04,ADVANCE_TO_ABSTRACT,,
FS-013549,TI04,EXCLUDE_TITLE,TI04,LPS toxicity is the stated non-exercise challenge.
FS-013553,TI04,ADVANCE_TO_ABSTRACT,,
FS-013556,TI04,EXCLUDE_TITLE,TI04,Antiviral compounds are the stated interventions.
FS-013558,TI04,EXCLUDE_TITLE,TI04,Ionizing radiation is the stated exposure.
FS-013560,TI04,ADVANCE_TO_ABSTRACT,,
FS-013561,TI04,EXCLUDE_TITLE,TI04,Heparin is the stated intervention.
FS-013565,TI04,EXCLUDE_TITLE,TI04,Diafiltration is the stated treatment.
FS-013566,TI04,EXCLUDE_TITLE,TI04,Adenosine postconditioning is the stated intervention.
FS-013576,TI04,EXCLUDE_TITLE,TI04,Ischemic preconditioning is the stated intervention.
FS-013579,TI05,EXCLUDE_TITLE,TI05,Muscle mass is the only named outcome.
FS-013582,TI04,EXCLUDE_TITLE,TI04,Interleukins are the stated non-exercise intervention.
FS-013583,TI04,EXCLUDE_TITLE,TI04,Gliadin is the stated non-exercise exposure.
FS-013586,TI05,ADVANCE_TO_ABSTRACT,,
FS-013589,TI04,EXCLUDE_TITLE,TI04,Drug prophylaxis and chemotherapy are the stated interventions.
FS-013591,TI04,EXCLUDE_TITLE,TI04,Sevoflurane is the stated drug intervention.
FS-013596,TI04,EXCLUDE_TITLE,TI04,Melphalan treatment is the stated exposure.
FS-013598,TI04,EXCLUDE_TITLE,TI04,Paclitaxel is the stated drug exposure.
FS-013599,TI04,EXCLUDE_TITLE,TI01,Title identifies a scientific opinion.
FS-013600,TI04,EXCLUDE_TITLE,TI04,Ovarian stimulation is the stated intervention.
FS-013601,TI04,EXCLUDE_TITLE,TI04,Oxaliplatin is the stated drug exposure.
FS-013602,TI04,ADVANCE_TO_ABSTRACT,,
FS-013603,TI04,EXCLUDE_TITLE,TI04,Anaesthetic and ischaemic preconditioning are the stated interventions.
FS-013608,TI04,EXCLUDE_TITLE,TI04,Pathogen infection is the stated non-exercise exposure.
FS-013611,TI04,ADVANCE_TO_ABSTRACT,,
FS-013617,TI04,ADVANCE_TO_ABSTRACT,,
FS-013620,TI04,EXCLUDE_TITLE,TI04,Irradiation is the stated non-exercise exposure.
FS-013625,TI04,EXCLUDE_TITLE,TI04,Plasmapheresis is the stated treatment.
FS-013630,TI04,ADVANCE_TO_ABSTRACT,,
FS-013632,TI04,EXCLUDE_TITLE,TI04,Absence of circadian cues is the stated exposure.
FS-013634,TI04,EXCLUDE_TITLE,TI04,Two drugs are the stated exposures.
FS-013636,TI04,EXCLUDE_TITLE,TI04,Pegfilgrastim and chemotherapy are the stated treatments.
FS-013637,TI04,EXCLUDE_TITLE,TI02,Title names only a bovine virus.
FS-013638,TI04,EXCLUDE_TITLE,TI04,Title studies recovery during a disease course.
FS-013639,TI04,EXCLUDE_TITLE,TI04,A kinase inhibitor is the stated drug intervention.
FS-013642,TI04,EXCLUDE_TITLE,TI02,Title names only a bacterium.
FS-013645,TI04,EXCLUDE_TITLE,TI04,Title concerns drug therapy without exercise context.
FS-013652,TI04,ADVANCE_TO_ABSTRACT,,
FS-013657,TI04,EXCLUDE_TITLE,TI04,Pegfilgrastim use is the stated exposure.
FS-013658,TI04,EXCLUDE_TITLE,TI04,Indirubin-3′-monoxime is the stated exposure.
FS-013662,TI04,EXCLUDE_TITLE,TI04,Estrus cycle and trauma-hemorrhage are the stated exposures.
FS-013664,TI04,EXCLUDE_TITLE,TI04,Title studies restraint stress and androstenediol without exercise context.
FS-013666,TI04,EXCLUDE_TITLE,TI04,Kinase inhibition is the stated intervention.
FS-013667,TI04,EXCLUDE_TITLE,TI04,Platinum complexes are the stated exposure.
FS-013671,TI05,ADVANCE_TO_ABSTRACT,,
FS-013672,TI04,EXCLUDE_TITLE,TI04,Ouabain and glucocorticoids are the stated exposures.
FS-013674,TI04,EXCLUDE_TITLE,TI04,Glycerol-induced renal failure is the stated disease model.
FS-013676,TI04,ADVANCE_TO_ABSTRACT,,
FS-013679,TI04,EXCLUDE_TITLE,TI04,Title studies drug and surgical treatment without exercise context.
FS-013680,TI04,EXCLUDE_TITLE,TI04,Laughter is the stated non-exercise exposure.
FS-013681,TI04,ADVANCE_TO_ABSTRACT,,
FS-013684,TI04,EXCLUDE_TITLE,TI04,Lipopolysaccharide administration is the stated exposure.
FS-013686,TI04,ADVANCE_TO_ABSTRACT,,
FS-013687,TI04,EXCLUDE_TITLE,TI04,Simulated device reuse is the stated intervention.
FS-013688,TI04,ADVANCE_TO_ABSTRACT,,
FS-013698,TI04,ADVANCE_TO_ABSTRACT,,
FS-013699,TI04,ADVANCE_TO_ABSTRACT,,
FS-013701,TI04,EXCLUDE_TITLE,TI04,Vitamins C and E are the stated exposures.
FS-013703,TI04,EXCLUDE_TITLE,TI04,Anesthetic modality during surgery is the stated exposure.
FS-013704,TI04,EXCLUDE_TITLE,TI04,Drug mobilization of donors is the stated intervention.
FS-013705,TI04,ADVANCE_TO_ABSTRACT,,
FS-013706,TI04,EXCLUDE_TITLE,TI04,Particulate matter exposure is the study exposure.
FS-013707,TI04,EXCLUDE_TITLE,TI04,Bacterial extract is the study exposure.
FS-013709,TI04,EXCLUDE_TITLE,TI04,Radiation is the study exposure.
FS-013710,TI04,EXCLUDE_TITLE,TI04,Laser irradiation is the study exposure.
FS-013713,TI04,EXCLUDE_TITLE,TI04,Monochloramine is the study exposure.
FS-013714,TI04,EXCLUDE_TITLE,TI02,Title names only adenovirus.
FS-013715,TI04,ADVANCE_TO_ABSTRACT,,
FS-013717,TI04,ADVANCE_TO_ABSTRACT,,
FS-013718,TI04,ADVANCE_TO_ABSTRACT,,
FS-013719,TI04,EXCLUDE_TITLE,TI04,Adenoviral gene transfer is the study exposure.
FS-013725,TI04,ADVANCE_TO_ABSTRACT,,
FS-013729,TI04,EXCLUDE_TITLE,TI02,Title names only a virus.
FS-013732,TI04,EXCLUDE_TITLE,TI02,Title names only Escherichia coli.
FS-013735,TI04,EXCLUDE_TITLE,TI04,Cadmium chloride treatment is the study exposure.
FS-013739,TI05,ADVANCE_TO_ABSTRACT,,
FS-013741,TI04,ADVANCE_TO_ABSTRACT,,
FS-013742,TI04,EXCLUDE_TITLE,TI04,Medroxyprogesterone acetate treatment is a non-exercise intervention.
FS-013746,TI04,EXCLUDE_TITLE,TI04,Drug pharmacokinetics across menstrual phases is the study topic.
FS-013750,TI04,EXCLUDE_TITLE,TI02,Title names only Chlamydia trachomatis.
FS-013758,TI04,EXCLUDE_TITLE,TI04,Coronary bypass surgery and ischemic preconditioning are the study context.
FS-013759,TI04,ADVANCE_TO_ABSTRACT,,
FS-013762,TI04,ADVANCE_TO_ABSTRACT,,
FS-013763,TI04,ADVANCE_TO_ABSTRACT,,
FS-013764,TI04,EXCLUDE_TITLE,TI04,Testosterone receptor blockade is the study intervention.
FS-013772,TI04,ADVANCE_TO_ABSTRACT,,
FS-013779,TI04,EXCLUDE_TITLE,TI04,Oxaliplatin is the study exposure.
FS-013780,TI04,ADVANCE_TO_ABSTRACT,,
FS-013786,TI04,EXCLUDE_TITLE,TI04,Menstrual cycle and pregnancy are the studied exposures.
FS-013788,TI04,EXCLUDE_TITLE,TI04,Menstrual cycle and ovarian stimulation are the studied exposures.
FS-013792,TI04,EXCLUDE_TITLE,TI04,Menstrual cycle phase and oral contraceptives are studied exposures.
FS-013797,TI05,ADVANCE_TO_ABSTRACT,,
FS-013799,TI04,EXCLUDE_TITLE,TI04,Awakening and the diurnal cycle are the studied exposures.
FS-013803,TI05,ADVANCE_TO_ABSTRACT,,
FS-013811,TI04,EXCLUDE_TITLE,TI04,Cadmium treatment is the study exposure.
FS-013813,TI04,EXCLUDE_TITLE,TI04,Interleukin 12 treatment is the study exposure.
FS-013814,TI04,EXCLUDE_TITLE,TI04,Tillage is the study exposure.
FS-013816,TI04,EXCLUDE_TITLE,TI04,Drug treatment is the study exposure.
FS-013817,TI04,EXCLUDE_TITLE,TI04,An antitumor drug is the study exposure.
FS-013818,TI04,EXCLUDE_TITLE,TI04,Hormonal regulation is the study exposure.
FS-013822,TI04,EXCLUDE_TITLE,TI04,Interleukin 3 treatment is the study exposure.
FS-013823,TI04,ADVANCE_TO_ABSTRACT,,
FS-013824,TI04,ADVANCE_TO_ABSTRACT,,
FS-013826,TI04,EXCLUDE_TITLE,TI04,Complement attack and growth arrest are the studied exposures.
FS-013830,TI04,EXCLUDE_TITLE,TI04,Chlamydia infection is the study exposure.
FS-013832,TI04,ADVANCE_TO_ABSTRACT,,
FS-013835,TI04,EXCLUDE_TITLE,TI04,Repeated irradiation is the study exposure.
FS-013839,TI04,EXCLUDE_TITLE,TI04,Sex steroids are the study exposure.
FS-013854,TI04,EXCLUDE_TITLE,TI04,A liposomal drug is the study exposure.
FS-013855,TI04,EXCLUDE_TITLE,TI04,Ozone exposure is the study exposure.
FS-013856,TI04,ADVANCE_TO_ABSTRACT,,
FS-013859,TI04,EXCLUDE_TITLE,TI04,Hypobaric chamber exposure is the study exposure.
FS-013862,TI04,EXCLUDE_TITLE,TI04,Heavy metal exposure is the study exposure.
FS-013864,TI04,EXCLUDE_TITLE,TI04,Nickel exposure induces the reported changes.
FS-013866,TI04,EXCLUDE_TITLE,TI04,Interleukin-2 treatment is the study exposure.
FS-013871,TI04,EXCLUDE_TITLE,TI04,Interleukin-2 and interferon treatment is the study exposure.
FS-013877,TI04,EXCLUDE_TITLE,TI04,Anticancer drugs are the study exposure.
FS-013882,TI04,ADVANCE_TO_ABSTRACT,,
FS-013884,TI04,EXCLUDE_TITLE,TI04,Antibody administration is the study exposure.
FS-013886,TI04,EXCLUDE_TITLE,TI04,Progesterone is the study exposure.
FS-013888,TI04,EXCLUDE_TITLE,TI04,ACE inhibition is the study intervention.
FS-013891,TI04,EXCLUDE_TITLE,TI04,Interleukin-3 infusion is the study intervention.
FS-013892,TI04,EXCLUDE_TITLE,TI04,Styrene metabolites are the study exposure.
FS-013894,TI04,EXCLUDE_TITLE,TI02,Title names only a bacterium.
FS-013895,TI04,ADVANCE_TO_ABSTRACT,,
FS-013896,TI04,EXCLUDE_TITLE,TI04,Endotoxemia is the study exposure.
FS-013899,TI04,EXCLUDE_TITLE,TI04,G-M CSF administration is the study intervention.
FS-013900,TI04,EXCLUDE_TITLE,TI04,Interleukin-2 immunotherapy is the study exposure.
FS-013904,TI04,EXCLUDE_TITLE,TI04,Adrenocorticotropin is the study exposure.
FS-013905,TI04,EXCLUDE_TITLE,TI04,Viral exposure is the study exposure.
FS-013906,TI04,EXCLUDE_TITLE,TI02,Title names only an alga.
FS-013915,TI04,EXCLUDE_TITLE,TI04,Interleukin-2 immunotherapy is the study exposure.
FS-013916,TI04,ADVANCE_TO_ABSTRACT,,
FS-013917,TI04,EXCLUDE_TITLE,TI04,Streptozotocin treatment is the study exposure.
FS-013920,TI04,EXCLUDE_TITLE,TI04,Antireceptor peptides are the study exposure.
FS-013922,TI04,EXCLUDE_TITLE,TI04,Swainsonine is the stated exposure.
FS-013927,TI04,EXCLUDE_TITLE,TI04,Interferon administration is the stated exposure.
FS-013928,TI04,EXCLUDE_TITLE,TI04,IL-2 infusion is the stated exposure.
FS-013929,TI04,EXCLUDE_TITLE,TI04,IL-1 administration is the stated exposure.
FS-013932,TI04,EXCLUDE_TITLE,TI04,Radiation is the stated exposure.
FS-013933,TI04,ADVANCE_TO_ABSTRACT,,
FS-013935,TI04,EXCLUDE_TITLE,TI04,Radiation and interferons are the stated exposures.
FS-013936,TI04,EXCLUDE_TITLE,TI04,Methotrexate is the stated exposure.
FS-013939,TI04,EXCLUDE_TITLE,TI04,Prostaglandin E2 is the stated exposure.
FS-013941,TI04,ADVANCE_TO_ABSTRACT,,
FS-013943,TI04,ADVANCE_TO_ABSTRACT,,
FS-013945,TI04,EXCLUDE_TITLE,TI02,Title names only yeasts.
FS-013947,TI04,EXCLUDE_TITLE,TI02,Title names only mengovirus.
FS-013953,TI04,ADVANCE_TO_ABSTRACT,,
FS-013957,TI04,EXCLUDE_TITLE,TI02,Title names only Amoeba proteus.
FS-013958,TI04,EXCLUDE_TITLE,TI02,Title names only herpes simplex virus.
FS-013960,TI04,EXCLUDE_TITLE,TI04,Glucocorticoids are the stated exposure.
FS-013962,TI04,EXCLUDE_TITLE,TI02,Title names only herpes virus.
FS-013963,TI04,EXCLUDE_TITLE,TI02,Title names only Chlamydomonas.
FS-013964,TI04,ADVANCE_TO_ABSTRACT,,
FS-013974,TI04,ADVANCE_TO_ABSTRACT,,
FS-013977,TI04,ADVANCE_TO_ABSTRACT,,
FS-013978,TI04,ADVANCE_TO_ABSTRACT,,
FS-013982,TI04,EXCLUDE_TITLE,TI02,Title names only influenza virus and an egg technique.
FS-013984,TI04,EXCLUDE_TITLE,TI02,Title names only flagellates.
FS-013990,TI04,EXCLUDE_TITLE,TI04,CT radiation is the stated exposure.
FS-013992,TI04,EXCLUDE_TITLE,TI04,Drug prophylaxis is the stated intervention.
FS-013994,TI04,EXCLUDE_TITLE,TI04,Drug delivery is the stated intervention.
FS-013996,TI04,ADVANCE_TO_ABSTRACT,,
FS-013997,TI04,EXCLUDE_TITLE,TI04,Nanozyme treatment is the stated intervention.
FS-013998,TI04,EXCLUDE_TITLE,TI04,Nanomedicine is the stated intervention.
FS-013999,TI04,EXCLUDE_TITLE,TI04,X-irradiation is the stated exposure.
FS-014000,TI04,EXCLUDE_TITLE,TI04,Radiotherapy is the stated treatment.
FS-014002,TI04,ADVANCE_TO_ABSTRACT,,
FS-014003,TI04,EXCLUDE_TITLE,TI04,Targeted drug therapy is the stated intervention.
FS-014006,TI04,EXCLUDE_TITLE,TI04,Metals are the stated exposures.
FS-014007,TI04,EXCLUDE_TITLE,TI04,Gene knockout and surgery are stated interventions.
FS-014010,TI04,EXCLUDE_TITLE,TI04,Sivelestat is the stated intervention.
FS-014013,TI04,EXCLUDE_TITLE,TI04,Drug treatment and cyclophosphamide exposure are stated.
FS-014016,TI04,EXCLUDE_TITLE,TI04,Nanoprodrug delivery is the stated intervention.
FS-014017,TI04,ADVANCE_TO_ABSTRACT,,
FS-014018,TI04,EXCLUDE_TITLE,TI02,Title names only a virus as an organism.
FS-014020,TI04,EXCLUDE_TITLE,TI04,Intermittent hypoxia is the stated exposure.
FS-014021,TI04,EXCLUDE_TITLE,TI04,Chlamydia infection is the stated exposure.
FS-014023,TI04,EXCLUDE_TITLE,TI04,Drug prophylaxis and chemotherapy are stated interventions.
FS-014024,TI04,EXCLUDE_TITLE,TI04,Herbal treatment is the stated intervention.
FS-014026,TI04,EXCLUDE_TITLE,TI04,Pelubiprofen is the stated intervention.
FS-014031,TI04,EXCLUDE_TITLE,TI04,Radiation treatment is the stated exposure.
FS-014032,TI04,ADVANCE_TO_ABSTRACT,,
FS-014033,TI04,EXCLUDE_TITLE,TI04,Ultrasound is the stated intervention.
FS-014034,TI04,EXCLUDE_TITLE,TI04,Surgical wound therapy is the stated intervention.
FS-014038,TI04,EXCLUDE_TITLE,TI04,Virus strains are the stated exposure.
FS-014039,TI04,EXCLUDE_TITLE,TI04,Acupuncture is the stated intervention.
FS-014041,TI04,EXCLUDE_TITLE,TI04,Doxorubicin is the stated exposure.
FS-014045,TI04,ADVANCE_TO_ABSTRACT,,
FS-014047,TI04,EXCLUDE_TITLE,TI04,Drug treatment is the stated intervention.
FS-014049,TI04,ADVANCE_TO_ABSTRACT,,
FS-014050,TI04,EXCLUDE_TITLE,TI04,Bortezomib is the stated exposure.
FS-014051,TI04,EXCLUDE_TITLE,TI04,Polysaccharide-based therapy is the stated intervention.
FS-014052,TI04,EXCLUDE_TITLE,TI04,Ischemic preconditioning is the stated intervention.
FS-014053,TI04,EXCLUDE_TITLE,TI04,Dichloroacetate is the stated intervention.
FS-014054,TI04,ADVANCE_TO_ABSTRACT,,
FS-014057,TI04,EXCLUDE_TITLE,TI04,Melatonin therapy is the stated topic.
FS-014058,TI04,ADVANCE_TO_ABSTRACT,,
FS-014061,TI04,EXCLUDE_TITLE,TI04,Antitumor drug formulations are the stated intervention.
FS-014062,TI04,ADVANCE_TO_ABSTRACT,,
FS-014063,TI04,EXCLUDE_TITLE,TI02,Title names only microbes and cultured cells.
FS-014065,TI04,EXCLUDE_TITLE,TI04,Business training is clearly non-physical.
FS-014067,TI04,EXCLUDE_TITLE,TI04,Drug administration is the stated intervention.
FS-014069,TI04,EXCLUDE_TITLE,TI02,Title names only a plant and tumor cells.
FS-014070,TI04,ADVANCE_TO_ABSTRACT,,
FS-014072,TI04,EXCLUDE_TITLE,TI02,Title names only fungal pathogenesis.
FS-014075,TI04,EXCLUDE_TITLE,TI04,Ionizing radiation is the stated exposure.
FS-014079,TI04,EXCLUDE_TITLE,TI04,Surgery is the stated intervention.
FS-014080,TI04,EXCLUDE_TITLE,TI04,Stem cell transplantation is the stated intervention.
FS-014084,TI04,ADVANCE_TO_ABSTRACT,,
FS-014086,TI04,EXCLUDE_TITLE,TI02,Title names only a green alga and its virus.
FS-014087,TI04,EXCLUDE_TITLE,TI04,Title studies saponin administration without exercise context.
FS-014100,TI04,EXCLUDE_TITLE,TI04,Gluten challenge is the stated exposure.
FS-014101,TI04,EXCLUDE_TITLE,TI04,Drug combination is the stated intervention.
FS-014103,TI04,EXCLUDE_TITLE,TI04,Antiviral therapy is the stated intervention.
FS-014109,TI04,EXCLUDE_TITLE,TI04,Prophylactic drug use is the stated exposure.
FS-014111,TI04,EXCLUDE_TITLE,TI04,Shock wave therapy is the stated intervention.
FS-014115,TI04,EXCLUDE_TITLE,TI04,Remote ischaemic preconditioning is the stated intervention.
FS-014118,TI04,EXCLUDE_TITLE,TI04,Filgrastim prophylaxis is the stated exposure.
FS-014119,TI04,EXCLUDE_TITLE,TI04,Dietary antioxidant intake is the stated exposure.
FS-014122,TI04,EXCLUDE_TITLE,TI04,Succinate is the stated non-exercise factor.
FS-014123,TI04,ADVANCE_TO_ABSTRACT,,
FS-014125,TI04,EXCLUDE_TITLE,TI04,Pollutants are the stated exposures.
FS-014131,TI04,EXCLUDE_TITLE,TI04,Remote ischemic conditioning is the stated intervention.
FS-014134,TI04,ADVANCE_TO_ABSTRACT,,
FS-014135,TI04,ADVANCE_TO_ABSTRACT,,
FS-014136,TI04,EXCLUDE_TITLE,TI02,Title names only a plant and viruses.
FS-014137,TI04,EXCLUDE_TITLE,TI04,Remote ischaemic preconditioning is the stated intervention.
FS-014138,TI04,EXCLUDE_TITLE,TI04,Growth factor prophylaxis is the stated intervention.
FS-014143,TI04,ADVANCE_TO_ABSTRACT,,
FS-014145,TI04,EXCLUDE_TITLE,TI04,Sleep fragmentation is the stated exposure.
FS-014146,TI04,EXCLUDE_TITLE,TI04,Ischemic postconditioning is the stated intervention.
FS-014147,TI04,EXCLUDE_TITLE,TI04,Leukocyte growth factor treatment is the stated intervention.
FS-014148,TI04,EXCLUDE_TITLE,TI02,Title names only a diatom.
FS-014149,TI04,EXCLUDE_TITLE,TI04,Radionuclide therapy is the study intervention.
FS-014155,TI04,EXCLUDE_TITLE,TI04,Chemotherapy switch is the study intervention.
FS-014159,TI04,ADVANCE_TO_ABSTRACT,,
FS-014163,TI04,EXCLUDE_TITLE,TI04,Chemotherapeutic agents are the named exposure.
FS-014164,TI04,EXCLUDE_TITLE,TI04,Laser tooth whitening is the study intervention.
FS-014168,TI04,EXCLUDE_TITLE,TI04,Liver transplantation is the study intervention.
FS-014169,TI04,EXCLUDE_TITLE,TI04,Vaccination is the named exposure.
FS-014171,TI04,EXCLUDE_TITLE,TI04,Interaction with human neutrophils is the named exposure.
FS-014173,TI04,EXCLUDE_TITLE,TI04,Intravenous medications are the study topic.
FS-014174,TI04,EXCLUDE_TITLE,TI04,Drug delivery for postoperative analgesia is the study intervention.
FS-014178,TI04,EXCLUDE_TITLE,TI04,Radiotherapy and immunotherapy are the study interventions.
FS-014179,TI04,ADVANCE_TO_ABSTRACT,,
FS-014182,TI04,EXCLUDE_TITLE,TI04,Peg-GCSF treatment is the study intervention.
FS-014183,TI04,EXCLUDE_TITLE,TI04,Wood smoke exposure is explicitly studied.
FS-014184,TI04,EXCLUDE_TITLE,TI04,Isatuximab and steroids are the study treatment.
FS-014185,TI04,EXCLUDE_TITLE,TI04,Photopheresis is the study intervention.
FS-014191,TI04,EXCLUDE_TITLE,TI04,Radiation is the named exposure.
FS-014192,TI04,EXCLUDE_TITLE,TI04,Shockwave histotripsy is the study intervention.
FS-014194,TI04,EXCLUDE_TITLE,TI04,Cellular stress is the named exposure.
FS-014196,TI04,EXCLUDE_TITLE,TI04,Aldehyde-scavenging polypeptides are the study intervention.
FS-014202,TI04,EXCLUDE_TITLE,TI04,Dostarlimab is the named drug exposure.
FS-014204,TI04,EXCLUDE_TITLE,TI04,Remote ischaemic preconditioning is the study intervention.
FS-014206,TI04,EXCLUDE_TITLE,TI04,Remote ischemic conditioning is the study intervention.
FS-014208,TI04,EXCLUDE_TITLE,TI04,Fluoxetine is the study intervention.
FS-014211,TI04,EXCLUDE_TITLE,TI04,Peritoneal lavage is the study intervention.
FS-014214,TI04,EXCLUDE_TITLE,TI04,Avelumab therapy is the stated non-exercise exposure.
FS-014215,TI04,EXCLUDE_TITLE,TI04,Studies ultrasound-assisted drug delivery.
FS-014216,TI04,EXCLUDE_TITLE,TI04,Ventilation is the stated intervention.
FS-014220,TI04,ADVANCE_TO_ABSTRACT,,
FS-014223,TI04,EXCLUDE_TITLE,TI04,Immunization is the stated non-exercise topic.
FS-014224,TI04,EXCLUDE_TITLE,TI02,Title names only lettuce and bacteria.
FS-014226,TI04,EXCLUDE_TITLE,TI04,Dioscorea powder is the stated intervention.
FS-014227,TI04,EXCLUDE_TITLE,TI04,Radioligand therapy is the stated treatment context.
FS-014231,TI04,EXCLUDE_TITLE,TI04,Studies acyclovir nanoparticle delivery.
FS-014234,TI04,EXCLUDE_TITLE,TI02,Title names only a virus.
FS-014236,TI04,EXCLUDE_TITLE,TI04,Erenumab application is the stated exposure.
FS-014238,TI04,EXCLUDE_TITLE,TI04,Purpurin is the stated intervention.
FS-014239,TI04,EXCLUDE_TITLE,TI04,Photodynamic cancer therapy is the stated intervention.
FS-014240,TI04,EXCLUDE_TITLE,TI04,Photobiomodulation is the stated treatment.
FS-014242,TI04,ADVANCE_TO_ABSTRACT,,
FS-014245,TI05,EXCLUDE_TITLE,TI05,Named outcomes are cortisol and creatine kinase only.
FS-014246,TI04,ADVANCE_TO_ABSTRACT,,
FS-014248,TI04,ADVANCE_TO_ABSTRACT,,
FS-014250,TI05,ADVANCE_TO_ABSTRACT,,
FS-014251,TI04,EXCLUDE_TITLE,TI04,Gluten administration is the stated intervention.
FS-014253,TI04,EXCLUDE_TITLE,TI04,Pegfilgrastim prophylaxis is the stated exposure.
FS-014255,TI04,EXCLUDE_TITLE,TI04,Studies a device for drug administration.
FS-014257,TI04,ADVANCE_TO_ABSTRACT,,
FS-014258,TI04,EXCLUDE_TITLE,TI02,In vitro study names only a virus.
FS-014259,TI04,EXCLUDE_TITLE,TI04,Extracorporeal circulation is the stated non-exercise exposure.
FS-014260,TI04,EXCLUDE_TITLE,TI04,Drug intervention; no exercise context.
FS-014264,TI04,EXCLUDE_TITLE,TI04,Hyperbaric oxygen and immunosuppression are the treatments studied.
FS-014265,TI04,ADVANCE_TO_ABSTRACT,,
FS-014268,TI04,EXCLUDE_TITLE,TI04,Antibiotic treatment is the study exposure.
FS-014271,TI04,EXCLUDE_TITLE,TI02,Title names only a microbe and macrophages.
FS-014272,TI04,EXCLUDE_TITLE,TI04,Drug nanoparticles are the treatment studied.
FS-014273,TI04,EXCLUDE_TITLE,TI02,Study uses an in vitro human airway epithelium model.
FS-014275,TI04,EXCLUDE_TITLE,TI02,Title names only cultured human cells.
FS-014277,TI04,EXCLUDE_TITLE,TI04,Ischemic preconditioning during angiography is the study intervention.
FS-014278,TI04,ADVANCE_TO_ABSTRACT,,
FS-014280,TI04,EXCLUDE_TITLE,TI04,Lentiviral transduction is the study exposure.
FS-014282,TI04,EXCLUDE_TITLE,TI04,Economic recession is the study topic; no physical activity context.
FS-014283,TI04,EXCLUDE_TITLE,TI02,Title names only a microbe; host organism is unspecified.
FS-014288,TI04,EXCLUDE_TITLE,TI04,Kefir consumption is the study exposure.
FS-014290,TI04,EXCLUDE_TITLE,TI04,Pantoprazole is the study intervention.
FS-014291,TI04,EXCLUDE_TITLE,TI04,Drug treatments are the study interventions.
FS-014294,TI04,EXCLUDE_TITLE,TI04,Granulocyte-colony stimulating factor administration is the study intervention.
FS-014298,TI04,ADVANCE_TO_ABSTRACT,,
FS-014299,TI04,EXCLUDE_TITLE,TI02,Study uses a human bladder-chip model of bacterial infection.
FS-014301,TI04,EXCLUDE_TITLE,TI04,Mecapegfilgrastim prophylaxis is the study intervention.
FS-014303,TI04,EXCLUDE_TITLE,TI04,Combined drug therapy is the study intervention.
FS-014304,TI04,ADVANCE_TO_ABSTRACT,,
FS-014307,TI04,EXCLUDE_TITLE,TI04,Combined drug treatment is the study intervention.
FS-014308,TI04,EXCLUDE_TITLE,TI04,Inhaled iloprost is the study exposure.
FS-014310,TI04,ADVANCE_TO_ABSTRACT,,
FS-014311,TI04,EXCLUDE_TITLE,TI02,Title names only a virus.
FS-014314,TI04,EXCLUDE_TITLE,TI04,Severe hypoxia is the stated exposure.
FS-014315,TI04,EXCLUDE_TITLE,TI04,Title studies anticancer agents without exercise context.
FS-014319,TI04,EXCLUDE_TITLE,TI04,Radionuclide therapy is the stated exposure.
FS-014321,TI04,ADVANCE_TO_ABSTRACT,,
FS-014324,TI04,EXCLUDE_TITLE,TI04,Title studies photodynamic therapy without exercise context.
FS-014326,TI04,EXCLUDE_TITLE,TI04,Melatonin pretreatment is the stated intervention.
FS-014327,TI04,EXCLUDE_TITLE,TI04,Immunotherapy administration is the stated intervention.
FS-014328,TI04,EXCLUDE_TITLE,TI02,Title names porcine infection only.
FS-014332,TI04,EXCLUDE_TITLE,TI04,Drug combination is the stated intervention.
FS-014335,TI04,ADVANCE_TO_ABSTRACT,,
FS-014336,TI04,EXCLUDE_TITLE,TI04,Ischemic preconditioning during surgery is the stated intervention.
FS-014338,TI04,ADVANCE_TO_ABSTRACT,,
FS-014339,TI04,EXCLUDE_TITLE,TI02,Title names only a virus.
FS-014341,TI04,EXCLUDE_TITLE,TI04,Ischemic preconditioning during surgery is the stated intervention.
FS-014342,TI04,EXCLUDE_TITLE,TI04,Intravenous immunoglobulin is the stated exposure.
FS-014344,TI04,EXCLUDE_TITLE,TI04,Partial hepatectomy is the stated intervention.
FS-014349,TI04,EXCLUDE_TITLE,TI04,Indomethacin is the stated exposure.
FS-014352,TI04,EXCLUDE_TITLE,TI04,Stem cell therapy is the stated intervention.
FS-014353,TI04,EXCLUDE_TITLE,TI04,Sleep restriction is the stated exposure.
FS-014354,TI04,EXCLUDE_TITLE,TI04,Naproxen treatment is the stated exposure.
FS-014355,TI04,EXCLUDE_TITLE,TI04,Topical diclofenac is the stated intervention.
FS-014358,TI05,EXCLUDE_TITLE,TI05,Blood lactate is the only named outcome.
FS-014360,TI04,EXCLUDE_TITLE,TI04,Glucocorticoid exposure is stated.
FS-014362,TI04,EXCLUDE_TITLE,TI04,Estrogen level is the stated exposure.
FS-014363,TI04,EXCLUDE_TITLE,TI04,Partial hepatectomy is the stated exposure.
FS-014364,TI04,EXCLUDE_TITLE,TI04,Sildenafil treatment is the stated intervention.
FS-014367,TI04,EXCLUDE_TITLE,TI04,Radiation exposure is the stated exposure.
FS-014369,TI04,EXCLUDE_TITLE,TI04,Title studies drug treatment.
FS-014370,TI05,EXCLUDE_TITLE,TI05,Vertical jump performance is the only named outcome.
FS-014374,TI04,EXCLUDE_TITLE,TI04,Montelukast is the stated intervention.
FS-014376,TI05,ADVANCE_TO_ABSTRACT,,
FS-014381,TI04,EXCLUDE_TITLE,TI04,Remote ischemic preconditioning before surgery is the stated intervention.
FS-014382,TI04,EXCLUDE_TITLE,TI04,Composite dust is the stated exposure.
FS-014383,TI04,EXCLUDE_TITLE,TI02,Title names only Trypanosoma cruzi.
FS-014385,TI04,EXCLUDE_TITLE,TI04,Remote ischaemic preconditioning is the stated intervention.
FS-014386,TI04,EXCLUDE_TITLE,TI04,Title studies drug treatment.
FS-014391,TI04,EXCLUDE_TITLE,TI04,Printer emissions are the stated exposure.
FS-014396,TI04,EXCLUDE_TITLE,TI04,Oxidative stress is the stated exposure.
FS-014398,TI04,EXCLUDE_TITLE,TI04,Lactoferrin pretreatment is the stated intervention.
FS-014400,TI04,ADVANCE_TO_ABSTRACT,,
FS-014401,TI04,EXCLUDE_TITLE,TI04,Kidney injury is the stated event preceding repair.
FS-014404,TI04,EXCLUDE_TITLE,TI04,Title studies drug treatment.
FS-014406,TI04,EXCLUDE_TITLE,TI04,Stem cell treatment is the stated intervention.
FS-014410,TI04,EXCLUDE_TITLE,TI04,Title compares drug treatments.
FS-014411,TI04,EXCLUDE_TITLE,TI04,High-fat meal intake is the stated exposure.
FS-014413,TI04,EXCLUDE_TITLE,TI04,Pegfilgrastim prophylaxis is the stated intervention.
FS-014420,TI04,EXCLUDE_TITLE,TI04,Protamine administration is the stated exposure.
FS-014421,TI04,EXCLUDE_TITLE,TI04,Receptor blockade is the stated intervention.
FS-014424,TI04,EXCLUDE_TITLE,TI04,Chemotherapy is the stated exposure.
FS-014428,TI04,EXCLUDE_TITLE,TI04,Amino acid infusion is the study exposure.
FS-014430,TI04,EXCLUDE_TITLE,TI04,Ion beam irradiation is the study exposure.
FS-014433,TI04,EXCLUDE_TITLE,TI04,Dye exposure is the study topic.
FS-014437,TI04,EXCLUDE_TITLE,TI04,Estradiol is the named intervention.
FS-014439,TI04,ADVANCE_TO_ABSTRACT,,
FS-014440,TI04,EXCLUDE_TITLE,TI04,Cigarette smoke is the study exposure.
FS-014448,TI04,EXCLUDE_TITLE,TI04,Remote ischemic conditioning is the intervention.
FS-014450,TI04,EXCLUDE_TITLE,TI04,Oncolytic virus treatment is the study intervention.
FS-014451,TI04,EXCLUDE_TITLE,TI04,PHA-M stimulation is the study exposure.
FS-014452,TI04,EXCLUDE_TITLE,TI02,Title names only a virus and an in vitro infection model.
FS-014453,TI04,EXCLUDE_TITLE,TI04,Ionic silver is the study exposure.
FS-014454,TI04,EXCLUDE_TITLE,TI04,Locked nucleic acid treatment is the study exposure.
FS-014456,TI04,EXCLUDE_TITLE,TI04,Ischemic post-conditioning is the intervention.
FS-014459,TI04,EXCLUDE_TITLE,TI04,Tacrolimus and mycophenolate are the study interventions.
FS-014460,TI04,EXCLUDE_TITLE,TI04,Sample processing conditions are the study exposures.
FS-014463,TI04,ADVANCE_TO_ABSTRACT,,
FS-014466,TI04,EXCLUDE_TITLE,TI04,Plant extract photosensitizer is the study intervention.
FS-014471,TI04,EXCLUDE_TITLE,TI04,Pembrolizumab is the study intervention.
FS-014472,TI05,ADVANCE_TO_ABSTRACT,,
FS-014484,TI04,EXCLUDE_TITLE,TI02,Title names only a virus.
FS-014486,TI04,EXCLUDE_TITLE,TI04,Elvitegravir delivery is the study intervention.
FS-014487,TI04,EXCLUDE_TITLE,TI04,Trastuzumab treatments are the study interventions.
FS-014488,TI05,ADVANCE_TO_ABSTRACT,,
FS-014490,TI04,EXCLUDE_TITLE,TI02,Title names only bacterial species.
FS-014492,TI04,EXCLUDE_TITLE,TI04,Remote ischemic preconditioning is the study intervention.
FS-014494,TI04,EXCLUDE_TITLE,TI04,Marathon is used figuratively for hepatitis C.
FS-014495,TI04,EXCLUDE_TITLE,TI04,Drug treatment is the stated exposure.
FS-014497,TI04,EXCLUDE_TITLE,TI04,Chemotherapy is the stated exposure.
FS-014499,TI04,EXCLUDE_TITLE,TI02,Title names only a fungus.
FS-014500,TI04,EXCLUDE_TITLE,TI04,BCG infection is the stated exposure.
FS-014502,TI04,ADVANCE_TO_ABSTRACT,,
FS-014503,TI04,EXCLUDE_TITLE,TI04,Pomegranate polyphenolics are the stated intervention.
FS-014504,TI04,EXCLUDE_TITLE,TI04,Bromocriptine is the stated intervention.
FS-014505,TI04,EXCLUDE_TITLE,TI04,Chemotherapy and radiotherapy are the stated treatments.
FS-014506,TI04,EXCLUDE_TITLE,TI04,Alemtuzumab treatment is the stated exposure.
FS-014508,TI04,EXCLUDE_TITLE,TI04,Drug treatment is the stated intervention.
FS-014509,TI04,EXCLUDE_TITLE,TI04,Cladribine application is the stated exposure.
FS-014511,TI04,EXCLUDE_TITLE,TI04,Stem cell treatment is the stated intervention.
FS-014513,TI05,ADVANCE_TO_ABSTRACT,,
FS-014514,TI04,EXCLUDE_TITLE,TI04,Renal sympathetic denervation is the stated intervention.
FS-014516,TI04,EXCLUDE_TITLE,TI04,Title names antiallergy drugs as its topic.
FS-014521,TI04,EXCLUDE_TITLE,TI04,Viper envenomation is the stated exposure.
FS-014523,TI04,ADVANCE_TO_ABSTRACT,,
FS-014524,TI04,EXCLUDE_TITLE,TI04,Moisturizing foam is the stated intervention.
FS-014525,TI04,ADVANCE_TO_ABSTRACT,,
FS-014527,TI04,ADVANCE_TO_ABSTRACT,,
FS-014528,TI04,EXCLUDE_TITLE,TI04,Stem cell reinfusion is the stated treatment.
FS-014530,TI04,EXCLUDE_TITLE,TI04,Methylmercury is the stated exposure.
FS-014534,TI04,EXCLUDE_TITLE,TI04,Allergen bronchoprovocation is the stated exposure.
FS-014536,TI04,EXCLUDE_TITLE,TI02,Title names only bacteria and apples.
FS-014537,TI04,EXCLUDE_TITLE,TI04,Repeated social defeat is a psychological stress exposure.
FS-014538,TI04,EXCLUDE_TITLE,TI04,Sepsis is the stated cause of the metabolic changes.
FS-014540,TI04,EXCLUDE_TITLE,TI04,Mesenchymal stem cells are the stated intervention.
FS-014542,TI04,ADVANCE_TO_ABSTRACT,,
FS-014544,TI04,EXCLUDE_TITLE,TI04,Study exposure is a Notch inhibitor.
FS-014549,TI04,EXCLUDE_TITLE,TI04,Study exposure is antiseptic solutions.
FS-014552,TI04,EXCLUDE_TITLE,TI04,Study exposure is a P53 inhibitor.
FS-014553,TI04,EXCLUDE_TITLE,TI04,Study exposure is guarana catechins.
FS-014554,TI04,EXCLUDE_TITLE,TI04,Study exposure is an amiodarone-impregnated material.
FS-014555,TI04,ADVANCE_TO_ABSTRACT,,
FS-014556,TI04,ADVANCE_TO_ABSTRACT,,
FS-014557,TI04,EXCLUDE_TITLE,TI04,Study compares drug treatments during chemotherapy.
FS-014558,TI04,EXCLUDE_TITLE,TI04,Radiation is the stated exposure.
FS-014559,TI04,EXCLUDE_TITLE,TI04,Study intervention is ischemic perconditioning during surgery.
FS-014561,TI04,EXCLUDE_TITLE,TI04,Title studies properties of a drug compound.
FS-014564,TI04,EXCLUDE_TITLE,TI04,Iron oxide nanoparticles are the stated exposure.
FS-014566,TI04,ADVANCE_TO_ABSTRACT,,
FS-014568,TI04,EXCLUDE_TITLE,TI04,Title concerns topical treatments for burns.
FS-014572,TI04,EXCLUDE_TITLE,TI04,Study intervention is lipegfilgrastim.
FS-014573,TI04,EXCLUDE_TITLE,TI04,Study intervention is intravitreal digoxin.
FS-014574,TI04,ADVANCE_TO_ABSTRACT,,
FS-014577,TI04,ADVANCE_TO_ABSTRACT,,
FS-014578,TI04,EXCLUDE_TITLE,TI04,Study interventions are trabectedin and docetaxel.
FS-014579,TI04,EXCLUDE_TITLE,TI04,Study compares drug treatments during chemotherapy.
FS-014581,TI04,EXCLUDE_TITLE,TI04,Study exposure is remote ischemic preconditioning.
FS-014582,TI04,EXCLUDE_TITLE,TI04,Acute infection is the stated exposure; no exercise context.
FS-014587,TI04,EXCLUDE_TITLE,TI04,Optical clearing agents are the stated exposure; no exercise context.
FS-014589,TI04,EXCLUDE_TITLE,TI04,Inhaled allergen is the stated exposure; no exercise context.
FS-014590,TI04,ADVANCE_TO_ABSTRACT,,
FS-014594,TI04,EXCLUDE_TITLE,TI04,Drug combination is the stated intervention; no exercise context.
FS-014596,TI04,ADVANCE_TO_ABSTRACT,,
FS-014598,TI05,EXCLUDE_TITLE,TI04,Omega-3 fatty acids are the stated intervention; no exercise context.
FS-014599,TI04,EXCLUDE_TITLE,TI04,Remote ischemic conditioning is the stated intervention; no exercise context.
FS-014603,TI04,EXCLUDE_TITLE,TI04,Intermittent hypoxia is the stated exposure; no exercise context.
FS-014604,TI04,EXCLUDE_TITLE,TI04,Photodynamic therapy is the stated intervention; no exercise context.
FS-014605,TI04,EXCLUDE_TITLE,TI04,Plant-derived glycoside is the stated intervention; no exercise context.
FS-014609,TI04,EXCLUDE_TITLE,TI04,Epigallocatechin gallate is the stated intervention; no exercise context.
FS-014612,TI04,ADVANCE_TO_ABSTRACT,,
FS-014614,TI04,EXCLUDE_TITLE,TI04,NSAID is the stated intervention; no exercise context.
FS-014615,TI04,ADVANCE_TO_ABSTRACT,,
FS-014616,TI04,EXCLUDE_TITLE,TI04,Ionizing radiation is the stated exposure; no exercise context.
FS-014617,TI04,ADVANCE_TO_ABSTRACT,,
FS-014618,TI04,EXCLUDE_TITLE,TI04,Chemotherapy regimen is the stated intervention; no exercise context.
FS-014619,TI04,EXCLUDE_TITLE,TI04,Drug is the stated therapeutic intervention; no exercise context.
FS-014621,TI04,EXCLUDE_TITLE,TI04,Ovulation triggering is the stated intervention; no exercise context.
FS-014622,TI04,EXCLUDE_TITLE,TI04,Space radiation is the stated exposure; no exercise context.
FS-014623,TI04,EXCLUDE_TITLE,TI04,Oncolytic virus is the stated exposure; no exercise context.
FS-014624,TI04,ADVANCE_TO_ABSTRACT,,
FS-014625,TI04,ADVANCE_TO_ABSTRACT,,
FS-014627,TI04,EXCLUDE_TITLE,TI02,Title names only microbial organisms.
FS-014628,TI04,EXCLUDE_TITLE,TI04,Nanoparticle exposure is the study exposure.
FS-014632,TI04,EXCLUDE_TITLE,TI04,Fish oil is the study exposure.
FS-014634,TI04,EXCLUDE_TITLE,TI04,Voluntary child welfare services are the intervention.
FS-014635,TI04,ADVANCE_TO_ABSTRACT,,
FS-014637,TI04,ADVANCE_TO_ABSTRACT,,
FS-014638,TI04,EXCLUDE_TITLE,TI04,Nanoparticles are the study exposure.
FS-014639,TI04,EXCLUDE_TITLE,TI02,Title names only microbes.
FS-014644,TI04,EXCLUDE_TITLE,TI04,G-CSF and chemotherapy are the study treatments.
FS-014645,TI04,EXCLUDE_TITLE,TI04,Superoxide anion is the stated stimulus.
FS-014655,TI04,EXCLUDE_TITLE,TI02,Title names only a microbe.
FS-014658,TI04,EXCLUDE_TITLE,TI04,Andrographolide is the study intervention.
FS-014659,TI04,ADVANCE_TO_ABSTRACT,,
FS-014662,TI04,EXCLUDE_TITLE,TI04,X-ray exposure is stated.
FS-014664,TI04,ADVANCE_TO_ABSTRACT,,
FS-014667,TI04,ADVANCE_TO_ABSTRACT,,
FS-014669,TI04,EXCLUDE_TITLE,TI02,Title names only a bacterium.
FS-014670,TI04,EXCLUDE_TITLE,TI04,Smoke condensates are the study exposure.
FS-014671,TI04,EXCLUDE_TITLE,TI04,Ischemic preconditioning is the intervention.
FS-014673,TI04,EXCLUDE_TITLE,TI04,G-CSF treatment is the study exposure.
FS-014675,TI04,EXCLUDE_TITLE,TI04,Cigarette smoke is the study exposure.
FS-014676,TI04,ADVANCE_TO_ABSTRACT,,
FS-014677,TI04,EXCLUDE_TITLE,TI04,Ischemic preconditioning during surgery is the intervention.
FS-014679,TI04,EXCLUDE_TITLE,TI04,Ischemic postconditioning is the intervention.
FS-014681,TI04,EXCLUDE_TITLE,TI04,DNA cross-linking drugs are the study exposure.
FS-014683,TI04,EXCLUDE_TITLE,TI04,Folate deficiency and radiation are the stated exposures.
FS-014684,TI05,EXCLUDE_TITLE,TI04,Omega-3 intake is the study exposure.
FS-014685,TI04,EXCLUDE_TITLE,TI02,Title names only a grass species.
FS-014686,TI04,EXCLUDE_TITLE,TI04,Paraquat exposure is the study context.
FS-014688,TI04,EXCLUDE_TITLE,TI04,Study examines cancer drugs.
FS-014691,TI04,EXCLUDE_TITLE,TI04,Coal tar pitch extract is the study exposure.
FS-014696,TI04,EXCLUDE_TITLE,TI04,Study examines a cancer drug.
FS-014699,TI04,EXCLUDE_TITLE,TI04,Sanding dust is the study exposure.
FS-014701,TI04,ADVANCE_TO_ABSTRACT,,
FS-014702,TI04,ADVANCE_TO_ABSTRACT,,
FS-014706,TI04,EXCLUDE_TITLE,TI02,Title names only fission yeast.
FS-014707,TI04,EXCLUDE_TITLE,TI04,Pegfilgrastim overdose is the study exposure.
FS-014709,TI04,EXCLUDE_TITLE,TI04,Study examines an enzyme as a therapeutic agent.
FS-014710,TI04,EXCLUDE_TITLE,TI04,Viral infection is the process studied over time.
FS-014714,TI04,EXCLUDE_TITLE,TI04,Interleukin-11 treatment is the study intervention.
FS-014715,TI04,EXCLUDE_TITLE,TI04,Plasma exchange is the study intervention.
FS-014720,TI04,EXCLUDE_TITLE,TI04,Drug and radiation are the study interventions.
FS-014721,TI04,EXCLUDE_TITLE,TI02,Title names only plant and animal test systems.
FS-014722,TI04,EXCLUDE_TITLE,TI04,Vehicular exhaust is the study exposure.
FS-014724,TI04,EXCLUDE_TITLE,TI02,Title names only bacterial cells.
FS-014725,TI04,EXCLUDE_TITLE,TI04,Radiation dose is the study exposure.
FS-014728,TI04,EXCLUDE_TITLE,TI04,Engineered arginase for cancer therapy is the study topic.
FS-014735,TI04,EXCLUDE_TITLE,TI04,Chrysin is the study exposure.
FS-014736,TI04,EXCLUDE_TITLE,TI04,Paclitaxel dosing is the study intervention.
FS-014737,TI04,EXCLUDE_TITLE,TI04,White bean meal is the study exposure.
FS-014738,TI04,EXCLUDE_TITLE,TI04,Ethyl pyruvate treatment is the study intervention.
FS-014739,TI04,EXCLUDE_TITLE,TI04,Radiotherapy is the stated exposure.
FS-014742,TI04,EXCLUDE_TITLE,TI04,Gene therapy is the stated intervention.
FS-014743,TI04,EXCLUDE_TITLE,TI04,Drug treatment is the stated exposure.
FS-014744,TI04,ADVANCE_TO_ABSTRACT,,
FS-014747,TI04,EXCLUDE_TITLE,TI04,Ischemic preconditioning during surgery is the stated intervention.
FS-014748,TI04,EXCLUDE_TITLE,TI04,Drug administration is the stated intervention.
FS-014754,TI04,ADVANCE_TO_ABSTRACT,,
FS-014757,TI04,EXCLUDE_TITLE,TI04,Erythropoietin modulation is the stated intervention.
FS-014761,TI04,EXCLUDE_TITLE,TI04,Irradiation is the stated exposure.
FS-014762,TI04,EXCLUDE_TITLE,TI04,Oxaliplatin exposure is stated.
FS-014763,TI04,EXCLUDE_TITLE,TI04,Food is the stated trigger.
FS-014767,TI04,EXCLUDE_TITLE,TI02,Title names only a bacterium.
FS-014768,TI04,EXCLUDE_TITLE,TI02,Title names only a virus.
FS-014773,TI04,EXCLUDE_TITLE,TI04,Newborn screening is the stated intervention.
FS-014776,TI04,EXCLUDE_TITLE,TI04,Postprandial serum is the stated exposure.
FS-014778,TI04,EXCLUDE_TITLE,TI04,A drug inhibitor is the stated exposure.
FS-014779,TI04,EXCLUDE_TITLE,TI04,Metal complexes are the stated exposure.
FS-014780,TI04,ADVANCE_TO_ABSTRACT,,
FS-014781,TI04,ADVANCE_TO_ABSTRACT,,
FS-014782,TI04,EXCLUDE_TITLE,TI04,A kinase inhibitor is the stated intervention.
FS-014783,TI04,ADVANCE_TO_ABSTRACT,,
FS-014785,TI04,EXCLUDE_TITLE,TI02,Title names only E. coli.
FS-014786,TI04,EXCLUDE_TITLE,TI04,Acute ischaemic injury is the stated exposure.
FS-014790,TI04,EXCLUDE_TITLE,TI04,Drug treatment during chemotherapy is the stated intervention.
FS-014793,TI04,EXCLUDE_TITLE,TI04,Calcimimetic treatment is the stated intervention.
FS-014795,TI04,EXCLUDE_TITLE,TI04,Chemotherapy is the study exposure.
FS-014796,TI04,EXCLUDE_TITLE,TI04,Drug treatment is the study exposure.
FS-014798,TI04,EXCLUDE_TITLE,TI02,Title names only algae.
FS-014799,TI04,EXCLUDE_TITLE,TI04,Viral infection is the study exposure.
FS-014802,TI04,EXCLUDE_TITLE,TI02,Title names only a bacterium.
FS-014804,TI04,EXCLUDE_TITLE,TI04,Training refers to clinical skills.
FS-014807,TI04,EXCLUDE_TITLE,TI04,Mild hypothermia is the study exposure.
FS-014810,TI04,ADVANCE_TO_ABSTRACT,,
FS-014811,TI04,EXCLUDE_TITLE,TI04,Bacterial infection is the study exposure.
FS-014817,TI04,EXCLUDE_TITLE,TI04,Intravesical therapy is the study exposure.
FS-014820,TI04,EXCLUDE_TITLE,TI04,Creatine supplementation is the study exposure.
FS-014821,TI04,EXCLUDE_TITLE,TI02,Title names only a bacterium.
FS-014822,TI04,EXCLUDE_TITLE,TI02,Title names only bacteria.
FS-014823,TI04,EXCLUDE_TITLE,TI04,Aneurysm repair is the study exposure.
FS-014825,TI04,EXCLUDE_TITLE,TI04,Chemotherapy is the study exposure.
FS-014826,TI04,EXCLUDE_TITLE,TI02,Title names only a virus.
FS-014829,TI04,EXCLUDE_TITLE,TI04,Aspirin is the study exposure.
FS-014830,TI04,EXCLUDE_TITLE,TI04,Drug dosing is the study exposure.
FS-014831,TI04,EXCLUDE_TITLE,TI02,Title names only a bacterium.
FS-014832,TI04,EXCLUDE_TITLE,TI04,Gene therapy is the study exposure.
FS-014833,TI04,EXCLUDE_TITLE,TI02,Title names only a bacterium.
FS-014837,TI04,EXCLUDE_TITLE,TI04,Radiation is the study exposure.
FS-014838,TI04,EXCLUDE_TITLE,TI04,Radiation is the study exposure.
FS-014841,TI04,EXCLUDE_TITLE,TI04,Ischemic preconditioning is the study exposure.
FS-014843,TI04,EXCLUDE_TITLE,TI04,Drug treatment and chemotherapy are the study exposures.
FS-014846,TI04,EXCLUDE_TITLE,TI04,Cytotoxic treatment is the stated exposure.
FS-014847,TI04,EXCLUDE_TITLE,TI04,Gene silencing is the stated intervention.
FS-014848,TI04,EXCLUDE_TITLE,TI04,Drug inhibitors are the stated exposure.
FS-014850,TI04,EXCLUDE_TITLE,TI04,Lactate stimulation is the stated exposure.
FS-014851,TI04,EXCLUDE_TITLE,TI02,Title names only a bacterium.
FS-014852,TI04,EXCLUDE_TITLE,TI04,Interleukin-2 treatment is the stated exposure.
FS-014855,TI04,EXCLUDE_TITLE,TI04,Radiotherapy is the stated exposure.
FS-014864,TI04,EXCLUDE_TITLE,TI02,Title names only a parasite.
FS-014866,TI04,ADVANCE_TO_ABSTRACT,,
FS-014869,TI04,EXCLUDE_TITLE,TI04,A vascular disrupting drug is the stated exposure.
FS-014873,TI04,ADVANCE_TO_ABSTRACT,,
FS-014875,TI04,EXCLUDE_TITLE,TI04,X-ray irradiation is the stated exposure.
FS-014878,TI04,EXCLUDE_TITLE,TI04,Drug therapy is the stated intervention.
FS-014879,TI04,EXCLUDE_TITLE,TI04,An engineered adenovirus is the stated intervention.
FS-014880,TI04,EXCLUDE_TITLE,TI04,Chemotherapy is the stated exposure.
FS-014884,TI04,ADVANCE_TO_ABSTRACT,,
FS-014885,TI04,EXCLUDE_TITLE,TI04,Thyroid hormone induction is the stated exposure.
FS-014892,TI04,EXCLUDE_TITLE,TI02,Title names only viruses as study organisms.
FS-014893,TI04,EXCLUDE_TITLE,TI04,THz radiation is the stated exposure.
FS-014894,TI04,ADVANCE_TO_ABSTRACT,,
FS-014897,TI04,ADVANCE_TO_ABSTRACT,,
FS-014900,TI04,EXCLUDE_TITLE,TI04,Drug and photodynamic therapy are the stated interventions.
FS-014903,TI04,EXCLUDE_TITLE,TI04,Nickel compound exposure is stated.
FS-014905,TI04,EXCLUDE_TITLE,TI04,Sumatriptan treatment is the stated intervention.
FS-014906,TI04,EXCLUDE_TITLE,TI04,Lymphocyte immunotherapy is the stated exposure.
FS-014908,TI04,EXCLUDE_TITLE,TI04,Tacrolimus pharmacokinetics names a drug exposure.
FS-014909,TI04,EXCLUDE_TITLE,TI04,Title studies drug therapy for asthma.
FS-014913,TI04,EXCLUDE_TITLE,TI04,Binge drinking is the stated exposure.
FS-014914,TI04,EXCLUDE_TITLE,TI04,Electromagnetic fields are the stated exposure.
FS-014916,TI04,ADVANCE_TO_ABSTRACT,,
FS-014918,TI04,ADVANCE_TO_ABSTRACT,,
FS-014919,TI04,EXCLUDE_TITLE,TI04,Pegfilgrastim and chemotherapy are the stated interventions.
FS-014923,TI04,EXCLUDE_TITLE,TI04,Montelukast treatment and allergen challenge are stated exposures.
FS-014924,TI04,EXCLUDE_TITLE,TI04,Gene therapy and chemotherapy are the stated interventions.
FS-014925,TI04,EXCLUDE_TITLE,TI04,Trauma-hemorrhage is the stated exposure.
FS-014926,TI04,EXCLUDE_TITLE,TI04,Stem cell therapy after infarction is the stated intervention.
FS-014928,TI04,EXCLUDE_TITLE,TI04,Bacillus Calmette-Guerin instillation is the stated intervention.
FS-014929,TI04,ADVANCE_TO_ABSTRACT,,
FS-014930,TI04,ADVANCE_TO_ABSTRACT,,
FS-014933,TI04,ADVANCE_TO_ABSTRACT,,
FS-014934,TI04,ADVANCE_TO_ABSTRACT,,
FS-014935,TI04,EXCLUDE_TITLE,TI04,Plasmapheresis is the stated treatment.
FS-014941,TI04,EXCLUDE_TITLE,TI02,Title names only a plant source.
FS-014946,TI04,EXCLUDE_TITLE,TI02,Title names only Escherichia coli.
FS-014947,TI04,EXCLUDE_TITLE,TI04,Traumatic axonal compaction is the stated exposure.
FS-014950,TI04,EXCLUDE_TITLE,TI04,Valproic acid and irradiation are the stated exposures.
FS-014951,TI04,ADVANCE_TO_ABSTRACT,,
FS-014952,TI04,EXCLUDE_TITLE,TI04,Ceftazidime monotherapy is the stated intervention.
FS-014953,TI04,EXCLUDE_TITLE,TI04,Conditional interferon expression is the stated intervention.
FS-014954,TI04,EXCLUDE_TITLE,TI02,Title names only chlamydiae.
FS-014955,TI04,EXCLUDE_TITLE,TI04,Hydroxyurea is the stated non-exercise exposure.
FS-014957,TI04,EXCLUDE_TITLE,TI04,Remote preconditioning is the stated non-exercise intervention.
FS-014960,TI04,ADVANCE_TO_ABSTRACT,,
FS-014961,TI04,ADVANCE_TO_ABSTRACT,,
FS-014963,TI04,EXCLUDE_TITLE,TI04,Chemotherapy is the stated intervention.
FS-014964,TI04,EXCLUDE_TITLE,TI04,Viral infection is the stated cause of apoptosis.
FS-014966,TI04,EXCLUDE_TITLE,TI04,Radiation and bleomycin are the stated exposures.
FS-014972,TI04,EXCLUDE_TITLE,TI04,Ionizing radiation is the stated exposure.
FS-014973,TI04,EXCLUDE_TITLE,TI04,The trial studies drug treatment.
FS-014974,TI04,EXCLUDE_TITLE,TI04,Repeated esophagitis and healing are the stated disease course.
FS-014992,TI04,EXCLUDE_TITLE,TI04,Organ transplantation is the stated intervention.
FS-014993,TI05,ADVANCE_TO_ABSTRACT,,
FS-014996,TI04,ADVANCE_TO_ABSTRACT,,
FS-015002,TI04,EXCLUDE_TITLE,TI04,The study tests a drug inhibitor.
FS-015003,TI04,ADVANCE_TO_ABSTRACT,,
FS-015004,TI04,EXCLUDE_TITLE,TI04,The study tests drug treatment.
FS-015006,TI04,EXCLUDE_TITLE,TI04,The trial tests drug treatment.
FS-015008,TI04,EXCLUDE_TITLE,TI04,The trial tests drug treatment.
FS-015009,TI04,EXCLUDE_TITLE,TI04,Brain ischemia is the stated exposure.
FS-015010,TI04,EXCLUDE_TITLE,TI04,Ischemic preconditioning is the stated intervention.
FS-015012,TI04,EXCLUDE_TITLE,TI02,Title names only wheat and maize.
FS-015013,TI04,EXCLUDE_TITLE,TI04,Oxygen stress is the stated exposure.
FS-015016,TI04,ADVANCE_TO_ABSTRACT,,
FS-015017,TI04,EXCLUDE_TITLE,TI04,Radiation is the stated exposure.
FS-015018,TI04,EXCLUDE_TITLE,TI04,Urban photochemical mixtures are the stated exposure.
FS-015021,TI04,EXCLUDE_TITLE,TI04,Dehydration is the stated non-exercise exposure.
FS-015022,TI04,EXCLUDE_TITLE,TI04,Drug and radioimmunotherapy trial; no exercise context.
FS-015024,TI04,EXCLUDE_TITLE,TI04,Drug treatment is the stated exposure.
FS-015025,TI04,EXCLUDE_TITLE,TI04,Drug treatment is the stated exposure.
FS-015026,TI04,ADVANCE_TO_ABSTRACT,,
FS-015027,TI04,EXCLUDE_TITLE,TI04,Urban versus country residence is the stated comparison.
FS-015028,TI04,ADVANCE_TO_ABSTRACT,,
FS-015029,TI04,EXCLUDE_TITLE,TI04,N-acetylcysteine is the stated intervention.
FS-015033,TI04,EXCLUDE_TITLE,TI04,Docetaxel treatment is the stated intervention.
FS-015036,TI04,EXCLUDE_TITLE,TI04,Surgery under anaesthesia is the stated exposure.
FS-015038,TI04,EXCLUDE_TITLE,TI04,Pegfilgrastim treatment is the stated intervention.
FS-015039,TI04,EXCLUDE_TITLE,TI04,Oxidative stress and irradiation are the stated exposures.
FS-015041,TI04,EXCLUDE_TITLE,TI04,Radiation and drug treatment are the stated interventions.
FS-015043,TI04,EXCLUDE_TITLE,TI04,Camptothecin treatment is the stated exposure.
FS-015050,TI04,EXCLUDE_TITLE,TI02,Title names only bacteria and plants.
FS-015052,TI04,EXCLUDE_TITLE,TI04,Leukocyte depletion during surgery is the stated intervention.
FS-015053,TI04,EXCLUDE_TITLE,TI04,Irradiation is the stated exposure.
FS-015054,TI04,EXCLUDE_TITLE,TI04,Drug and dialysis treatment are the stated exposures.
FS-015056,TI04,EXCLUDE_TITLE,TI04,Infection is the stated exposure affecting transcription.
FS-015062,TI04,EXCLUDE_TITLE,TI04,An anticancer drug is the stated topic.
FS-015066,TI04,EXCLUDE_TITLE,TI04,Drug activity is the stated topic.
FS-015068,TI04,EXCLUDE_TITLE,TI04,Radiofrequency exposure is the stated exposure.
FS-015073,TI04,EXCLUDE_TITLE,TI04,Drug treatment is the stated intervention.
FS-015078,TI04,EXCLUDE_TITLE,TI04,Drug and radiation exposures are stated.
FS-015080,TI04,EXCLUDE_TITLE,TI04,Cancer treatment is the stated exposure associated with fatigue.
FS-015081,TI04,EXCLUDE_TITLE,TI04,Ultraviolet radiation is the study exposure.
FS-015084,TI04,ADVANCE_TO_ABSTRACT,,
FS-015085,TI04,EXCLUDE_TITLE,TI04,Drug injections are the study interventions.
FS-015087,TI04,EXCLUDE_TITLE,TI04,A drug combination is the study intervention.
FS-015088,TI04,ADVANCE_TO_ABSTRACT,,
FS-015092,TI04,EXCLUDE_TITLE,TI04,A drug is the study intervention.
FS-015093,TI04,ADVANCE_TO_ABSTRACT,,
FS-015094,TI04,EXCLUDE_TITLE,TI04,G-CSF administration is the study intervention.
FS-015096,TI04,EXCLUDE_TITLE,TI02,Title names only a microbe.
FS-015101,TI04,EXCLUDE_TITLE,TI04,Ischemic preconditioning is the study exposure.
FS-015102,TI04,EXCLUDE_TITLE,TI04,Drugs are the study interventions.
FS-015104,TI04,EXCLUDE_TITLE,TI04,Antineoplastic treatments are the study exposures.
FS-015109,TI04,EXCLUDE_TITLE,TI04,Pesticide exposure is studied in human lymphocytes.
FS-015111,TI04,EXCLUDE_TITLE,TI04,Snake venom is the study exposure.
FS-015114,TI04,EXCLUDE_TITLE,TI04,Interleukin-2 treatment is the study exposure.
FS-015116,TI04,EXCLUDE_TITLE,TI02,Title concerns only viral DNA.
FS-015119,TI04,EXCLUDE_TITLE,TI04,Partial hepatectomy is the study intervention.
FS-015122,TI04,EXCLUDE_TITLE,TI04,An immunoconjugate drug is the study intervention.
FS-015126,TI04,EXCLUDE_TITLE,TI02,Title concerns only viral complexes.
FS-015127,TI04,EXCLUDE_TITLE,TI04,Combined drugs are the study intervention.
FS-015129,TI04,EXCLUDE_TITLE,TI04,Drug treatment is the study intervention.
FS-015130,TI04,EXCLUDE_TITLE,TI04,Leucodepletion is the study intervention.
FS-015131,TI04,EXCLUDE_TITLE,TI04,Dialyzer membrane exposure is studied.
FS-015132,TI04,EXCLUDE_TITLE,TI04,Drug treatment is the study intervention.
FS-015133,TI04,EXCLUDE_TITLE,TI04,Radiation is the study exposure.
FS-015139,TI04,EXCLUDE_TITLE,TI04,Title studies cancer drug treatment.
FS-015141,TI04,EXCLUDE_TITLE,TI02,Title names only a protozoan parasite.
FS-015145,TI04,ADVANCE_TO_ABSTRACT,,
FS-015152,TI04,ADVANCE_TO_ABSTRACT,,
FS-015155,TI04,EXCLUDE_TITLE,TI04,Title studies chemotherapy.
FS-015161,TI04,EXCLUDE_TITLE,TI04,Title studies drug treatment.
FS-015162,TI04,EXCLUDE_TITLE,TI02,Title studies Tetrahymena only.
FS-015166,TI04,ADVANCE_TO_ABSTRACT,,
FS-015168,TI04,EXCLUDE_TITLE,TI04,Title studies effects of a drug.
FS-015170,TI04,EXCLUDE_TITLE,TI04,Title studies UVA exposure.
FS-015177,TI04,ADVANCE_TO_ABSTRACT,,
FS-015181,TI04,EXCLUDE_TITLE,TI04,Title studies patients treated with cancer drugs.
FS-015183,TI04,EXCLUDE_TITLE,TI04,Title studies chemotherapy.
FS-015184,TI04,EXCLUDE_TITLE,TI04,Title studies a drug overdose.
FS-015189,TI04,EXCLUDE_TITLE,TI02,Title names only microbes.
FS-015190,TI04,EXCLUDE_TITLE,TI04,Title studies drug treatment.
FS-015191,TI04,EXCLUDE_TITLE,TI04,Title studies irradiation.
FS-015195,TI04,EXCLUDE_TITLE,TI04,Title studies cancer treatment.
FS-015198,TI04,EXCLUDE_TITLE,TI04,Title studies drug treatment.
FS-015200,TI04,EXCLUDE_TITLE,TI04,Title studies UV exposure.
FS-015201,TI04,EXCLUDE_TITLE,TI04,Title studies drug effects during chemotherapy.
FS-015203,TI04,EXCLUDE_TITLE,TI04,Title studies inhaled drug treatment.
FS-015204,TI04,ADVANCE_TO_ABSTRACT,,
FS-015205,TI04,ADVANCE_TO_ABSTRACT,,
FS-015206,TI04,EXCLUDE_TITLE,TI04,Title studies effects of etoposide.
FS-015208,TI04,EXCLUDE_TITLE,TI04,Viral infection is the stated exposure.
FS-015209,TI04,EXCLUDE_TITLE,TI04,Chemotherapy and antiretroviral treatment are the stated exposures.
FS-015211,TI04,EXCLUDE_TITLE,TI04,Drug treatment is the stated exposure.
FS-015215,TI04,EXCLUDE_TITLE,TI04,Prednisone treatment is the stated intervention.
FS-015216,TI04,ADVANCE_TO_ABSTRACT,,
FS-015218,TI04,EXCLUDE_TITLE,TI04,Nimesulide exposure is studied through its metabolites.
FS-015222,TI04,EXCLUDE_TITLE,TI04,Drug treatment is the stated intervention.
FS-015228,TI04,EXCLUDE_TITLE,TI04,Oral contraceptives are the stated exposure.
FS-015229,TI04,EXCLUDE_TITLE,TI04,Chemotherapy is the stated intervention.
FS-015231,TI04,EXCLUDE_TITLE,TI04,Paclitaxel infusion is the stated intervention.
FS-015232,TI04,EXCLUDE_TITLE,TI04,Cancer drug treatment is the stated intervention.
FS-015238,TI04,EXCLUDE_TITLE,TI04,Chemotherapy is the stated intervention.
FS-015241,TI04,EXCLUDE_TITLE,TI04,Interleukin-12 treatment is the stated intervention.
FS-015242,TI04,EXCLUDE_TITLE,TI04,Dacarbazine treatment is the stated exposure.
FS-015243,TI04,EXCLUDE_TITLE,TI04,Glucocorticoids are the stated exposure.
FS-015250,TI04,EXCLUDE_TITLE,TI04,Filgrastim is the stated exposure.
FS-015252,TI04,EXCLUDE_TITLE,TI04,Liver transplantation is the stated intervention.
FS-015254,TI04,EXCLUDE_TITLE,TI04,Mitogenic stimulation is the stated exposure.
FS-015256,TI04,EXCLUDE_TITLE,TI04,A chemical inhibitor is the stated exposure.
FS-015257,TI04,EXCLUDE_TITLE,TI04,Radiation is the stated exposure.
FS-015258,TI04,EXCLUDE_TITLE,TI04,Carrageenan-induced pleurisy is the stated exposure.
FS-015259,TI04,EXCLUDE_TITLE,TI04,Chemotherapy and G-CSF are the stated interventions.
FS-015261,TI04,EXCLUDE_TITLE,TI02,Title names only plant mitosis.
FS-015262,TI05,ADVANCE_TO_ABSTRACT,,
FS-015263,TI04,EXCLUDE_TITLE,TI04,Doxorubicin treatment is the stated intervention.
FS-015264,TI04,EXCLUDE_TITLE,TI04,Petroleum fuel exposure is the study topic.
FS-015265,TI04,EXCLUDE_TITLE,TI04,Chemotherapy is the stated exposure.
FS-015267,TI04,EXCLUDE_TITLE,TI04,Retinoic acid is the stated intervention.
FS-015268,TI04,ADVANCE_TO_ABSTRACT,,
FS-015269,TI04,EXCLUDE_TITLE,TI04,Specimen handling conditions are the stated exposure.
FS-015270,TI04,EXCLUDE_TITLE,TI04,Phorbol ester is the stated exposure.
FS-015271,TI04,EXCLUDE_TITLE,TI04,A compound's cytotoxic effects are the study topic.
FS-015272,TI04,EXCLUDE_TITLE,TI04,Mechlorethamine is the stated exposure.
FS-015274,TI04,EXCLUDE_TITLE,TI04,Growth hormone is the stated intervention.
FS-015276,TI04,EXCLUDE_TITLE,TI04,Drug treatment is the stated topic.
FS-015280,TI04,EXCLUDE_TITLE,TI04,Drug administration is the stated intervention.
FS-015281,TI04,EXCLUDE_TITLE,TI04,Antineoplastic drugs are the stated interventions.
FS-015282,TI04,ADVANCE_TO_ABSTRACT,,
FS-015283,TI04,EXCLUDE_TITLE,TI04,Salmeterol treatment is the stated topic.
FS-015284,TI04,EXCLUDE_TITLE,TI04,Melphalan exposure is the stated topic.
FS-015285,TI04,EXCLUDE_TITLE,TI04,X-irradiation is the stated exposure.
FS-015287,TI04,EXCLUDE_TITLE,TI04,Irradiation is the stated exposure.
FS-015289,TI04,EXCLUDE_TITLE,TI04,Chemotherapy is the stated intervention.
FS-015290,TI04,EXCLUDE_TITLE,TI04,Topical lipopolysaccharide is the stated exposure.
FS-015294,TI04,EXCLUDE_TITLE,TI04,Chemotherapy is the stated intervention.
FS-015297,TI04,ADVANCE_TO_ABSTRACT,,
FS-015299,TI04,EXCLUDE_TITLE,TI04,CM101 treatment is the stated intervention.
FS-015304,TI04,ADVANCE_TO_ABSTRACT,,
FS-015305,TI04,EXCLUDE_TITLE,TI04,Anticancer drugs are the stated exposures.
FS-015307,TI04,EXCLUDE_TITLE,TI02,Title names only an algal species.
FS-015310,TI04,EXCLUDE_TITLE,TI04,Study exposure is interaction with a fungus; no exercise context.
FS-015313,TI04,EXCLUDE_TITLE,TI04,Study concerns drug treatment and chemotherapy without exercise context.
FS-015317,TI04,EXCLUDE_TITLE,TI04,Study exposure is cytotoxic drugs without exercise context.
FS-015318,TI04,EXCLUDE_TITLE,TI04,Study exposure is intravenous interleukin-2 without exercise context.
FS-015319,TI04,EXCLUDE_TITLE,TI04,Study exposure is carzelesin treatment without exercise context.
FS-015320,TI04,EXCLUDE_TITLE,TI04,Study concerns antibiotics and chemotherapy without exercise context.
FS-015321,TI04,EXCLUDE_TITLE,TI04,Study examines tumors during cytotoxic therapy without exercise context.
FS-015322,TI04,ADVANCE_TO_ABSTRACT,,
FS-015331,TI04,EXCLUDE_TITLE,TI04,Study exposure is X-rays without exercise context.
FS-015332,TI04,EXCLUDE_TITLE,TI04,Study concerns drug treatment without exercise context.
FS-015334,TI04,EXCLUDE_TITLE,TI04,Cells are exposed to peroxynitrite without exercise context.
FS-015337,TI05,EXCLUDE_TITLE,TI04,Study concerns asthma drug efficacy without exercise context.
FS-015338,TI04,EXCLUDE_TITLE,TI04,Study concerns carboplatin dosing without exercise context.
FS-015341,TI04,EXCLUDE_TITLE,TI04,Study concerns drug treatment without exercise context.
FS-015345,TI04,EXCLUDE_TITLE,TI04,Study exposure is cytokines and cytostatic drugs without exercise context.
FS-015346,TI04,EXCLUDE_TITLE,TI04,Study concerns oral etoposide treatment without exercise context.
FS-015351,TI04,EXCLUDE_TITLE,TI04,Study concerns G-CSF and chemotherapy treatment without exercise context.
FS-015355,TI04,EXCLUDE_TITLE,TI04,Study concerns filgrastim and chemotherapy without exercise context.
FS-015357,TI04,EXCLUDE_TITLE,TI04,Gene regulation is studied through interferon-gamma without exercise context.
FS-015359,TI04,EXCLUDE_TITLE,TI04,Study exposure is paclitaxel and radiation without exercise context.
FS-015360,TI04,EXCLUDE_TITLE,TI04,Study exposure is asthma medication without exercise context.
FS-015367,TI04,EXCLUDE_TITLE,TI04,Study exposure is regular eformoterol treatment without exercise context.
FS-015368,TI04,EXCLUDE_TITLE,TI02,Title names only a non-human parasite.
FS-015369,TI04,EXCLUDE_TITLE,TI04,Study concerns GM-CSF treatment without exercise context.
FS-015372,TI04,EXCLUDE_TITLE,TI04,Clinical trial concerns antibody treatment without exercise context.
FS-015373,TI04,EXCLUDE_TITLE,TI04,Interleukin-2 treatment is the study exposure.
FS-015374,TI04,EXCLUDE_TITLE,TI04,Drug combination is the study treatment.
FS-015376,TI04,EXCLUDE_TITLE,TI04,Chemotherapy is the study treatment.
FS-015377,TI04,EXCLUDE_TITLE,TI04,Drug treatment is the study intervention.
FS-015378,TI04,EXCLUDE_TITLE,TI04,Chemotherapy and radiotherapy are the study treatments.
FS-015379,TI04,EXCLUDE_TITLE,TI04,Interleukin-3 treatment follows chemotherapy.
FS-015380,TI04,EXCLUDE_TITLE,TI04,Plant alkaloid is the study exposure.
FS-015381,TI04,EXCLUDE_TITLE,TI04,Drug treatment is the study intervention.
FS-015385,TI04,EXCLUDE_TITLE,TI04,Chemotherapy and GM-CSF mobilization are the study interventions.
FS-015388,TI04,EXCLUDE_TITLE,TI04,Drug administration is the study intervention.
FS-015391,TI04,EXCLUDE_TITLE,TI04,Bacterial extract administration is the study exposure.
FS-015395,TI04,EXCLUDE_TITLE,TI04,Bleomycin treatment and irradiation are the study exposures.
FS-015398,TI04,EXCLUDE_TITLE,TI04,Chronic drug dosing is the study exposure.
FS-015400,TI04,ADVANCE_TO_ABSTRACT,,
FS-015402,TI04,EXCLUDE_TITLE,TI04,Chemotherapy is the study exposure.
FS-015404,TI04,ADVANCE_TO_ABSTRACT,,
FS-015406,TI04,EXCLUDE_TITLE,TI04,Interferon-gamma is the inducing exposure.
FS-015409,TI04,ADVANCE_TO_ABSTRACT,,
FS-015411,TI04,EXCLUDE_TITLE,TI02,Title names only bacteria.
FS-015415,TI04,EXCLUDE_TITLE,TI04,Hemodialysis is the named treatment context.
FS-015417,TI04,EXCLUDE_TITLE,TI04,Drug inhibitor is the study exposure.
FS-015419,TI04,ADVANCE_TO_ABSTRACT,,
FS-015421,TI04,EXCLUDE_TITLE,TI04,Title compares actions of drugs.
FS-015422,TI04,EXCLUDE_TITLE,TI04,Drug combination is the trial intervention.
FS-015424,TI04,EXCLUDE_TITLE,TI04,Regulating cholesterol biosynthesis is the study exposure.
FS-015425,TI04,EXCLUDE_TITLE,TI04,Chemotherapy is the stated exposure; no exercise context.
FS-015427,TI04,EXCLUDE_TITLE,TI04,Intravenous drug treatment is the stated exposure.
FS-015429,TI04,EXCLUDE_TITLE,TI04,Interferon treatment is the stated exposure.
FS-015431,TI04,EXCLUDE_TITLE,TI04,Drug administration is the stated exposure.
FS-015433,TI04,EXCLUDE_TITLE,TI04,Intrauterine insemination is the stated intervention.
FS-015434,TI04,EXCLUDE_TITLE,TI04,Contrast media and interleukin treatment are the stated exposures.
FS-015441,TI04,EXCLUDE_TITLE,TI04,Chemotherapy and radiotherapy are the stated interventions.
FS-015443,TI04,EXCLUDE_TITLE,TI04,Parvovirus infection is the stated exposure.
FS-015444,TI04,EXCLUDE_TITLE,TI02,Title names only a protozoan and its prey.
FS-015448,TI04,ADVANCE_TO_ABSTRACT,,
FS-015449,TI04,EXCLUDE_TITLE,TI04,Drug treatment is the stated exposure.
FS-015451,TI04,EXCLUDE_TITLE,TI04,Beta-endorphin treatment is the stated exposure.
FS-015454,TI04,EXCLUDE_TITLE,TI04,Antibodies and sleep deprivation are the stated exposures.
FS-015455,TI04,EXCLUDE_TITLE,TI04,Bracket removal is the stated intervention.
FS-015457,TI04,EXCLUDE_TITLE,TI04,Irradiation and chemical treatments are the stated exposures.
FS-015458,TI04,EXCLUDE_TITLE,TI04,Drugs and radiation are the stated exposures.
FS-015460,TI04,EXCLUDE_TITLE,TI04,Ascorbate treatment is the stated exposure.
FS-015461,TI04,EXCLUDE_TITLE,TI04,Dyes are the stated intervention.
FS-015464,TI04,EXCLUDE_TITLE,TI04,Viral infection is the stated exposure.
FS-015465,TI04,EXCLUDE_TITLE,TI04,Drugs and irradiation are the stated exposures.
FS-015473,TI04,ADVANCE_TO_ABSTRACT,,
FS-015474,TI04,ADVANCE_TO_ABSTRACT,,
FS-015475,TI04,EXCLUDE_TITLE,TI04,Drug treatment is the stated intervention.
FS-015476,TI04,EXCLUDE_TITLE,TI04,Prostaglandin and synthesis inhibitors are the stated interventions.
FS-015482,TI04,EXCLUDE_TITLE,TI04,Deoxyguanosine and camptothecin are the stated exposures.
FS-015484,TI04,EXCLUDE_TITLE,TI04,Recombinant interferon treatment is the stated exposure.
FS-015486,TI04,EXCLUDE_TITLE,TI04,Colony-stimulating factor is the stated exposure.
FS-015490,TI04,EXCLUDE_TITLE,TI04,Cancer drug treatment is the stated intervention.
FS-015495,TI04,EXCLUDE_TITLE,TI04,Chloramphenicol is the stated exposure.
FS-015496,TI04,EXCLUDE_TITLE,TI04,Dexamethasone is the stated exposure.
FS-015497,TI04,EXCLUDE_TITLE,TI04,Irradiation and hyperthermia are the stated exposures.
FS-015502,TI04,EXCLUDE_TITLE,TI04,X-rays are the stated exposure.
FS-015503,TI04,EXCLUDE_TITLE,TI04,Benzene is the stated exposure.
FS-015505,TI04,EXCLUDE_TITLE,TI02,Title names only a fungus.
FS-015514,TI04,ADVANCE_TO_ABSTRACT,,
FS-015515,TI04,EXCLUDE_TITLE,TI04,Interferon treatment is the stated intervention.
FS-015518,TI04,EXCLUDE_TITLE,TI04,Colony-stimulating factor and chemotherapy are stated interventions.
FS-015520,TI04,EXCLUDE_TITLE,TI02,Title names only a slime mold.
FS-015521,TI04,EXCLUDE_TITLE,TI04,Radiation dose is the stated exposure.
FS-015523,TI04,EXCLUDE_TITLE,TI04,Chemical genotoxicity is the stated exposure.
FS-015525,TI04,EXCLUDE_TITLE,TI04,Ultraviolet light and phytohemagglutinin are stated exposures.
FS-015526,TI04,EXCLUDE_TITLE,TI04,Chemotherapy and colony-stimulating factor administration are stated interventions.
FS-015527,TI04,ADVANCE_TO_ABSTRACT,,
FS-015531,TI04,EXCLUDE_TITLE,TI02,Title names only a bacterium.
FS-015537,TI04,EXCLUDE_TITLE,TI02,Title names only a caprine virus.
FS-015538,TI04,ADVANCE_TO_ABSTRACT,,
FS-015540,TI04,EXCLUDE_TITLE,TI02,Title names only a bacterium.
FS-015543,TI04,EXCLUDE_TITLE,TI02,Title names only an alga.
FS-015545,TI04,EXCLUDE_TITLE,TI04,Calcium-phosphate crystals and interferon are stated exposures.
FS-015546,TI04,EXCLUDE_TITLE,TI04,Light damage is the stated exposure.
FS-015547,TI04,EXCLUDE_TITLE,TI04,Drugs are the stated exposure.
FS-015554,TI04,EXCLUDE_TITLE,TI04,Interferon-gamma is the stated exposure.
FS-015560,TI04,EXCLUDE_TITLE,TI02,Title names only a malaria parasite.
FS-015561,TI04,EXCLUDE_TITLE,TI04,High-dose steroids are the stated exposure.
FS-015562,TI04,EXCLUDE_TITLE,TI04,Cytomegalovirus is the stated exposure.
FS-015564,TI04,ADVANCE_TO_ABSTRACT,,
FS-015566,TI04,EXCLUDE_TITLE,TI04,Adoptive cell transfer is the stated intervention.
FS-015570,TI04,EXCLUDE_TITLE,TI04,X-ray exposure is stated.
FS-015572,TI04,EXCLUDE_TITLE,TI02,Title names only malaria parasites.
FS-015573,TI04,EXCLUDE_TITLE,TI04,Aging is the stated exposure.
FS-015575,TI04,EXCLUDE_TITLE,TI02,Title names only a virus.
FS-015582,TI04,EXCLUDE_TITLE,TI02,Title names only a plant.
FS-015583,TI04,EXCLUDE_TITLE,TI04,Chemical treatments are the stated exposures.
FS-015587,TI04,EXCLUDE_TITLE,TI04,Chemotherapy is the stated intervention.
FS-015588,TI04,EXCLUDE_TITLE,TI04,Interferon is the stated exposure.
FS-015592,TI04,EXCLUDE_TITLE,TI04,Thalidomide is the stated intervention.
FS-015594,TI04,EXCLUDE_TITLE,TI04,Electrical acupuncture is the stated intervention.
FS-015595,TI04,EXCLUDE_TITLE,TI04,Title studies properties of a drug.
FS-015598,TI04,EXCLUDE_TITLE,TI04,Dimethylsulfoxide concentration is the stated exposure.
FS-015602,TI04,EXCLUDE_TITLE,TI04,Phorbol ester and phytohemagglutinin are the stated exposures.
FS-015604,TI04,EXCLUDE_TITLE,TI04,Alkylating mutagens are the stated exposure.
FS-015606,TI04,EXCLUDE_TITLE,TI04,Prostaglandin-A is the stated exposure.
FS-015608,TI04,EXCLUDE_TITLE,TI04,Lectin activation is the stated exposure.
FS-015615,TI04,EXCLUDE_TITLE,TI04,Chemotherapy is the stated intervention.
FS-015616,TI04,EXCLUDE_TITLE,TI04,Title studies an illness course over time.
FS-015620,TI04,EXCLUDE_TITLE,TI02,Title names only a phytoflagellate.
FS-015623,TI04,EXCLUDE_TITLE,TI04,Mitogens and growth factor are the stated exposures.
FS-015628,TI04,ADVANCE_TO_ABSTRACT,,
FS-015631,TI04,ADVANCE_TO_ABSTRACT,,
FS-015632,TI04,EXCLUDE_TITLE,TI04,Mitomycin C is the stated exposure.
FS-015636,TI04,EXCLUDE_TITLE,TI04,Lipopolysaccharide is the stated exposure.
FS-015638,TI04,EXCLUDE_TITLE,TI04,Interferon inducer is the stated exposure.
FS-015639,TI04,EXCLUDE_TITLE,TI04,Interferon is the stated exposure.
FS-015640,TI04,ADVANCE_TO_ABSTRACT,,
FS-015641,TI04,EXCLUDE_TITLE,TI04,Drug combination is the stated exposure.
FS-015645,TI04,EXCLUDE_TITLE,TI04,Drug is the stated exposure.
FS-015646,TI04,EXCLUDE_TITLE,TI02,Title names only corn leaves.
FS-015647,TI04,EXCLUDE_TITLE,TI02,Title names only cultured mammalian cells.
FS-015649,TI04,ADVANCE_TO_ABSTRACT,,
FS-015650,TI04,ADVANCE_TO_ABSTRACT,,
FS-015652,TI04,EXCLUDE_TITLE,TI02,Title names only yeast.
FS-015653,TI04,EXCLUDE_TITLE,TI04,Polychemotherapy is the stated treatment.
FS-015655,TI04,EXCLUDE_TITLE,TI04,PHA stimulation is the stated exposure.
FS-015656,TI04,ADVANCE_TO_ABSTRACT,,
FS-015657,TI04,EXCLUDE_TITLE,TI04,Vincristine is the stated exposure.
FS-015658,TI04,EXCLUDE_TITLE,TI02,Title names only a bacterium.
FS-015659,TI04,EXCLUDE_TITLE,TI04,X-irradiation is the stated exposure.
FS-015660,TI04,EXCLUDE_TITLE,TI02,Title names only an alga.
FS-015662,TI04,EXCLUDE_TITLE,TI02,Title names only yeast cells.
FS-015664,TI04,EXCLUDE_TITLE,TI04,Chemical treatment is the stated exposure.
FS-015666,TI04,ADVANCE_TO_ABSTRACT,,
FS-015667,TI04,EXCLUDE_TITLE,TI04,X-irradiation is the stated exposure.
FS-015670,TI04,EXCLUDE_TITLE,TI04,Vaccine and drug administration are the stated exposures.
FS-015671,TI04,EXCLUDE_TITLE,TI04,Irradiation is the stated exposure.
FS-015672,TI04,EXCLUDE_TITLE,TI04,Drug treatment is the stated exposure.
FS-015673,TI04,EXCLUDE_TITLE,TI04,The title concerns drug treatment.
FS-015674,TI04,EXCLUDE_TITLE,TI04,Surgery and drug toxicity are the stated exposures.
FS-015680,TI04,EXCLUDE_TITLE,TI04,The title studies a bacterial agent and chemotherapy.
FS-015681,TI04,EXCLUDE_TITLE,TI04,Viral infection is the stated exposure.
FS-015687,TI04,EXCLUDE_TITLE,TI02,The title names only a virus.
FS-015688,TI04,EXCLUDE_TITLE,TI04,Radiation is the stated exposure.
FS-015689,TI04,EXCLUDE_TITLE,TI02,The title names only a desmid.
FS-015690,TI04,EXCLUDE_TITLE,TI04,Phytohemagglutinin treatment is the stated exposure.
FS-015694,TI04,EXCLUDE_TITLE,TI04,The title studies a drug effect.
FS-015697,TI04,ADVANCE_TO_ABSTRACT,,
FS-015699,TI04,EXCLUDE_TITLE,TI02,The title names only viruses.
FS-015702,TI04,EXCLUDE_TITLE,TI04,Light exposure is the stated cause.
FS-015704,TI04,EXCLUDE_TITLE,TI04,Chemotherapy is the stated intervention.
FS-015706,TI04,EXCLUDE_TITLE,TI04,X-irradiation is the stated exposure.
FS-015708,TI04,EXCLUDE_TITLE,TI02,The title names only an adenovirus.
FS-015709,TI04,EXCLUDE_TITLE,TI04,UV rays are the stated exposure.
FS-015710,TI04,EXCLUDE_TITLE,TI04,UV irradiation is the stated exposure.
FS-015711,TI04,EXCLUDE_TITLE,TI02,The title names only adenovirus mutants.
FS-015713,TI04,EXCLUDE_TITLE,TI02,The title names only a virus.
FS-015715,TI04,EXCLUDE_TITLE,TI04,Paraquat intoxication is the stated exposure.
FS-015717,TI04,EXCLUDE_TITLE,TI02,Title names only a virus.
FS-015721,TI04,EXCLUDE_TITLE,TI02,Title names only a flagellate.
FS-015723,TI04,EXCLUDE_TITLE,TI04,Caffeine and theophylline are the study exposures.
FS-015724,TI04,EXCLUDE_TITLE,TI04,Endotracheal intubation is the study exposure.
FS-015728,TI04,EXCLUDE_TITLE,TI04,Whole-body irradiation is the study exposure.
FS-015730,TI04,EXCLUDE_TITLE,TI02,Title names only a virus.
FS-015732,TI04,EXCLUDE_TITLE,TI04,Radiation is the study exposure.
FS-015735,TI04,EXCLUDE_TITLE,TI02,Title names only a virus.
FS-015739,TI04,EXCLUDE_TITLE,TI02,Title names only cell cultures and a virus.
FS-015740,TI04,EXCLUDE_TITLE,TI05,Named outcomes are corticosteroid levels and excretion.
FS-015741,TI04,EXCLUDE_TITLE,TI02,Title names only flagellates.
FS-015744,TI04,EXCLUDE_TITLE,TI04,Heat is the study exposure.
FS-015745,TI04,EXCLUDE_TITLE,TI02,Title names only bacteria.
FS-015748,TI04,ADVANCE_TO_ABSTRACT,,
