record_id,title,journal,year,source_database,ai_final_code
FS-000003,Acute inflammatory responses in the airways and peripheral blood after short-term exposure to diesel exhaust in healthy human volunteers.,American journal of respiratory and critical care medicine,1999,PubMed/MEDLINE;Scopus;Web of Science Core Collection,TI04
FS-000004,Ozone-induced airway inflammatory changes differ between individuals and are reproducible.,American journal of respiratory and critical care medicine,1999,PubMed/MEDLINE;Scopus;Web of Science Core Collection,TI04
FS-000006,Effects of elevated plasma noradrenaline concentration on the immune system in humans.,European journal of applied physiology and occupational physiology,1998,PubMed/MEDLINE;Scopus;Web of Science Core Collection,TI04
FS-000008,Airway inflammatory response to ozone in subjects with different asthma severity.,The European respiratory journal,1999,PubMed/MEDLINE;Scopus;Web of Science Core Collection,TI04
FS-000009,"Thrombin peptide, TP508, induces differential gene expression in fibroblasts through a nonproteolytic activation pathway.",Experimental cell research,1999,PubMed/MEDLINE;Scopus;Web of Science Core Collection,TI04
FS-000012,Standardized intermittent static exercise increases peritendinous blood flow in human leg.,"Clinical physiology (Oxford, England)",1999,PubMed/MEDLINE;Scopus;Web of Science Core Collection,TI05
FS-000014,Cytokine dysregulation associated with exam stress in healthy medical students.,"Brain, behavior, and immunity",1998,PubMed/MEDLINE,TI04
FS-000015,Prior cytomegalovirus infection does not predict clinical outcome after percutaneous transluminal coronary angioplasty.,Cardiology,1998,PubMed/MEDLINE,TI04
FS-000016,Asthma and chemical bronchitis in vanadium plant workers.,American journal of industrial medicine,1999,PubMed/MEDLINE,TI04
FS-000017,Effects of nitric oxide inhalation on pulmonary gas exchange during exercise in highly trained athletes.,Acta physiologica Scandinavica,1999,PubMed/MEDLINE;Scopus;Web of Science Core Collection,TI05
FS-000024,Ozone exposure increases aldehydes in epithelial lining fluid in human lung.,American journal of respiratory and critical care medicine,1999,PubMed/MEDLINE;Scopus;Web of Science Core Collection,TI04
FS-000026,Reduced reflex sensitivity persists several days after long-lasting stretch-shortening cycle exercise.,"Journal of applied physiology (Bethesda, Md. : 1985)",1999,PubMed/MEDLINE;Scopus;Web of Science Core Collection,TI05
FS-000030,Effects of acute exercise on plasma erythropoietin levels in trained runners.,Medicine and science in sports and exercise,1999,PubMed/MEDLINE,TI05
FS-000037,Physical performance and associated electrolyte changes after haemoglobin normalization: a comparative study in haemodialysis patients.,"Nephrology, dialysis, transplantation : official publication of the European Dialysis and Transplant Association - European Renal Association",1999,PubMed/MEDLINE,TI05
FS-000043,The effect of a prophylactic dose of flurbiprofen on muscle soreness and sprinting performance in trained subjects.,Journal of sports sciences,1999,PubMed/MEDLINE;Scopus;Web of Science Core Collection,TI05
FS-000048,Blood pressure control in kidney transplant recipients: influence of immunosuppression.,Journal of autonomic pharmacology,1999,PubMed/MEDLINE,TI04
FS-000049,Erythropoietin concentration and arterial haemoglobin saturation with supramaximal exercise.,Journal of sports sciences,1999,PubMed/MEDLINE,TI05
FS-000054,Influence of tacalcitol on cell cycle kinetics of human keratinocytes following standardized injury.,Skin pharmacology and applied skin physiology,1999,PubMed/MEDLINE;Scopus;Web of Science Core Collection,TI04
FS-000057,Ozone-induced lung function decrements do not correlate with early airway inflammatory or antioxidant responses.,The European respiratory journal,1999,PubMed/MEDLINE;Scopus;Web of Science Core Collection,TI04
FS-000058,Antioxidant consumption and repletion kinetics in nasal lavage fluid following exposure of healthy human volunteers to ozone.,The European respiratory journal,1999,PubMed/MEDLINE;Scopus;Web of Science Core Collection,TI04
FS-000064,Compromised concentrations of ascorbate in fluid lining the respiratory tract in human subjects after exposure to ozone.,Occupational and environmental medicine,1999,PubMed/MEDLINE;Scopus;Web of Science Core Collection,TI04
FS-000065,Worsening of left ventricular diastolic function during long-term correction of anemia with erythropoietin in chronic hemodialysis patients--an assessment by radionuclide ventriculography at rest and exercise.,International journal of cardiac imaging,1999,PubMed/MEDLINE,TI05
FS-000066,Plasma glucose within the normal range is not associated with carotid atherosclerosis: prospective results in subjects with normal glucose tolerance from the Bruneck Study.,Diabetes care,1999,PubMed/MEDLINE;Scopus;Web of Science Core Collection,TI04
FS-000070,Ritonavir's role in reducing fentanyl clearance and prolonging its half-life.,Anesthesiology,1999,PubMed/MEDLINE;Scopus;Web of Science Core Collection,TI04
FS-000071,Non-steroidal anti-inflammatory drugs and renal response to exercise: A comparison of indomethacin and nabumetone,Clinical Science,1999,PubMed/MEDLINE;Scopus;Web of Science Core Collection,TI05
FS-000077,The effects of angiogenic growth factors on extravillous trophoblast invasion and motility.,Placenta,1999,PubMed/MEDLINE,TI04
FS-000079,The effect on nasal resistance of an external nasal splint during isometric and isotonic exercise.,Clinical otolaryngology and allied sciences,1999,PubMed/MEDLINE,TI05
FS-000082,Type I collagen synthesis and degradation in peritendinous tissue after exercise determined by microdialysis in humans.,The Journal of physiology,1999,PubMed/MEDLINE;Scopus;Web of Science Core Collection,TI05
FS-000084,"Effect of inhaled ozone on exhaled nitric oxide, pulmonary function, and induced sputum in normal and asthmatic subjects.",Thorax,1999,PubMed/MEDLINE;Scopus;Web of Science Core Collection,TI04
FS-000085,What do nurses and residents know about childhood asthma?,Canadian respiratory journal,1999,PubMed/MEDLINE;Scopus,TI04
FS-000087,Effect of short-term aspirin use on C-reactive protein.,Journal of thrombosis and thrombolysis,2000,PubMed/MEDLINE;Scopus;Web of Science Core Collection,TI04
FS-000088,Plasma-volume contraction and exercise-induced hypoxaemia modulate erythropoietin production in healthy humans.,"Clinical science (London, England : 1979)",2000,PubMed/MEDLINE,TI05
FS-000094,Interleukin-8 (IL-8) may contribute to the activation of neutrophils in patients with peripheral arterial occlusive disease (PAOD).,European journal of vascular and endovascular surgery : the official journal of the European Society for Vascular Surgery,1999,PubMed/MEDLINE;Scopus;Web of Science Core Collection,TI04
FS-000101,Acute phase responses and cytokine secretion in chronic fatigue syndrome.,Journal of clinical immunology,1999,PubMed/MEDLINE;Scopus;Web of Science Core Collection,TI04
FS-000103,Short term treatment with Escherichia coli recombinant human granulocyte-macrophage-colony stimulating factor prior to chemotherapy for Hodgkin disease.,Cancer,2000,PubMed/MEDLINE;Scopus;Web of Science Core Collection,TI04
FS-000104,Rapid increase in plasma growth hormone after low-intensity resistance exercise with vascular occlusion.,"Journal of applied physiology (Bethesda, Md. : 1985)",2000,PubMed/MEDLINE;Scopus;Web of Science Core Collection,TI05
FS-000105,Preparation and storage characteristics of white cell-reduced high- concentration platelet concentrates collected by an apheresis system for transfusions in utero,Transfusion,2000,PubMed/MEDLINE;Scopus;Web of Science Core Collection,TI04
FS-000109,"A home-based maintenance exercise program after center-based cardiac rehabilitation: effects on blood lipids, body composition, and functional capacity.",Journal of cardiopulmonary rehabilitation,2000,PubMed/MEDLINE;Scopus,TI05
FS-000116,Serologic markers for Chlamydia pneumoniae in asthma.,"Annals of allergy, asthma & immunology : official publication of the American College of Allergy, Asthma, & Immunology",2000,PubMed/MEDLINE;Scopus;Web of Science Core Collection,TI04
FS-000117,Endocrine response to high-intensity exercise: dose-dependent effects of dexamethasone.,The Journal of clinical endocrinology and metabolism,2000,PubMed/MEDLINE,TI05
FS-000122,Aldehydes (nonanal and hexanal) in rat and human bronchoalveolar lavage fluid after ozone exposure.,Research report (Health Effects Institute),1999,PubMed/MEDLINE;Scopus,TI04
FS-000123,"Effects of short-term exposure to 0.2 ppm ozone on biomarkers of inflammation in sputum, exhaled nitric oxide, and lung function in subjects with mild atopic asthma.",Journal of occupational and environmental medicine,2000,PubMed/MEDLINE;Scopus;Web of Science Core Collection,TI04
FS-000128,Antigliadin IgE--indicator of wheat allergy in atopic dermatitis.,Allergy,2000,PubMed/MEDLINE,TI04
FS-000129,"Hyponatremia, cerebral edema, and noncardiogenic pulmonary edema in marathon runners.",Annals of internal medicine,2000,PubMed/MEDLINE;Scopus;Web of Science Core Collection,TI05
FS-000131,Increased serum levels of non-collagenous matrix proteins (cartilage oligomeric matrix protein and melanoma inhibitory activity) in marathon runners.,Osteoarthritis and cartilage,2000,PubMed/MEDLINE;Scopus;Web of Science Core Collection,TI05
FS-000132,"Pharmacokinetics and safety of AMD-3100, a novel antagonist of the CXCR-4 chemokine receptor, in human volunteers.",Antimicrobial agents and chemotherapy,2000,PubMed/MEDLINE;Scopus;Web of Science Core Collection,TI04
FS-000139,The effect of repeated ozone exposures on inflammatory markers in bronchoalveolar lavage fluid and mucosal biopsies.,American journal of respiratory and critical care medicine,2000,PubMed/MEDLINE;Scopus;Web of Science Core Collection,TI04
FS-000143,Effects of azithromycin on ozone-induced airway neutrophilia and cytokine release.,The European respiratory journal,2000,PubMed/MEDLINE;Scopus;Web of Science Core Collection,TI04
FS-000146,Increased blood levels of platelet-activating factor in insulin-dependent diabetic patients with microalbuminuria.,"Nephrology, dialysis, transplantation : official publication of the European Dialysis and Transplant Association - European Renal Association",2000,PubMed/MEDLINE;Scopus;Web of Science Core Collection,TI04
FS-000147,Inhibition of human cytochrome P450 isoforms in vitro by zafirlukast.,Biopharmaceutics & drug disposition,1999,PubMed/MEDLINE;Scopus;Web of Science Core Collection,TI04
FS-000152,Lack of association of C-reactive protein and coronary calcium by electron beam computed tomography in postmenopausal women: implications for coronary artery disease screening.,Journal of the American College of Cardiology,2000,PubMed/MEDLINE;Scopus;Web of Science Core Collection,TI04
FS-000153,Fiber type-specific expression of GLUT4 in human skeletal muscle: influence of exercise training.,Diabetes,2000,PubMed/MEDLINE;Scopus;Web of Science Core Collection,TI05
FS-000166,Chromium (VI) increases endothelial cell expression of ICAM-1 and decreases nitric oxide activity.,"Journal of environmental pathology, toxicology and oncology : official organ of the International Society for Environmental Toxicology and Cancer",2000,PubMed/MEDLINE;Scopus,TI04
FS-000167,Platelet reactivity in depressed patients treated with paroxetine: preliminary findings.,Archives of general psychiatry,2000,PubMed/MEDLINE,TI04
FS-000168,Increased expression of peripheral benzodiazepine receptors on leukocytes in silent myocardial ischemia.,Journal of the American College of Cardiology,2000,PubMed/MEDLINE;Scopus;Web of Science Core Collection,TI04
FS-000169,Concentrated ambient air particles induce mild pulmonary inflammation in healthy human volunteers.,American journal of respiratory and critical care medicine,2000,PubMed/MEDLINE;Scopus;Web of Science Core Collection,TI04
FS-000177,Bronchial reactivity of healthy subjects: 18-20 h postexposure to ozone.,"Journal of applied physiology (Bethesda, Md. : 1985)",2000,PubMed/MEDLINE;Scopus;Web of Science Core Collection,TI04
FS-000179,Changes in plasma concentrations of interleukin-6 and interleukin-1 receptor antagonists in response to adrenaline infusion in humans.,European journal of applied physiology,2000,PubMed/MEDLINE;Scopus;Web of Science Core Collection,TI04
FS-000186,Role of endogenous nitric oxide in exercise-induced airway narrowing in patients with bronchial asthma.,The Journal of allergy and clinical immunology,2000,PubMed/MEDLINE;Scopus;Web of Science Core Collection,TI05
FS-000187,Stromelysin-1 and interleukin-6 gene promoter polymorphisms are determinants of asymptomatic carotid artery atherosclerosis.,"Arteriosclerosis, thrombosis, and vascular biology",2000,PubMed/MEDLINE;Scopus;Web of Science Core Collection,TI04
FS-000188,Symptomatic hyperlactataemia: an emerging complication of antiretroviral therapy.,"AIDS (London, England)",2000,PubMed/MEDLINE,TI04
FS-000192,Surplus value of eosinophil count and ECP to diagnose and monitor asthmatic patients.,The Netherlands journal of medicine,2001,PubMed/MEDLINE;Scopus;Web of Science Core Collection,TI04
FS-000195,Enhanced synthesis of albumin and fibrinogen at high altitude.,"Journal of applied physiology (Bethesda, Md. : 1985)",2001,PubMed/MEDLINE;Scopus;Web of Science Core Collection,TI04
FS-000196,Anti-inflammatory and lung function effects of montelukast in asthmatic volunteers exposed to sulfur dioxide.,Chest,2001,PubMed/MEDLINE;Scopus;Web of Science Core Collection,TI04
FS-000203,"Reduced incidence of clinical restenosis with newer generation stents, stent oversizing, and high-pressure deployment: single-operator experience.",Clinical cardiology,2001,PubMed/MEDLINE,TI04
FS-000207,Effect of acquired immune deficiency syndrome wasting on the protein metabolic response to acute exercise.,Metabolism: clinical and experimental,2001,PubMed/MEDLINE;Scopus;Web of Science Core Collection,TI05
FS-000216,Endothelial dysfunction and decreased exercise tolerance in interferon-alpha therapy in chronic hepatitis C: relation between exercise hyperemia and endothelial function.,Clinical cardiology,2001,PubMed/MEDLINE;Scopus;Web of Science Core Collection,TI05
FS-000217,Vascular cell adhesion molecule-1 and intercellular adhesion molecule-1 serum level in patients with chest pain and normal coronary arteries (syndrome X).,Clinical cardiology,2001,PubMed/MEDLINE;Scopus;Web of Science Core Collection,TI04
FS-000218,Evaluation of a sexually transmitted disease/human immunodeficiency virus prevention train-the-trainer program,MILITARY MEDICINE,2001,PubMed/MEDLINE;Web of Science Core Collection,TI04
FS-000233,Exercise-associated hyponatremia in marathon runners: a two-year experience.,The Journal of emergency medicine,2001,PubMed/MEDLINE;Scopus;Web of Science Core Collection,TI05
FS-000234,Flow cytometric analysis of lymphocyte subpopulations in bronchoalveolar lavage fluid after repeated ozone exposure.,International archives of occupational and environmental health,2001,PubMed/MEDLINE;Scopus;Web of Science Core Collection,TI04
FS-000240,Surgical and physical stress increases circulating blood dendritic cell counts independently of monocyte counts.,Blood,2001,PubMed/MEDLINE;Scopus;Web of Science Core Collection,TI04
FS-000241,Comparison of montelukast versus budesonide in the treatment of exercise-induced bronchoconstriction.,"Annals of allergy, asthma & immunology : official publication of the American College of Allergy, Asthma, & Immunology",2001,PubMed/MEDLINE;Scopus;Web of Science Core Collection,TI05
FS-000248,Effects of withdrawal of inhaled steroids in men with severe irreversible airflow obstruction.,American journal of respiratory and critical care medicine,2001,PubMed/MEDLINE;Scopus;Web of Science Core Collection,TI04
FS-000253,"""Living high-training low"" altitude training improves sea level performance in male and female elite runners.","Journal of applied physiology (Bethesda, Md. : 1985)",2001,PubMed/MEDLINE,TI05
FS-000256,Effects of high-altitude exposure on vascular endothelial growth factor levels in man.,European journal of applied physiology,2001,PubMed/MEDLINE,TI04
FS-000257,Epidemiology of sea-snake bites.,The Journal of tropical medicine and hygiene,1975,PubMed/MEDLINE,TI04
FS-000259,Familial resemblance for glucose and insulin metabolism indices derived from an intravenous glucose tolerance test in Blacks and Whites of the HERITAGE Family Study.,Clinical genetics,2001,PubMed/MEDLINE;Scopus;Web of Science Core Collection,TI04
FS-000260,Occult gastrointestinal bleeding in rugby player.,The Journal of sports medicine and physical fitness,2001,PubMed/MEDLINE;Scopus;Web of Science Core Collection,TI05
FS-000263,Effect of antioxidant supplementation on ozone-induced lung injury in human subjects.,American journal of respiratory and critical care medicine,2001,PubMed/MEDLINE;Scopus;Web of Science Core Collection,TI04
FS-000275,Exercise-induced myocardial perfusion abnormalities in sickle beta-thalassemia: Tc-99m tetrofosmin gated SPECT imaging study.,The American journal of medicine,2001,PubMed/MEDLINE;Scopus;Web of Science Core Collection,TI05
FS-000276,Blood volume and hemoglobin mass in elite athletes of different disciplines.,International journal of sports medicine,2001,PubMed/MEDLINE,TI05
FS-000278,Presence of antibody against the inducible Hsp71 in patients with acute heat-induced illness.,Cell stress & chaperones,2001,PubMed/MEDLINE,TI04
FS-000282,Shoulder proprioception in baseball pitchers.,Journal of shoulder and elbow surgery,2001,PubMed/MEDLINE;Scopus;Web of Science Core Collection,TI05
FS-000284,Total sleep deprivation induces an acute and transient increase in NK cell activity in healthy young volunteers.,Sleep,2001,PubMed/MEDLINE;Scopus;Web of Science Core Collection,TI04
FS-000285,Assessment of absolute risk of death after myocardial infarction by use of multiple-risk-factor assessment equations: GISSI-Prevenzione mortality risk chart.,European heart journal,2001,PubMed/MEDLINE;Scopus;Web of Science Core Collection,TI04
FS-000289,Human V gamma 2V delta 2 T cells produce IFN-gamma and TNF-alpha with an on/off/on cycling pattern in response to live bacterial products.,"Journal of immunology (Baltimore, Md. : 1950)",2001,PubMed/MEDLINE;Scopus;Web of Science Core Collection,TI04
FS-000292,Increased production of inflammatory cytokines in patients with silent myocardial ischemia.,Journal of the American College of Cardiology,2001,PubMed/MEDLINE;Scopus;Web of Science Core Collection,TI04
FS-000293,Acetylsalicylic acid inhibits the pituitary response to exercise-related stress in humans.,Medicine and science in sports and exercise,2001,PubMed/MEDLINE;Scopus;Web of Science Core Collection,TI05
FS-000294,Nitrogen dioxide exposure: effects on airway and blood cells.,American journal of physiology. Lung cellular and molecular physiology,2002,PubMed/MEDLINE;Scopus;Web of Science Core Collection,TI04
FS-000296,Reversal of angiogenic growth factor upregulation by revascularization of lower limb ischemia.,Circulation,2002,PubMed/MEDLINE,TI04
FS-000299,Exercise stress testing for detection of silent myocardial ischemia in human immunodeficiency virus-infected patients receiving antiretroviral therapy.,Clinical infectious diseases : an official publication of the Infectious Diseases Society of America,2002,PubMed/MEDLINE;Scopus;Web of Science Core Collection,TI05
FS-000300,Morphologic and mechanical basis of delayed-onset muscle soreness.,The Journal of the American Academy of Orthopaedic Surgeons,2002,PubMed/MEDLINE;Scopus,TI05
FS-000303,Propranolol affects stress-induced leukocytosis and cellular adhesion molecule expression.,European journal of applied physiology,2001,PubMed/MEDLINE;Scopus;Web of Science Core Collection,TI04
FS-000304,"Effect of short-term low-intensity exercise on insulin sensitivity, insulin secretion, and glucose and lipid metabolism in non-obese Japanese type 2 diabetic patients.",Hormone and metabolic research = Hormon- und Stoffwechselforschung = Hormones et metabolisme,2002,PubMed/MEDLINE;Scopus;Web of Science Core Collection,TI05
FS-000310,"Homing efficiency, cell cycle kinetics, and survival of quiescent and cycling human CD34(+) cells transplanted into conditioned NOD/SCID recipients.",Blood,2002,PubMed/MEDLINE;Scopus;Web of Science Core Collection,TI04
FS-000321,Interleukin-11 induces proliferation of human T-cells and its activity is associated with downregulation of p27(kip1).,Haematologica,2002,PubMed/MEDLINE;Scopus;Web of Science Core Collection,TI04
FS-000326,Addition of candesartan to angiotensin converting enzyme inhibitor therapy in patients with chronic heart failure does not reduce levels of oxidative stress.,European journal of heart failure,2002,PubMed/MEDLINE;Scopus;Web of Science Core Collection,TI04
FS-000334,Heritability of explosive power and anaerobic capacity in humans.,European journal of applied physiology,2002,PubMed/MEDLINE;Scopus;Web of Science Core Collection,TI05
FS-000337,Serum levels of selected adhesion molecules in patients with coronary artery disease.,International journal of cardiology,2002,PubMed/MEDLINE;Scopus;Web of Science Core Collection,TI04
FS-000347,"Pharmacology of N-(3,5-dichloro-1-oxido-4-pyridinyl)-8-methoxy-2-(trifluoromethyl)-5-quinoline carboxamide (SCH 351591), a novel, orally active phosphodiesterase 4 inhibitor.",The Journal of pharmacology and experimental therapeutics,2002,PubMed/MEDLINE;Scopus;Web of Science Core Collection,TI04
FS-000350,Reduced oxidative phosphorylation and proton efflux suggest reduced capillary blood supply in skeletal muscle of patients with dermatomyositis and polymyositis: a quantitative 31P-magnetic resonance spectroscopy and MRI study.,Brain : a journal of neurology,2002,PubMed/MEDLINE;Scopus;Web of Science Core Collection,TI04
FS-000351,Quality control in diagnostic virology.,Proceedings of the Royal Society of Medicine,1975,PubMed/MEDLINE,TI04
FS-000355,Vascular involvement in exercise-induced airway narrowing in patients with bronchial asthma.,Chest,2002,PubMed/MEDLINE;Scopus;Web of Science Core Collection,TI05
FS-000365,"Induced chitinase activity in resistant wheat leaves inoculated with an incompatible race of Puccinia striiformis f. sp. tritici, the causal agent of yellow rust disease.",Mycopathologia,2002,PubMed/MEDLINE,TI04
FS-000366,The use of leukotriene receptor antagonists (LTRAs) as complementary therapy in asthma.,Monaldi archives for chest disease = Archivio Monaldi per le malattie del torace,2002,PubMed/MEDLINE,TI04
FS-000370,Biomarkers of oxidative stress after controlled human exposure to ozone.,Toxicology letters,2002,PubMed/MEDLINE;Web of Science Core Collection,TI04
FS-000371,Age of onset possibly associated with the degree of heteroplasmy in two male siblings with diabetes mellitus having an A to G transition at 3243 of mitochondrial DNA.,Diabetic medicine : a journal of the British Diabetic Association,2002,PubMed/MEDLINE;Scopus;Web of Science Core Collection,TI04
FS-000372,Impact of an exercise-induced increase in cardiac troponin I in chronic heart failure secondary to ischemic or idiopathic dilated cardiomyopathy,American Journal of Cardiology,2002,PubMed/MEDLINE;Scopus;Web of Science Core Collection,TI05
FS-000373,A community survey of asthmatic characteristics.,Thorax,1975,PubMed/MEDLINE,TI04
FS-000376,Protection against exercise-induced bronchoconstriction by montelukast in aspirin-sensitive and aspirin-tolerant patients with asthma.,Clinical and experimental allergy : journal of the British Society for Allergy and Clinical Immunology,2002,PubMed/MEDLINE;Scopus;Web of Science Core Collection,TI05
FS-000379,Training of dayas improves health care for Egypt's mothers.,Safe motherhood,1996,PubMed/MEDLINE;Scopus,TI04
FS-000382,The effects of fish oil and isoflavones on delayed onset muscle soreness.,Medicine and science in sports and exercise,2002,PubMed/MEDLINE;Scopus;Web of Science Core Collection,TI05
FS-000391,Short-term variability of exhaled nitric oxide in young male patients with mild asthma and in healthy subjects.,Respiratory medicine,2002,PubMed/MEDLINE,TI04
FS-000392,Acute and chronic effects of exercise on tissue sensitivity to glucocorticoids.,"Journal of applied physiology (Bethesda, Md. : 1985)",2003,PubMed/MEDLINE;Scopus;Web of Science Core Collection,TI05
FS-000396,Endotoxemia stimulates skeletal muscle Na+-K+-ATPase and raises blood lactate under aerobic conditions in humans.,American journal of physiology. Heart and circulatory physiology,2003,PubMed/MEDLINE,TI04
FS-000400,A human model of platelet-leucocyte adhesive interactions during controlled ischaemia in patients with peripheral vascular disease.,Journal of clinical pathology,2002,PubMed/MEDLINE;Scopus;Web of Science Core Collection,TI04
FS-000401,Reduction of fat accumulation and lipid disorders by individualized light aerobic training in human immunodeficiency virus infected patients with lipodystrophy and/or dyslipidemia.,Diabetes & metabolism,2002,PubMed/MEDLINE;Scopus;Web of Science Core Collection,TI05
FS-000406,Partial normalization of the heart rate response to exercise after cardiac transplantation: frequency and relationship to exercise capacity.,Mayo Clinic proceedings,2002,PubMed/MEDLINE;Scopus;Web of Science Core Collection,TI05
FS-000413,C-reactive protein and ischemia in users and nonusers of beta-blockers and statins: data from the Heart and Soul Study.,Circulation,2003,PubMed/MEDLINE;Scopus;Web of Science Core Collection,TI04
FS-000414,The effects of massage on delayed onset muscle soreness.,British journal of sports medicine,2003,PubMed/MEDLINE;Scopus;Web of Science Core Collection,TI05
FS-000415,"Cognitive and motor function after administration of hydrocodone bitartrate plus ibuprofen, ibuprofen alone, or placebo in healthy subjects with exercise-induced muscle damage: a randomized, repeated-dose, placebo-controlled study.",Psychopharmacology,2003,PubMed/MEDLINE;Scopus;Web of Science Core Collection,TI05
FS-000422,The role of antileukotrienes in the treatment of asthma.,International journal of immunopathology and pharmacology,2002,PubMed/MEDLINE,TI04
FS-000423,The effects of ibuprofen on delayed muscle soreness and muscular performance after eccentric exercise.,Journal of strength and conditioning research,2003,PubMed/MEDLINE;Scopus,TI05
FS-000426,PPARgamma gene polymorphism is associated with exercise-mediated changes of insulin resistance in healthy men.,Metabolism: clinical and experimental,2003,PubMed/MEDLINE;Scopus;Web of Science Core Collection,TI05
FS-000427,Tender points are not sites of ongoing inflammation -in vivo evidence in patients with chronic tension-type headache.,Cephalalgia : an international journal of headache,2003,PubMed/MEDLINE;Scopus;Web of Science Core Collection,TI04
FS-000433,Acute interleukin-6 administration does not impair muscle glucose uptake or whole-body glucose disposal in healthy humans.,The Journal of physiology,2003,PubMed/MEDLINE,TI04
FS-000442,"Transendocardial, autologous bone marrow cell transplantation for severe, chronic ischemic heart failure.",Circulation,2003,PubMed/MEDLINE;Scopus;Web of Science Core Collection,TI04
FS-000443,"Reversibility of the effects on blood cells, lipids, liver function and hormones in former anabolic-androgenic steroid abusers.",The Journal of steroid biochemistry and molecular biology,2003,PubMed/MEDLINE;Web of Science Core Collection,TI04
FS-000444,Effect of maternal exercise and fetoplacental growth rate on serum erythropoietin concentrations.,American journal of obstetrics and gynecology,2003,PubMed/MEDLINE,TI05
FS-000452,"C-reactive protein, clinical presentation, and ischemic activity in patients with chest pain and normal coronary angiograms.",Journal of the American College of Cardiology,2003,PubMed/MEDLINE;Scopus;Web of Science Core Collection,TI04
FS-000456,Pulmonary involvement in type 1 Gaucher disease: functional and exercise findings in patients with and without clinical interstitial lung disease.,Clinical genetics,2003,PubMed/MEDLINE;Scopus;Web of Science Core Collection,TI05
FS-000459,Beryllium-stimulated neopterin as a diagnostic adjunct in chronic beryllium disease.,American journal of industrial medicine,2003,PubMed/MEDLINE;Scopus;Web of Science Core Collection,TI04
FS-000467,Terbutaline-induced desensitization of beta 2-adrenoceptor in vivo function in humans: attenuation by ketotifen.,Journal of cardiovascular pharmacology,1992,PubMed/MEDLINE;Scopus;Web of Science Core Collection,TI04
FS-000473,A comparison of Qt and a-vO2 in individuals with HIV taking and not taking HAART.,Medicine and science in sports and exercise,2003,PubMed/MEDLINE;Scopus;Web of Science Core Collection,TI05
FS-000477,Human CRP gene polymorphism influences CRP levels: implications for the prediction and pathogenesis of coronary heart disease.,"Arteriosclerosis, thrombosis, and vascular biology",2003,PubMed/MEDLINE;Scopus;Web of Science Core Collection,TI04
FS-000478,Preserved response of mitochondrial function to short-term endurance training in skeletal muscle of heart transplant recipients.,Journal of the American College of Cardiology,2003,PubMed/MEDLINE;Scopus;Web of Science Core Collection,TI05
FS-000479,"IL-6 enhances plasma IL-1ra, IL-10, and cortisol in humans.",American journal of physiology. Endocrinology and metabolism,2003,PubMed/MEDLINE;Scopus;Web of Science Core Collection,TI04
FS-000482,The effect of exercise performed before and 24 hours after blood withdrawal on serum erythropoietin and growth hormone concentrations in humans.,International journal of sports medicine,2003,PubMed/MEDLINE,TI05
FS-000487,Complement activation in a model of chronic fatigue syndrome.,The Journal of allergy and clinical immunology,2003,PubMed/MEDLINE;Scopus;Web of Science Core Collection,TI04
FS-000490,Fish oil supplementation reduces severity of exercise-induced bronchoconstriction in elite athletes.,American journal of respiratory and critical care medicine,2003,PubMed/MEDLINE;Scopus;Web of Science Core Collection,TI05
FS-000496,Release of inflammatory mediators from eosinophils following a hyperosmolar stimulus.,Respiratory medicine,2003,PubMed/MEDLINE;Scopus;Web of Science Core Collection,TI04
FS-000500,Association between fatigue and failure to preserve cerebral energy turnover during prolonged exercise.,Acta physiologica Scandinavica,2003,PubMed/MEDLINE;Scopus;Web of Science Core Collection,TI05
FS-000506,A comparative study of bronchodilator actions of ipratropium bromide (atrovent) & salbutamol (ventolin) on exercise induced bronchial asthma.,The Journal of the Association of Physicians of India,1992,PubMed/MEDLINE;Scopus,TI05
FS-000509,Leucocytes and free radicals in stable angina pectoris.,Japanese heart journal,1992,PubMed/MEDLINE;Scopus,TI04
FS-000513,Placebo effect in cardiovascular clinical pharmacology.,International journal of clinical pharmacology research,1992,PubMed/MEDLINE;Web of Science Core Collection,TI04
FS-000517,The inter-relation between inflammation and epidermal proliferation in normal skin following epicutaneous application of leukotriene-B4--an immunohistochemical study.,Clinical and experimental dermatology,1992,PubMed/MEDLINE;Scopus;Web of Science Core Collection,TI04
FS-000519,Effect of camptothecin on mitogenic stimulation of human lymphocytes: involvement of DNA topoisomerase I in cell transition from G0 to G1 phase of the cell cycle and in DNA replication.,Journal of cellular physiology,1992,PubMed/MEDLINE;Scopus;Web of Science Core Collection,TI04
FS-000520,Variations of intracellular histamine basophil levels after treatment with ketotifen.,Journal of investigational allergology & clinical immunology,1992,PubMed/MEDLINE;Scopus;Web of Science Core Collection,TI04
FS-000521,Cardiovascular disease risk in lesbian women.,Women's health issues : official publication of the Jacobs Institute of Women's Health,2003,PubMed/MEDLINE;Web of Science Core Collection,TI04
FS-000523,Platelet activation and prostacyclin release in essential hypertension.,Prostaglandins,1992,PubMed/MEDLINE,TI04
FS-000528,"THE RELATIONSHIPS BETWEEN MINUTE VENTILATION, PULMONARY GAS DIFFUSION AND RESPIRATORY WORK MEASURED SIMULTANEOUSLY DURING A STANDARD EXERCISE TEST.",Diseases of the chest,1965,PubMed/MEDLINE,TI05
FS-000529,Effect of erythropoietin on ischemia tolerance in anemic hemodialysis patients with confirmed coronary artery disease.,Nephron,1992,PubMed/MEDLINE,TI04
FS-000530,Increased oxygen species generation in blood monocytes of asthmatic patients.,The American review of respiratory disease,1992,PubMed/MEDLINE;Scopus;Web of Science Core Collection,TI04
FS-000537,Antioxidant vitamins decrease exercise-induced QT dispersion after myocardial infarction; [Witaminy antyoksydacyjne zmniejszaja̧ wysiłkowa̧ dyspersjȩ QT po zawale serca],Kardiologia Polska,2003,PubMed/MEDLINE;Scopus,TI05
FS-000538,"The relationship between the transfer factor obtained at rest, and arterial oxygen tension during exercise, in patients with miscellaneous pulmonary diseases.",Journal of internal medicine,1992,PubMed/MEDLINE,TI05
FS-000539,Faster oxygen uptake kinetics at the onset of submaximal cycling exercise following 4 weeks recombinant human erythropoietin (r-HuEPO) treatment.,Pflugers Archiv : European journal of physiology,2003,PubMed/MEDLINE,TI05
FS-000540,Symptoms of infection and acute mountain sickness; associated metabolic sequelae and problems in differential diagnosis.,High altitude medicine & biology,2003,PubMed/MEDLINE;Scopus;Web of Science Core Collection,TI04
FS-000548,Effect of atorvastatin on exercise-induced myocardial ischemia in patients with stable angina pectoris.,The American journal of cardiology,2003,PubMed/MEDLINE;Scopus;Web of Science Core Collection,TI05
FS-000549,The influence of Iloprost on blood rheology and tissue perfusion in patients with intermittent claudication; [Wpływ iloprostu na reologiȩ krwi oraz perfuzȩ tkankowa̧ w chromaniu przestankowym],Kardiologia Polska,2003,PubMed/MEDLINE;Scopus,TI04
FS-000551,Association between renal insufficiency and inducible ischemia in patients with coronary artery disease: the heart and soul study.,Journal of the American Society of Nephrology : JASN,2003,PubMed/MEDLINE;Scopus;Web of Science Core Collection,TI04
FS-000553,The hypertriglyceridemic waist phenotype among women.,Atherosclerosis,2003,PubMed/MEDLINE,TI04
FS-000557,Capillary rarefaction and abnormal cardiovascular reactivity in hypertension.,Journal of hypertension,2003,PubMed/MEDLINE;Scopus;Web of Science Core Collection,TI04
FS-000560,Impaired oxygen on-kinetics in persons with human immunodeficiency virus are not due to highly active antiretroviral therapy.,Archives of physical medicine and rehabilitation,2003,PubMed/MEDLINE;Scopus;Web of Science Core Collection,TI05
FS-000565,No effect of montelukast on asthma-like symptoms in elite ice hockey players.,Allergy,2004,PubMed/MEDLINE;Scopus;Web of Science Core Collection,TI05
FS-000576,Changes and significance of subtype function of beta-adrenoreceptors in left ventricular remodeling of hypertension.,Japanese heart journal,2003,PubMed/MEDLINE;Scopus;Web of Science Core Collection,TI04
FS-000579,Health effects of acute exposure to air pollution. Part II: Healthy subjects exposed to concentrated ambient particles.,Research report (Health Effects Institute),2003,PubMed/MEDLINE;Scopus,TI04
FS-000583,Thaulium-201 myocardial perfusion imaging in patients with systemic lupus erythematosus; [Analisi tomografica con tallio-2001 della perfusione miocardica in pazienti con lupus eritematoso sistemico],Minerva Cardioangiologica,2004,PubMed/MEDLINE;Scopus,TI04
FS-000585,Mechanisms of inhibition of T cell IL-2 secretion by factor VIII concentrates.,British journal of haematology,1992,PubMed/MEDLINE;Scopus;Web of Science Core Collection,TI04
FS-000590,Diagnosis of Pneumocystis carinii pneumonia in HIV antibody positive patients by simple outpatient assessments.,Thorax,1992,PubMed/MEDLINE;Scopus;Web of Science Core Collection,TI04
FS-000596,"Pentoxifylline in ischemic, hypertensive and idiopathic-dilated cardiomyopathy: effects on left-ventricular function, inflammatory cytokines and symptoms.",European journal of heart failure,2004,PubMed/MEDLINE;Scopus;Web of Science Core Collection,TI04
FS-000601,The effects of a typing task on the hand volume of the older worker.,"Work (Reading, Mass.)",2004,PubMed/MEDLINE;Scopus,TI04
FS-000603,Beta-adrenergic receptor blockade and the angiotensin-converting enzyme deletion polymorphism in patients with chronic heart failure.,European journal of heart failure,2004,PubMed/MEDLINE;Scopus;Web of Science Core Collection,TI04
FS-000610,Metabolic disturbances during short exercises in dermatomyositis revealed by real-time functional 31P magnetic resonance spectroscopy.,"Rheumatology (Oxford, England)",2004,PubMed/MEDLINE,TI05
FS-000617,"Baseline lung function, exercise-induced bronchoconstriction, and asthma-like symptoms in elite women ice hockey players.",Medicine and science in sports and exercise,2004,PubMed/MEDLINE;Scopus;Web of Science Core Collection,TI05
FS-000624,"Palliative Nutritional Intervention in Addition to Cyclooxygenase and Erythropoietin Treatment for Patients with Malignant Disease: Effects on Survival, Metabolism, and Function: A Randomized Prospective Study",Cancer,2004,PubMed/MEDLINE;Scopus;Web of Science Core Collection,TI04
FS-000625,Endotoxin sensitivity and immune competence in chronic heart failure.,Clinica chimica acta; international journal of clinical chemistry,2004,PubMed/MEDLINE;Scopus;Web of Science Core Collection,TI04
FS-000626,Cell cycle analysis of the CD133+ and CD133- cells isolated from umbilical cord blood.,Clinica chimica acta; international journal of clinical chemistry,2004,PubMed/MEDLINE;Scopus;Web of Science Core Collection,TI04
FS-000629,The CSF and arterial to internal jugular venous hormonal differences during exercise in humans.,Experimental physiology,2004,PubMed/MEDLINE;Scopus;Web of Science Core Collection,TI05
FS-000630,Resistance training alters plasma myostatin but not IGF-1 in healthy men.,Medicine and science in sports and exercise,2004,PubMed/MEDLINE,TI05
FS-000633,Ambient air pollution and oxygen saturation.,American journal of respiratory and critical care medicine,2004,PubMed/MEDLINE;Scopus;Web of Science Core Collection,TI04
FS-000636,High stored iron levels are associated with excess risk of myocardial infarction in eastern Finnish men.,Circulation,1992,PubMed/MEDLINE;Scopus;Web of Science Core Collection,TI04
FS-000641,WBC count and the risk of cancer mortality in a national sample of U.S. adults: results from the Second National Health and Nutrition Examination Survey mortality study.,"Cancer epidemiology, biomarkers & prevention : a publication of the American Association for Cancer Research, cosponsored by the American Society of Preventive Oncology",2004,PubMed/MEDLINE;Web of Science Core Collection,TI04
FS-000646,Sulfuric acid aerosol exposure in humans assessed by bronchoalveolar lavage.,The American review of respiratory disease,1992,PubMed/MEDLINE;Scopus;Web of Science Core Collection,TI04
FS-000647,Acute and chronic changes of vascular endothelial growth factor (VEGF) in induced sputum of toluene diisocyanate (TDI)-induced asthma patients.,Journal of Korean medical science,2004,PubMed/MEDLINE;Scopus;Web of Science Core Collection,TI04
FS-000648,"Pulmonary function, diffusing capacity, and inflammation in healthy and asthmatic subjects exposed to ultrafine particles.",Inhalation toxicology,2004,PubMed/MEDLINE;Web of Science Core Collection,TI04
FS-000650,Assessment of systemic inflammation and infective pathogen burden in patients with cardiac syndrome X.,The American journal of cardiology,2004,PubMed/MEDLINE;Scopus;Web of Science Core Collection,TI04
FS-000653,L-arginine supplementation prolongs duration of exercise in congestive heart failure; [L-arginina poprawia tolerancjȩ wysiłku w niewydolnoś ci serca],Kardiologia Polska,2004,PubMed/MEDLINE;Scopus,TI05
FS-000654,A pilot exercise intervention to improve lower extremity functioning in peripheral arterial disease unaccompanied by intermittent claudication.,Journal of cardiopulmonary rehabilitation,2004,PubMed/MEDLINE;Scopus,TI05
FS-000656,Underdiagnosis of asthma in young adults presenting for USAF basic training.,Annals of allergy,1992,PubMed/MEDLINE;Scopus;Web of Science Core Collection,TI05
FS-000677,Dynamic blood cell contact with biomaterials: validation of a flow chamber system according to international standards.,Journal of materials science. Materials in medicine,1997,PubMed/MEDLINE;Scopus;Web of Science Core Collection,TI04
FS-000678,Physiological measures of therapeutic response to interferon beta-1a treatment in remitting-relapsing MS.,Clinical neurophysiology : official journal of the International Federation of Clinical Neurophysiology,2004,PubMed/MEDLINE;Scopus;Web of Science Core Collection,TI04
FS-000688,Limited clinical utility of endomyocardial biopsy in patients presenting with ventricular tachycardia without apparent structural heart disease.,Clinical cardiology,1992,PubMed/MEDLINE;Scopus;Web of Science Core Collection,TI04
FS-000690,"Diurnal variation of soluble E- and P-selectin, and intercellular adhesion molecule-1 in patients with and without coronary artery disease.",Cardiology,2004,PubMed/MEDLINE;Scopus;Web of Science Core Collection,TI04
FS-000692,Relationship between exercise desaturation and pulmonary haemodynamics in COPD patients.,The European respiratory journal,2004,PubMed/MEDLINE;Scopus;Web of Science Core Collection,TI05
FS-000698,Differential-display PCR of peripheral blood for biomarker discovery in chronic fatigue syndrome.,"Journal of molecular medicine (Berlin, Germany)",2004,PubMed/MEDLINE;Scopus;Web of Science Core Collection,TI04
FS-000707,"The effect of brief exercise cessation on pain, fatigue, and mood symptom development in healthy, fit individuals.",Journal of psychosomatic research,2004,PubMed/MEDLINE;Scopus;Web of Science Core Collection,TI05
FS-000713,The effect of aspirin on the ventilatory response to exercise in chronic heart failure.,European journal of heart failure,2004,PubMed/MEDLINE;Scopus;Web of Science Core Collection,TI05
FS-000715,Hippocampal BDNF mediates the efficacy of exercise on synaptic plasticity and cognition.,The European journal of neuroscience,2004,PubMed/MEDLINE,TI05
FS-000722,Catheter-based transendocardial delivery of autologous bone-marrow-derived mononuclear cells in patients listed for heart transplantation.,Texas Heart Institute journal,2004,PubMed/MEDLINE;Scopus;Web of Science Core Collection,TI04
FS-000723,Mustard allergy confirmed by double-blind placebo-controlled food challenges: clinical features and cross-reactivity with mugwort pollen and plant-derived foods.,Allergy,2005,PubMed/MEDLINE,TI04
FS-000737,"Nitric oxide is released into circulation with whole-body, periodic acceleration.",Chest,2005,PubMed/MEDLINE;Scopus;Web of Science Core Collection,TI04
FS-000744,"Impairment of lung function, health status and functional capacity in patients with ANCA-associated vasculitis.","Rheumatology (Oxford, England)",2005,PubMed/MEDLINE,TI05
FS-000748,Phenotypes of asthma revisited upon the presence of atopy.,Respiratory medicine,2005,PubMed/MEDLINE;Scopus;Web of Science Core Collection,TI04
FS-000750,"IgE-binding abilities of pentapeptides, QQPFP and PQQPF, in wheat gliadin.",Journal of nutritional science and vitaminology,2004,PubMed/MEDLINE,TI04
FS-000752,Long-term endurance training induced changes in glucocorticoid receptors concentrations in rat and in man.,The Journal of sports medicine and physical fitness,2004,PubMed/MEDLINE;Scopus;Web of Science Core Collection,TI05
FS-000754,Effects of exposure to ultrafine carbon particles in healthy subjects and subjects with asthma.,Research report (Health Effects Institute),2004,PubMed/MEDLINE;Scopus,TI04
FS-000755,Effects of short-term glucocorticoids on cardiovascular biomarkers.,The Journal of clinical endocrinology and metabolism,2005,PubMed/MEDLINE;Scopus;Web of Science Core Collection,TI04
FS-000763,"Effect of moderate incremental exercise, performed in fed and fasted state on cardio-respiratory variables and leptin and ghrelin concentrations in young healthy men.",Journal of physiology and pharmacology : an official journal of the Polish Physiological Society,2005,PubMed/MEDLINE;Scopus;Web of Science Core Collection,TI05
FS-000770,Anaerobic exercise capacity in patients with juvenile-onset idiopathic inflammatory myopathies.,Arthritis and rheumatism,2005,PubMed/MEDLINE;Scopus;Web of Science Core Collection,TI05
FS-000772,Drugs for asthma.,Treatment guidelines from the Medical Letter,2005,PubMed/MEDLINE;Scopus,TI04
FS-000773,Validation of the human ozone challenge model as a tool for assessing anti-inflammatory drugs in early development.,Journal of clinical pharmacology,2005,PubMed/MEDLINE;Scopus;Web of Science Core Collection,TI04
FS-000776,Effect of erythropoietin treatment on physical exercise capacity and on renal function in predialytic uremic patients.,Nephron,1992,PubMed/MEDLINE,TI05
FS-000780,Polyunsaturated fatty acids improve exercise capacity in chronic obstructive pulmonary disease.,Thorax,2005,PubMed/MEDLINE;Scopus;Web of Science Core Collection,TI05
FS-000781,Effects of high-intensity exercises on 13C-nandrolone excretion in trained athletes.,Clinical journal of sport medicine : official journal of the Canadian Academy of Sport Medicine,2005,PubMed/MEDLINE;Scopus;Web of Science Core Collection,TI05
FS-000784,Structural and functional abnormality of systemic microvessels in cardiac syndrome X.,"Nutrition, metabolism, and cardiovascular diseases : NMCD",2005,PubMed/MEDLINE;Scopus;Web of Science Core Collection,TI04
FS-000786,Identification of IgE-binding epitopes on gliadins for patients with food allergy to wheat.,Allergy,2005,PubMed/MEDLINE,TI04
FS-000788,The implementation of factor analysis for the evaluation of selected blood parameter changes induced by hyperbaric exposure.,International maritime health,2004,PubMed/MEDLINE,TI04
FS-000789,Increased levels of soluble adhesion molecules E-selectin and P-selectin in patients with cardiac syndrome X.,Angiology,2005,PubMed/MEDLINE;Scopus;Web of Science Core Collection,TI04
FS-000792,Immediate-early antigen expression and modulation of apoptosis after in vitro infection of polymorphonuclear leukocytes by human cytomegalovirus.,Microbes and infection,2005,PubMed/MEDLINE;Scopus;Web of Science Core Collection,TI04
FS-000797,Combined periprocedural evaluation of CRP and TNF-alpha enhances the prediction of clinical restenosis and major adverse cardiac events in patients undergoing percutaneous coronary interventions.,International journal of molecular medicine,2005,PubMed/MEDLINE;Scopus;Web of Science Core Collection,TI04
FS-000804,Hypoxaemia enhances peripheral muscle oxidative stress in chronic obstructive pulmonary disease.,Thorax,2005,PubMed/MEDLINE;Scopus;Web of Science Core Collection,TI04
FS-000806,Interactive effect of an acute bout of resistance exercise and dehydroepiandrosterone administration on glucose tolerance and serum lipids in middle-aged women.,The Chinese journal of physiology,2005,PubMed/MEDLINE;Scopus;Web of Science Core Collection,TI05
FS-000811,Alterations of ionized Mg2+ in human blood after exercise.,Life sciences,2005,PubMed/MEDLINE,TI05
FS-000812,Air pollution and ST-segment depression in elderly subjects.,Environmental health perspectives,2005,PubMed/MEDLINE;Scopus;Web of Science Core Collection,TI04
FS-000813,Changes in erythropoietin and haemoglobin concentrations in response to saturation diving.,European journal of applied physiology,2005,PubMed/MEDLINE,TI05
FS-000815,Gas exchange during exercise in habitually active asthmatic subjects.,"Journal of applied physiology (Bethesda, Md. : 1985)",2005,PubMed/MEDLINE;Scopus;Web of Science Core Collection,TI05
FS-000819,Muscle and liver lactate metabolism in HAART-treated and naive HIV-infected patients: The MITOVIR study,Antiviral Therapy,2005,PubMed/MEDLINE;Scopus;Web of Science Core Collection,TI04
FS-000821,The effects of short term (3 weeks) testosterone treatment on serum inflammatory markers in men undergoing coronary artery stenting.,International journal of cardiology,2006,PubMed/MEDLINE;Scopus;Web of Science Core Collection,TI04
FS-000827,Effects of exercise training on insulin-like growth factor-I expression in the skeletal muscle of non-cachectic patients with chronic heart failure.,"European journal of cardiovascular prevention and rehabilitation : official journal of the European Society of Cardiology, Working Groups on Epidemiology & Prevention and Cardiac Rehabilitation and Exercise Physiology",2005,PubMed/MEDLINE;Scopus;Web of Science Core Collection,TI05
FS-000832,Acute stress exposure prior to influenza vaccination enhances antibody response in women.,"Brain, behavior, and immunity",2006,PubMed/MEDLINE;Scopus;Web of Science Core Collection,TI04
FS-000833,DNA ligase I mRNA and enzyme levels in human hematopoietic cells under dimethyl sulfoxide-induced growth-arrest and differentiation.,Biochemistry international,1992,PubMed/MEDLINE,TI04
FS-000834,Endothelial nitric oxide synthase inhibition does not alter endothelial progenitor cell colony forming capacity or migratory activity.,Journal of cardiovascular pharmacology,2005,PubMed/MEDLINE;Scopus;Web of Science Core Collection,TI04
FS-000836,Immunohistological alterations in muscle of patients with amyotrophic lateral sclerosis: mononuclear cell phenotypes and expression of MHC products.,Clinical neuropathology,1992,PubMed/MEDLINE;Scopus;Web of Science Core Collection,TI04
FS-000840,Erythropoietic adaptations to endurance training.,European journal of applied physiology and occupational physiology,1992,PubMed/MEDLINE,TI05
FS-000843,Plasma matrix metalloproteinase-3 level is an independent prognostic factor in stable coronary artery disease.,European journal of clinical investigation,2005,PubMed/MEDLINE;Scopus;Web of Science Core Collection,TI04
FS-000846,"C-reactive protein in patients with COPD, control smokers and non-smokers.",Thorax,2006,PubMed/MEDLINE;Scopus;Web of Science Core Collection,TI04
FS-000853,"Levels of homocysteine are inversely associated with cardiovascular fitness in women, but not in men: data from the National Health and Nutrition Examination Survey 1999-2002.",Journal of internal medicine,2005,PubMed/MEDLINE;Scopus;Web of Science Core Collection,TI05
FS-000856,Inflammation: a possible pathogenic link to cardiac syndrome X.,Medical hypotheses,2006,PubMed/MEDLINE;Scopus;Web of Science Core Collection,TI04
FS-000857,Effect of high altitude and exercise on microvascular parameters in acclimatized subjects.,"Clinical science (London, England : 1979)",2006,PubMed/MEDLINE;Scopus;Web of Science Core Collection,TI05
FS-000859,Are low total serum antioxidant status and elevated levels of C-reactive protein and monocyte chemotactic protein-1 associated with cardiac syndrome X?,Circulation journal : official journal of the Japanese Circulation Society,2005,PubMed/MEDLINE;Scopus;Web of Science Core Collection,TI04
FS-000863,Effects of altitude and exercise on pulmonary capillary integrity: evidence for subclinical high-altitude pulmonary edema.,"Journal of applied physiology (Bethesda, Md. : 1985)",2006,PubMed/MEDLINE;Scopus;Web of Science Core Collection,TI05
FS-000864,Outcomes and risks of granulocyte colony-stimulating factor in patients with coronary artery disease.,Journal of the American College of Cardiology,2005,PubMed/MEDLINE;Scopus;Web of Science Core Collection,TI04
FS-000865,Hypoxemia: an early indication of pigeon breeders' disease. Clinical and laboratory findings among pigeon breeders in the Salonica area.,Journal of investigational allergology & clinical immunology,2005,PubMed/MEDLINE;Scopus;Web of Science Core Collection,TI04
FS-000868,Increased plasma N-terminal pro-B-type natriuretic peptide and markers of inflammation related to atherosclerosis in patients with primary hyperparathyroidism.,Clinical endocrinology,2005,PubMed/MEDLINE;Scopus;Web of Science Core Collection,TI04
FS-000869,Adaptation of the hypothalamic-pituitary hormones during intensive endurance training.,Clinical endocrinology,2005,PubMed/MEDLINE,TI05
FS-000876,Increased levels of interstitial potassium but normal levels of muscle IL-6 and LDH in patients with trapezius myalgia.,Pain,2005,PubMed/MEDLINE;Scopus;Web of Science Core Collection,TI04
FS-000878,Effects of inhaled bronchodilators and corticosteroids on exercise induced arterial hypoxaemia in trained male athletes.,British journal of sports medicine,2005,PubMed/MEDLINE;Scopus,TI05
FS-000881,Massive insulin secretion in response to anaerobic exercise in exercise-induced hyperinsulinism.,Hormone and metabolic research = Hormon- und Stoffwechselforschung = Hormones et metabolisme,2005,PubMed/MEDLINE;Scopus;Web of Science Core Collection,TI05
FS-000891,Abrogating chemotherapy-induced myelosuppression by recombinant granulocyte-macrophage colony-stimulating factor in patients with sarcoma: protection at the progenitor cell level.,Journal of clinical oncology : official journal of the American Society of Clinical Oncology,1992,PubMed/MEDLINE;Scopus,TI04
FS-000895,"ALOX5 promoter genotype, asthma severity and LTC production by eosinophils.",Allergy,2006,PubMed/MEDLINE;Scopus;Web of Science Core Collection,TI04
FS-000896,Diesel exhaust inhalation causes vascular dysfunction and impaired endogenous fibrinolysis.,Circulation,2005,PubMed/MEDLINE;Scopus;Web of Science Core Collection,TI04
FS-000898,Exercise-induced reversal of insulin resistance in obese elderly is associated with reduced visceral fat.,"Journal of applied physiology (Bethesda, Md. : 1985)",2006,PubMed/MEDLINE;Scopus;Web of Science Core Collection,TI05
FS-000900,The impact of abbreviated progressive muscle relaxation on salivary cortisol and salivary immunoglobulin A (sIgA).,Applied psychophysiology and biofeedback,2005,PubMed/MEDLINE;Scopus;Web of Science Core Collection,TI04
FS-000910,Protective effect of fish oil supplementation on exercise-induced bronchoconstriction in asthma.,Chest,2006,PubMed/MEDLINE;Scopus;Web of Science Core Collection,TI05
FS-000913,Acute blood neutrophilia induced by short-term compost dust exposure in previously unexposed healthy individuals.,International archives of occupational and environmental health,2006,PubMed/MEDLINE;Scopus;Web of Science Core Collection,TI04
FS-000920,An approach of immunoneurological aspects in nasal allergic late phase.,Allergy and asthma proceedings,2005,PubMed/MEDLINE;Scopus;Web of Science Core Collection,TI04
FS-000921,Genetic association analysis of functional impairment in chronic obstructive pulmonary disease.,American journal of respiratory and critical care medicine,2006,PubMed/MEDLINE,TI04
FS-000924,Metabolic syndrome and the risk of stroke in middle-aged men.,Stroke,2006,PubMed/MEDLINE;Scopus;Web of Science Core Collection,TI04
FS-000929,False-positive detection of recombinant human erythropoietin in urine following strenuous physical exercise.,Blood,2006,PubMed/MEDLINE,TI05
FS-000938,Circulating mononuclear superoxide production and inflammatory markers for long-term prognosis in patients with cardiac syndrome X.,Free radical biology & medicine,2006,PubMed/MEDLINE;Scopus;Web of Science Core Collection,TI04
FS-000941,Factors affecting exercise capacity in renal transplantation candidates on continuous ambulatory peritoneal dialysis therapy.,Transplantation proceedings,2006,PubMed/MEDLINE;Web of Science Core Collection,TI05
FS-000942,Acute interleukin-6 infusion increases IGFBP-1 but has no short-term effect on IGFBP-3 proteolysis in healthy men.,Hormone research,2006,PubMed/MEDLINE;Scopus;Web of Science Core Collection,TI04
FS-000944,Various treatment techniques on signs and symptoms of delayed onset muscle soreness.,Journal of athletic training,1996,PubMed/MEDLINE,TI05
FS-000957,"Effects of omega-3 fatty acids on resting heart rate, heart rate recovery after exercise, and heart rate variability in men with healed myocardial infarctions and depressed ejection fractions.",The American journal of cardiology,2006,PubMed/MEDLINE;Scopus;Web of Science Core Collection,TI05
FS-000958,Usefulness of intramyocardial injection of autologous bone marrow-derived mononuclear cells in patients with severe angina pectoris and stress-induced myocardial ischemia.,The American journal of cardiology,2006,PubMed/MEDLINE;Scopus;Web of Science Core Collection,TI04
FS-000964,ACE gene polymorphism and erythropoietin in endurance athletes at moderate altitude.,Medicine and science in sports and exercise,2006,PubMed/MEDLINE,TI05
FS-000967,In vitro ketotifen protection in bronchial hyperreactivity.,Journal of investigational allergology & clinical immunology,1991,PubMed/MEDLINE;Scopus,TI04
FS-000968,Evaluating computed tomography and broncho alveolar lavage in early diagnosis of pulmonary asbestosis.,Sarcoidosis,1991,PubMed/MEDLINE;Scopus,TI04
FS-000970,Effect of resistance exercise on dehydroepiandrosterone sulfate concentrations during a 72-h recovery: relation to glucose tolerance and insulin response.,Life sciences,2006,PubMed/MEDLINE;Scopus;Web of Science Core Collection,TI05
FS-000975,Cardiopulmonary impairment in young women with polycystic ovary syndrome.,The Journal of clinical endocrinology and metabolism,2006,PubMed/MEDLINE,TI04
FS-000977,"Microvascular function, metabolic syndrome, and novel risk factor status in women with cardiac syndrome X.",The American journal of cardiology,2006,PubMed/MEDLINE;Scopus;Web of Science Core Collection,TI04
FS-000981,"Increased serum erythropoietin but not red cell production after 4 wk of intermittent hypobaric hypoxia (4,000-5,500 m).","Journal of applied physiology (Bethesda, Md. : 1985)",2006,PubMed/MEDLINE,TI04
FS-000991,Effect of rhIL-6 infusion on GH-->IGF-I axis mediators in humans.,"American journal of physiology. Regulatory, integrative and comparative physiology",2006,PubMed/MEDLINE;Scopus;Web of Science Core Collection,TI04
FS-000993,Activity-dependent conduction block in multifocal motor neuropathy: magnetic fatigue test.,Neurology,2006,PubMed/MEDLINE;Scopus;Web of Science Core Collection,TI04
FS-001002,Effects of exercise on glomerular passage of macromolecules in patients with diabetic nephropathy and in healthy subjects.,Scandinavian journal of clinical and laboratory investigation,1990,PubMed/MEDLINE,TI05
FS-001005,Improvement of human lymphocyte proliferation and alteration of IL-2 secretion kinetics by alpha-thioglycerol.,Lymphokine research,1990,PubMed/MEDLINE;Scopus;Web of Science Core Collection,TI04
FS-001006,Systolic blood pressure response to exercise in type 1 diabetes families compared with healthy control individuals.,Journal of hypertension,2006,PubMed/MEDLINE;Scopus;Web of Science Core Collection,TI05
FS-001012,Flow cytometric recognition of clastogen induced chromatin damage in G0/G1 lymphocytes by non-stoichiometric Hoechst fluorochrome binding.,Cytometry,1990,PubMed/MEDLINE;Scopus;Web of Science Core Collection,TI04
FS-001013,Seasonal asymptomatic lower airway hyperresponsiveness in patients with allergic rhinitis.,Medical science monitor : international medical journal of experimental and clinical research,2006,PubMed/MEDLINE;Scopus;Web of Science Core Collection,TI04
FS-001017,Exercise-induced changes in insulin-like growth factors and their low molecular weight binding protein in healthy subjects and patients with growth hormone deficiency.,European journal of clinical investigation,1990,PubMed/MEDLINE;Scopus;Web of Science Core Collection,TI05
FS-001019,Levels of anti-M2 and anti-beta1 autoantibodies do not correlate with the degree of heart dysfunction in Chagas' heart disease.,Microbes and infection,2006,PubMed/MEDLINE,TI04
FS-001020,The use of autologous blood to improve exercise capacity after total hip arthroplasty: a preliminary report.,Transfusion,2006,PubMed/MEDLINE,TI05
FS-001025,Weight loss improves heart rate recovery in overweight and obese men with features of the metabolic syndrome.,American heart journal,2006,PubMed/MEDLINE;Scopus;Web of Science Core Collection,TI04
FS-001027,"Permeability, inflammation and oxidant status in airspace epithelium exposed to ozone.",Respiratory medicine,2006,PubMed/MEDLINE;Scopus;Web of Science Core Collection,TI04
FS-001030,Atrial fibrillation is associated with increased neurohumoral activation and reduced exercise tolerance in patients with non-ischemic dilated cardiomyopathy.,International journal of cardiology,2007,PubMed/MEDLINE;Scopus;Web of Science Core Collection,TI05
FS-001031,"Toxicokinetics of 1,1,1,2-tetrafluoroethane (HFC-134a) in male volunteers after experimental exposure.",Toxicology letters,2006,PubMed/MEDLINE;Scopus;Web of Science Core Collection,TI04
FS-001037,Electrophysiological differences in seropositive and seronegative Lambert-Eaton myasthenic syndrome.,Muscle & nerve,2007,PubMed/MEDLINE,TI04
FS-001041,Observation of serum erythropoietin concentrations in female athletes for up to eight days after a marathon run.,Clinical laboratory,2006,PubMed/MEDLINE,TI05
FS-001047,Malignant melanoma in marathon runners.,Archives of dermatology,2006,PubMed/MEDLINE;Scopus;Web of Science Core Collection,TI05
FS-001053,Slow heart rate recovery after exercise is associated with carotid atherosclerosis.,Atherosclerosis,2008,PubMed/MEDLINE;Scopus;Web of Science Core Collection,TI05
FS-001057,Periprocedural soluble P- and E-selectin levels fail as predictors of clinical restenosis in patients treated with elective coronary stenting,International Journal of Molecular Medicine,2007,PubMed/MEDLINE;Scopus;Web of Science Core Collection,TI04
FS-001058,Role of epidermal growth factor receptor degradation in gemcitabine-mediated cytotoxicity.,Oncogene,2007,PubMed/MEDLINE;Scopus;Web of Science Core Collection,TI04
FS-001059,Erythropoietin improves anemia exercise tolerance and renal function and reduces B-type natriuretic peptide and hospitalization in patients with heart failure and anemia.,American heart journal,2006,PubMed/MEDLINE,TI05
FS-001069,Utility of plasma apelin and other indices of cardiac dysfunction in the clinical assessment of patients with dilated cardiomyopathy.,Regulatory peptides,2007,PubMed/MEDLINE;Scopus;Web of Science Core Collection,TI04
FS-001070,Effect of prolonged dynamic exercise on plasma adrenomedullin concentration in healthy young men.,Journal of physiology and pharmacology : an official journal of the Polish Physiological Society,2006,PubMed/MEDLINE;Scopus;Web of Science Core Collection,TI05
FS-001072,"Influence of the allelic variants encoded at the Gli-B1 locus, responsible for a major allergen of wheat, on IgE reactivity for patients suffering from food allergy to wheat.",Journal of agricultural and food chemistry,2007,PubMed/MEDLINE,TI04
FS-001077,Autologous mononuclear stem cell transplantation in patients with peripheral occlusive arterial disease.,The Journal of cardiovascular nursing,2006,PubMed/MEDLINE;Scopus;Web of Science Core Collection,TI04
FS-001083,"Prevention by NCX 4016, a nitric oxide-donating aspirin, but not by aspirin, of the acute endothelial dysfunction induced by exercise in patients with intermittent claudication",Thrombosis and Haemostasis,2007,PubMed/MEDLINE;Scopus;Web of Science Core Collection,TI05
FS-001090,"Social support, optimism, and self-efficacy predict physical and emotional well-being after bone marrow transplantation.",Journal of psychosocial oncology,2007,PubMed/MEDLINE,TI04
FS-001094,C-reactive protein and vulnerability to mental stress-induced myocardial ischemia.,"Molecular medicine (Cambridge, Mass.)",2006,PubMed/MEDLINE;Scopus;Web of Science Core Collection,TI04
FS-001096,Adrenocorticotropic hormone/cortisol response to physical exercise in abstinent alcoholic patients.,"Alcoholism, clinical and experimental research",2007,PubMed/MEDLINE,TI05
FS-001101,Statin therapy depresses total body fat oxidation in the absence of genetic limitations to fat oxidation.,Journal of inherited metabolic disease,2007,PubMed/MEDLINE;Scopus;Web of Science Core Collection,TI04
FS-001105,"Oxaceprol--a randomised, placebo-controlled clinical study in osteoarthritis with a non-conventional non-steroidal anti-inflammatory drug.",Clinical and experimental rheumatology,2007,PubMed/MEDLINE;Scopus;Web of Science Core Collection,TI04
FS-001114,Hyponatremia in marathon runners due to inappropriate arginine vasopressin secretion.,The American journal of medicine,2007,PubMed/MEDLINE;Scopus;Web of Science Core Collection,TI05
FS-001119,Cardiac improvement during mechanical circulatory support: a prospective multicenter study of the LVAD Working Group.,Circulation,2007,PubMed/MEDLINE;Scopus;Web of Science Core Collection,TI04
FS-001121,Assessing exercise performance after heart transplantation.,Clinical transplantation,2007,PubMed/MEDLINE;Scopus;Web of Science Core Collection,TI05
FS-001127,Factors associated with peak oxygen uptake in hemodialysis patients awaiting renal transplantation.,Transplantation proceedings,2007,PubMed/MEDLINE;Scopus;Web of Science Core Collection,TI05
FS-001128,Effects of maximal and submaximal exercise under normoxic and hypoxic conditions on serum erythropoietin level.,International journal of sports medicine,1991,PubMed/MEDLINE,TI05
FS-001131,A pilot study showing an association between platelet hyperactivity and the severity of peripheral arterial disease.,Platelets,2007,PubMed/MEDLINE;Scopus;Web of Science Core Collection,TI04
FS-001135,"Central activation, muscle performance, and physical function in men infected with human immunodeficiency virus.",Muscle & nerve,2007,PubMed/MEDLINE;Scopus;Web of Science Core Collection,TI05
FS-001136,A rational connection of inflammation with peripheral arterial disease.,Medical hypotheses,2007,PubMed/MEDLINE;Scopus;Web of Science Core Collection,TI04
FS-001138,Breath condensate levels of 8-isoprostane and leukotriene B4 after ozone inhalation are greater in sensitive versus nonsensitive subjects.,Experimental lung research,2007,PubMed/MEDLINE;Scopus;Web of Science Core Collection,TI04
FS-001143,Effects of acute prednisolone administration on exercise endurance and metabolism.,British journal of sports medicine,2008,PubMed/MEDLINE;Scopus;Web of Science Core Collection,TI05
FS-001144,"Experimental exposure to 1,1,1-trifluoroethane (HFC-143a): uptake, disposition and acute effects in male volunteers.",Toxicology letters,2007,PubMed/MEDLINE;Scopus;Web of Science Core Collection,TI04
FS-001147,Genetic differences in omega-gliadins involved in two different immediate food hypersensitivities to wheat.,Allergy,2007,PubMed/MEDLINE,TI04
FS-001150,Effects of peripheral vascular intervention on ischemia-modified albumin.,Coronary artery disease,2007,PubMed/MEDLINE;Scopus;Web of Science Core Collection,TI04
FS-001154,Hormonal responses to a 160-km race across frozen Alaska.,British journal of sports medicine,2008,PubMed/MEDLINE;Scopus;Web of Science Core Collection,TI05
FS-001156,A randomized trial of the effect of a walking regimen on the functional status of 100 adult allogeneic donor hematopoietic cell transplant patients.,Biology of blood and marrow transplantation : journal of the American Society for Blood and Marrow Transplantation,2007,PubMed/MEDLINE,TI05
FS-001158,NFKB1 promoter variation implicates shear-induced NOS3 gene expression and endothelial function in prehypertensives and stage I hypertensives.,American journal of physiology. Heart and circulatory physiology,2007,PubMed/MEDLINE;Scopus;Web of Science Core Collection,TI04
FS-001159,The predictive value of cardiorespiratory fitness combined with coronary risk evaluation and the risk of cardiovascular and all-cause death.,Journal of internal medicine,2007,PubMed/MEDLINE;Scopus;Web of Science Core Collection,TI05
FS-001165,Comparative study of intra-articular pressure dynamics in joints with acute traumatic and chronic inflammatory effusions: potential implications for hypoxic-reperfusion injury.,Annals of the rheumatic diseases,1991,PubMed/MEDLINE;Scopus;Web of Science Core Collection,TI04
FS-001167,Association between consumption of Herbalife nutritional supplements and acute hepatotoxicity.,Journal of hepatology,2007,PubMed/MEDLINE;Scopus;Web of Science Core Collection,TI04
FS-001181,Interstitial IGF-I in exercising skeletal muscle in women.,European journal of endocrinology,2007,PubMed/MEDLINE;Scopus;Web of Science Core Collection,TI05
FS-001185,Intracoronary stem cell infusion in heart transplant candidates.,The Tohoku journal of experimental medicine,2007,PubMed/MEDLINE;Scopus;Web of Science Core Collection,TI04
FS-001188,Statins and dietary and serum cholesterol are associated with increased lean mass following resistance training.,"The journals of gerontology. Series A, Biological sciences and medical sciences",2007,PubMed/MEDLINE;Scopus;Web of Science Core Collection,TI05
FS-001190,Left main stem disease in a patient with Takayasu's arteritis.,Netherlands heart journal : monthly journal of the Netherlands Society of Cardiology and the Netherlands Heart Foundation,2007,PubMed/MEDLINE;Scopus;Web of Science Core Collection,TI04
FS-001199,Cardiovascular reserve and risk profile of postmenopausal women after chemoendocrine therapy for hormone receptor--positive operable breast cancer.,The oncologist,2007,PubMed/MEDLINE;Scopus;Web of Science Core Collection,TI04
FS-001203,The value of D-dimer in lung transplant recipients with bronchiolitis obliterans syndrome.,Respiratory medicine,2008,PubMed/MEDLINE;Scopus;Web of Science Core Collection,TI04
FS-001204,Effect of hydrotherapy on the signs and symptoms of delayed onset muscle soreness.,European journal of applied physiology,2008,PubMed/MEDLINE,TI05
FS-001205,Evaluation of propolis polyphenols absorption in humans by liquid chromatography/tandem mass spectrometry.,Rapid communications in mass spectrometry : RCM,2007,PubMed/MEDLINE;Scopus;Web of Science Core Collection,TI04
FS-001214,Influence of oral contraceptive use on growth hormone in vivo bioactivity following resistance exercise: responses of molecular mass variants.,Growth hormone & IGF research : official journal of the Growth Hormone Research Society and the International IGF Research Society,2008,PubMed/MEDLINE;Scopus;Web of Science Core Collection,TI05
FS-001217,Effect of clopidogrel treatment on stress-induced platelet activation and myocardial ischemia in aspirin-treated patients with stable coronary artery disease.,Thrombosis and haemostasis,2007,PubMed/MEDLINE;Scopus;Web of Science Core Collection,TI04
FS-001225,Renal alterations during exercise.,Journal of renal nutrition : the official journal of the Council on Renal Nutrition of the National Kidney Foundation,2008,PubMed/MEDLINE,TI05
FS-001228,Time-dependent changes of markers associated with inflammation in the lungs of humans exposed to ambient levels of ozone.,Toxicologic pathology,1991,PubMed/MEDLINE;Web of Science Core Collection,TI04
FS-001232,McArdle disease: another systemic low-inflammation disorder?,Neuroscience letters,2008,PubMed/MEDLINE;Scopus;Web of Science Core Collection,TI04
FS-001249,Identifying cardiovascular risk factors in a patient population with coronary artery ectasia.,Angiology,2007,PubMed/MEDLINE;Scopus;Web of Science Core Collection,TI04
FS-001251,High prevalence of peripheral arterial disease in HIV-infected persons.,Clinical infectious diseases : an official publication of the Infectious Diseases Society of America,2008,PubMed/MEDLINE;Scopus;Web of Science Core Collection,TI04
FS-001262,Exhaled breath condensate pH in the evaluation of asthma.,Allergy and asthma proceedings,2008,PubMed/MEDLINE;Scopus;Web of Science Core Collection,TI04
FS-001267,Diesel exhaust exposure enhances the ozone-induced airway inflammation in healthy humans.,The European respiratory journal,2008,PubMed/MEDLINE,TI04
FS-001272,Acute normobaric hypoxia stimulates erythropoietin release.,High altitude medicine & biology,2008,PubMed/MEDLINE,TI04
FS-001281,BimEL-dependent apoptosis induced in peripheral blood lymphocytes with n-butyric acid is moderated by variation in expression of c-myc and p21(WAF1).,Cell biochemistry and function,2008,PubMed/MEDLINE;Scopus;Web of Science Core Collection,TI04
FS-001282,Osmotic and nonosmotic regulation of arginine vasopressin during prolonged endurance exercise.,The Journal of clinical endocrinology and metabolism,2008,PubMed/MEDLINE;Scopus;Web of Science Core Collection,TI05
FS-001286,"In concomitant coronary and peripheral arterial disease, inflammation of the affected limbs predicts coronary artery endothelial dysfunction.",Atherosclerosis,2008,PubMed/MEDLINE;Scopus;Web of Science Core Collection,TI04
FS-001287,"Bacterial vaginosis, race, and sexually transmitted infections: does race modify the association?",Sexually transmitted diseases,2008,PubMed/MEDLINE;Scopus;Web of Science Core Collection,TI04
FS-001289,Evaluation of an in vitro mast cell degranulation test in the context of food allergy to wheat.,International archives of allergy and immunology,2008,PubMed/MEDLINE,TI04
FS-001295,Subclinical cardiac abnormalities in human immunodeficiency virus-infected men receiving antiretroviral therapy.,The American journal of cardiology,2008,PubMed/MEDLINE;Scopus;Web of Science Core Collection,TI04
FS-001296,Effect of moderate-intensity exercise session on preprandial and postprandial responses of circulating ghrelin and appetite.,Hormone and metabolic research = Hormon- und Stoffwechselforschung = Hormones et metabolisme,2008,PubMed/MEDLINE;Scopus;Web of Science Core Collection,TI05
FS-001303,Exposure of humans to ambient levels of ozone for 6.6 hours causes cellular and biochemical changes in the lung.,American journal of respiratory cell and molecular biology,1991,PubMed/MEDLINE;Scopus;Web of Science Core Collection,TI04
FS-001313,Treatment with inhaled steroids in patients with symptoms suggestive of asthma but with normal lung function.,The European respiratory journal,2008,PubMed/MEDLINE;Scopus;Web of Science Core Collection,TI04
FS-001316,"Exercise workload, coronary risk evaluation and the risk of cardiovascular and all-cause death in middle-aged men.","European journal of cardiovascular prevention and rehabilitation : official journal of the European Society of Cardiology, Working Groups on Epidemiology & Prevention and Cardiac Rehabilitation and Exercise Physiology",2008,PubMed/MEDLINE;Scopus;Web of Science Core Collection,TI05
FS-001321,"Effect of short-term diet and exercise on hormone levels and menses in obese, infertile women.",The Journal of reproductive medicine,2008,PubMed/MEDLINE;Scopus;Web of Science Core Collection,TI05
FS-001336,Inflammatory cell response in bronchoalveolar lavage fluid after nitrogen dioxide exposure of healthy subjects: a dose-response study.,The European respiratory journal,1991,PubMed/MEDLINE;Scopus;Web of Science Core Collection,TI04
FS-001341,Clinical significance of troponin I efflux and troponin autoantibodies in patients with dilated cardiomyopathy.,Journal of cardiac failure,2008,PubMed/MEDLINE,TI04
FS-001344,Pilot study of peripheral muscle function in primary biliary cirrhosis: potential implications for fatigue pathogenesis.,Clinical gastroenterology and hepatology : the official clinical practice journal of the American Gastroenterological Association,2008,PubMed/MEDLINE,TI04
FS-001346,Association between angiotensin-converting enzyme gene polymorphisms and exercise performance in patients with COPD.,"Respirology (Carlton, Vic.)",2008,PubMed/MEDLINE;Scopus;Web of Science Core Collection,TI05
FS-001355,Phosphoinositide 3-kinase signaling overrides a G2 phase arrest checkpoint and promotes aberrant cell cycling and death of hematopoietic cells after DNA damage.,"Cell cycle (Georgetown, Tex.)",2008,PubMed/MEDLINE;Scopus;Web of Science Core Collection,TI04
FS-001358,Aerobic exercise improves fitness and heart rate variability after an implantable cardioverter defibrillator.,Journal of cardiopulmonary rehabilitation and prevention,2008,PubMed/MEDLINE;Scopus;Web of Science Core Collection,TI05
FS-001360,"Exercise workload, cardiovascular risk factor evaluation and the risk of stroke in middle-aged men.",Journal of internal medicine,2009,PubMed/MEDLINE;Scopus;Web of Science Core Collection,TI05
FS-001361,"Acute changes in endocrine and fluid balance markers during high-intensity, steady-state, and prolonged endurance running: unexpected increases in oxytocin and brain natriuretic peptide during exercise.",European journal of endocrinology,2008,PubMed/MEDLINE;Scopus;Web of Science Core Collection,TI05
FS-001363,Systemic effects of nocturnal hypoxemia in patients with chronic obstructive pulmonary disease without obstructive sleep apnea syndrome; [Efeitos sistêmicos da hipoxemia noturna em pacientes com doença pulmonar obstrutiva crônica sem síndrome da apnéia obstrutiva do sono],Jornal Brasileiro de Pneumologia,2008,PubMed/MEDLINE;Scopus,TI04
FS-001365,"Acute changes in arginine vasopressin, sweat, urine and serum sodium concentrations in exercising humans: does a coordinated homeostatic relationship exist?",British journal of sports medicine,2010,PubMed/MEDLINE;Scopus;Web of Science Core Collection,TI05
FS-001382,The effects of transforming growth factor beta 3 on the growth of highly enriched hematopoietic progenitor cells derived from normal human bone marrow and peripheral blood.,Cancer research,1991,PubMed/MEDLINE;Scopus;Web of Science Core Collection,TI04
FS-001389,Hypoxia reprograms calcium signaling and regulates myoglobin expression.,American journal of physiology. Cell physiology,2009,PubMed/MEDLINE;Scopus;Web of Science Core Collection,TI04
FS-001391,"The effect of the mode of delivery on maternal-neonatal interleukin-6, biogenic amine and their precursor amino acid concentrations.",Clinical chemistry and laboratory medicine,2008,PubMed/MEDLINE;Scopus;Web of Science Core Collection,TI04
FS-001396,Effects of tender point acupuncture on delayed onset muscle soreness (DOMS)--a pragmatic trial.,Chinese medicine,2008,PubMed/MEDLINE;Scopus,TI05
FS-001400,Diclofenac potassium attenuates dysmenorrhea and restores exercise performance in women with primary dysmenorrhea.,The journal of pain,2009,PubMed/MEDLINE;Scopus;Web of Science Core Collection,TI05
FS-001402,Peripheral insulin-like growth factor-I produces antidepressant-like behavior and contributes to the effect of exercise.,Behavioural brain research,2009,PubMed/MEDLINE,TI05
FS-001408,Secretory phospholipase A₂ and airway inflammation and hyperresponsiveness.,The Journal of asthma : official journal of the Association for the Care of Asthma,2008,PubMed/MEDLINE;Web of Science Core Collection,TI04
FS-001416,The effects of compression garments on recovery of muscle performance following high-intensity sprint and plyometric exercise.,Journal of science and medicine in sport,2010,PubMed/MEDLINE;Scopus;Web of Science Core Collection,TI05
FS-001417,Sex differences in self-reported symptoms after aerobic exercise in non-injured athletes: implications for concussion management programmes.,British journal of sports medicine,2009,PubMed/MEDLINE;Scopus;Web of Science Core Collection,TI05
FS-001422,Circulating CD34+/KDR+ endothelial progenitor cells are reduced in chronic heart failure patients as a function of Type D personality.,"Clinical science (London, England : 1979)",2009,PubMed/MEDLINE;Scopus;Web of Science Core Collection,TI04
FS-001427,Adenosine inhibition of adenosine diphosphate and thrombin-induced monocyte-platelet aggregates in cardiac syndrome X.,Thrombosis research,2009,PubMed/MEDLINE;Scopus;Web of Science Core Collection,TI04
FS-001436,"Carotid artery stiffness, high-density lipoprotein cholesterol and inflammation in men with pre-hypertension.",Journal of human hypertension,2009,PubMed/MEDLINE;Scopus;Web of Science Core Collection,TI04
FS-001437,Body mass index and airway hyper-responsiveness in individuals without respiratory disease.,European annals of allergy and clinical immunology,2008,PubMed/MEDLINE;Scopus;Web of Science Core Collection,TI04
FS-001439,An acute bout of endurance exercise but not sprint interval exercise enhances insulin sensitivity.,"Applied physiology, nutrition, and metabolism = Physiologie appliquee, nutrition et metabolisme",2009,PubMed/MEDLINE;Scopus;Web of Science Core Collection,TI05
FS-001440,Features of basal and race-specific defences in photosynthetic Arabidopsis thaliana suspension cultured cells: Short communication,Molecular Plant Pathology,2009,PubMed/MEDLINE;Scopus;Web of Science Core Collection,TI04
FS-001446,Impaired immune function in Gulf War Illness.,BMC medical genomics,2009,PubMed/MEDLINE;Scopus;Web of Science Core Collection,TI04
FS-001447,Optimization of elastin-like polypeptide fusions for expression and purification of recombinant proteins in plants.,Biotechnology and bioengineering,2009,PubMed/MEDLINE,TI04
FS-001450,Improvement in exercise capacity after correction of anemia in patients with end-stage renal failure.,The American journal of cardiology,1991,PubMed/MEDLINE,TI05
FS-001451,"Assessment of a sixteen-week training program on strength, pain, and function in rheumatoid arthritis patients.",Journal of clinical rheumatology : practical reports on rheumatic & musculoskeletal diseases,2009,PubMed/MEDLINE,TI05
FS-001454,Mechanisms of nitrogen dioxide toxicity in humans.,Research report (Health Effects Institute),1991,PubMed/MEDLINE;Scopus,TI04
FS-001455,Diagnostic assessment and long-term follow-up of 13 patients with Very Long-Chain Acyl-Coenzyme A dehydrogenase (VLCAD) deficiency.,Neuromuscular disorders : NMD,2009,PubMed/MEDLINE;Scopus;Web of Science Core Collection,TI04
FS-001456,Myocardial inflammation and non-ischaemic heart failure: is there a role for C-reactive protein?,Basic research in cardiology,2009,PubMed/MEDLINE;Scopus;Web of Science Core Collection,TI04
FS-001470,Effects of acute exercise on atherogenic lipids in untreated mild hypertensive patients.,Vojnosanitetski pregled,2009,PubMed/MEDLINE;Scopus;Web of Science Core Collection,TI05
FS-001477,Pollen challenge study of a phototherapy device for reducing the symptoms of hay fever.,Current medical research and opinion,2009,PubMed/MEDLINE;Scopus;Web of Science Core Collection,TI04
FS-001480,"BounceBack capsules for reduction of DOMS after eccentric exercise: a randomized, double-blind, placebo-controlled, crossover pilot study.",Journal of the International Society of Sports Nutrition,2009,PubMed/MEDLINE;Scopus;Web of Science Core Collection,TI05
FS-001487,Dengue virus infection differentially regulates endothelial barrier function over time through type I interferon effects.,The Journal of infectious diseases,2009,PubMed/MEDLINE;Scopus;Web of Science Core Collection,TI04
FS-001488,"Efficacy and tolerability of two formulations of ramipril in Korean adults with mild to moderate essential hypertension: an 8-week, multicenter, prospective, randomized, open-label, parallel-group noninferiority trial.",Clinical therapeutics,2009,PubMed/MEDLINE;Scopus;Web of Science Core Collection,TI04
FS-001498,Dilated angiopathy: a specific subtype of allograft coronary artery disease.,The Journal of heart and lung transplantation : the official publication of the International Society for Heart Transplantation,1991,PubMed/MEDLINE;Scopus;Web of Science Core Collection,TI04
FS-001504,Adjuvant trastuzumab induces ventricular remodeling despite aerobic exercise training.,Clinical cancer research : an official journal of the American Association for Cancer Research,2009,PubMed/MEDLINE,TI05
FS-001508,Antioxidant supplementation alters cytokine production from monocytes.,Journal of interferon & cytokine research : the official journal of the International Society for Interferon and Cytokine Research,2009,PubMed/MEDLINE;Scopus;Web of Science Core Collection,TI04
FS-001510,"SCH527123, a novel CXCR2 antagonist, inhibits ozone-induced neutrophilia in healthy subjects.",The European respiratory journal,2010,PubMed/MEDLINE;Scopus;Web of Science Core Collection,TI04
FS-001512,Neutrophilic inflammation is associated with altered airway hydration in stable asthmatics.,Respiratory medicine,2010,PubMed/MEDLINE;Scopus;Web of Science Core Collection,TI04
FS-001515,Autonomic dysfunction is associated with high mobility group box-1 levels in patients after acute myocardial infarction.,Atherosclerosis,2010,PubMed/MEDLINE;Scopus;Web of Science Core Collection,TI04
FS-001517,Exposure to concentrated coarse air pollution particles causes mild cardiopulmonary effects in healthy young adults.,Environmental health perspectives,2009,PubMed/MEDLINE;Scopus;Web of Science Core Collection,TI04
FS-001519,Does peak oxygen pulse complement peak oxygen uptake in risk stratifying patients with heart failure?,The American journal of cardiology,2009,PubMed/MEDLINE;Scopus;Web of Science Core Collection,TI05
FS-001521,LTRA inhibition of exercise-induced bronchoconstriction.,Postgraduate medicine,2000,PubMed/MEDLINE;Scopus,TI05
FS-001525,"Erectile dysfunction in heart failure: correlation with severity, exercise performance, comorbidities, and heart failure treatment.",The journal of sexual medicine,2009,PubMed/MEDLINE;Scopus;Web of Science Core Collection,TI05
FS-001531,Agonist-induced desensitization of beta-adrenoceptor function in humans. Subtype-selective reduction in beta 1- or beta 2-adrenoceptor-mediated physiological effects by xamoterol or procaterol.,Circulation,1990,PubMed/MEDLINE;Scopus;Web of Science Core Collection,TI04
FS-001532,Long-term cardiorespiratory effects of amelioration of renal anaemia by erythropoietin.,"Lancet (London, England)",1990,PubMed/MEDLINE,TI04
FS-001538,A potential shift from adaptive immune activity to nonspecific inflammatory activation associated with higher depression symptoms in chronic heart failure patients.,Journal of cardiac failure,2009,PubMed/MEDLINE;Scopus;Web of Science Core Collection,TI04
FS-001540,Endotoxin tolerance does not limit mild ischemia-reperfusion injury in humans in vivo.,Innate immunity,2009,PubMed/MEDLINE,TI04
FS-001546,Regular aerobic exercise training improves endothelium-dependent arterial dilation in patients with subclinical hypothyroidism.,European journal of endocrinology,2009,PubMed/MEDLINE;Scopus;Web of Science Core Collection,TI05
FS-001562,Heart rate recovery after exercise is associated with renal function in patients with a homogenous chronic renal disease.,"Nephrology, dialysis, transplantation : official publication of the European Dialysis and Transplant Association - European Renal Association",2010,PubMed/MEDLINE;Scopus;Web of Science Core Collection,TI05
FS-001563,Hawthorn Extract Randomized Blinded Chronic Heart Failure (HERB CHF) trial.,European journal of heart failure,2009,PubMed/MEDLINE;Scopus;Web of Science Core Collection,TI04
FS-001573,"Long-term results after intracoronary injection of autologous mononuclear bone marrow cells in acute myocardial infarction: the ASTAMI randomised, controlled study.",Heart (British Cardiac Society),2009,PubMed/MEDLINE,TI04
FS-001578,"Is there a difference between patients with peak oxygen consumption below 10 ml/kg/min versus between 10 and 14 ml/kg/min? Does the ""Grey Zone"" really exist?",Transplantation proceedings,2009,PubMed/MEDLINE,TI05
FS-001581,Pulmonary function correlates with arterial stiffness in asthmatic patients.,Respiratory medicine,2010,PubMed/MEDLINE;Scopus;Web of Science Core Collection,TI04
FS-001583,Intense physical exercise increases systemic 11beta-hydroxysteroid dehydrogenase type 1 activity in healthy adult subjects.,European journal of applied physiology,2010,PubMed/MEDLINE;Scopus;Web of Science Core Collection,TI05
FS-001591,Efficacy of epicutaneous Diractin (ketoprofen in Transfersome gel) for the treatment of pain related to eccentric muscle contractions.,"Drug design, development and therapy",2009,PubMed/MEDLINE;Scopus;Web of Science Core Collection,TI05
FS-001594,Post-exercise heart rate recovery independently predicts mortality risk in patients with chronic heart failure.,Journal of cardiac failure,2009,PubMed/MEDLINE;Scopus,TI05
FS-001596,Obesity and dyslipidemia in behaviorally HIV-infected young women: Adolescent Trials Network study 021.,Clinical infectious diseases : an official publication of the Infectious Diseases Society of America,2010,PubMed/MEDLINE;Scopus;Web of Science Core Collection,TI04
FS-001597,Ellagitannin consumption improves strength recovery 2-3 d after eccentric exercise.,Medicine and science in sports and exercise,2010,PubMed/MEDLINE;Scopus;Web of Science Core Collection,TI05
FS-001623,"Transglutaminase 2, a novel regulator of eicosanoid production in asthma revealed by genome-wide expression profiling of distinct asthma phenotypes.",PloS one,2010,PubMed/MEDLINE;Scopus;Web of Science Core Collection,TI04
FS-001642,Smoking attenuates increase in exhaled nitric oxide in atopic but not in nonatopic young adults with asthma.,International archives of allergy and immunology,2010,PubMed/MEDLINE;Scopus;Web of Science Core Collection,TI04
FS-001657,Noradrenaline increases the expression and release of Hsp72 by human neutrophils.,"Brain, behavior, and immunity",2010,PubMed/MEDLINE;Scopus;Web of Science Core Collection,TI04
FS-001661,Timing of ibuprofen use and bone mineral density adaptations to exercise training.,Journal of bone and mineral research : the official journal of the American Society for Bone and Mineral Research,2010,PubMed/MEDLINE;Scopus;Web of Science Core Collection,TI05
FS-001663,The effect of acute hypoxia on heat shock protein 72 expression and oxidative stress in vivo.,European journal of applied physiology,2010,PubMed/MEDLINE;Scopus;Web of Science Core Collection,TI04
FS-001679,Modulatory effect of N-acetylcysteine on pro-antioxidant status and haematological response in healthy men.,Journal of physiology and biochemistry,2010,PubMed/MEDLINE,TI04
FS-001692,Low-level ozone exposure induces airways inflammation and modifies cell surface phenotypes in healthy humans.,Inhalation toxicology,2010,PubMed/MEDLINE,TI04
FS-001700,Ginger (Zingiber officinale) reduces muscle pain caused by eccentric exercise.,The journal of pain,2010,PubMed/MEDLINE;Scopus;Web of Science Core Collection,TI05
FS-001701,Effects of high intensity exercise on isoelectric profiles and SDS-PAGE mobility of erythropoietin.,International journal of sports medicine,2010,PubMed/MEDLINE,TI05
FS-001710,Efficacy of tart cherry juice in reducing muscle pain during running: a randomized controlled trial.,Journal of the International Society of Sports Nutrition,2010,PubMed/MEDLINE;Scopus;Web of Science Core Collection,TI05
FS-001723,No effects of three-week consumption of a green tea extract on time trial performance in endurance-trained men.,International journal for vitamin and nutrition research. Internationale Zeitschrift fur Vitamin- und Ernahrungsforschung. Journal international de vitaminologie et de nutrition,2010,PubMed/MEDLINE;Scopus;Web of Science Core Collection,TI05
FS-001726,Comparative airway inflammatory response of normal volunteers to ozone and lipopolysaccharide challenge.,Inhalation toxicology,2010,PubMed/MEDLINE;Web of Science Core Collection,TI04
FS-001727,Daily hypoxia increases basal monocyte HSP72 expression in healthy human subjects.,Amino acids,2011,PubMed/MEDLINE;Scopus;Web of Science Core Collection,TI04
FS-001741,Branched-chain amino acid supplementation before squat exercise and delayed-onset muscle soreness.,International journal of sport nutrition and exercise metabolism,2010,PubMed/MEDLINE;Scopus;Web of Science Core Collection,TI05
FS-001743,The effect of Oligonol intake on cortisol and related cytokines in healthy young men.,Nutrition research and practice,2010,PubMed/MEDLINE;Web of Science Core Collection,TI04
FS-001746,Cocoa-based protein and carbohydrate drink decreases perceived soreness after exhaustive aerobic exercise: a pragmatic preliminary analysis.,Journal of strength and conditioning research,2010,PubMed/MEDLINE;Scopus;Web of Science Core Collection,TI05
FS-001754,Acute resistance exercise results in catecholaminergic rather than hypothalamic-pituitary-adrenal axis stimulation during exercise in young men.,"Stress (Amsterdam, Netherlands)",2010,PubMed/MEDLINE;Scopus;Web of Science Core Collection,TI05
FS-001762,Mechanism of disease: Pulmonary hypertension.,Discovery medicine,2005,PubMed/MEDLINE,TI04
FS-001766,Antioxidant airway responses following experimental exposure to wood smoke in man.,Particle and fibre toxicology,2010,PubMed/MEDLINE;Scopus;Web of Science Core Collection,TI04
FS-001771,Omalizumab treatment and exercise capacity in severe asthmatics - results from a pilot study.,Respiratory medicine,2011,PubMed/MEDLINE,TI05
FS-001778,Effects of protein A immunoadsorption in patients with chronic dilated cardiomyopathy.,Journal of clinical apheresis,2010,PubMed/MEDLINE;Scopus;Web of Science Core Collection,TI04
FS-001796,A safety and feasibility study of cell therapy in dilated cardiomyopathy.,Brazilian journal of medical and biological research = Revista brasileira de pesquisas medicas e biologicas,2010,PubMed/MEDLINE;Scopus;Web of Science Core Collection,TI04
FS-001810,Exercise-Induced Asthma Symptoms and Nighttime Asthma: Are They Similar to AHR?,Journal of allergy,2009,PubMed/MEDLINE,TI05
FS-001816,Acute effects of dietary ginger on muscle pain induced by eccentric exercise.,Phytotherapy research : PTR,2010,PubMed/MEDLINE;Scopus;Web of Science Core Collection,TI05
FS-001820,Exercise induces a marked increase in plasma follistatin: evidence that follistatin is a contraction-induced hepatokine.,Endocrinology,2011,PubMed/MEDLINE;Scopus;Web of Science Core Collection,TI05
FS-001826,Sperm counts and reproductive hormones in male marathoners and lean controls.,Fertility and sterility,1990,PubMed/MEDLINE;Scopus;Web of Science Core Collection,TI05
FS-001832,"Effect of repeated normobaric hypoxia exposures during sleep on acute mountain sickness, exercise performance, and sleep during exposure to terrestrial altitude.","American journal of physiology. Regulatory, integrative and comparative physiology",2011,PubMed/MEDLINE,TI05
FS-001847,The intracellular movement and cycling of ricin.,European journal of cell biology,1990,PubMed/MEDLINE,TI04
FS-001859,Lung function and inflammatory responses in healthy young adults exposed to 0.06 ppm ozone for 6.6 hours.,American journal of respiratory and critical care medicine,2011,PubMed/MEDLINE;Scopus;Web of Science Core Collection,TI04
FS-001860,"In vitro intracellular activity and in vivo efficacy of modithromycin, a novel bicyclolide, against Legionella pneumophila.",Antimicrobial agents and chemotherapy,2011,PubMed/MEDLINE;Scopus;Web of Science Core Collection,TI04
FS-001865,Can experiential-didactic training improve clinical STD practices?,Sexually transmitted diseases,2011,PubMed/MEDLINE;Scopus;Web of Science Core Collection,TI04
FS-001874,"A 5-week study of the pharmacokinetics and pharmacodynamics of LY2189265, a novel, long-acting glucagon-like peptide-1 analogue, in patients with type 2 diabetes.","Diabetes, obesity & metabolism",2011,PubMed/MEDLINE,TI04
FS-001883,Acute exercise and impaired glucose tolerance in obese humans.,Journal of clinical lipidology,2009,PubMed/MEDLINE;Scopus;Web of Science Core Collection,TI05
FS-001888,Low-dose and long-term G-CSF treatment can improve severe myocardial ischemia in patients with severe coronary artery disease.,Journal of nuclear cardiology : official publication of the American Society of Nuclear Cardiology,2011,PubMed/MEDLINE;Scopus;Web of Science Core Collection,TI04
FS-001890,Interleukin-6: a growth factor stimulating collagen synthesis in human tendon.,"Journal of applied physiology (Bethesda, Md. : 1985)",2011,PubMed/MEDLINE;Scopus;Web of Science Core Collection,TI04
FS-001893,High soluble Fas and soluble Fas Ligand serum levels before stent implantation are protective against restenosis.,Thrombosis and haemostasis,2011,PubMed/MEDLINE;Scopus;Web of Science Core Collection,TI04
FS-001899,Responses measured in the exhaled breath of human volunteers acutely exposed to ozone and diesel exhaust.,Journal of breath research,2008,PubMed/MEDLINE;Scopus;Web of Science Core Collection,TI04
FS-001902,Effect of N-acetyl-cysteine and hyperoxia on erythropoietin production.,European journal of applied physiology,2011,PubMed/MEDLINE,TI04
FS-001908,Conjugated linoleic acid's lack of attenuation of hyperpnea-induced bronchoconstriction in asthmatic individuals in the short term.,International journal of sport nutrition and exercise metabolism,2011,PubMed/MEDLINE;Scopus;Web of Science Core Collection,TI05
FS-001910,Exercise-induced pain intensity predicted by pre-exercise fear of pain and pain sensitivity.,The Clinical journal of pain,2011,PubMed/MEDLINE;Scopus;Web of Science Core Collection,TI05
FS-001928,Evidence of increased platelet reactivity in the first six months after acute ST segment elevation myocardial infarction.,Thrombosis research,2011,PubMed/MEDLINE;Scopus;Web of Science Core Collection,TI04
FS-001938,"Effect of acute ozone induced airway inflammation on human sympathetic nerve traffic: a randomized, placebo controlled, crossover study.",PloS one,2011,PubMed/MEDLINE;Scopus;Web of Science Core Collection,TI04
FS-001941,"Efficacy of the pan-selectin antagonist Bimosiamose on ozone-induced airway inflammation in healthy subjects--a double blind, randomized, placebo-controlled, cross-over clinical trial.",Pulmonary pharmacology & therapeutics,2011,PubMed/MEDLINE;Scopus;Web of Science Core Collection,TI04
FS-001957,Diclofenac epolamine topical patch relieves pain associated with ankle sprain.,Journal of pain research,2011,PubMed/MEDLINE;Scopus,TI04
FS-001966,"Exercise-induced cognitive plasticity, implications for mild cognitive impairment and Alzheimer's disease.",Frontiers in neurology,2011,PubMed/MEDLINE;Scopus,TI05
FS-001975,Reduced diffusing capacity as an isolated finding in asbestos- and silica-exposed workers.,Chest,1990,PubMed/MEDLINE;Scopus;Web of Science Core Collection,TI04
FS-001978,Is sprint exercise a leptin signaling mimetic in human skeletal muscle?,"Journal of applied physiology (Bethesda, Md. : 1985)",2011,PubMed/MEDLINE;Scopus;Web of Science Core Collection,TI05
FS-001981,"In-traffic air pollution exposure and CC16, blood coagulation, and inflammation markers in healthy adults.",Environmental health perspectives,2011,PubMed/MEDLINE;Scopus;Web of Science Core Collection,TI04
FS-001988,"Emotional repression, stress disclosure responses, and Epstein-Barr viral capsid antigen titers.",Psychosomatic medicine,1990,PubMed/MEDLINE;Scopus,TI04
FS-001995,Exposure to wood smoke particles produces inflammation in healthy volunteers.,Occupational and environmental medicine,2012,PubMed/MEDLINE;Scopus;Web of Science Core Collection,TI04
FS-002001,"Effects of a weight loss plus exercise program on physical function in overweight, older women: a randomized controlled trial.",Clinical interventions in aging,2011,PubMed/MEDLINE;Scopus;Web of Science Core Collection,TI05
FS-002043,Hyponatremia in the 2009 161-km Western States Endurance Run.,International journal of sports physiology and performance,2012,PubMed/MEDLINE;Scopus;Web of Science Core Collection,TI05
FS-002049,Positive associations between physical and cognitive performance measures in fibromyalgia.,Archives of physical medicine and rehabilitation,2012,PubMed/MEDLINE;Scopus;Web of Science Core Collection,TI05
FS-002052,Physical Training Effects on Acute Exercise-induced Feeling States in HIV- 1-positive Individuals.,Journal of health psychology,1996,PubMed/MEDLINE;Scopus,TI05
FS-002060,"Bayesian estimation of mycophenolate mofetil in lung transplantation, using a population pharmacokinetic model developed in kidney and lung transplant recipients.",Clinical pharmacokinetics,2012,PubMed/MEDLINE;Scopus;Web of Science Core Collection,TI04
FS-002073,Effect of prolonged standardized bed rest on cystatin C and other markers of cardiovascular risk.,BMC physiology,2011,PubMed/MEDLINE;Scopus,TI04
FS-002078,Exercise performance comparison of bicaval and biatrial orthotopic heart transplant recipients.,Transplantation proceedings,2011,PubMed/MEDLINE;Web of Science Core Collection,TI05
FS-002092,Inhalation of nitrogen dioxide fails to reduce the activity of human lung alpha-1-proteinase inhibitor.,The American review of respiratory disease,1990,PubMed/MEDLINE;Scopus;Web of Science Core Collection,TI04
FS-002094,Which pulmonary function tests best differentiate between COPD phenotypes?,Respiratory care,2012,PubMed/MEDLINE;Scopus;Web of Science Core Collection,TI04
FS-002098,Marathon of eponyms: 23 Wegener granulomatosis.,Oral diseases,2012,PubMed/MEDLINE,TI04
FS-002107,Effect of anesthesia on the changes in the hormones levels during and after transvesical prostatectomy.,Medicinski arhiv,2011,PubMed/MEDLINE;Scopus,TI04
FS-002114,Effects of exercise mode on muscle glycogen restorage during repeated days of exercise.,Medicine and science in sports and exercise,1990,PubMed/MEDLINE;Scopus;Web of Science Core Collection,TI05
FS-002119,Increase in N-terminus-pro-B-type natriuretic peptide during exercise of patients with univentricular heart after a total cavopulmonary connection.,Pediatric cardiology,2012,PubMed/MEDLINE;Scopus;Web of Science Core Collection,TI05
FS-002120,Use of digital subtraction angiography for assessment of digital replantation.,Journal of Zhejiang University. Science. B,2012,PubMed/MEDLINE;Scopus;Web of Science Core Collection,TI04
FS-002137,Seasonal variations of cough reflex sensitivity in elite athletes training in cold air environment.,"Cough (London, England)",2012,PubMed/MEDLINE;Scopus,TI05
FS-002138,Effect of training load on simulated team sport match performance.,"Applied physiology, nutrition, and metabolism = Physiologie appliquee, nutrition et metabolisme",2012,PubMed/MEDLINE;Scopus;Web of Science Core Collection,TI05
FS-002151,Pilot study: Effects of drinking hydrogen-rich water on muscle fatigue caused by acute exercise in elite athletes.,Medical gas research,2012,PubMed/MEDLINE;Web of Science Core Collection,TI05
FS-002155,Effects of exercise training on exercise capacity in patients with non-small cell lung cancer receiving targeted therapy.,Supportive care in cancer : official journal of the Multinational Association of Supportive Care in Cancer,2012,PubMed/MEDLINE;Scopus;Web of Science Core Collection,TI05
FS-002164,Changes in insulin sensitivity precede changes in body composition during 14 days of step reduction combined with overfeeding in healthy young men.,"Journal of applied physiology (Bethesda, Md. : 1985)",2012,PubMed/MEDLINE;Scopus;Web of Science Core Collection,TI05
FS-002181,Effect of pulsed ultrasound versus placebo on muscle soreness perception and muscular performance.,Scandinavian journal of rehabilitation medicine,1990,PubMed/MEDLINE;Scopus;Web of Science Core Collection,TI05
FS-002187,Analysis of dehydration and strength in elite badminton players.,PloS one,2012,PubMed/MEDLINE;Scopus;Web of Science Core Collection,TI05
FS-002197,Tracking growth hormone abuse in sport: a comparison of distinct isoform-based assays.,Analytica chimica acta,2012,PubMed/MEDLINE,TI05
FS-002201,Controlled exposure of healthy young volunteers to ozone causes cardiovascular effects.,Circulation,2012,PubMed/MEDLINE;Scopus;Web of Science Core Collection,TI04
FS-002216,"A recombinant ω-gliadin-like D-type glutenin and an α-gliadin from wheat (Triticum aestivum): two immunoglobulin E binding proteins, useful for the diagnosis of wheat-dependent allergies.",Journal of agricultural and food chemistry,2012,PubMed/MEDLINE;Scopus;Web of Science Core Collection,TI04
FS-002224,"Preoperative exercise capacity in adult inflammatory bowel disease sufferers, determined by cardiopulmonary exercise testing.",International journal of colorectal disease,2012,PubMed/MEDLINE;Scopus;Web of Science Core Collection,TI05
FS-002250,Tissue factor and factor VII messenger RNAs in human alveolar macrophages: Effects of breathing ozone,Blood,1990,PubMed/MEDLINE;Scopus;Web of Science Core Collection,TI04
FS-002256,G-CSF stimulation and coronary reinfusion of mobilized circulating mononuclear proangiogenic cells in patients with chronic ischemic heart disease:five-year results of the TOPCARE-G-CSF trial.,Cell transplantation,2012,PubMed/MEDLINE;Scopus;Web of Science Core Collection,TI04
FS-002260,Perioperative oral administration of cystine and theanine enhances recovery after distal gastrectomy: a prospective randomized trial.,JPEN. Journal of parenteral and enteral nutrition,2013,PubMed/MEDLINE;Scopus;Web of Science Core Collection,TI04
FS-002274,Opium addiction increases interleukin 1 receptor antagonist (IL-1Ra) in the coronary artery disease patients.,PloS one,2012,PubMed/MEDLINE,TI04
FS-002289,Evaluation of allergenicity of acid-hydrolyzed wheat protein using an in vitro elicitation test.,International archives of allergy and immunology,2013,PubMed/MEDLINE,TI04
FS-002302,"A prospective, multi-center, randomised trial to evaluate the efficacy of a cryopneumatic device on total knee arthroplasty recovery.",The Journal of bone and joint surgery. British volume,2012,PubMed/MEDLINE,TI04
FS-002318,Raltegravir pharmacokinetics in treatment-naive patients is not influenced by race: results from the raltegravir early therapy in African-Americans living with HIV (REAL) study.,Antimicrobial agents and chemotherapy,2013,PubMed/MEDLINE;Scopus;Web of Science Core Collection,TI04
FS-002322,Higher allergenicity of high molecular weight hydrolysed wheat protein in cosmetics for percutaneous sensitization.,Contact dermatitis,2013,PubMed/MEDLINE;Scopus;Web of Science Core Collection,TI04
FS-002336,The effect of fasting on indicators of muscle damage.,Experimental gerontology,2013,PubMed/MEDLINE;Scopus;Web of Science Core Collection,TI04
FS-002342,Insulin sensitivity not modulated 24 to 78 h after acute resistance exercise in type 2 diabetes patients.,"Diabetes, obesity & metabolism",2013,PubMed/MEDLINE;Scopus;Web of Science Core Collection,TI05
FS-002347,Administration of tomato juice ameliorates lactate dehydrogenase and creatinine kinase responses to anaerobic training.,Food and chemical toxicology : an international journal published for the British Industrial Biological Research Association,2013,PubMed/MEDLINE;Scopus;Web of Science Core Collection,TI05
FS-002351,The time-frame of acute resistance exercise effects on football skill performance: the impact of exercise intensity.,Journal of sports sciences,2013,PubMed/MEDLINE;Scopus;Web of Science Core Collection,TI05
FS-002355,Cognitive impairment affects physical recovery of patients with heart failure undergoing intensive cardiac rehabilitation.,Rehabilitation research and practice,2012,PubMed/MEDLINE;Web of Science Core Collection,TI05
FS-002357,Constitutive activation of the calcium sensor STIM1 causes tubular-aggregate myopathy.,American journal of human genetics,2013,PubMed/MEDLINE;Scopus;Web of Science Core Collection,TI04
FS-002364,Can cardiac rehabilitation programs improve functional capacity and left ventricular diastolic function in patients with mechanical reperfusion after ST elevation myocardial infarction?: A double-blind clinical trial.,ARYA atherosclerosis,2012,PubMed/MEDLINE;Scopus;Web of Science Core Collection,TI05
FS-002401,Protective mechanisms in hypobaric decompression.,"Aviation, space, and environmental medicine",2013,PubMed/MEDLINE;Scopus;Web of Science Core Collection,TI04
FS-002403,Composition of PM affects acute vascular inflammatory and coagulative markers - the RAPTES project.,PloS one,2013,PubMed/MEDLINE;Scopus;Web of Science Core Collection,TI04
FS-002404,The effects of peppermint on exercise performance.,Journal of the International Society of Sports Nutrition,2013,PubMed/MEDLINE;Scopus;Web of Science Core Collection,TI05
FS-002412,Serum biomarkers and clinical outcomes in heart failure patients treated de novo with carvedilol.,Cardiology journal,2013,PubMed/MEDLINE;Scopus;Web of Science Core Collection,TI04
FS-002415,Cardiopulmonary fitness is independently associated with insulin resistance in non-diabetes mellitus patients of a university hospital in Korea.,Korean journal of family medicine,2013,PubMed/MEDLINE;Scopus;Web of Science Core Collection,TI05
FS-002425,Higher serum 25-hydroxyvitamin D concentrations associate with a faster recovery of skeletal muscle strength after muscular injury.,Nutrients,2013,PubMed/MEDLINE;Scopus;Web of Science Core Collection,TI05
FS-002441,Multiprofessional and intrahospital experience for diagnosis and treatment of pulmonary arterial hypertension.,Monaldi archives for chest disease = Archivio Monaldi per le malattie del torace,2012,PubMed/MEDLINE;Scopus,TI04
FS-002452,Biomarkers of inflammation in ozone-exposed humans. Comparison of the nasal and bronchoalveolar lavage.,The American review of respiratory disease,1990,PubMed/MEDLINE;Scopus;Web of Science Core Collection,TI04
FS-002464,Short-term effectiveness of bi-phase oscillatory waves versus hyperthermia for isolated long head biceps tendinopathy.,"Muscles, ligaments and tendons journal",2011,PubMed/MEDLINE;Scopus,TI04
FS-002473,Exercise limitation in patients with polymyositis.,Chest,1990,PubMed/MEDLINE;Scopus;Web of Science Core Collection,TI05
FS-002474,Effects of a single bout of aerobic exercise on short-term low-carbohydrate/high-fat intake-induced postprandial glucose metabolism during an oral glucose tolerance test.,Metabolism: clinical and experimental,2013,PubMed/MEDLINE,TI05
FS-002479,High altitude impairs in vivo immunity in humans.,High altitude medicine & biology,2013,PubMed/MEDLINE;Scopus;Web of Science Core Collection,TI04
FS-002485,Effects of high altitude and cold air exposure on airway inflammation in patients with asthma.,Thorax,2013,PubMed/MEDLINE;Scopus;Web of Science Core Collection,TI04
FS-002499,Amino acid infusion alters the expression of growth-related genes in multiple skeletal muscles.,"Aviation, space, and environmental medicine",2013,PubMed/MEDLINE;Scopus;Web of Science Core Collection,TI04
FS-002513,Bioenergetics of the calf muscle in Friedreich ataxia patients measured by 31P-MRS before and after treatment with recombinant human erythropoietin.,PloS one,2013,PubMed/MEDLINE,TI04
FS-002528,Delayed onset of vastii muscle activity in response to rapid postural perturbations following eccentric exercise: a mechanism that underpins knee pain after eccentric exercise?,British journal of sports medicine,2014,PubMed/MEDLINE,TI05
FS-002549,Diclofenac removal in urine using strong-base anion exchange polymer resins.,Water research,2013,PubMed/MEDLINE;Scopus;Web of Science Core Collection,TI04
FS-002561,Keratin-18 and microRNA-122 complement alanine aminotransferase as novel safety biomarkers for drug-induced liver injury in two human cohorts.,Liver international : official journal of the International Association for the Study of the Liver,2014,PubMed/MEDLINE;Scopus;Web of Science Core Collection,TI04
FS-002574,Effect of immediate and delayed cold water immersion after a high intensity exercise session on subsequent run performance.,Journal of sports science & medicine,2011,PubMed/MEDLINE;Scopus;Web of Science Core Collection,TI05
FS-002579,Exercise limitations in a competitive cyclist twelve months post heart transplantation.,Journal of sports science & medicine,2009,PubMed/MEDLINE;Scopus;Web of Science Core Collection,TI05
FS-002586,Aspirin augments IgE-mediated histamine release from human peripheral basophils via Syk kinase activation.,Allergology international : official journal of the Japanese Society of Allergology,2013,PubMed/MEDLINE;Web of Science Core Collection,TI04
FS-002604,Habitual physical activity score as a predictor of the 6-min walk test distance in healthy adults.,Respiratory investigation,2013,PubMed/MEDLINE,TI05
FS-002611,Effect of remote ischemic preconditioning on platelet activation and reactivity induced by ablation for atrial fibrillation.,Circulation,2014,PubMed/MEDLINE;Scopus;Web of Science Core Collection,TI04
FS-002613,Sublingual nucleotides prolong run time to exhaustion in young physically active men.,Nutrients,2013,PubMed/MEDLINE;Scopus;Web of Science Core Collection,TI05
FS-002633,Vitamin E and athletic performance.,Asia Pacific journal of clinical nutrition,1993,PubMed/MEDLINE,TI05
FS-002637,One-minute exercise is best for evaluation of postexercise exhaustion in myasthenia gravis.,Muscle & nerve,2014,PubMed/MEDLINE,TI05
FS-002661,Irisin and FGF21 are cold-induced endocrine activators of brown fat function in humans.,Cell metabolism,2014,PubMed/MEDLINE;Scopus;Web of Science Core Collection,TI04
FS-002668,"Air pollution exposure affects circulating white blood cell counts in healthy subjects: the role of particle composition, oxidative potential and gaseous pollutants - the RAPTES project.",Inhalation toxicology,2014,PubMed/MEDLINE;Web of Science Core Collection,TI04
FS-002677,Determinants of exercise capacity in obese and non-obese COPD patients.,Respiratory medicine,2014,PubMed/MEDLINE;Scopus;Web of Science Core Collection,TI05
FS-002679,Influence of omega-3 (n3) index on performance and wellbeing in young adults after heavy eccentric exercise.,Journal of sports science & medicine,2014,PubMed/MEDLINE;Scopus;Web of Science Core Collection,TI05
FS-002680,Salivary estradiol and testosterone in Filipino men: Diurnal patterns and relationships with adiposity.,American journal of human biology : the official journal of the Human Biology Council,2014,PubMed/MEDLINE;Scopus;Web of Science Core Collection,TI04
FS-002689,A combination of Scutellaria baicalensis and Acacia catechu extracts for short-term symptomatic relief of joint discomfort associated with osteoarthritis of the knee.,Journal of medicinal food,2014,PubMed/MEDLINE;Scopus;Web of Science Core Collection,TI04
FS-002692,Comparison of the effects of electrical stimulation and cold-water immersion on muscle soreness after resistance exercise.,Journal of sport rehabilitation,2015,PubMed/MEDLINE;Scopus;Web of Science Core Collection,TI05
FS-002704,Wheat gluten hydrolysate affects race performance in the triathlon.,Biomedical reports,2013,PubMed/MEDLINE;Web of Science Core Collection,TI05
FS-002705,The utility of the ISAC allergen array in the investigation of idiopathic anaphylaxis.,Clinical and experimental immunology,2014,PubMed/MEDLINE;Scopus;Web of Science Core Collection,TI04
FS-002716,Specific IgE for wheat in tear fluid of patients with allergic conjunctivitis.,Cutaneous and ocular toxicology,2015,PubMed/MEDLINE,TI04
FS-002727,Aerobic fitness levels and validation of a non exercise VO2max prediction equation for HIV-infected patients on HAART.,HIV clinical trials,2014,PubMed/MEDLINE;Scopus;Web of Science Core Collection,TI05
FS-002732,Relationship between urine dichlorophenol levels and asthma morbidity.,"Annals of allergy, asthma & immunology : official publication of the American College of Allergy, Asthma, & Immunology",2014,PubMed/MEDLINE;Scopus;Web of Science Core Collection,TI04
FS-002740,A new reliable method for detecting specific IgE antibodies in the patients with immediate type wheat allergy due to hydrolyzed wheat protein: correlation of its titer and clinical severity.,Allergology international : official journal of the Japanese Society of Allergology,2014,PubMed/MEDLINE,TI04
FS-002745,Acute exercise ameliorates differences in insulin resistance between physically active and sedentary overweight adults.,"Applied physiology, nutrition, and metabolism = Physiologie appliquee, nutrition et metabolisme",2014,PubMed/MEDLINE;Scopus;Web of Science Core Collection,TI05
FS-002766,Metabolic implications when employing heavy pre- and post-exercise rapid-acting insulin reductions to prevent hypoglycaemia in type 1 diabetes patients: a randomised clinical trial.,PloS one,2014,PubMed/MEDLINE;Scopus;Web of Science Core Collection,TI05
FS-002774,Exercise capacity is associated with endothelin-1 release during emotional excitement in coronary artery disease patients.,American journal of physiology. Heart and circulatory physiology,2014,PubMed/MEDLINE;Scopus;Web of Science Core Collection,TI05
FS-002775,Determinants of exercise capacity in cystic fibrosis patients with mild-to-moderate lung disease.,BMC pulmonary medicine,2014,PubMed/MEDLINE;Scopus;Web of Science Core Collection,TI05
FS-002811,Compression garment promotes muscular strength recovery after resistance exercise.,Medicine and science in sports and exercise,2014,PubMed/MEDLINE;Scopus;Web of Science Core Collection,TI05
FS-002814,The ATXN2-SH2B3 locus is associated with peripheral arterial disease: an electronic medical record-based genome-wide association study.,Frontiers in genetics,2014,PubMed/MEDLINE;Scopus;Web of Science Core Collection,TI04
FS-002815,Neuromuscular electrical stimulation via the peroneal nerve is superior to graduated compression socks in reducing perceived muscle soreness following intense intermittent endurance exercise.,European journal of applied physiology,2014,PubMed/MEDLINE;Scopus;Web of Science Core Collection,TI05
FS-002861,Uncomplicated diabetes does not accelerate age-related sarcopenia.,The aging male : the official journal of the International Society for the Study of the Aging Male,2014,PubMed/MEDLINE;Scopus;Web of Science Core Collection,TI04
FS-002864,Effects of an 8-weeks erythropoietin treatment on mitochondrial and whole body fat oxidation capacity during exercise in healthy males.,Journal of sports sciences,2015,PubMed/MEDLINE,TI05
FS-002881,Circadian variation of plasma fibrinopeptide A level in patients with variant angina.,Circulation,1989,PubMed/MEDLINE,TI04
FS-002898,Racial differences in drug response. Altered sensitivity to and clearance of propranolol in men of Chinese descent as compared with American whites.,The New England journal of medicine,1989,PubMed/MEDLINE;Scopus;Web of Science Core Collection,TI04
FS-002946,Influence of endogenous opioids on atrial natriuretic factor release during exercise in man.,European journal of applied physiology and occupational physiology,1989,PubMed/MEDLINE;Scopus;Web of Science Core Collection,TI05
FS-002962,Biopsychosocial influence on shoulder pain: risk subgroups translated across preclinical and clinical prospective cohorts.,Pain,2015,PubMed/MEDLINE;Scopus;Web of Science Core Collection,TI05
FS-002970,Nonsteroidal anti-inflammatory drug use and endurance during running in male long-distance runners.,Journal of athletic training,2015,PubMed/MEDLINE;Scopus;Web of Science Core Collection,TI05
FS-002981,Irisin as an exercise-stimulated hormone binding crosstalk between organs.,European review for medical and pharmacological sciences,2015,PubMed/MEDLINE;Scopus;Web of Science Core Collection,TI05
FS-002985,Match running performance during fixture congestion in elite soccer: research issues and future directions.,"Sports medicine (Auckland, N.Z.)",2015,PubMed/MEDLINE;Web of Science Core Collection,TI05
FS-002996,Impact of peripheral artery disease on prognosis in hospitalized heart failure patients.,Circulation journal : official journal of the Japanese Circulation Society,2015,PubMed/MEDLINE;Scopus;Web of Science Core Collection,TI04
FS-003003,Proteomic identification of nuclear processes manipulated by cytomegalovirus early during infection.,Proteomics,2015,PubMed/MEDLINE;Scopus;Web of Science Core Collection,TI04
FS-003013,Chronic bronchitis leads to accelerated hyperinflation in COPD patients during exercise.,"Respirology (Carlton, Vic.)",2015,PubMed/MEDLINE;Scopus;Web of Science Core Collection,TI05
FS-003015,Relationship between postprandial endotoxemia in nonobese postmenopausal women and diabetic nonobese postmenopausal women.,"Journal of natural science, biology, and medicine",2015,PubMed/MEDLINE;Scopus,TI04
FS-003023,The effect of caffeine ingestion on physical performance after prolonged exercise.,European journal of applied physiology and occupational physiology,1989,PubMed/MEDLINE,TI05
FS-003033,Exposure to medium and high ambient levels of ozone causes adverse systemic inflammatory and cardiac autonomic effects.,American journal of physiology. Heart and circulatory physiology,2015,PubMed/MEDLINE;Scopus;Web of Science Core Collection,TI04
FS-003034,Effect of trimetazidine on serum interleukin-6 and C-reactive protein concentrations in patients with stable coronary artery disease.,Journal of biological regulators and homeostatic agents,2015,PubMed/MEDLINE;Scopus;Web of Science Core Collection,TI04
FS-003041,Plasma Neutrophil Gelatinase-Associated Lipocalin Is Primarily Related to Inflammation during Sepsis: A Translational Approach.,PloS one,2015,PubMed/MEDLINE;Scopus;Web of Science Core Collection,TI04
FS-003050,Similar magnitude of post-exercise hyperglycemia despite manipulating resistance exercise intensity in type 1 diabetes individuals.,Scandinavian journal of medicine & science in sports,2016,PubMed/MEDLINE;Scopus;Web of Science Core Collection,TI05
FS-003068,No Effects of a Short-Term Gluten-free Diet on Performance in Nonceliac Athletes.,Medicine and science in sports and exercise,2015,PubMed/MEDLINE;Scopus;Web of Science Core Collection,TI05
FS-003070,No positive influence of ingesting chia seed oil on human running performance.,Nutrients,2015,PubMed/MEDLINE;Scopus;Web of Science Core Collection,TI05
FS-003077,Effects of plyometric exercise session on markers of bone turnover in boys and young men.,European journal of applied physiology,2015,PubMed/MEDLINE,TI05
FS-003078,Perioperative Hypoalbuminemia Affects Improvement in Exercise Tolerance After Left Ventricular Assist Device Implantation.,Circulation journal : official journal of the Japanese Circulation Society,2015,PubMed/MEDLINE;Scopus;Web of Science Core Collection,TI05
FS-003079,Insulin therapy and dietary adjustments to normalize glycemia and prevent nocturnal hypoglycemia after evening exercise in type 1 diabetes: a randomized controlled trial.,BMJ open diabetes research & care,2015,PubMed/MEDLINE;Scopus,TI05
FS-003081,GH signaling in human adipose and muscle tissue during 'feast and famine': amplification of exercise stimulation following fasting compared to glucose administration.,European journal of endocrinology,2015,PubMed/MEDLINE;Scopus;Web of Science Core Collection,TI05
FS-003086,Cell response in bronchoalveolar lavage fluid after exposure to sulfur dioxide: a time-response study.,The American review of respiratory disease,1989,PubMed/MEDLINE;Scopus,TI04
FS-003101,Adjunctive Treatment with Rhodiola Crenulata in Patients with Chronic Obstructive Pulmonary Disease--A Randomized Placebo Controlled Double Blind Clinical Trial.,PloS one,2015,PubMed/MEDLINE;Scopus;Web of Science Core Collection,TI04
FS-003102,Hot water immersion induces an acute cytokine response in cervical spinal cord injury.,European journal of applied physiology,2015,PubMed/MEDLINE;Scopus;Web of Science Core Collection,TI04
FS-003104,Low prevalence of peripheral arterial disease in a cross-sectional study of Danish HIV-infected patients.,"Infectious diseases (London, England)",2015,PubMed/MEDLINE;Scopus;Web of Science Core Collection,TI04
FS-003107,"Acute Effects of Deep Tissue Foam Rolling and Dynamic Stretching on Muscular Strength, Power, and Flexibility in Division I Linemen.",Journal of strength and conditioning research,2017,PubMed/MEDLINE;Scopus;Web of Science Core Collection,TI05
FS-003125,The effect of a selective CXCR2 antagonist (AZD5069) on human blood neutrophil count and innate immune functions.,British journal of clinical pharmacology,2015,PubMed/MEDLINE;Scopus;Web of Science Core Collection,TI04
FS-003143,Efficacy and safety of inhaled calcium lactate PUR118 in the ozone challenge model--a clinical trial.,BMC pharmacology & toxicology,2015,PubMed/MEDLINE;Scopus;Web of Science Core Collection,TI04
FS-003145,Supplementation of l-Alanyl-l-Glutamine and Fish Oil Improves Body Composition and Quality of Life in Patients With Chronic Heart Failure.,Circulation. Heart failure,2015,PubMed/MEDLINE;Scopus;Web of Science Core Collection,TI04
FS-003151,Potential ergogenic activity of grape juice in runners.,"Applied physiology, nutrition, and metabolism = Physiologie appliquee, nutrition et metabolisme",2015,PubMed/MEDLINE;Scopus;Web of Science Core Collection,TI05
FS-003167,Dietary nitrate reduces the O2 cost of desert marching but elevates the rise in core temperature.,European journal of applied physiology,2015,PubMed/MEDLINE;Scopus;Web of Science Core Collection,TI05
FS-003182,Kinetics of human hemopoietic cells after in vivo administration of granulocyte-macrophage colony-stimulating factor.,The Journal of clinical investigation,1989,PubMed/MEDLINE;Scopus;Web of Science Core Collection,TI04
FS-003183,Sodium nitrate alleviates functional muscle ischaemia in patients with Becker muscular dystrophy.,The Journal of physiology,2015,PubMed/MEDLINE;Scopus;Web of Science Core Collection,TI05
FS-003185,"Association of impaired left ventricular twisting-untwisting with vascular dysfunction, neurohumoral activation and impaired exercise capacity in hypertensive heart disease.",European journal of heart failure,2015,PubMed/MEDLINE,TI05
FS-003201,"The whole body cryostimulation modifies irisin concentration and reduces inflammation in middle aged, obese men.",Cryobiology,2015,PubMed/MEDLINE,TI04
FS-003231,Salivary hormones and anxiety in winners and losers of an international judo competition.,Journal of sports sciences,2016,PubMed/MEDLINE;Scopus;Web of Science Core Collection,TI05
FS-003240,Ticlopidine in the treatment of intermittent claudication: a 21-month double-blind trial.,The Journal of laboratory and clinical medicine,1989,PubMed/MEDLINE,TI04
FS-003247,Training in different brushing techniques in relation to efficacy of oral hygiene in young adults: a randomized controlled trial.,Journal of clinical periodontology,2016,PubMed/MEDLINE;Scopus;Web of Science Core Collection,TI04
FS-003254,"High Altitude and Acute Mountain Sickness and Changes in Circulating Endothelin-1, Interleukin-6, and Interleukin-17a.",High altitude medicine & biology,2016,PubMed/MEDLINE;Scopus;Web of Science Core Collection,TI04
FS-003255,Supplementation with a polyphenolic blend improves post-exercise strength recovery and muscle soreness.,Food & nutrition research,2015,PubMed/MEDLINE;Scopus;Web of Science Core Collection,TI05
FS-003259,"Prevalence, distribution and clinical correlates of myocardial fibrosis in systemic lupus erythematosus: a cardiac magnetic resonance study.",Lupus,2016,PubMed/MEDLINE;Scopus;Web of Science Core Collection,TI04
FS-003268,Systemic inflammation and higher perception of dyspnea mimicking asthma in obese subjects.,The Journal of allergy and clinical immunology,2016,PubMed/MEDLINE;Scopus;Web of Science Core Collection,TI04
FS-003269,A single 60-min bout of peristaltic pulse external pneumatic compression transiently upregulates phosphorylated ribosomal protein s6.,Clinical physiology and functional imaging,2017,PubMed/MEDLINE;Scopus;Web of Science Core Collection,TI04
FS-003274,Inflammation in induced sputum after aluminium oxide exposure: an experimental chamber study.,Occupational and environmental medicine,2016,PubMed/MEDLINE;Scopus;Web of Science Core Collection,TI04
FS-003283,Abdominal Mondor disease mimicking acute appendicitis.,International journal of surgery case reports,2016,PubMed/MEDLINE;Scopus;Web of Science Core Collection,TI04
FS-003285,Model approach for stress induced steroidal hormone cascade changes in severe mental diseases.,Hormone molecular biology and clinical investigation,2016,PubMed/MEDLINE,TI04
FS-003302,Post-menopausal Women Exhibit Greater Interleukin-6 Responses to Mental Stress Than Older Men.,Annals of behavioral medicine : a publication of the Society of Behavioral Medicine,2016,PubMed/MEDLINE;Scopus;Web of Science Core Collection,TI04
FS-003326,The clinical spectrum of omega-5-gliadin allergy.,Internal medicine journal,2016,PubMed/MEDLINE;Scopus;Web of Science Core Collection,TI04
FS-003332,"Eicosapentaenoic and docosahexaenoic acids-rich fish oil supplementation attenuates strength loss and limited joint range of motion after eccentric contractions: a randomized, double-blind, placebo-controlled, parallel-group trial.",European journal of applied physiology,2016,PubMed/MEDLINE;Scopus;Web of Science Core Collection,TI05
FS-003334,Repetitive cryotherapy attenuates the in vitro and in vivo mononuclear cell activation response.,Experimental physiology,2016,PubMed/MEDLINE;Scopus,TI04
FS-003339,Systemic inflammation after critical illness: relationship with physical recovery and exploration of potential mechanisms.,Thorax,2016,PubMed/MEDLINE,TI04
FS-003341,"Safety, pharmacokinetics, pharmacodynamics, and bioavailability of GSK2018682, a sphingosine-1-phosphate receptor modulator, in healthy volunteers.",Clinical pharmacology in drug development,2014,PubMed/MEDLINE;Scopus;Web of Science Core Collection,TI04
FS-003347,"Effect of acupuncture on house dust mite specific IgE, substance P, and symptoms in persistent allergic rhinitis.","Annals of allergy, asthma & immunology : official publication of the American College of Allergy, Asthma, & Immunology",2016,PubMed/MEDLINE;Scopus;Web of Science Core Collection,TI04
FS-003368,"Allergen inhalation challenge, refractoriness and the effects of ibuprofen.","Allergy, asthma, and clinical immunology : official journal of the Canadian Society of Allergy and Clinical Immunology",2016,PubMed/MEDLINE;Scopus;Web of Science Core Collection,TI04
FS-003372,Altered maternal lipid metabolism is associated with higher inflammation in obese women during late pregnancy.,Integrative obesity and diabetes,2015,PubMed/MEDLINE,TI04
FS-003380,Plasma fibrinogen in unstable coronary artery disease.,Scandinavian journal of clinical and laboratory investigation,1989,PubMed/MEDLINE;Scopus;Web of Science Core Collection,TI04
FS-003390,Thermotherapy reduces blood pressure and circulating endothelin-1 concentration and enhances leg blood flow in patients with symptomatic peripheral artery disease.,"American journal of physiology. Regulatory, integrative and comparative physiology",2016,PubMed/MEDLINE;Scopus;Web of Science Core Collection,TI04
FS-003404,New insights for identification of doping with recombinant human erythropoietin micro-doses after high hydration.,Drug testing and analysis,2016,PubMed/MEDLINE,TI04
FS-003410,Bone turnover response is linked to both acute and established metabolic changes in ultra-marathon runners.,Endocrine,2017,PubMed/MEDLINE;Scopus;Web of Science Core Collection,TI05
FS-003416,Effects of Fish Oil Supplementation on Postresistance Exercise Muscle Soreness.,Journal of dietary supplements,2017,PubMed/MEDLINE,TI05
FS-003420,Respiratory rehabilitation in healing depression and anxiety in COPD patients.,"Pneumologia (Bucharest, Romania)",2015,PubMed/MEDLINE;Scopus,TI05
FS-003422,Wearing Compression Garment after Endurance Exercise Promotes Recovery of Exercise Performance.,International journal of sports medicine,2016,PubMed/MEDLINE;Scopus;Web of Science Core Collection,TI05
FS-003439,"Effect of Obesity on Acute Ozone-Induced Changes in Airway Function, Reactivity, and Inflammation in Adult Females.",PloS one,2016,PubMed/MEDLINE;Scopus;Web of Science Core Collection,TI04
FS-003453,Growth Hormone Concentrations in Different Body Fluids Before and After Moderate Exercise.,Sports medicine - open,2015,PubMed/MEDLINE;Scopus;Web of Science Core Collection,TI05
FS-003454,Effects of Beetroot Juice on Recovery of Muscle Function and Performance between Bouts of Repeated Sprint Exercise.,Nutrients,2016,PubMed/MEDLINE;Scopus;Web of Science Core Collection,TI05
FS-003458,The effects of different aerobic exercise intensities on serum serotonin concentrations and their association with Stroop task performance: a randomized controlled trial.,European journal of applied physiology,2016,PubMed/MEDLINE;Scopus;Web of Science Core Collection,TI05
FS-003466,Immediate and late asthmatic responses induced by exercise in patients with reversible airflow limitation.,The European respiratory journal,1989,PubMed/MEDLINE,TI05
FS-003467,Primary graft dysfunction: Long-term physical function outcomes among lung transplant recipients.,Heart & lung : the journal of critical care,2016,PubMed/MEDLINE;Scopus;Web of Science Core Collection,TI04
FS-003476,The Volume of the Spleen and Its Correlates after Acute Stroke.,Journal of stroke and cerebrovascular diseases : the official journal of National Stroke Association,2016,PubMed/MEDLINE;Scopus;Web of Science Core Collection,TI04
FS-003506,Probiotic Streptococcus thermophilus FP4 and Bifidobacterium breve BR03 Supplementation Attenuates Performance and Range-of-Motion Decrements Following Muscle Damaging Exercise.,Nutrients,2016,PubMed/MEDLINE;Scopus;Web of Science Core Collection,TI05
FS-003507,Myocardial scintigraphy – a method for detecting cardiac comorbidity in psoriasis patients?; [Myokardszintigraphie – eine Methode zur Erfassung der kardialen Komorbidität bei Psoriasis-Patienten?],JDDG - Journal of the German Society of Dermatology,2016,PubMed/MEDLINE;Scopus;Web of Science Core Collection,TI04
FS-003510,A correlation between microalbuminuria and anti-insulin antibodies in type I diabetics.,Hormone and metabolic research = Hormon- und Stoffwechselforschung = Hormones et metabolisme,1989,PubMed/MEDLINE,TI04
FS-003520,Dose assessment intercomparisons within the RENEB network using G0-lymphocyte prematurely condensed chromosomes (PCC assay).,International journal of radiation biology,2017,PubMed/MEDLINE;Scopus,TI04
FS-003527,Lung function and dust in climbing halls: two pilot studies.,Reviews on environmental health,2016,PubMed/MEDLINE,TI05
FS-003550,Long-term individual shear rate therapy counterpulsation enhances plasma nitrite release in patients with PAD.,VASA. Zeitschrift fur Gefasskrankheiten,2017,PubMed/MEDLINE;Scopus;Web of Science Core Collection,TI04
FS-003554,Effect of a Single Administration of Focused Extracorporeal Shock Wave in the Relief of Delayed-Onset Muscle Soreness: Results of a Partially Blinded Randomized Controlled Trial.,Archives of physical medicine and rehabilitation,2017,PubMed/MEDLINE;Scopus;Web of Science Core Collection,TI05
FS-003562,Endurance training-induced changes in the GH-IGF-I axis influence maximal muscle strength in previously untrained men.,Growth hormone & IGF research : official journal of the Growth Hormone Research Society and the International IGF Research Society,2017,PubMed/MEDLINE;Scopus;Web of Science Core Collection,TI05
FS-003564,Cardiovascular Effects of Performance-Enhancing Drugs.,Circulation,2017,PubMed/MEDLINE;Scopus;Web of Science Core Collection,TI05
FS-003566,"Myocardial Ischaemia, Coronary Atherosclerosis and Pulmonary Pressure Elevation in Antiphospholipid Syndrome Patients.",Advances in clinical and experimental medicine : official organ Wroclaw Medical University,2016,PubMed/MEDLINE,TI04
FS-003574,Ibuprofen before Exercise Does Not Prevent Cortical Bone Adaptations to Training.,Medicine and science in sports and exercise,2017,PubMed/MEDLINE;Scopus;Web of Science Core Collection,TI05
FS-003580,"Beneficial effects of erythropoietin on haematological parameters, aerobic capacity, and body fluid composition in patients on haemodialysis.",Journal of internal medicine,1989,PubMed/MEDLINE,TI04
FS-003585,"Taurine Supplementation Improves Functional Capacity, Myocardial Oxygen Consumption, and Electrical Activity in Heart Failure.",Journal of dietary supplements,2017,PubMed/MEDLINE,TI05
FS-003589,Specific networks of plasma acute phase reactants are associated with the severity of chronic obstructive pulmonary disease: a case-control study.,International journal of medical sciences,2017,PubMed/MEDLINE;Scopus;Web of Science Core Collection,TI04
FS-003603,Association of Serum Uric Acid Levels with Leg Ischemia in Patients with Peripheral Arterial Disease after Treatment.,Journal of atherosclerosis and thrombosis,2017,PubMed/MEDLINE;Scopus;Web of Science Core Collection,TI04
FS-003606,Temporal changes in physiology and haematology in response to high- and micro-doses of recombinant human erythropoietin.,Drug testing and analysis,2017,PubMed/MEDLINE,TI04
FS-003610,Effects of trimetazidine on interleukin-2 and interleukin-8 concentrations in patients with coronary artery disease.,Canadian journal of physiology and pharmacology,2017,PubMed/MEDLINE;Scopus;Web of Science Core Collection,TI04
FS-003621,Prognostic factors of left ventricle function deterioration in patients with coronary disease and normal results of echocardiographic examination in a 2-year observation - prospective cohort study.,Folia medica Cracoviensia,2016,PubMed/MEDLINE;Scopus,TI04
FS-003641,Coronary artery endothelial dysfunction is present in HIV-positive individuals without significant coronary artery disease.,"AIDS (London, England)",2017,PubMed/MEDLINE;Scopus;Web of Science Core Collection,TI04
FS-003651,Influence of omega-3 fatty acids on skeletal muscle protein metabolism and mitochondrial bioenergetics in older adults.,Aging,2017,PubMed/MEDLINE;Scopus;Web of Science Core Collection,TI04
FS-003655,Blunted Myoglobin and Quadriceps Soreness After Electrical Stimulation During the Luteal Phase or Oral Contraception.,Research quarterly for exercise and sport,2017,PubMed/MEDLINE;Scopus;Web of Science Core Collection,TI05
FS-003672,Lifestyle and Neurocognition in Older Adults With Cardiovascular Risk Factors and Cognitive Impairment.,Psychosomatic medicine,2017,PubMed/MEDLINE;Scopus;Web of Science Core Collection,TI05
FS-003680,"Influence of exercise in water on hormonal, metabolic and adrenergic receptor changes in man.",International journal of sports medicine,1988,PubMed/MEDLINE;Scopus;Web of Science Core Collection,TI05
FS-003696,Allopurinol prevents ischaemia-dependent haemorheological changes.,European journal of clinical pharmacology,1988,PubMed/MEDLINE;Scopus;Web of Science Core Collection,TI04
FS-003705,Wearing lower-body compression garment with medium pressure impaired exercise-induced performance decrement during prolonged running.,PloS one,2017,PubMed/MEDLINE;Scopus;Web of Science Core Collection,TI05
FS-003729,"Effects of erythropoietin on cycling performance of well trained cyclists: a double-blind, randomised, placebo-controlled trial.",The Lancet. Haematology,2017,PubMed/MEDLINE,TI05
FS-003736,Effects of a combined protein and antioxidant supplement on recovery of muscle function and soreness following eccentric exercise.,Journal of the International Society of Sports Nutrition,2017,PubMed/MEDLINE;Scopus;Web of Science Core Collection,TI05
FS-003742,Reduction of beta-adrenergic receptors by tertatolol: an additional mechanism for beta-adrenergic blockade.,Clinical pharmacology and therapeutics,1986,PubMed/MEDLINE;Scopus,TI04
FS-003748,Screening protocols to monitor respiratory status in primary immunodeficiency disease: findings from a European survey and subclinical infection working group.,Clinical and experimental immunology,2017,PubMed/MEDLINE;Scopus;Web of Science Core Collection,TI04
FS-003750,Beetroot juice is more beneficial than sodium nitrate for attenuating muscle pain after strenuous eccentric-bias exercise.,"Applied physiology, nutrition, and metabolism = Physiologie appliquee, nutrition et metabolisme",2017,PubMed/MEDLINE;Scopus;Web of Science Core Collection,TI05
FS-003760,Differences in gluten protein composition between old and modern durum wheat genotypes in relation to 20th century breeding in Italy.,European journal of agronomy : the journal of the European Society for Agronomy,2017,PubMed/MEDLINE;Scopus;Web of Science Core Collection,TI04
FS-003765,Administration options for pegfilgrastim prophylaxis: patient and physician preferences from a cross-sectional survey.,Supportive care in cancer : official journal of the Multinational Association of Supportive Care in Cancer,2018,PubMed/MEDLINE,TI04
FS-003768,Beta-adrenergic receptor changes during tertatolol treatment in healthy volunteers: relevance for beta-blocking therapy.,American journal of nephrology,1986,PubMed/MEDLINE,TI04
FS-003774,Outcomes of Patients with Behçet's Syndrome after Pulmonary Endarterectomy.,The Thoracic and cardiovascular surgeon,2018,PubMed/MEDLINE;Scopus;Web of Science Core Collection,TI04
FS-003784,Increased monocyte-to-HDL cholesterol ratio is related to cardiac syndrome X.,Acta cardiologica,2017,PubMed/MEDLINE;Scopus;Web of Science Core Collection,TI04
FS-003789,"Differential haemodynamic effects induced by beta 1-(bisoprolol) or beta 2-(ICI 118,551) adrenoceptor blockade in man.",Journal of hypertension. Supplement : official journal of the International Society of Hypertension,1986,PubMed/MEDLINE;Scopus,TI04
FS-003790,"Adding Fish Oil to Whey Protein, Leucine, and Carbohydrate Over a Six-Week Supplementation Period Attenuates Muscle Soreness Following Eccentric Exercise in Competitive Soccer Players.",International journal of sport nutrition and exercise metabolism,2018,PubMed/MEDLINE;Scopus;Web of Science Core Collection,TI05
FS-003792,The Impact of Reduced Cardiac Rehabilitation on Maximal Treadmill Exercise Time: A RANDOMIZED CONTROLLED TRIAL.,Journal of cardiopulmonary rehabilitation and prevention,2018,PubMed/MEDLINE;Scopus;Web of Science Core Collection,TI05
FS-003795,"Targeted medical nutrition for cachexia in chronic obstructive pulmonary disease: a randomized, controlled trial.","Journal of cachexia, sarcopenia and muscle",2018,PubMed/MEDLINE;Scopus;Web of Science Core Collection,TI04
FS-003807,Effort but not Reward Sensitivity is Altered by Acute Sickness Induced by Experimental Endotoxemia in Humans.,Neuropsychopharmacology : official publication of the American College of Neuropsychopharmacology,2018,PubMed/MEDLINE,TI04
FS-003855,Predictors of improvements in exercise capacity during cardiac rehabilitation in the recovery phase after coronary artery bypass graft surgery versus acute myocardial infarction.,Heart and vessels,2018,PubMed/MEDLINE;Scopus;Web of Science Core Collection,TI05
FS-003867,Validation of whole-blood transcriptome signature during microdose recombinant human erythropoietin (rHuEpo) administration.,BMC genomics,2017,PubMed/MEDLINE,TI04
FS-003868,Clinical tool for disease phenotyping in granulomatous lung disease.,PloS one,2017,PubMed/MEDLINE;Scopus;Web of Science Core Collection,TI04
FS-003877,Contribution of Impaired Parasympathetic Activity to Right Ventricular Dysfunction and Pulmonary Vascular Remodeling in Pulmonary Arterial Hypertension.,Circulation,2018,PubMed/MEDLINE;Scopus;Web of Science Core Collection,TI04
FS-003897,Respiratory Responses to Ozone Exposure. MOSES (The Multicenter Ozone Study in Older Subjects).,American journal of respiratory and critical care medicine,2018,PubMed/MEDLINE;Scopus;Web of Science Core Collection,TI04
FS-003899,Determinants of Peripheral Muscle Strength and Activity in Daily Life in People With Bronchiectasis.,Physical therapy,2018,PubMed/MEDLINE;Scopus;Web of Science Core Collection,TI05
FS-003916,Challenges to global measles eradication: is it all in the timing?,The Pan African medical journal,2017,PubMed/MEDLINE;Scopus,TI04
FS-003937,SOST/Sclerostin Improves Posttraumatic Osteoarthritis and Inhibits MMP2/3 Expression After Injury.,Journal of bone and mineral research : the official journal of the American Society for Bone and Mineral Research,2018,PubMed/MEDLINE;Scopus;Web of Science Core Collection,TI04
FS-003940,Effects of intermittent hypoxic training performed at high hypoxia level on exercise performance in highly trained runners.,Journal of sports sciences,2018,PubMed/MEDLINE,TI05
FS-003944,"Effects of lemon verbena extract (Recoverben®) supplementation on muscle strength and recovery after exhaustive exercise: a randomized, placebo-controlled trial.",Journal of the International Society of Sports Nutrition,2018,PubMed/MEDLINE;Scopus;Web of Science Core Collection,TI05
FS-003949,Concentration-dependent systemic response after inhalation of nano-sized zinc oxide particles in human volunteers.,Particle and fibre toxicology,2018,PubMed/MEDLINE;Scopus;Web of Science Core Collection,TI04
FS-003953,Improvement of cognitive functions in response to a regular Nordic walking training in elderly women - A change dependent on the training experience.,Experimental gerontology,2018,PubMed/MEDLINE;Scopus;Web of Science Core Collection,TI05
FS-003966,"Relative peak exercise oxygen pulse is related to sudden cardiac death, cardiovascular and all-cause mortality in middle-aged men.",European journal of preventive cardiology,2018,PubMed/MEDLINE;Scopus;Web of Science Core Collection,TI05
FS-003969,Impact of cardiac resynchronization therapy on inflammatory biomarkers and cardiac remodeling: The paradox of functional and echocardiographic response; [Impacto da ressincronização cardíaca nos biomarcadores inflamatórios e de remodelagem cardíaca],Revista Portuguesa de Cardiologia,2018,PubMed/MEDLINE;Scopus;Web of Science Core Collection,TI04
FS-003972,10-Year Resource Utilization and Costs for Cardiovascular Care.,Journal of the American College of Cardiology,2018,PubMed/MEDLINE;Scopus;Web of Science Core Collection,TI04
FS-003973,Two models of inescapable stress increase tph2 mRNA expression in the anxiety-related dorsomedial part of the dorsal raphe nucleus.,Neurobiology of stress,2018,PubMed/MEDLINE;Scopus;Web of Science Core Collection,TI04
FS-003990,Surfactant proteins changes after acute hemodynamic improvement in patients with advanced chronic heart failure treated with Levosimendan.,Respiratory physiology & neurobiology,2018,PubMed/MEDLINE;Scopus;Web of Science Core Collection,TI04
FS-004012,Altered stress hormone response following acute exercise during prostate cancer treatment.,Scandinavian journal of medicine & science in sports,2018,PubMed/MEDLINE;Scopus;Web of Science Core Collection,TI05
FS-004019,Airway and systemic inflammatory responses to ultrafine carbon black particles and ozone in older healthy subjects.,Journal of toxicology and environmental health. Part A,2018,PubMed/MEDLINE;Scopus,TI04
FS-004041,Ex vivo platelet studies following oral nisoldipine in normotensive insulin-dependent diabetics and non-diabetic controls.,"Diabetes research (Edinburgh, Scotland)",1988,PubMed/MEDLINE,TI04
FS-004045,Hemodynamic heterogeneity of connective tissue disease patients with borderline mean pulmonary artery pressure and its distinctive characters from those with normal pulmonary artery pressure: a retrospective study.,Clinical rheumatology,2018,PubMed/MEDLINE;Scopus;Web of Science Core Collection,TI04
FS-004062,"A Randomized, Double-Blind, Placebo-Controlled Study to Evaluate the Effect of Erenumab on Exercise Time During a Treadmill Test in Patients With Stable Angina.",Headache,2018,PubMed/MEDLINE,TI05
FS-004087,Anaphylaxis caused by lipid transfer proteins: an unpredictable clinical syndrome.,Allergologia et immunopathologia,2018,PubMed/MEDLINE,TI04
FS-004096,Association of betel nut chewing with exercise performance in a military male cohort: the CHIEF study.,Journal of the Royal Army Medical Corps,2018,PubMed/MEDLINE;Scopus;Web of Science Core Collection,TI05
FS-004105,"Cardiopulmonary, biomarkers, and vascular responses to acute hypoxia following cardiac transplantation.",Clinical transplantation,2018,PubMed/MEDLINE;Scopus;Web of Science Core Collection,TI04
FS-004117,Identification of gibberellin-regulated protein as a new allergen in orange allergy.,Clinical and experimental allergy : journal of the British Society for Allergy and Clinical Immunology,2018,PubMed/MEDLINE;Scopus;Web of Science Core Collection,TI04
FS-004125,Genome mapping of seed-borne allergens and immunoresponsive proteins in wheat.,Science advances,2018,PubMed/MEDLINE;Scopus;Web of Science Core Collection,TI04
FS-004126,"Local generation of sulfidopeptide leukotrienes upon nasal provocation with cold, dry air.",The American review of respiratory disease,1986,PubMed/MEDLINE;Scopus;Web of Science Core Collection,TI04
FS-004127,Influence of body composition and physical fitness on arterial stiffness after marathon running.,Scandinavian journal of medicine & science in sports,2018,PubMed/MEDLINE;Scopus;Web of Science Core Collection,TI05
FS-004128,Glucocorticoid-Induced Insulin Resistance in Men Is Associated With Suppressed Undercarboxylated Osteocalcin.,Journal of bone and mineral research : the official journal of the American Society for Bone and Mineral Research,2019,PubMed/MEDLINE;Scopus;Web of Science Core Collection,TI04
FS-004132,Irisin response to downhill running exercise in humans.,Journal of exercise nutrition & biochemistry,2018,PubMed/MEDLINE,TI05
FS-004133,Factors affecting lower limb muscle strength and cardiopulmonary fitness after allogeneic hematopoietic stem cell transplantation.,Supportive care in cancer : official journal of the Multinational Association of Supportive Care in Cancer,2019,PubMed/MEDLINE;Scopus;Web of Science Core Collection,TI05
FS-004135,Influence of Exercise Time of Day on Salivary Melatonin Responses.,International journal of sports physiology and performance,2019,PubMed/MEDLINE;Scopus;Web of Science Core Collection,TI05
FS-004150,"Effects of Heart Rate Reduction With Either Pyridostigmine or Ivabradine in Patients With Heart Failure: A Randomized, Double-Blind Study.",Journal of cardiovascular pharmacology and therapeutics,2019,PubMed/MEDLINE;Scopus;Web of Science Core Collection,TI04
FS-004151,Identification and molecular characterization of allergenic non-specific lipid-transfer protein from durum wheat (Triticum turgidum).,Clinical and experimental allergy : journal of the British Society for Allergy and Clinical Immunology,2019,PubMed/MEDLINE,TI04
FS-004153,Comparison and analysis of statins drug use in the treatment of diastolic dysfunction in patients.,Pakistan journal of pharmaceutical sciences,2018,PubMed/MEDLINE;Scopus;Web of Science Core Collection,TI04
FS-004157,"The clinical development of a new agent for the treatment of airway inflammation, nedocromil sodium (Tilade).",European journal of respiratory diseases. Supplement,1986,PubMed/MEDLINE;Scopus,TI04
FS-004159,"Protective effects of taurine against inflammation, apoptosis, and oxidative stress in brain injury.",Molecular medicine reports,2018,PubMed/MEDLINE;Scopus;Web of Science Core Collection,TI04
FS-004206,Receptor redistribution does not accompany terbutaline-induced down regulation of beta-adrenergic receptors on human mononuclear leukocytes.,Clinical pharmacology and therapeutics,1987,PubMed/MEDLINE;Scopus;Web of Science Core Collection,TI04
FS-004214,"A supportive care intervention for people with metastatic melanoma being treated with immunotherapy: a pilot study assessing feasibility, perceived benefit, and acceptability.",Supportive care in cancer : official journal of the Multinational Association of Supportive Care in Cancer,2019,PubMed/MEDLINE;Scopus;Web of Science Core Collection,TI05
FS-004218,"Efficacy of continuous in-wound infusion of levobupivacaine and ketorolac for post-caesarean section analgesia: a prospective, randomised, double-blind, placebo-controlled trial.",BMC anesthesiology,2018,PubMed/MEDLINE;Scopus,TI04
FS-004228,Electrocardiographic studies in acute pericarditis with specific reference to ventricular involvement of non-specific pericarditis.,Acta cardiologica,1977,PubMed/MEDLINE;Scopus;Web of Science Core Collection,TI04
FS-004233,Role of Parecoxib Sodium in the Multimodal Analgesia after Total Knee Arthroplasty: A Randomized Double-blinded Controlled Trial.,Orthopaedic surgery,2018,PubMed/MEDLINE;Scopus;Web of Science Core Collection,TI04
FS-004240,Effect of transcutaneous vagus nerve stimulation on muscle activity in the gastrointestinal tract (transVaGa): a prospective clinical trial.,International journal of colorectal disease,2019,PubMed/MEDLINE;Scopus;Web of Science Core Collection,TI04
FS-004254,Moderate-to-high intensity inspiratory muscle training improves the effects of combined training on exercise capacity in patients after coronary artery bypass graft surgery: A randomized clinical trial.,International journal of cardiology,2019,PubMed/MEDLINE;Scopus;Web of Science Core Collection,TI05
FS-004258,Effect of pre-exercise ingestion of α-lactalbumin on subsequent endurance exercise performance and mood states.,The British journal of nutrition,2019,PubMed/MEDLINE;Scopus;Web of Science Core Collection,TI05
FS-004259,Factors determining exercise capacity evaluated during cardiopulmonary exercise testing in 6-month follow-up after ST elevation myocardial infarction.,Clinical physiology and functional imaging,2019,PubMed/MEDLINE,TI05
FS-004277,Efficacy and Safety of Omalizumab (Xolair) for Cholinergic Urticaria in Patients Unresponsive to a Double Dose of Antihistamines: A Randomized Mixed Double-Blind and Open-Label Placebo-Controlled Clinical Trial.,The journal of allergy and clinical immunology. In practice,2019,PubMed/MEDLINE;Web of Science Core Collection,TI04
FS-004278,"Safety, pharmacodynamics, and potential benefit of omaveloxolone in Friedreich ataxia.",Annals of clinical and translational neurology,2019,PubMed/MEDLINE;Scopus;Web of Science Core Collection,TI04
FS-004281,Negative Energy Balance Does Not Alter Fat-Free Mass During the Yukon Arctic Ultra-The Longest and the Coldest Ultramarathon.,Frontiers in physiology,2018,PubMed/MEDLINE;Scopus;Web of Science Core Collection,TI05
FS-004282,Effects of ambient particulate matter on aerobic exercise performance.,Journal of exercise science and fitness,2018,PubMed/MEDLINE;Scopus;Web of Science Core Collection,TI05
FS-004289,Hyperhydration Effect on Pharmacokinetic Parameters and Detection Sensitivity of Recombinant Human Erythropoietin in Urine and Serum Doping Control Analysis of Males.,Journal of pharmaceutical sciences,2019,PubMed/MEDLINE,TI04
FS-004298,mTOR-Dependent Oxidative Stress Regulates oxLDL-Induced Trained Innate Immunity in Human Monocytes.,Frontiers in immunology,2018,PubMed/MEDLINE;Scopus;Web of Science Core Collection,TI04
FS-004322,Effective Timing of Curcumin Ingestion to Attenuate Eccentric Exercise-Induced Muscle Soreness in Men.,Journal of nutritional science and vitaminology,2019,PubMed/MEDLINE;Scopus;Web of Science Core Collection,TI05
FS-004325,Acute Effects of Air Pollution and Noise from Road Traffic in a Panel of Young Healthy Adults.,International journal of environmental research and public health,2019,PubMed/MEDLINE,TI04
FS-004330,Ultrafine particles and ozone perturb norepinephrine clearance rather than centrally generated sympathetic activity in humans.,Scientific reports,2019,PubMed/MEDLINE;Scopus;Web of Science Core Collection,TI04
FS-004360,Stretch-shortening cycle exercise produces acute and prolonged impairments on endurance performance: is the peripheral fatigue a single answer?,European journal of applied physiology,2019,PubMed/MEDLINE;Scopus,TI05
FS-004361,Cold water immersion improves recovery of sprint speed following a simulated tournament.,European journal of sport science,2019,PubMed/MEDLINE;Scopus;Web of Science Core Collection,TI05
FS-004377,Effectiveness of stress inoculation training on occupational stress of midwives in healthcare centers of Zahedan in Health Transformation Plan in 2017.,Journal of education and health promotion,2019,PubMed/MEDLINE;Scopus;Web of Science Core Collection,TI04
FS-004378,T-Regulatory Cells Confer Increased Myelination and Stem Cell Activity after Stroke-Induced White Matter Injury.,Journal of clinical medicine,2019,PubMed/MEDLINE;Scopus;Web of Science Core Collection,TI04
FS-004394,Impaired Muscular Fat Metabolism in Juvenile Idiopathic Arthritis in Inactive Disease.,Frontiers in physiology,2019,PubMed/MEDLINE;Scopus;Web of Science Core Collection,TI05
FS-004395,Aldosterone induces trained immunity: the role of fatty acid synthesis.,Cardiovascular research,2020,PubMed/MEDLINE;Scopus,TI04
FS-004409,Comparison between the effect of epidural anesthesia combined with epidural analgesia and general anesthesia combined with intravenous analgesia on prognosis of ovarian cancer patients.,Oncology letters,2019,PubMed/MEDLINE;Scopus;Web of Science Core Collection,TI04
FS-004410,Tart Cherry Juice: No Effect on Muscle Function Loss or Muscle Soreness in Professional Soccer Players After a Match.,International journal of sports physiology and performance,2020,PubMed/MEDLINE;Scopus;Web of Science Core Collection,TI05
FS-004416,Mannitol triggers mast cell-dependent contractions of human small bronchi and prostacyclin bronchoprotection.,The Journal of allergy and clinical immunology,2019,PubMed/MEDLINE;Scopus;Web of Science Core Collection,TI04
FS-004440,Combined administration of microdoses of growth hormone and erythropoietin: Effects on performance and evaluation of GH detection capability using anti-doping methods.,Drug testing and analysis,2019,PubMed/MEDLINE,TI04
FS-004471,Repair of sister-chromatid exchange-inducing lesions in mutagen-treated cultures of human whole blood and purified fresh or frozen lymphocytes.,Mutation research,1988,PubMed/MEDLINE;Scopus;Web of Science Core Collection,TI04
FS-004483,"The thyroid axis, prolactin, and exercise in humans.",Current opinion in endocrine and metabolic research,2019,PubMed/MEDLINE,TI05
FS-004499,"Ozone effects on blood biomarkers of systemic inflammation, oxidative stress, endothelial function, and thrombosis: The Multicenter Ozone Study in oldEr Subjects (MOSES).",PloS one,2019,PubMed/MEDLINE;Scopus;Web of Science Core Collection,TI04
FS-004500,Effects of nifedipine on platelet function.,American heart journal,1985,PubMed/MEDLINE,TI04
FS-004504,Acute glutamine supplementation does not improve 20-km self-paced cycling performance in the heat.,European journal of applied physiology,2019,PubMed/MEDLINE;Scopus;Web of Science Core Collection,TI05
FS-004510,"Lack of efficacy of nafazatrom, a novel anti-thrombotic compound, in patients with coronary artery disease.",American heart journal,1985,PubMed/MEDLINE,TI04
FS-004512,Impact of pericardiectomy on exercise capacity and sleep of patients with chronic constrictive pericarditis.,PloS one,2019,PubMed/MEDLINE;Scopus;Web of Science Core Collection,TI05
FS-004522,Detection of wheat allergens using 2D Western blot and mass spectrometry.,Journal of pharmaceutical and biomedical analysis,2020,PubMed/MEDLINE;Web of Science Core Collection,TI04
FS-004526,Candidate genes expression profiling during wilting in chickpea caused by Fusarium oxysporum f. sp. ciceris race 5.,PloS one,2019,PubMed/MEDLINE,TI04
FS-004527,A double-blind randomized controlled trial of the effects of eicosapentaenoic acid supplementation on muscle inflammation and physical function in patients undergoing colorectal cancer resection.,"Clinical nutrition (Edinburgh, Scotland)",2020,PubMed/MEDLINE;Scopus;Web of Science Core Collection,TI04
FS-004539,Is a 12-h Nitrox dive hazardous for pulmonary function?,European journal of applied physiology,2019,PubMed/MEDLINE,TI05
FS-004550,Minocycline Ameliorates Depressive-Like Behavior and Demyelination Induced by Transient Global Cerebral Ischemia by Inhibiting Microglial Activation.,Frontiers in pharmacology,2019,PubMed/MEDLINE;Scopus;Web of Science Core Collection,TI04
FS-004581,"Pain Management Using Perioperative Administration of Parecoxib for Total Hip Arthroplasty: A Randomized, Double-Blind, Placebo-Controlled Trial.",Pain physician,2019,PubMed/MEDLINE;Scopus;Web of Science Core Collection,TI04
FS-004583,Evidence of variations of endogenous halogenated volatile organic compounds in alveolar breath after mental exercise-induced oxidative stress.,Annales pharmaceutiques francaises,2020,PubMed/MEDLINE,TI04
FS-004594,biAb Mediated Restoration of the Linkage between Dystroglycan and Laminin-211 as a Therapeutic Approach for α-Dystroglycanopathies.,Molecular therapy : the journal of the American Society of Gene Therapy,2020,PubMed/MEDLINE,TI04
FS-004600,"Healthy, mtDNA-mutation free mesoangioblasts from mtDNA patients qualify for autologous therapy.",Stem cell research & therapy,2019,PubMed/MEDLINE;Scopus;Web of Science Core Collection,TI04
FS-004611,Community-acquired pneumonia complicated by rhabdomyolysis: A clinical analysis of 11 cases.,World journal of clinical cases,2019,PubMed/MEDLINE;Scopus;Web of Science Core Collection,TI04
FS-004625,Vigorous cool room treadmill training to improve walking ability in people with multiple sclerosis who use ambulatory assistive devices: a feasibility study.,BMC neurology,2020,PubMed/MEDLINE;Scopus;Web of Science Core Collection,TI05
FS-004631,"Revisiting the ""race for the surface"" in a pre-clinical model of implant infection.",European cells & materials,2020,PubMed/MEDLINE;Scopus;Web of Science Core Collection,TI04
FS-004632,Astaxanthin stimulates mitochondrial biogenesis in insulin resistant muscle via activation of AMPK pathway.,"Journal of cachexia, sarcopenia and muscle",2020,PubMed/MEDLINE;Scopus;Web of Science Core Collection,TI04
FS-004633,Routine exercise-based cardiac rehabilitation does not increase aerobic fitness: A CARE CR study.,International journal of cardiology,2020,PubMed/MEDLINE;Scopus;Web of Science Core Collection,TI05
FS-004638,Influenza A Virus Field Surveillance at a Swine-Human Interface.,mSphere,2020,PubMed/MEDLINE;Scopus;Web of Science Core Collection,TI04
FS-004672,Do Ambient Ozone or Other Pollutants Modify Effects of Controlled Ozone Exposure on Pulmonary Function?,Annals of the American Thoracic Society,2020,PubMed/MEDLINE;Scopus;Web of Science Core Collection,TI04
FS-004679,Heart rate variability and cardiac repolarization after exposure to zinc oxide nanoparticles in healthy adults.,"Journal of occupational medicine and toxicology (London, England)",2020,PubMed/MEDLINE;Scopus;Web of Science Core Collection,TI04
FS-004680,"Whey protein isolate or concentrate combined with concurrent training does not augment performance, cardiorespiratory fitness, or strength adaptations.",The Journal of sports medicine and physical fitness,2020,PubMed/MEDLINE;Scopus;Web of Science Core Collection,TI05
FS-004686,Increased C-reactive protein is associated with the severity of thoracic radiotherapy-induced cardiomyopathy.,"Cardio-oncology (London, England)",2020,PubMed/MEDLINE;Scopus;Web of Science Core Collection,TI04
FS-004709,Catecholamines Induce Trained Immunity in Monocytes In Vitro and In Vivo.,Circulation research,2020,PubMed/MEDLINE;Scopus;Web of Science Core Collection,TI04
FS-004710,Lymphopenia in adults after the Fontan operation: prevalence and associations.,Cardiology in the young,2020,PubMed/MEDLINE;Scopus;Web of Science Core Collection,TI04
FS-004711,LDH isoenzyme 5 is an index of early onset muscle soreness during prolonged running.,The Journal of sports medicine and physical fitness,2020,PubMed/MEDLINE;Scopus;Web of Science Core Collection,TI05
FS-004721,"A Pharmacologic ""Stress Test"" for Assessing Select Antioxidant Defenses in Patients with CKD.",Clinical journal of the American Society of Nephrology : CJASN,2020,PubMed/MEDLINE;Web of Science Core Collection,TI04
FS-004724,Early Warning of Acute Altitude Sickness by Physiological Variables and Noninvasive Cardiovascular Indicators.,Chinese medical sciences journal = Chung-kuo i hsueh k'o hsueh tsa chih,2020,PubMed/MEDLINE;Scopus,TI04
FS-004740,A Novel Index for Prompt Prediction of Severity in Patients with Unstable Angina Pectoris.,Emergency medicine international,2020,PubMed/MEDLINE;Web of Science Core Collection,TI04
FS-004746,Anoctamin 5 (ANO5) muscular dystrophy-three different phenotypes and a new histological pattern.,Neurological sciences : official journal of the Italian Neurological Society and of the Italian Society of Clinical Neurophysiology,2020,PubMed/MEDLINE;Scopus;Web of Science Core Collection,TI04
FS-004767,Compound Danshen Dripping Pill Promotes Adaptation to Acute High-Altitude Exposure.,High altitude medicine & biology,2020,PubMed/MEDLINE;Scopus;Web of Science Core Collection,TI04
FS-004768,Effect of lean red meat combined with a multicomponent exercise program on muscle and cognitive function in older adults: a 6-month randomized controlled trial.,The American journal of clinical nutrition,2020,PubMed/MEDLINE;Scopus;Web of Science Core Collection,TI05
FS-004772,Acute responses of bone specific and related markers to maximal eccentric exercise of the knee extensors and flexors in young men.,Journal of musculoskeletal & neuronal interactions,2020,PubMed/MEDLINE;Scopus;Web of Science Core Collection,TI05
FS-004781,Moderate intensity exercise in hypoxia increases IGF-1 bioavailability and serum irisin in individuals with type 1 diabetes.,Therapeutic advances in endocrinology and metabolism,2020,PubMed/MEDLINE;Scopus;Web of Science Core Collection,TI05
FS-004812,Mitogen-induced preferential synthesis of proteins during the G0 to S phase transition in human lymphocytes.,Experimental cell research,1988,PubMed/MEDLINE;Scopus;Web of Science Core Collection,TI04
FS-004814,Acute effects of equated volume-load resistance training leading to muscular failure versus non-failure on neuromuscular performance.,Journal of exercise science and fitness,2020,PubMed/MEDLINE;Scopus;Web of Science Core Collection,TI05
FS-004817,Hemodynamic and Functional Impact of Epicardial Adipose Tissue in Heart Failure With Preserved Ejection Fraction.,JACC. Heart failure,2020,PubMed/MEDLINE;Scopus;Web of Science Core Collection,TI04
FS-004821,Oil supplementation with a special combination of n-3 and n-6 long-chain polyunsaturated fatty acids does not protect for exercise induced asthma: a double-blind placebo-controlled trial.,Lipids in health and disease,2020,PubMed/MEDLINE;Scopus;Web of Science Core Collection,TI05
FS-004832,Curcumin Improves Delayed Onset Muscle Soreness and Postexercise Lactate Accumulation.,Journal of dietary supplements,2021,PubMed/MEDLINE;Scopus;Web of Science Core Collection,TI05
FS-004833,Identification of Subclinical Lung Involvement in ACPA-Positive Subjects through Functional Assessment and Serum Biomarkers.,International journal of molecular sciences,2020,PubMed/MEDLINE,TI04
FS-004843,Improved detection methods significantly increase the detection window for EPO microdoses.,Drug testing and analysis,2021,PubMed/MEDLINE,TI04
FS-004852,"Confounded by obesity and modulated by urinary uric acid excretion, sleep-disordered breathing indirectly relates to hyperuricaemia in males: A structural equation model.",Journal of sleep research,2021,PubMed/MEDLINE;Scopus;Web of Science Core Collection,TI04
FS-004859,Testosterone supplementation upregulates androgen receptor expression and translational capacity during severe energy deficit.,American journal of physiology. Endocrinology and metabolism,2020,PubMed/MEDLINE;Scopus;Web of Science Core Collection,TI04
FS-004899,C-reactive protein reduction with sacubitril-valsartan treatment in heart failure patients.,American journal of cardiovascular disease,2020,PubMed/MEDLINE;Web of Science Core Collection,TI04
FS-004913,"Gastrointestinal Tolerance of Low, Medium and High Dose Acute Oral l-Glutamine Supplementation in Healthy Adults: A Pilot Study.",Nutrients,2020,PubMed/MEDLINE;Scopus;Web of Science Core Collection,TI04
FS-004915,Low-dose aspirin and COX inhibition in human skeletal muscle.,"Journal of applied physiology (Bethesda, Md. : 1985)",2020,PubMed/MEDLINE;Scopus;Web of Science Core Collection,TI04
FS-004919,Adult-onset IgE-mediated food allergy at a Winnipeg allergy clinic: a case series.,"Allergy, asthma, and clinical immunology : official journal of the Canadian Society of Allergy and Clinical Immunology",2020,PubMed/MEDLINE;Scopus;Web of Science Core Collection,TI04
FS-004923,Changes of the intramyocardial electrogram after orthotopic heart transplantation.,The Journal of heart transplantation,1986,PubMed/MEDLINE;Scopus,TI04
FS-004925,Relaxation training as a treatment for chronic pain caused by ulcerative colitis.,Pain,1987,PubMed/MEDLINE;Scopus,TI04
FS-004936,Acute effect of resistance exercise on cognitive function in people living with HIV.,International journal of STD & AIDS,2021,PubMed/MEDLINE;Scopus;Web of Science Core Collection,TI05
FS-004940,Irisin Gene Delivery Ameliorates Burn-Induced Sensory and Motor Neuropathy.,International journal of molecular sciences,2020,PubMed/MEDLINE;Scopus;Web of Science Core Collection,TI04
FS-004943,"Curcumin supplementation and delayed onset muscle soreness (DOMS): effects, mechanisms, and practical considerations.",Physical activity and nutrition,2020,PubMed/MEDLINE,TI05
FS-004946,Habitually inactive physically - a proposed procedure of counteracting cognitive decline in women with diminished insulin sensitivity through a high-intensity circuit training program.,Physiology & behavior,2021,PubMed/MEDLINE;Scopus;Web of Science Core Collection,TI05
FS-004952,Intra-alveolar neutrophil-derived microvesicles are associated with disease severity in COPD.,American journal of physiology. Lung cellular and molecular physiology,2021,PubMed/MEDLINE;Scopus;Web of Science Core Collection,TI04
FS-004956,Prevalence and characteristics of late asthmatic responses to exercise.,The Journal of allergy and clinical immunology,1987,PubMed/MEDLINE;Scopus;Web of Science Core Collection,TI05
FS-004958,Comparative transcriptome analysis revealed resistance differences of Cavendish bananas to Fusarium oxysporum f.sp. cubense race1 and race4.,BMC genetics,2020,PubMed/MEDLINE;Scopus;Web of Science Core Collection,TI04
FS-004962,Food allergies and food-induced anaphylaxis: role of cofactors.,Clinical and experimental pediatrics,2021,PubMed/MEDLINE,TI04
FS-004971,Low levels of fine particulate matter increase vascular damage and reduce pulmonary function in young healthy adults.,Particle and fibre toxicology,2020,PubMed/MEDLINE;Scopus;Web of Science Core Collection,TI04
FS-004979,"Affective response to whole-body cryotherapy: Influence of sex, body mass index, age, time of day, and past experience.",Complementary therapies in medicine,2020,PubMed/MEDLINE;Scopus;Web of Science Core Collection,TI04
FS-004980,Summation anaphylaxis: A challenging diagnosis.,Pediatric allergy and immunology : official publication of the European Society of Pediatric Allergy and Immunology,2020,PubMed/MEDLINE;Scopus;Web of Science Core Collection,TI04
FS-004984,The effects of alpha lipoic acid on muscle strength recovery after a single and a short-term chronic supplementation - a study in healthy well-trained individuals after intensive resistance and endurance training.,Journal of the International Society of Sports Nutrition,2020,PubMed/MEDLINE;Scopus;Web of Science Core Collection,TI05
FS-004994,Effects of preoperative low-intensity training with slow movement on early quadriceps weakness after total knee arthroplasty in patients with knee osteoarthritis: a retrospective propensity score-matched study.,"BMC sports science, medicine & rehabilitation",2020,PubMed/MEDLINE;Scopus;Web of Science Core Collection,TI05
FS-004998,"Skeletal Muscle Function, Structure, and Metabolism in Patients With Heart Failure With Reduced Ejection Fraction and Heart Failure With Preserved Ejection Fraction.",Circulation. Heart failure,2020,PubMed/MEDLINE;Scopus;Web of Science Core Collection,TI04
FS-005017,Imatinib Treatment for Bleomycin-Induced Pulmonary Toxicity.,Turkish thoracic journal,2020,PubMed/MEDLINE;Scopus;Web of Science Core Collection,TI04
FS-005033,"A 2 Week Cross-over Intervention with a Low Carbohydrate, High Fat Diet Compared to a High Carbohydrate Diet Attenuates Exercise-Induced Cortisol Response, but Not the Reduction of Exercise Capacity, in Recreational Athletes.",Nutrients,2021,PubMed/MEDLINE;Scopus;Web of Science Core Collection,TI05
FS-005040,Catecholaminergic polymorphic ventricular tachycardia complicated by dilated cardiomyopathy: a case report.,European heart journal. Case reports,2020,PubMed/MEDLINE;Scopus;Web of Science Core Collection,TI04
FS-005041,Data from a microdosed recombinant human erythropoietin administration study applying the new biotinylated clone AE7A5 antibody and a further optimized sarcosyl polyacrylamide gel electrophoresis protocol.,Drug testing and analysis,2023,PubMed/MEDLINE,TI04
FS-005048,Ten Days of Curcumin Supplementation Attenuates Subjective Soreness and Maintains Muscular Power Following Plyometric Exercise.,Journal of dietary supplements,2022,PubMed/MEDLINE;Scopus;Web of Science Core Collection,TI05
FS-005061,Enhanced cell survival and therapeutic benefits of IL-10-expressing multipotent mesenchymal stromal cells for muscular dystrophy.,Stem cell research & therapy,2021,PubMed/MEDLINE;Scopus;Web of Science Core Collection,TI04
FS-005066,Caffeine Use or Napping to Enhance Repeated Sprint Performance After Partial Sleep Deprivation: Why Not Both?,International journal of sports physiology and performance,2021,PubMed/MEDLINE;Scopus;Web of Science Core Collection,TI05
FS-005081,Identification of peroxidase-1 and beta-glucosidase as cross-reactive wheat allergens in grass pollen-related wheat allergy.,Allergology international : official journal of the Japanese Society of Allergology,2021,PubMed/MEDLINE;Scopus;Web of Science Core Collection,TI04
FS-005091,The effects of normoxic endurance exercise on erythropoietin (EPO) production and the impact of selective β1 and non-selective β1 + β2 adrenergic receptor blockade.,European journal of applied physiology,2021,PubMed/MEDLINE,TI05
FS-005093,"Six Weeks of Aerobic Exercise in Untrained Men With Overweight/Obesity Improved Training Adaptations, Performance and Body Composition Independent of Oat/Potato or Milk Based Protein-Carbohydrate Drink Supplementation.",Frontiers in nutrition,2021,PubMed/MEDLINE;Scopus;Web of Science Core Collection,TI05
FS-005094,Investigating the Effects of Error Management Training versus Error Avoidance Training on the Performance of Veterinary Students Learning Blood Smear Analysis.,Journal of veterinary medical education,2021,PubMed/MEDLINE;Scopus;Web of Science Core Collection,TI04
FS-005103,Left ventricular diastolic dysfunction in non-severe chronic obstructive pulmonary disease - a step forward in cardiovascular comorbidome.,PloS one,2021,PubMed/MEDLINE;Scopus;Web of Science Core Collection,TI04
FS-005114,Follow-Up Study of the Chest CT Characteristics of COVID-19 Survivors Seven Months After Recovery.,Frontiers in medicine,2021,PubMed/MEDLINE;Scopus;Web of Science Core Collection,TI04
FS-005124,Cell cycle specific effects of deferoxamine on human and murine hematopoietic progenitor cells.,Cancer research,1988,PubMed/MEDLINE;Scopus;Web of Science Core Collection,TI04
FS-005136,Nourin-Associated miRNAs: Novel Inflammatory Monitoring Markers for Cyclocreatine Phosphate Therapy in Heart Failure.,International journal of molecular sciences,2021,PubMed/MEDLINE;Scopus;Web of Science Core Collection,TI04
FS-005144,"Cardiovascular Risk Is Increased in Miner's Chronic Intermittent Hypobaric Hypoxia Exposure From 0 to 2,500 m?",Frontiers in physiology,2021,PubMed/MEDLINE;Scopus;Web of Science Core Collection,TI04
FS-005153,Systemic Inflammation and Oxidative Stress in Adults with Bronchiectasis: Association with Clinical and Functional Features.,"Clinics (Sao Paulo, Brazil)",2021,PubMed/MEDLINE;Scopus;Web of Science Core Collection,TI04
FS-005184,Novel methods for cold exposure of skeletal muscle in vivo and in vitro show temperature-dependent myokine production.,Journal of thermal biology,2021,PubMed/MEDLINE;Scopus;Web of Science Core Collection,TI04
FS-005210,"Psychosocial factors, mental health, and coordination capacity in patients with heart failure with preserved ejection fraction compared with heart failure with reduced ejection fraction.",ESC heart failure,2021,PubMed/MEDLINE;Scopus;Web of Science Core Collection,TI04
FS-005215,Passive Immunity to Vibrio cholerae O1 Afforded by a Human Monoclonal IgA1 Antibody Expressed in Milk.,Pathogens & immunity,2020,PubMed/MEDLINE;Scopus,TI04
FS-005219,"Omega-3 Fatty Acids and Vitamin D Decrease Plasma T-Tau, GFAP, and UCH-L1 in Experimental Traumatic Brain Injury.",Frontiers in nutrition,2021,PubMed/MEDLINE;Scopus;Web of Science Core Collection,TI04
FS-005223,Effects of 100-km ultramarathon on erythropoietin variation in runners with hepatitis B virus carrier.,The Chinese journal of physiology,2021,PubMed/MEDLINE;Scopus;Web of Science Core Collection,TI05
FS-005224,Effect of race distance on performance fatigability in male trail and ultra-trail runners.,Scandinavian journal of medicine & science in sports,2021,PubMed/MEDLINE,TI05
FS-005243,Training Peers to Ease Hospital Discharge: A Community-Clinical Partnership in Complex HIV Care.,"Progress in community health partnerships : research, education, and action",2021,PubMed/MEDLINE;Scopus;Web of Science Core Collection,TI04
FS-005245,"Endothelial Immunity Trained by Coronavirus Infections, DAMP Stimulations and Regulated by Anti-Oxidant NRF2 May Contribute to Inflammations, Myelopoiesis, COVID-19 Cytokine Storms and Thromboembolism.",Frontiers in immunology,2021,PubMed/MEDLINE;Scopus;Web of Science Core Collection,TI04
FS-005255,The Potential Role of Korean Mistletoe Extract as an Anti-Inflammatory Supplementation.,Journal of immunology research,2021,PubMed/MEDLINE;Scopus;Web of Science Core Collection,TI04
FS-005256,Tissue Ki67 proliferative index expression and pathological changes in hemodialysis arteriovenous fistulae: Preliminary single-center results.,The journal of vascular access,2023,PubMed/MEDLINE;Scopus;Web of Science Core Collection,TI04
FS-005261,"The Effects of Acute Aerobic Exercise on Blood Pressure, Arterial Function, and Heart Rate Variability in Men Living With HIV.",Frontiers in physiology,2021,PubMed/MEDLINE;Scopus;Web of Science Core Collection,TI05
FS-005265,Rectal infusion of semen results in transient elevation of blood prostaglandins.,American journal of reproductive immunology and microbiology : AJRIM,1987,PubMed/MEDLINE;Scopus;Web of Science Core Collection,TI04
FS-005275,Detection of recombinant erythropoietin biosimilar Jimaixin™ after administration in healthy subjects.,Drug testing and analysis,2022,PubMed/MEDLINE,TI04
FS-005283,Use of saliva stress biomarkers to estimate novice male endoscopist's stress during training in a high-end simulator.,Scandinavian journal of gastroenterology,2021,PubMed/MEDLINE;Scopus;Web of Science Core Collection,TI04
FS-005289,An Assessment of Race as a Risk Factor for Doxorubicin-Related Cardiotoxicity in Diffuse Large B-Cell Lymphoma.,"Clinical lymphoma, myeloma & leukemia",2022,PubMed/MEDLINE;Scopus;Web of Science Core Collection,TI04
FS-005296,Acute erythropoietin injection increases muscle mitochondrial respiratory capacity in young men: a double-blinded randomized crossover trial.,"Journal of applied physiology (Bethesda, Md. : 1985)",2021,PubMed/MEDLINE,TI04
FS-005297,Multimodal Approach of Isolated Pulmonary Vasculitis: A Single-Institution Experience.,The Annals of thoracic surgery,2022,PubMed/MEDLINE;Scopus;Web of Science Core Collection,TI04
FS-005302,Patterns of vascular response immediately after passive mobilization in patients with sepsis: an observational transversal study.,The international journal of cardiovascular imaging,2022,PubMed/MEDLINE;Scopus;Web of Science Core Collection,TI05
FS-005314,"Polylactide Nanocapsules Attenuate Adverse Cardiac Cellular Effects of Lyso-7, a Pan-PPAR Agonist/Anti-Inflammatory New Thiazolidinedione.",Pharmaceutics,2021,PubMed/MEDLINE;Scopus;Web of Science Core Collection,TI04
FS-005352,Late-Pregnancy Fetal Hypoxia Is Associated With Altered Glucose Metabolism and Adiposity in Young Adult Offspring of Women With Type 1 Diabetes.,Frontiers in endocrinology,2021,PubMed/MEDLINE;Scopus;Web of Science Core Collection,TI04
FS-005360,Effects of ultrasound-guided erector spinae plane block on the immune function and postoperative recovery of patients undergoing radical mastectomy.,Gland surgery,2021,PubMed/MEDLINE;Scopus;Web of Science Core Collection,TI04
FS-005365,Effect of Daily Oral Lactobacillus plantarum PS128 on Exercise Capacity Recovery after a Half-Marathon.,Nutrients,2021,PubMed/MEDLINE;Scopus;Web of Science Core Collection,TI05
FS-005371,Computer-Delivered Cognitive Training and Transcranial Direct Current Stimulation in Patients With HIV-Associated Neurocognitive Disorder: A Randomized Trial.,Frontiers in aging neuroscience,2021,PubMed/MEDLINE;Scopus;Web of Science Core Collection,TI04
FS-005375,"Quantile-specific heritability of 8-isoprostane and the modulating effects of smoking, alcohol, cardiovascular disease and diabetes on 8-isoprostane-gene interactions.",Free radical biology & medicine,2022,PubMed/MEDLINE;Scopus;Web of Science Core Collection,TI04
FS-005386,What gets on the nerves of cardiac patients? Pathophysiological changes in cardiac innervation.,The Journal of physiology,2022,PubMed/MEDLINE,TI04
FS-005397,"An open-label, proof-of-concept study of lirentelimab for antihistamine-resistant chronic spontaneous and inducible urticaria.",The Journal of allergy and clinical immunology,2022,PubMed/MEDLINE;Scopus;Web of Science Core Collection,TI04
FS-005402,Acute effect of nitrogen dioxide exposure on the functional activity of alpha-1-protease inhibitor in bronchoalveolar lavage fluid of normal subjects.,The American review of respiratory disease,1987,PubMed/MEDLINE;Scopus;Web of Science Core Collection,TI04
FS-005417,Role of Neurectomy in Inguinodynia Following Hernioplasty: A Randomized Controlled Trial.,Cureus,2021,PubMed/MEDLINE;Web of Science Core Collection,TI04
FS-005428,The Effect of Daytime Ingestion of Melatonin on Thyroid Hormones Responses to Acute Submaximal Exercise in Healthy Active Males: A Pilot Study.,American journal of men's health,2022,PubMed/MEDLINE;Scopus;Web of Science Core Collection,TI05
FS-005429,The aerobic capacity - fatigue relationship in persons with Multiple Sclerosis is not reproducible in a pooled analysis of two randomized controlled trials.,Multiple sclerosis and related disorders,2022,PubMed/MEDLINE;Scopus;Web of Science Core Collection,TI05
FS-005443,Induction of c-myc expression in human B lymphocytes by B-cell growth factor and anti-immunoglobulin.,Proceedings of the National Academy of Sciences of the United States of America,1986,PubMed/MEDLINE;Scopus;Web of Science Core Collection,TI04
FS-005460,Mitochondria-targeted antioxidant supplementation does not affect muscle soreness or recovery of maximal voluntary isometric contraction force following muscle-damaging exercise in untrained men: a randomized clinical trial.,"Applied physiology, nutrition, and metabolism = Physiologie appliquee, nutrition et metabolisme",2022,PubMed/MEDLINE;Scopus;Web of Science Core Collection,TI05
FS-005474,Modeling strategies for the allocation of SARS-CoV-2 vaccines in the United States.,Vaccine,2022,PubMed/MEDLINE;Scopus;Web of Science Core Collection,TI04
FS-005487,Gut-derived bacterial toxins impair memory CD4+ T cell mitochondrial function in HIV-1 infection.,The Journal of clinical investigation,2022,PubMed/MEDLINE,TI04
FS-005495,Killing the competition: a theoretical framework for liver-stage malaria.,Open biology,2022,PubMed/MEDLINE;Scopus;Web of Science Core Collection,TI04
FS-005537,In vivo stimulation of granulopoiesis by recombinant human granulocyte colony-stimulating factor.,Proceedings of the National Academy of Sciences of the United States of America,1987,PubMed/MEDLINE;Scopus;Web of Science Core Collection,TI04
FS-005556,"Sex differences in the relationships between body composition, fat distribution, and mitochondrial energy metabolism: a pilot study.",Nutrition & metabolism,2022,PubMed/MEDLINE;Scopus;Web of Science Core Collection,TI05
FS-005575,Effects of 4-Week Tangeretin Supplementation on Cortisol Stress Response Induced by High-Intensity Resistance Exercise: A Randomized Controlled Trial.,Frontiers in physiology,2022,PubMed/MEDLINE;Scopus;Web of Science Core Collection,TI05
FS-005580,LXRα Regulates oxLDL-Induced Trained Immunity in Macrophages.,International journal of molecular sciences,2022,PubMed/MEDLINE;Scopus;Web of Science Core Collection,TI04
FS-005586,Differential effects of remifentanil and sufentanil anesthesia on post-operative pain and cognitive functions.,International immunopharmacology,2022,PubMed/MEDLINE;Scopus;Web of Science Core Collection,TI04
FS-005604,Daily Inhaled Corticosteroids Treatment Abolishes Airway Hyperresponsiveness to Mannitol in Defence and Police Recruits.,Frontiers in allergy,2022,PubMed/MEDLINE;Web of Science Core Collection,TI04
FS-005617,Acupuncture in Multidisciplinary Treatment for Post-COVID-19 Syndrome.,Medical acupuncture,2022,PubMed/MEDLINE;Scopus;Web of Science Core Collection,TI04
FS-005618,Changes in Heart Rate Variability and Fatigue Measures Following Moderate Load Resistance Exercise.,Journal of exercise physiology online,2020,PubMed/MEDLINE;Scopus,TI05
FS-005623,Fish oil blunts lung function decrements induced by acute exposure to ozone in young healthy adults: A randomized trial.,Environment international,2022,PubMed/MEDLINE;Scopus;Web of Science Core Collection,TI04
FS-005627,Editor's Choice - The Abdominal Aortic Aneurysm Get Fit Trial: A Randomised Controlled Trial of Exercise to Improve Fitness in Patients with Abdominal Aortic Aneurysm.,European journal of vascular and endovascular surgery : the official journal of the European Society for Vascular Surgery,2022,PubMed/MEDLINE;Scopus;Web of Science Core Collection,TI05
FS-005629,Trained Immunity in Primary Sjögren's Syndrome: Linking Type I Interferons to a Pro-Atherogenic Phenotype.,Frontiers in immunology,2022,PubMed/MEDLINE;Scopus;Web of Science Core Collection,TI04
FS-005633,Systemic vascular health is compromised in both confirmed and unconfirmed asthma.,Respiratory medicine,2022,PubMed/MEDLINE;Scopus;Web of Science Core Collection,TI05
FS-005643,The influence of acetylsalicylic acid and alcohol on absorption kinetics of hen´s egg white in a human passive cutaneous anaphylaxis model.,Food & nutrition research,2021,PubMed/MEDLINE;Scopus;Web of Science Core Collection,TI04
FS-005649,The evaluation of the metabolic and autonomic predictors of cardiovascular diseases in relation to prostatic hyperplasia symptoms.,Bratislavske lekarske listy,2022,PubMed/MEDLINE,TI04
FS-005658,Ranolazine Versus Allopurinol for Eligible Symptomatic Patients With a History of Angioplasty: Comparative Efficacy Study.,Interactive journal of medical research,2022,PubMed/MEDLINE;Web of Science Core Collection,TI04
FS-005679,Akkermansia muciniphila Reduces Peritonitis and Improves Intestinal Tissue Wound Healing after a Colonic Transmural Defect by a MyD88-Dependent Mechanism.,Cells,2022,PubMed/MEDLINE;Scopus;Web of Science Core Collection,TI04
FS-005714,Interactive Effects of Nutrition Modification and Wet Cupping on Male Patients with Refractory Stable Angina.,Journal of pharmacopuncture,2022,PubMed/MEDLINE;Scopus;Web of Science Core Collection,TI04
FS-005728,Does Multi-Strain Probiotic Supplementation Impact the Effort Capacity of Competitive Road Cyclists?,International journal of environmental research and public health,2022,PubMed/MEDLINE;Scopus;Web of Science Core Collection,TI05
FS-005733,Eccentric exercise-induced muscle damage impairs muscle glycogen repletion.,"Journal of applied physiology (Bethesda, Md. : 1985)",1987,PubMed/MEDLINE;Scopus;Web of Science Core Collection,TI05
FS-005738,Exploring the mechanism of Shexiang Tongxin dropping pill in the treatment of microvascular angina through network pharmacology and molecular docking.,Annals of translational medicine,2022,PubMed/MEDLINE;Web of Science Core Collection,TI04
FS-005745,Chronotype and Social Jetlag Influence Performance and Injury during Reserve Officers' Training Corps Physical Training.,International journal of environmental research and public health,2022,PubMed/MEDLINE;Scopus;Web of Science Core Collection,TI05
FS-005749,Modulating Heart Rate Variability through Deep Breathing Exercises and Transcutaneous Auricular Vagus Nerve Stimulation: A Study in Healthy Participants and in Patients with Rheumatoid Arthritis or Systemic Lupus Erythematosus.,"Sensors (Basel, Switzerland)",2022,PubMed/MEDLINE;Scopus;Web of Science Core Collection,TI05
FS-005759,Partial body cryotherapy exposure drives acute redistribution of circulating lymphocytes: preliminary findings.,European journal of applied physiology,2023,PubMed/MEDLINE;Scopus;Web of Science Core Collection,TI04
FS-005779,Effect of BNT162b2 mRNA booster vaccination on VO2 max in recreational athletes: A prospective cohort study.,Health science reports,2022,PubMed/MEDLINE;Scopus;Web of Science Core Collection,TI05
FS-005781,Causes and Diagnostic Usefulness of Tryptase Measurements for Anaphylaxis in a Korean Tertiary Care General Hospital.,Yonsei medical journal,2022,PubMed/MEDLINE;Scopus;Web of Science Core Collection,TI04
FS-005784,Ketone monoester ingestion increases postexercise serum erythropoietin concentrations in healthy men.,American journal of physiology. Endocrinology and metabolism,2023,PubMed/MEDLINE,TI05
FS-005793,Food allergy in Sri Lanka - A comparative study.,The World Allergy Organization journal,2022,PubMed/MEDLINE;Scopus;Web of Science Core Collection,TI04
FS-005798,ATPase Inhibitory Factor 1-A Novel Marker of Cellular Fitness and Exercise Capacity?,International journal of molecular sciences,2022,PubMed/MEDLINE;Scopus;Web of Science Core Collection,TI05
FS-005799,Sleep and Injuries in Military Personnel With Suggestions for Improving Sleep and Mitigating Effects of Sleep Loss.,Journal of special operations medicine : a peer reviewed journal for SOF medical professionals,2022,PubMed/MEDLINE;Scopus,TI04
FS-005801,Retroperitoneal Compared to Transperitoneal Approach for Open Abdominal Aortic Aneurysm Repair Is Associated with Reduced Systemic Inflammation and Postoperative Morbidity.,"Aorta (Stamford, Conn.)",2022,PubMed/MEDLINE;Scopus,TI04
FS-005812,Cytotoxicity of oxidative metabolites of procainamide.,The Journal of pharmacology and experimental therapeutics,1987,PubMed/MEDLINE;Scopus;Web of Science Core Collection,TI04
FS-005828,WHOLE-BODY CRYOTHERAPY ENHANCES THE EXPRESSION OF HEAT SHOCK PROTEIN 70 AND RELATED HORMONES,Cryo-Letters,2022,PubMed/MEDLINE;Scopus;Web of Science Core Collection,TI04
FS-005846,Echinacoside exerts antidepressant-like effects through enhancing BDNF-CREB pathway and inhibiting neuroinflammation via regulating microglia M1/M2 polarization and JAK1/STAT3 pathway.,Frontiers in pharmacology,2022,PubMed/MEDLINE;Scopus;Web of Science Core Collection,TI04
FS-005848,Uric Acid Is Associated with Worsening of Diastolic Function and Adverse Outcomes in Patients with Coronary Slow Flow; [Ürik Asitin Koroner Yavaş Akımlı Hastalarda Diyastolik Fonksiyonunun Kötüleşmesi ve Advers Sonuçlarla İlişkisi],Turk Kardiyoloji Dernegi Arsivi,2023,PubMed/MEDLINE;Scopus;Web of Science Core Collection,TI04
FS-005861,Sodium hyaluronate dry powder inhalation in combination with sodium cromoglycate prepared using optimized spray drying conditions.,Pharmaceutical development and technology,2023,PubMed/MEDLINE;Scopus;Web of Science Core Collection,TI04
FS-005892,"Improved Strength Recovery and Reduced Fatigue with Suppressed Plasma Myostatin Following Supplementation of a Vicia faba Hydrolysate, in a Healthy Male Population.",Nutrients,2023,PubMed/MEDLINE;Scopus;Web of Science Core Collection,TI05
FS-005913,A single-cell gene expression atlas of human follicular aspirates: Identification of leukocyte subpopulations and their paracrine factors.,FASEB journal : official publication of the Federation of American Societies for Experimental Biology,2023,PubMed/MEDLINE;Scopus;Web of Science Core Collection,TI04
FS-005917,The impact of anti-eosinophilic therapy on exercise capacity and inspiratory muscle strength in patients with severe asthma.,ERJ open research,2023,PubMed/MEDLINE;Scopus;Web of Science Core Collection,TI05
FS-005924,Cyclocreatine Phosphate: A Novel Bioenergetic/Anti-Inflammatory Drug That Resuscitates Poorly Functioning Hearts and Protects against Development of Heart Failure.,"Pharmaceuticals (Basel, Switzerland)",2023,PubMed/MEDLINE;Scopus;Web of Science Core Collection,TI04
FS-005925,The impact of mild hypoxia exposure on myokine secretion in human obesity.,International journal of obesity (2005),2023,PubMed/MEDLINE;Scopus;Web of Science Core Collection,TI04
FS-005965,Change in Eosinophil Count in Patients with Heart Failure Treated with Anakinra.,Cells,2023,PubMed/MEDLINE;Scopus;Web of Science Core Collection,TI04
FS-005987,Effect of modified ShengYangYiwei decoction on painless gastroscopy and gastrointestinal and immune function in gastric cancer patients.,World journal of gastrointestinal endoscopy,2023,PubMed/MEDLINE;Web of Science Core Collection,TI04
FS-005993,Essential role of microglia in the fast antidepressant action of ketamine and hypidone hydrochloride (YL-0919).,Frontiers in pharmacology,2023,PubMed/MEDLINE;Scopus;Web of Science Core Collection,TI04
FS-006001,Reduced hyperpnea-induced bronchospasm following repeated cold air challenge.,"Journal of applied physiology (Bethesda, Md. : 1985)",1986,PubMed/MEDLINE;Scopus;Web of Science Core Collection,TI04
FS-006004,Local arterial stiffness measured by ultrafast ultrasound imaging in childhood cancer survivors treated with anthracyclines.,Frontiers in cardiovascular medicine,2023,PubMed/MEDLINE;Scopus;Web of Science Core Collection,TI04
FS-006006,Effect of Hydration on Pulmonary Function and Development of Exercise-Induced Bronchoconstriction among Professional Male Cyclists.,Advances in respiratory medicine,2023,PubMed/MEDLINE;Scopus;Web of Science Core Collection,TI05
FS-006012,Suppressed immune and metabolic responses to intestinal damage-associated microbial translocation in myalgic encephalomyelitis/chronic fatigue syndrome.,"Brain, behavior, & immunity - health",2023,PubMed/MEDLINE;Scopus,TI04
FS-006015,Interleukin-1 blockade in heart failure: an on-treatment and off-treatment cardiorespiratory fitness analysis.,ESC heart failure,2023,PubMed/MEDLINE;Scopus;Web of Science Core Collection,TI05
FS-006021,The cow's milk allergy that wasn't: allergy to supplemental oral lactase enzyme.,"Allergy, asthma, and clinical immunology : official journal of the Canadian Society of Allergy and Clinical Immunology",2023,PubMed/MEDLINE;Scopus;Web of Science Core Collection,TI04
FS-006023,Code Pseudo Stroke - A Case of Hypokalaemic Periodic Paralysis Mimicking Stroke.,European journal of case reports in internal medicine,2023,PubMed/MEDLINE,TI04
FS-006025,Mapping the two distinct proliferative bursts early in T-cell development.,Immunology and cell biology,2023,PubMed/MEDLINE;Scopus;Web of Science Core Collection,TI04
FS-006026,Association of MMP3 gene polymorphism and sex on recovery of muscle strength after eccentric exercise.,"Journal of applied physiology (Bethesda, Md. : 1985)",2023,PubMed/MEDLINE;Scopus;Web of Science Core Collection,TI05
FS-006031,Maternal asthma in relation to infant size and body composition.,The journal of allergy and clinical immunology. Global,2023,PubMed/MEDLINE;Scopus;Web of Science Core Collection,TI04
FS-006032,"Extensive profiling of histidine-containing dipeptides reveals species- and tissue-specific distribution and metabolism in mice, rats, and humans.","Acta physiologica (Oxford, England)",2023,PubMed/MEDLINE;Scopus;Web of Science Core Collection,TI05
FS-006038,"Examining changes in vascular function, arterial stiffness and systemic inflammation during hospitalization and recovery from an acute exacerbation of chronic obstructive pulmonary disease.",Scientific reports,2023,PubMed/MEDLINE;Scopus;Web of Science Core Collection,TI04
FS-006043,Evaluation of Changes in Hydration and Body Cell Mass with Bioelectrical Impedance Analysis after Exercise Program for Rheumatoid Arthritis Patients.,Journal of visualized experiments : JoVE,2023,PubMed/MEDLINE;Scopus;Web of Science Core Collection,TI05
FS-006045,Cocoa flavanols improve peakVO2 and exercise capacity in a randomized double blinded clinical trial in healthy elderly people.,Food & function,2023,PubMed/MEDLINE;Scopus;Web of Science Core Collection,TI05
FS-006049,"Skeletal muscle quality, measured via phase angle, and cardiorespiratory fitness in patients with obesity and heart failure with preserved ejection fraction.","Nutrition (Burbank, Los Angeles County, Calif.)",2023,PubMed/MEDLINE;Scopus;Web of Science Core Collection,TI05
FS-006068,"Effect of high-dose glucocorticoid treatment on human brown adipose tissue activity: a randomised, double-blinded, placebo-controlled cross-over trial in healthy men.",EBioMedicine,2023,PubMed/MEDLINE;Scopus;Web of Science Core Collection,TI04
FS-006080,Dry blood spot samples to monitor immune-associated mRNA expression in intervention studies: Impact of Baker's yeast beta glucan.,"Methods (San Diego, Calif.)",2023,PubMed/MEDLINE;Scopus;Web of Science Core Collection,TI04
FS-006086,Exploring the differences in serum metabolite profiles after intake of red meat in women with rheumatoid arthritis and a matched control group.,European journal of nutrition,2024,PubMed/MEDLINE;Scopus;Web of Science Core Collection,TI04
FS-006094,The association of eicosanoids and eicosanoid-related metabolites with pulmonary hypertension.,The European respiratory journal,2023,PubMed/MEDLINE;Scopus;Web of Science Core Collection,TI04
FS-006098,Impact of regular cold exposure on electrical skin resistance in patients with joint degenerative diseases.,Clinical physiology and functional imaging,2024,PubMed/MEDLINE;Scopus;Web of Science Core Collection,TI04
FS-006102,Effects of Electrical Stimulation on Delayed Onset Muscle Soreness (DOMS): Evidences from Laboratory and In-Field Studies.,Journal of functional morphology and kinesiology,2023,PubMed/MEDLINE;Scopus;Web of Science Core Collection,TI05
FS-006103,Myoadenylate deaminase deficiency: primary and secondary types.,Toxicology and industrial health,1986,PubMed/MEDLINE,TI04
FS-006106,Effects of PROtein enriched MEDiterranean Diet and EXercise on nutritional status and cognition in adults at risk of undernutrition and cognitive decline: the PROMED-EX Randomised Controlled Trial.,BMJ open,2023,PubMed/MEDLINE;Scopus;Web of Science Core Collection,TI05
FS-006109,Glucose tolerance status associates with improvements in cognitive function following high-intensity exercise in adults with obesity.,Physiology & behavior,2023,PubMed/MEDLINE;Scopus;Web of Science Core Collection,TI05
FS-006121,"Dried blood spots for erythropoietin analysis: Detection of micro-doses, EPO c.577del variant and comparison with in-competition matching urine samples.",Drug testing and analysis,2024,PubMed/MEDLINE,TI05
FS-006123,Criterion Validity and Responsiveness of Estimated Cardiorespiratory Fitness Models in Patients with Inflammatory Joint Disease.,Journal of clinical medicine,2023,PubMed/MEDLINE;Scopus;Web of Science Core Collection,TI05
FS-006140,Comparison of intrathecal low-dose bupivacaine and morphine with intravenous patient control analgesia for postoperative analgesia for video-assisted thoracoscopic surgery.,BMC anesthesiology,2023,PubMed/MEDLINE;Scopus;Web of Science Core Collection,TI04
FS-006150,COVID-19 and trained immunity: the inflammatory burden of long covid.,Frontiers in immunology,2023,PubMed/MEDLINE;Scopus;Web of Science Core Collection,TI04
FS-006151,Analysis of the human kidney transcriptome and plasma proteome identifies markers of proximal tubule maladaptation to injury.,Science translational medicine,2023,PubMed/MEDLINE;Scopus;Web of Science Core Collection,TI04
FS-006152,"Correlation between peripheral endothelial function, oxygen consumption and ventilatory efficiency in heart transplantation recipients.",Heart & lung : the journal of critical care,2024,PubMed/MEDLINE;Scopus;Web of Science Core Collection,TI05
FS-006165,"Disentangling the effects of PTSD from Gulf War Illness in male veterans via a systems-wide analysis of immune cell, cytokine, and symptom measures.",Military Medical Research,2024,PubMed/MEDLINE;Scopus;Web of Science Core Collection,TI04
FS-006171,Safety and protective efficacy of PfSPZ Vaccine administered to HIV-negative and -positive Tanzanian adults.,The Journal of clinical investigation,2024,PubMed/MEDLINE;Scopus,TI04
FS-006187,Brain-Derived neurotrophic factor and inflammatory biomarkers are unaffected by acute and chronic intermittent hypoxic-hyperoxic exposure in geriatric patients: a randomized controlled trial.,Annals of medicine,2024,PubMed/MEDLINE;Scopus;Web of Science Core Collection,TI04
FS-006189,"The Relationship between Time, Race, and Estrogen Receptor Alpha in Estradiol-Induced Dermal Fibrosis.",Biomedicines,2024,PubMed/MEDLINE;Scopus;Web of Science Core Collection,TI04
FS-006203,The phase angle cut-off point capable of discriminating hemodialysis patients with reduced exercise tolerance: a cross-sectional study.,"BMC sports science, medicine & rehabilitation",2024,PubMed/MEDLINE;Scopus;Web of Science Core Collection,TI05
FS-006211,"Delayed-Onset Muscle Soreness Alters Mechanical Sensitivity, but Not Thermal Sensitivity or Pain Modulatory Function.",Journal of pain research,2024,PubMed/MEDLINE;Scopus;Web of Science Core Collection,TI05
FS-006219,"NSAIDs do not prevent exercise-induced performance deficits or alleviate muscle soreness: A placebo-controlled randomized, double-blinded, cross-over study.",Journal of science and medicine in sport,2024,PubMed/MEDLINE;Scopus;Web of Science Core Collection,TI05
FS-006224,Exercise performance reduction and preventive measures in highland sports.,Zhong nan da xue xue bao. Yi xue ban = Journal of Central South University. Medical sciences,2023,PubMed/MEDLINE,TI05
FS-006227,The Patient Symptom Experience After Tisagenlecleucel and Lisocabtagene Maraleucel CAR T-Cell Therapy for Lymphoma.,Seminars in oncology nursing,2024,PubMed/MEDLINE;Scopus;Web of Science Core Collection,TI04
FS-006257,Functional Limitations and Exercise Intolerance in Patients With Post-COVID Condition: A Randomized Crossover Clinical Trial.,JAMA network open,2024,PubMed/MEDLINE;Scopus;Web of Science Core Collection,TI05
FS-006261,Studies of sympatho-adrenal reactivity and adrenoceptor function in bronchial asthma.,European journal of respiratory diseases. Supplement,1985,PubMed/MEDLINE;Scopus,TI04
FS-006264,Aerobic capacity and mitochondrial function in bipolar disorder: a longitudinal study during acute phases and after clinical remission.,Frontiers in psychiatry,2024,PubMed/MEDLINE;Scopus;Web of Science Core Collection,TI05
FS-006265,Diagnostic and prognostic value of mannan-binding lectin associated protein (MAp19) for functionally relevant coronary artery disease.,Clinica chimica acta; international journal of clinical chemistry,2024,PubMed/MEDLINE;Scopus;Web of Science Core Collection,TI04
FS-006271,Case-Control Study of Individuals With Small Fiber Neuropathy After COVID-19.,Neurology(R) neuroimmunology & neuroinflammation,2024,PubMed/MEDLINE,TI04
FS-006276,Effect of whole-body vibration stimulation on plasma soluble TNF receptors in elderly with sarcopenia: a randomized controlled trial.,Brazilian journal of medical and biological research = Revista brasileira de pesquisas medicas e biologicas,2024,PubMed/MEDLINE;Scopus;Web of Science Core Collection,TI04
FS-006277,Impact of Isolated Exercise-Induced Small Airway Dysfunction on Exercise Performance in Professional Male Cyclists.,"Sports (Basel, Switzerland)",2024,PubMed/MEDLINE;Scopus;Web of Science Core Collection,TI05
FS-006285,The top 100 most cited articles in the past 30 years of wheat allergy: a bibliometric analysis.,Frontiers in immunology,2024,PubMed/MEDLINE;Scopus;Web of Science Core Collection,TI04
FS-006295,Total and H-specific growth/differentiation factor 15 levels are unaffected by liraglutide or naltrexone/bupropion administration.,"Diabetes, obesity & metabolism",2024,PubMed/MEDLINE,TI04
FS-006301,Short-Term Panax Ginseng Extract Supplementation Reduces Fasting Blood Triacylglycerides and Oxygen Consumption during Sub-Maximal Aerobic Exercise in Male Recreational Athletes.,Biomolecules,2024,PubMed/MEDLINE;Scopus;Web of Science Core Collection,TI05
FS-006306,Autoimmune Disorders in Heart Failure With Preserved Ejection Fraction.,JACC. Heart failure,2024,PubMed/MEDLINE;Scopus,TI04
FS-006312,Effects of Omega-3 Supplementation on the Delayed Onset Muscle Soreness after Cycling High Intensity Interval Training in Overweight or Obese Males.,Journal of sports science & medicine,2024,PubMed/MEDLINE;Scopus;Web of Science Core Collection,TI05
FS-006317,Dietary NO3- does not enhance endothelial dependent cutaneous vascular conductance in older women.,Microvascular research,2024,PubMed/MEDLINE;Scopus;Web of Science Core Collection,TI04
FS-006323,Severely reduced physical performance is already present at the time of admission for stem cell transplantation.,BMJ open sport & exercise medicine,2024,PubMed/MEDLINE;Scopus;Web of Science Core Collection,TI05
FS-006327,Nutritional Status of Patients Starting on Peritoneal Dialysis: A Comparison Between Planned and Unplanned Dialysis Initiation.,Journal of renal nutrition : the official journal of the Council on Renal Nutrition of the National Kidney Foundation,2025,PubMed/MEDLINE;Scopus;Web of Science Core Collection,TI04
FS-006331,Strength and muscle mass development after a resistance-training period at terrestrial and normobaric intermittent hypoxia.,Pflugers Archiv : European journal of physiology,2024,PubMed/MEDLINE;Scopus;Web of Science Core Collection,TI05
FS-006332,The state of the science on the health benefits of blueberries: a perspective.,Frontiers in nutrition,2024,PubMed/MEDLINE;Web of Science Core Collection,TI04
FS-006338,"Effect of ADORA2A Gene Polymorphism and Acute Caffeine Supplementation on Hormonal Response to Resistance Exercise: A Double-Blind, Crossover, Placebo-Controlled Study.",Nutrients,2024,PubMed/MEDLINE;Scopus;Web of Science Core Collection,TI05
FS-006339,"Efficacy of Lactococcus lactis subsp. lactis LY-66 and Lactobacillus plantarum PL-02 in Enhancing Explosive Strength and Endurance: A Randomized, Double-Blinded Clinical Trial.",Nutrients,2024,PubMed/MEDLINE;Scopus;Web of Science Core Collection,TI05
FS-006343,The dietary inflammatory index and cardiometabolic parameters in US firefighters.,Frontiers in nutrition,2024,PubMed/MEDLINE;Scopus;Web of Science Core Collection,TI04
FS-006347,Impact of Fruit and Vegetable Enzyme Supplementation on Aerobic Performance and Lactate Response in Older Adults Following High-Intensity Interval Exercise Through Exergaming: Randomized Experimental Matched-Pair Study.,JMIR serious games,2024,PubMed/MEDLINE;Scopus;Web of Science Core Collection,TI05
FS-006354,Effects of weight loss rate on myostatin and follistatin dynamics in patients with obesity.,Frontiers in endocrinology,2024,PubMed/MEDLINE;Scopus;Web of Science Core Collection,TI04
FS-006355,"Effects of different HIIT protocols on exercise performance, metabolic adaptation, and fat loss in middle-aged and older adults with overweight.",International journal of medical sciences,2024,PubMed/MEDLINE;Scopus;Web of Science Core Collection,TI05
FS-006358,"Clinical manifestations of immunoglobulin E-mediated food allergy, including pollen-food allergy syndrome.",Journal of food allergy,2020,PubMed/MEDLINE,TI04
FS-006359,"Rapid disappearance of statin, a nonproliferating and senescent cell-specific protein, upon reentering the process of cell cycling.",The Journal of cell biology,1985,PubMed/MEDLINE,TI04
FS-006361,Physical Activity and Fatigue Symptoms: Neurotypical Adults and People with Chronic Multisymptom Illnesses.,Current topics in behavioral neurosciences,2024,PubMed/MEDLINE;Web of Science Core Collection,TI05
FS-006363,Relationship of Body Composition With Middle Cerebral Artery Hemodynamic Using Compositional Data Analysis in Middle-Age Adults From Toledo Study for Healthy Aging.,"The journals of gerontology. Series A, Biological sciences and medical sciences",2024,PubMed/MEDLINE;Scopus;Web of Science Core Collection,TI04
FS-006365,Effects of Aerobic Exercise on Brain Age and Health in Middle-Aged and Older Adults: A Single-Arm Pilot Clinical Trial.,"Life (Basel, Switzerland)",2024,PubMed/MEDLINE;Scopus;Web of Science Core Collection,TI05
FS-006388,Impact of an Exercise-Based Cardiac Rehabilitation Program on Cardiopulmonary Test Parameters.,Cardiology,2025,PubMed/MEDLINE;Scopus;Web of Science Core Collection,TI05
FS-006395,Effects of lower limb vibration on hip pain and function after total hip arthroplasty: A randomized controlled trial.,Journal of orthopaedic science : official journal of the Japanese Orthopaedic Association,2025,PubMed/MEDLINE;Scopus;Web of Science Core Collection,TI04
FS-006398,Nonsteroidal Anti-Inflammatory Drugs Do Not Affect the Bone Metabolic Response to Exercise.,Medicine and science in sports and exercise,2025,PubMed/MEDLINE;Scopus;Web of Science Core Collection,TI05
FS-006402,Knee temperature remains abnormal in patients successfully treated with anterior cruciate ligament reconstruction: An infrared thermography analysis.,Journal of experimental orthopaedics,2024,PubMed/MEDLINE;Scopus;Web of Science Core Collection,TI04
FS-006417,"A whole-food, plant-based intensive lifestyle intervention improves glycaemic control and reduces medications in individuals with type 2 diabetes: a randomised controlled trial.",Diabetologia,2025,PubMed/MEDLINE;Scopus;Web of Science Core Collection,TI05
FS-006425,Does Colostrum Bovinum Supplementation Affect Swimming Performance in Endurance-Trained Males? A Randomized Placebo-Controlled Crossover Study.,Nutrients,2024,PubMed/MEDLINE;Scopus;Web of Science Core Collection,TI05
FS-006426,Implementation of a Macroporous Polyhydroxyethylmethacrylate Cryogel-Based Mini-Bioreactor System to Improve Monoclonal Antibody Production.,Frontiers in bioscience (Elite edition),2024,PubMed/MEDLINE,TI04
FS-006427,Low Frequency Ventilation During Cardiopulmonary Bypass to Protect Postoperative Lung Function in Cardiac Valvular Surgery: The PROTECTION Phase II Randomized Trial.,Journal of the American Heart Association,2024,PubMed/MEDLINE,TI04
FS-006431,Effect of a honey-sweetened beverage on muscle soreness and recovery of performance after exercise-induced muscle damage in strength-trained females.,Frontiers in physiology,2024,PubMed/MEDLINE;Scopus;Web of Science Core Collection,TI05
FS-006435,Dual transcriptional characterization of spinach and Peronospora effusa during resistant and susceptible race-cultivar interactions.,BMC genomics,2024,PubMed/MEDLINE,TI04
FS-006443,The impact of tangeretin combined with whey protein on exercise-induced bronchoconstriction in professional athletes: a placebo-controlled trial.,Journal of the International Society of Sports Nutrition,2024,PubMed/MEDLINE;Scopus;Web of Science Core Collection,TI05
FS-006444,"Bronchodilatation and attenuation of exercise-induced bronchospasm by PY 108-068, a new calcium antagonist.",The American review of respiratory disease,1986,PubMed/MEDLINE;Scopus;Web of Science Core Collection,TI05
FS-006445,Criterion Validity of Screening Tools and Field-Based Tests for Health-Related Physical Fitness in Inflammatory Bowel Disease.,Digestive diseases and sciences,2024,PubMed/MEDLINE;Scopus;Web of Science Core Collection,TI05
FS-006449,Oral Spore-Based Probiotic Supplementation Alters Post-Prandial Expression of mRNA Associated with Gastrointestinal Health.,Biomedicines,2024,PubMed/MEDLINE;Scopus;Web of Science Core Collection,TI04
FS-006451,Distress and inflammation are independently associated with cancer-related symptom severity.,Comprehensive psychoneuroendocrinology,2024,PubMed/MEDLINE;Scopus;Web of Science Core Collection,TI04
FS-006457,Effect of perioperative single dose intravenous vitamin C on pain after total hip arthroplasty.,Journal of orthopaedic surgery and research,2024,PubMed/MEDLINE;Scopus;Web of Science Core Collection,TI04
FS-006465,Ultrasound-guided anterior iliopsoas muscle space block compared with fascia iliaca compartment block in elderly hip surgery: A randomized controlled trial.,Medicine,2024,PubMed/MEDLINE;Scopus;Web of Science Core Collection,TI04
FS-006469,Orthostatic intolerance with tachycardia (postural tachycardia syndrome) and without (hypocapnic cerebral hypoperfusion) represent a spectrum of the same disorder.,Frontiers in neurology,2024,PubMed/MEDLINE;Scopus;Web of Science Core Collection,TI04
FS-006473,Efficacy and safety of Danlou tablets in the treatment of stable angina pectoris with intermingled phlegm and blood stasis syndrome in coronary heart disease: a multicenter randomized controlled study.,Frontiers in cardiovascular medicine,2024,PubMed/MEDLINE;Scopus;Web of Science Core Collection,TI04
FS-006476,Proposal of a radiation-free screening protocol for early detection of interstitial lung involvement in seropositive and ACPA-positive rheumatoid arthritis.,BMC pulmonary medicine,2024,PubMed/MEDLINE,TI04
FS-006478,Changes in peak oxygen consumption in Fabry disease and associations with cardiomyopathy severity.,Heart (British Cardiac Society),2025,PubMed/MEDLINE;Scopus;Web of Science Core Collection,TI05
FS-006480,Effects of Mediterranean Diet on Endothelial Reactivity in Individuals with High Cardiometabolic Risk: A Randomized Controlled Parallel-Group Preliminary Trial.,Biomedicines,2024,PubMed/MEDLINE;Scopus;Web of Science Core Collection,TI04
FS-006483,"Salidroside and exercise performance in healthy active young adults - an exploratory, randomized, double-blind, placebo-controlled study.",Journal of the International Society of Sports Nutrition,2024,PubMed/MEDLINE;Scopus;Web of Science Core Collection,TI05
FS-006487,Predictive Value of Cardiopulmonary Exercise Testing Parameters for Pulmonary Arterial Hypertension in Peritoneal Dialysis Patients - A Retrospective Study,British Journal of Hospital Medicine,2024,PubMed/MEDLINE;Scopus;Web of Science Core Collection,TI05
FS-006496,"Distinguishing among asthma, chronic bronchitis, and emphysema.",Chest,1985,PubMed/MEDLINE;Scopus;Web of Science Core Collection,TI04
FS-006497,18F-FAPI versus 18F-FDG PET/CT in the Diagnosis of Relapsing Polychondritis.,Clinical case reports,2024,PubMed/MEDLINE;Web of Science Core Collection,TI04
FS-006503,Efficacy and safety of a whole lung lavage program for artificial stone silicosis.,Journal of thoracic disease,2024,PubMed/MEDLINE;Scopus;Web of Science Core Collection,TI04
FS-006507,Integrative Proteomics and Phosphoproteomics Profiling of Symptomatic Accessory Navicular Bone Based on Tandem Mass Tag Technology.,International journal of general medicine,2024,PubMed/MEDLINE;Web of Science Core Collection,TI04
FS-006510,Comparison of the effects of high tibial osteotomy with and without a tourniquet.,BMC surgery,2024,PubMed/MEDLINE;Scopus;Web of Science Core Collection,TI04
FS-006518,"Uncontrolled asthma is Associated with Increased Visceral Adipose Tissue, Decreased Bone Mineral Content, and Reduced Exercise Capacity.",Journal of asthma and allergy,2024,PubMed/MEDLINE;Scopus;Web of Science Core Collection,TI05
FS-006519,Calcium channel blocking agents in the prophylaxis of asthma.,The American journal of medicine,1985,PubMed/MEDLINE;Scopus,TI04
FS-006529,Alternating Aerobics with Resistance Exercise Improves Bone Density and Circulating Irisin Levels in Postmenopausal Women.,Medicine and science in sports and exercise,2025,PubMed/MEDLINE,TI05
FS-006531,Predicting Heart Rate at the Anaerobic Threshold Using a Machine Learning Model Based on a Large-Scale Population Dataset.,Journal of clinical medicine,2024,PubMed/MEDLINE;Scopus;Web of Science Core Collection,TI05
FS-006532,Unraveling the Role of Oxygen Pulse Variability in Endurance Exercise Training in Individuals with COPD: A Novel Approach to Response of Oxygen Pulse and Quality of Life in Pulmonary Rehabilitation.,International journal of chronic obstructive pulmonary disease,2025,PubMed/MEDLINE;Scopus;Web of Science Core Collection,TI05
FS-006541,Association of Step Count with Cardiorespiratory Fitness: Results from the Virtual 2-Minute Step Test.,Archives of rehabilitation research and clinical translation,2024,PubMed/MEDLINE;Scopus;Web of Science Core Collection,TI05
FS-006543,"In vitro evaluation of the immunomodulatory and antibacterial activities of calcitriol (1,25-dihydroxy-vitamin D3) as a potential application for aerobic vaginitis treatment - preliminary study results.",BMC microbiology,2025,PubMed/MEDLINE;Scopus;Web of Science Core Collection,TI04
FS-006544,Effects of Age and Sex on Systemic Inflammation and Cardiometabolic Function in Individuals With Type 2 Diabetes.,Journal of the American Heart Association,2025,PubMed/MEDLINE;Scopus;Web of Science Core Collection,TI04
FS-006553,Postexercise myofibrillar protein synthesis rates do not differ following 1.5 g essential amino acids compared with 15 and 20 g of whey protein in young females.,American journal of physiology. Endocrinology and metabolism,2025,PubMed/MEDLINE;Scopus;Web of Science Core Collection,TI05
FS-006561,"Refractory cutaneous ulcers in anti-MDA5 dermatomyositis were not associated with rapidly progressive interstitial lung disease, and responded to tadalafil.",Seminars in arthritis and rheumatism,2025,PubMed/MEDLINE,TI04
FS-006564,Clinical characteristics of patients with interstitial cystitis/bladder pain syndrome combined with migraine.,Zhong nan da xue xue bao. Yi xue ban = Journal of Central South University. Medical sciences,2024,PubMed/MEDLINE,TI04
FS-006571,Comparison of Nonlinear Dynamics of Heart Rate Variability Between Conventional Cardiac Rehabilitation and Dance-Based Therapy: A Non-Randomized Crossover Clinical Trial.,Journal of dance medicine & science : official publication of the International Association for Dance Medicine & Science,2026,PubMed/MEDLINE;Scopus;Web of Science Core Collection,TI05
FS-006572,Distinct Cytokine Patterns Identify Acute and Convalescent Myocardial Involvement After Coronavirus Disease 2019: A Multicohort Biomarker Study.,The Journal of infectious diseases,2025,PubMed/MEDLINE;Scopus;Web of Science Core Collection,TI04
FS-006578,Cardiac structure and function 1.5 years after COVID-19: results from the EPILOC study.,Infection,2025,PubMed/MEDLINE;Scopus;Web of Science Core Collection,TI04
FS-006589,Myoadenylate deaminase deficiency: inherited and acquired forms.,Biochemical medicine,1985,PubMed/MEDLINE;Scopus,TI04
FS-006590,24 h severe fluid restriction increases a biomarker of renal injury in healthy males.,European journal of applied physiology,2025,PubMed/MEDLINE;Scopus;Web of Science Core Collection,TI04
FS-006593,Vitamin D levels correlate with exercise capacity in adults with CHD.,Cardiology in the young,2025,PubMed/MEDLINE;Scopus;Web of Science Core Collection,TI05
FS-006598,Prevalence and Prognostic Value of Pulmonary Hypertension in Chronic Obstructive Pulmonary Disease.,Cureus,2025,PubMed/MEDLINE,TI04
FS-006600,Effect of implementing training programme for nurses about care bundle on prevention of ventilator-associated pneumonia among newborns.,Nursing in critical care,2025,PubMed/MEDLINE;Scopus;Web of Science Core Collection,TI04
FS-006602,Weizmannia coagulans BC99: A Novel Adjunct to Protein Supplementation for Enhancing Exercise Endurance and Reducing Fatigue.,"Foods (Basel, Switzerland)",2025,PubMed/MEDLINE;Scopus;Web of Science Core Collection,TI05
FS-006606,Dried blood spot analysis of long-chain polyunsaturated fatty acids and oxylipins for monitoring heart failure.,Free radical biology & medicine,2025,PubMed/MEDLINE;Scopus;Web of Science Core Collection,TI04
FS-006615,"Does infection of a mandibular fracture lead to the development of chronic pain syndrome? Assessment of patient treatment results based on functional indicators, standardized questionnaires and quality of life assessment.",Journal of oral & facial pain and headache,2025,PubMed/MEDLINE;Scopus;Web of Science Core Collection,TI04
FS-006630,Netrin 4 is a novel cytokine associated with oxidative stress and insulin resistance in obese individuals.,Diabetes research and clinical practice,2025,PubMed/MEDLINE;Scopus;Web of Science Core Collection,TI04
FS-006633,"Impact of Long-Term Fasting on Skeletal Muscle: Structure, Energy Metabolism and Function Using 31P/1H MRS and MRI.","Journal of cachexia, sarcopenia and muscle",2025,PubMed/MEDLINE;Scopus;Web of Science Core Collection,TI04
FS-006648,Dark Chocolate Mitigates Premenstrual Performance Impairments and Muscle Soreness in Female CrossFit® Athletes: Evidence from a Menstrual-Phase-Specific Trial.,Nutrients,2025,PubMed/MEDLINE;Scopus;Web of Science Core Collection,TI05
FS-006650,Use of a Silicon Microneedle Chip-Based Device for the Extraction and Subsequent Analysis of Dermal Interstitial Fluid in Heart Failure Patients.,"Diagnostics (Basel, Switzerland)",2025,PubMed/MEDLINE;Scopus;Web of Science Core Collection,TI04
FS-006653,Ketone ester ingestion impairs exercise performance without impacting cognitive function or circulating EPO during acute hypoxic exposure.,"Journal of applied physiology (Bethesda, Md. : 1985)",2025,PubMed/MEDLINE,TI05
FS-006660,"Preventive effect of the neurodynamic mobilization technique on delayed onset of muscle soreness: a randomized, single-blinded, placebo-controlled study.",BMC musculoskeletal disorders,2025,PubMed/MEDLINE;Scopus;Web of Science Core Collection,TI05
FS-006663,Fatigue-induced changes in muscle coordination and their impact on performance decline during the 400-meter sprint.,Physiology international,2025,PubMed/MEDLINE;Scopus;Web of Science Core Collection,TI05
FS-006686,"A Plant-Based Dietary Supplement Exhibits Significant Effects on Markers of Oxidative Stress, Inflammation, and Immune Response in Subjects Recovering from Respiratory Viral Infection: A Randomized, Double-Blind Clinical Study Using Vitamin C as a Positive Control.",International journal of molecular sciences,2025,PubMed/MEDLINE,TI04
FS-006704,Low-Density Lipoprotein Cholesterol Reduction and Therapeutic Adherence During Cardiac Rehabilitation After Myocardial Infarction.,Journal of clinical medicine,2025,PubMed/MEDLINE;Scopus;Web of Science Core Collection,TI05
FS-006705,A hybrid approach to heart disease prediction using a fractional-order mathematical model and machine learning algorithm.,Computer methods in biomechanics and biomedical engineering,2025,PubMed/MEDLINE;Scopus;Web of Science Core Collection,TI04
FS-006714,Hypoxia Impairs Neuromuscular Function More Than Heat After Incremental Test to Exhaustion.,International journal of sports medicine,2025,PubMed/MEDLINE;Scopus;Web of Science Core Collection,TI05
FS-006720,Effect of Emblica officinalis (Amla) Extract Versus Exercise on Lipid Levels in Participants With Abnormal Lipid Levels: An Open-Label Clinical Study.,"Current therapeutic research, clinical and experimental",2025,PubMed/MEDLINE;Scopus;Web of Science Core Collection,TI05
FS-006725,FNDC5/irisin-enriched sEVs conjugated with bone-targeting aptamer alleviate osteoporosis: a potential alternative to exercise.,Journal of nanobiotechnology,2025,PubMed/MEDLINE;Scopus;Web of Science Core Collection,TI05
FS-006728,Myofibrillar Protein Synthesis Rates Do not Differ With Low and High Estradiol Concentrations Across the Menstrual Cycle.,The Journal of clinical endocrinology and metabolism,2026,PubMed/MEDLINE;Scopus;Web of Science Core Collection,TI04
FS-006730,The Adjunctive Effect of Quercetin on Postoperative Pain Management Following Cesarean Section: A Randomized Controlled Study.,"Drug design, development and therapy",2025,PubMed/MEDLINE;Scopus;Web of Science Core Collection,TI04
FS-006731,Blockade of Angiotensin II Receptor Type 1 Abolishes the Erythropoietin Response to Exercise.,"Function (Oxford, England)",2025,PubMed/MEDLINE,TI05
FS-006747,Six-Minute Walk Test Is Superior to Grip Strength as a Marker of Functional Recovery During Cancer Cachexia Rehabilitation.,"Journal of cachexia, sarcopenia and muscle",2025,PubMed/MEDLINE,TI05
FS-006757,Aspects of bronchial reactivity to prostaglandins and aspirin in asthmatic patients,Respiration,1977,PubMed/MEDLINE;Scopus;Web of Science Core Collection,TI04
FS-006758,"No differences in the erythropoietin response to acute high-intensity exercise when duration is doubled, despite augmented post-exercise plasma volume expansion.","Applied physiology, nutrition, and metabolism = Physiologie appliquee, nutrition et metabolisme",2025,PubMed/MEDLINE,TI05
FS-006761,Influence of a prostaglandin-inhibiting drug on muscle soreness after eccentric work.,International journal of sports medicine,1985,PubMed/MEDLINE;Scopus;Web of Science Core Collection,TI05
FS-006777,The age of obesity onset affects changes in subcutaneous adipose tissue macrophages and T cells after weight loss.,Frontiers in immunology,2025,PubMed/MEDLINE;Scopus;Web of Science Core Collection,TI04
FS-006778,The impact of various post-exercise interventions on the relief of delayed-onset muscle soreness: a randomized controlled trial.,Frontiers in physiology,2025,PubMed/MEDLINE;Scopus;Web of Science Core Collection,TI05
FS-006780,Acute impairments in glucose tolerance following one night of partial sleep restriction are not rescued by moderate-intensity walking in young men.,European journal of applied physiology,2026,PubMed/MEDLINE;Scopus;Web of Science Core Collection,TI05
FS-006791,Improved AAV9-based gene therapy design for SURF1-related Leigh syndrome with minimal toxicity.,Molecular therapy. Methods & clinical development,2025,PubMed/MEDLINE;Scopus;Web of Science Core Collection,TI04
FS-006793,Ultrasound therapy for exercise-induced muscle soreness and fatigue relief in women with type 2 diabetes: a randomized controlled trial.,Therapeutic advances in endocrinology and metabolism,2025,PubMed/MEDLINE;Scopus;Web of Science Core Collection,TI05
FS-006799,The Effects of Anakinra on Cardiorespiratory Fitness in Heart Failure Stratified by Age in Phase II Clinical Trials.,Journal of cardiovascular pharmacology,2025,PubMed/MEDLINE;Scopus;Web of Science Core Collection,TI05
FS-006804,Telerehabilitation for thoracic surgery patients: An effective alternative during the pandemic.,Turk gogus kalp damar cerrahisi dergisi,2025,PubMed/MEDLINE;Scopus;Web of Science Core Collection,TI04
FS-006810,Betaine Supplementation Improves 60 km Cycling Time Trial Performance and One-Carbon Metabolism in Cyclists During Recovery.,Nutrients,2025,PubMed/MEDLINE;Scopus;Web of Science Core Collection,TI05
FS-006812,The prevalence and perceptions of non-steroidal anti-inflammatory drug use among ultra-endurance runners.,Research in sports medicine (Print),2026,PubMed/MEDLINE;Scopus;Web of Science Core Collection,TI05
FS-006819,Stress modifies pulmonary and inflammatory response to ozone: controlled human exposure study.,Environmental research,2025,PubMed/MEDLINE;Scopus;Web of Science Core Collection,TI04
FS-006824,"The Contingency of Reported sST2 Serum Concentrations with a Protein Detection System (ELISA) from the Same Manufacturer (R&D Biotechne, 2002-2025): An Explanatory Effort by Applied Medical Researchers.","Diagnostics (Basel, Switzerland)",2025,PubMed/MEDLINE;Scopus;Web of Science Core Collection,TI04
FS-006827,Structure and function of voltage-gated sodium channel Nav1.6: Involvement in the pathological process of neural injury.,Neural regeneration research,2026,PubMed/MEDLINE,TI04
FS-006832,Preliminary Investigation on the Effects of Squeeze-Hold Intervention on Muscle Soreness Relief.,Cureus,2025,PubMed/MEDLINE,TI05
FS-006846,Effects of Moderate and Regular Exercise on Improving Neurocognition and Preventing Neurodegenerative Diseases in the Elderly.,Research quarterly for exercise and sport,2026,PubMed/MEDLINE;Scopus;Web of Science Core Collection,TI05
FS-006851,Comparative transcriptome analysis provides new insights into the response of common bean to infection by race 65 of Colletotrichum lindemuthianum.,PloS one,2025,PubMed/MEDLINE,TI04
FS-006857,"Thaumatin-Like Proteins in Molecular Allergy Diagnostics: Uncommon, Co-Sensitized, and Clinically Inconspicuous? Insights From an Italian Cohort.",Allergy,2026,PubMed/MEDLINE,TI04
FS-006858,Compensatory effects of serotonin on the regulation of blood volume in healthy human subjects.,Physiological reports,2025,PubMed/MEDLINE;Scopus;Web of Science Core Collection,TI04
FS-006865,Comparative effects of recovery strategies on exercise-induced muscle fatigue:a randomized controlled trial.,Frontiers in physiology,2025,PubMed/MEDLINE;Scopus;Web of Science Core Collection,TI05
FS-006867,Chronic heart failure with reduced and mildly reduced left ventricle ejection fraction: relationship between mitochondrial respiratory dysfunction of peripheral blood mononuclear cells and iron deficiency.,Journal of geriatric cardiology : JGC,2025,PubMed/MEDLINE;Scopus;Web of Science Core Collection,TI04
FS-006869,Lipedema and Hypermobility Spectrum Disorders Sharing Pathophysiology: A Cross-Sectional Observational Study.,Journal of clinical medicine,2025,PubMed/MEDLINE;Scopus;Web of Science Core Collection,TI04
FS-006877,"Maslinic Acid Supplementation Suppressed Early Onset Muscle Soreness and Systemic Fatigue after Full Marathon: A Randomized, Double-Blind, Placebo-Controlled Trial.",Journal of nutritional science and vitaminology,2025,PubMed/MEDLINE;Scopus;Web of Science Core Collection,TI05
FS-006886,Effects of Acute Fish Oil Supplementation on Muscle Function and Soreness After Eccentric Contraction-Induced Muscle Damage.,Nutrients,2025,PubMed/MEDLINE;Scopus;Web of Science Core Collection,TI05
FS-006890,Roux-en-Y Gastric Bypass Improves Insulin Response and Secretion of GLP-1 and PYY in Response to Postprandial Acute Exercise.,Obesity surgery,2025,PubMed/MEDLINE;Scopus;Web of Science Core Collection,TI05
FS-006892,Chronic Dyspnea and Residual Pulmonary Vascular Sequelae After COVID-19 Pulmonary Embolism: A Retrospective Analysis.,Pulmonary circulation,2025,PubMed/MEDLINE;Scopus;Web of Science Core Collection,TI04
FS-006898,Autonomic dysfunction and vasoregulation in long COVID-19 are linked to anti-GPCR autoantibodies.,The Journal of allergy and clinical immunology,2026,PubMed/MEDLINE;Scopus;Web of Science Core Collection,TI04
FS-006905,"Assessment of platelet indices, beta-thromboglobulin and platelet factor IV in platelet concentrate at University of Ilorin Teaching Hospital, Nigeria.",Scientific reports,2025,PubMed/MEDLINE,TI04
FS-006912,Intravenous immunoglobulin is an effective steroid-sparing drug in inflammatory myositis.,Danish medical journal,2025,PubMed/MEDLINE;Scopus;Web of Science Core Collection,TI04
FS-006913,High-intensity interval training outperforms moderate exercise to improve aerobic capacity in patients with recent-onset idiopathic inflammatory myopathies: a multicentre randomised controlled trial.,EBioMedicine,2025,PubMed/MEDLINE;Scopus;Web of Science Core Collection,TI05
FS-006915,Effect of one session of hyperbaric oxygen (2.5 ATA for 60 min) after moderate-intensity exercise on fatigue: a single-blind crossover randomized trial.,Frontiers in sports and active living,2025,PubMed/MEDLINE;Scopus;Web of Science Core Collection,TI05
FS-006916,The motivational drives of sickness: Acute changes in self-rated motivation during experimental endotoxemia assessed with the newly developed Motivation Scale of Sickness (MOSSick).,Comprehensive psychoneuroendocrinology,2025,PubMed/MEDLINE;Scopus;Web of Science Core Collection,TI04
FS-006920,The risk of symptomatic radiation pneumonitis in small cell lung cancer patients following sequential immunochemotherapy and radiotherapy: a multicenter retrospective cohort study.,"Radiation oncology (London, England)",2025,PubMed/MEDLINE;Scopus;Web of Science Core Collection,TI04
FS-006924,Correlation between anxiety-depression disorders and brain structural connectivity abnormalities after subarachnoid hemorrhage.,World journal of psychiatry,2025,PubMed/MEDLINE;Web of Science Core Collection,TI04
FS-006937,Effect of Exercise-Induced Hormonal Changes on Skeletal Muscle Physiology.,Clinical endocrinology,2025,PubMed/MEDLINE;Scopus;Web of Science Core Collection,TI05
FS-006962,"Adult IgE-mediated food allergy: clinical characteristics, predictors of severe reactions, and total IgE cut-off.",Allergologia et immunopathologia,2026,PubMed/MEDLINE;Scopus;Web of Science Core Collection,TI04
FS-006964,Peripheral oxygenation in heart failure patients with periodic breathing: insights from NIRS.,European heart journal. Acute cardiovascular care,2026,PubMed/MEDLINE;Scopus;Web of Science Core Collection,TI04
FS-006969,Cow's milk oral immunotherapy in real-life: up to 15-year follow-up study.,European annals of allergy and clinical immunology,2026,PubMed/MEDLINE,TI04
FS-006973,"Psychological responses to interval and continuous exercise in people living with HIV: A single-blind, counterbalanced, crossover study.",HIV medicine,2026,PubMed/MEDLINE;Scopus;Web of Science Core Collection,TI05
FS-006976,Shared autonomic phenotype of long COVID and myalgic encephalomyelitis/chronic fatigue syndrome.,PloS one,2026,PubMed/MEDLINE;Scopus;Web of Science Core Collection,TI04
FS-006987,Acute exercise-induced catecholaminergic responses after 16 weeks of community-based exercise training in early-stage breast cancer survivors.,World journal of clinical oncology,2026,PubMed/MEDLINE;Web of Science Core Collection,TI05
FS-006988,Increase in testosterone and cortisol one week after repeated exercise in a cold environment.,Frontiers in physiology,2025,PubMed/MEDLINE;Scopus;Web of Science Core Collection,TI05
FS-006999,Minocycline attenuates panicogenic responses in a CO2-induced panic attack model: a translational approach.,Translational psychiatry,2026,PubMed/MEDLINE;Scopus;Web of Science Core Collection,TI04
FS-007006,Ibrutinib enhances stem-cell-memory T cell generation during early T cell activation but inhibits T cell proliferation.,Cellular immunology,2026,PubMed/MEDLINE;Scopus;Web of Science Core Collection,TI04
FS-007013,RAB3GAP2 is a regulator of skeletal muscle endothelial cell proliferation and associated with capillary-to-fiber ratio.,Cell reports,2026,PubMed/MEDLINE;Scopus;Web of Science Core Collection,TI05
FS-007014,The Influence of Acute Beta-Hydroxy Beta-Methylbutyrate (HMB) Ingestion on the Human Skeletal Muscle Transcriptome.,Nutrients,2026,PubMed/MEDLINE;Scopus;Web of Science Core Collection,TI04
FS-007021,Prevalence of exercise-induced bronchoconstriction in elite Chinese summer sport athletes.,Journal of sport and health science,2026,PubMed/MEDLINE;Scopus;Web of Science Core Collection,TI05
FS-007030,Neutrophil:lymphocyte ratio and cell-free DNA dynamics during excessive heat stress in occupational and experimental settings.,Journal of thermal biology,2026,PubMed/MEDLINE;Scopus;Web of Science Core Collection,TI04
FS-007031,Mechanisms of exercise limitation and prevalence of pulmonary hypertension in hypersensitivity pneumonitis.,ERJ open research,2026,PubMed/MEDLINE;Scopus;Web of Science Core Collection,TI05
FS-007039,Metformin for Longevity and Sarcopenia: A Therapeutic Paradox in Aging.,Biomedicines,2026,PubMed/MEDLINE;Web of Science Core Collection,TI04
FS-007044,IL-33 enhances responsiveness and mast cell mediator release in isolated human small airways.,The Journal of allergy and clinical immunology,2026,PubMed/MEDLINE;Scopus,TI04
FS-007052,Inclusion of a recovery period after pulse treatment in the primary human lymphocyte micronucleus assay covers potential cell cycle delays without loss of sensitivity.,Mutagenesis,2026,PubMed/MEDLINE;Scopus;Web of Science Core Collection,TI04
FS-007057,Gliclazide Enhances Exercise Performance and Recovery of Muscle Strength in Healthy Trained Individuals: A Randomized Controlled Trial.,European journal of sport science,2026,PubMed/MEDLINE;Scopus;Web of Science Core Collection,TI05
FS-007060,Effects of Exercise on Cognitive Impairment in Patients Receiving Chemotherapy: A Multicenter Phase III Randomized Controlled Trial.,Journal of the National Comprehensive Cancer Network : JNCCN,2026,PubMed/MEDLINE;Scopus;Web of Science Core Collection,TI05
FS-007062,Motor Neuron Disease with Guillain-Barré Syndrome? Motor Band Sign with Anti-GQ1b Antibodies.,"Diagnostics (Basel, Switzerland)",2026,PubMed/MEDLINE;Scopus;Web of Science Core Collection,TI04
FS-007067,CHARACTERIZATION OF THE PROLACTIN RESPONSE TO PROLONGED ENDURANCE EXERCISE.,Acta kinesiologiae Universitatis Tartuensis,2008,PubMed/MEDLINE,TI05
FS-007074,"Anthocyanin-Rich Pigment Supplements in the Australian Online Market: Sources, Labelling Practices, and Bioactivity Claims.","Foods (Basel, Switzerland)",2026,PubMed/MEDLINE;Scopus;Web of Science Core Collection,TI04
FS-007083,Prognostic value of cardiopulmonary exercise testing in connective tissue disease-associated pulmonary arterial hypertension at low and intermediate-low risk.,Clinical rheumatology,2026,PubMed/MEDLINE,TI05
FS-007087,Improved sleep and heart rate stability with low-dose melatonin in young male athletes following exhaustive exercise.,Chronobiology international,2026,PubMed/MEDLINE;Scopus;Web of Science Core Collection,TI05
FS-007088,Daily turmeric and ginger beverage consumption attenuates physical menstrual cycle symptoms in sub-elite female footballers: a pilot study.,Physical activity and nutrition,2026,PubMed/MEDLINE;Scopus,TI05
FS-007099,Repeated sprint training induces prolonged residual fatigue compared to other high-intensity interval training modalities in middle-distance runners.,Biology of sport,2026,PubMed/MEDLINE;Scopus;Web of Science Core Collection,TI05
FS-007115,Kidney Dysfunction and Pulmonary Vascular Disease in Heart Failure with preserved Ejection Fraction.,European journal of heart failure,2026,PubMed/MEDLINE;Web of Science Core Collection,TI04
FS-007120,"An open-label, clinical feasibility study of the efficacy of Remdesivir for Long-COVID.",Pilot and feasibility studies,2026,PubMed/MEDLINE;Scopus;Web of Science Core Collection,TI04
FS-007141,"Melatonin, Caffeine, or Their Combination: Effects on Sleep, Performance, Perceived Exertion in a Placebo-Controlled Crossover Study.",Nutrients,2026,PubMed/MEDLINE;Scopus;Web of Science Core Collection,TI05
FS-007151,Acute and Delayed Recovery Effects of Percussive and Ice Therapies on Shoulder Strength and Sensorimotor Function After Baseball Pitching.,Journal of strength and conditioning research,2026,PubMed/MEDLINE,TI05
FS-007154,Macrophage-enriched HMOX1 is an ischemia-reperfusion-responsive marker in the heart.,Journal of thoracic disease,2026,PubMed/MEDLINE;Scopus,TI04
FS-007159,Modulation of Redox and Immune Responses Following Eight Weeks of Supplementation with a Yeast Cell-Derived Formulation Containing β-Glucans and Micronutrients in Healthy Men.,Nutrients,2026,PubMed/MEDLINE;Scopus;Web of Science Core Collection,TI04
FS-007166,Inverse association between dietary potassium-to-sodium ratio and systemic inflammatory markers: A cross-sectional analysis of the NHANES 2021-2023 data.,Medicine,2026,PubMed/MEDLINE;Scopus;Web of Science Core Collection,TI04
FS-007177,Circadian variation of post-operative complications in lung resection surgery.,Frontiers in physiology,2026,PubMed/MEDLINE;Scopus;Web of Science Core Collection,TI04
FS-007179,Enhancing spinal mobility and functional capacity through aerobic exercise and yoga in ankylosing spondylitis: a randomized controlled trial.,Rheumatology international,2026,PubMed/MEDLINE;Scopus;Web of Science Core Collection,TI05
FS-007181,Preload failure and small fiber neuropathy are associated with persistent dyspnea following acute pulmonary embolism: Insights from invasive cardiopulmonary exercise testing.,"Vascular medicine (London, England)",2026,PubMed/MEDLINE;Scopus;Web of Science Core Collection,TI05
FS-007193,Exercise-associated changes in leptin and irisin relate to cognitive function in older adults stratified by cognitive impairment.,Scientific reports,2026,PubMed/MEDLINE;Scopus;Web of Science Core Collection,TI05
FS-007216,"Effects of Single, Maximal Intensity Exercise Unit on Selected Markers of Bone and Connective Tissue Turnover in Young Men.",Journal of clinical medicine,2026,PubMed/MEDLINE;Scopus;Web of Science Core Collection,TI05
FS-007219,SlWRKY33 and SlPUB23 Negatively Regulate Rx4-Mediated Field Resistance to Bacterial Spot Race T3 in Tomato.,"Plants (Basel, Switzerland)",2026,PubMed/MEDLINE;Scopus;Web of Science Core Collection,TI04
FS-007224,Supplemental Bee Pollen Ingestion With Resultant Anaphylaxis and Allergic Asthma: Case Report.,Case reports in immunology,2026,PubMed/MEDLINE;Scopus;Web of Science Core Collection,TI04
FS-007230,Exercise performance in patients with heart failure and impaired iron transport: a single-centre retrospective study.,BMJ open,2026,PubMed/MEDLINE;Scopus;Web of Science Core Collection,TI05
FS-007231,"Retained capsule in covert strictures at the stoma closure site of an ileal pouch, retrieved following endoscopic strictureplasty via retrograde enteroscopy: a case report.","iGIE : innovation, investigation and insights",2026,PubMed/MEDLINE;Scopus,TI04
FS-007234,Exercise-Induced Rhabdomyolysis With Markedly Elevated Creatine Kinase and Preserved Renal Function.,Case reports in nephrology,2026,PubMed/MEDLINE;Scopus,TI05
FS-007238,Exercise-induced change in FGF21 and adiponectin and their association with metabolic syndrome in older women: a randomized controlled trial.,"The journal of nutrition, health & aging",2026,PubMed/MEDLINE;Scopus;Web of Science Core Collection,TI05
FS-007243,Transcriptomic profiling reveals immunometabolic gene regulation during a 24-h cold exposure survival simulation in humans.,Physiological genomics,2026,PubMed/MEDLINE;Scopus,TI04
FS-007257,Muscle Mitochondrial Oxidative Capacity and Cognitive Decline Over up to a Decade: Sex Differences.,Aging cell,2026,PubMed/MEDLINE;Scopus;Web of Science Core Collection,TI05
FS-007270,Muddy Water Pneumonitis: An Emerging Occupational Lung Disease in Professional Divers.,Respirology case reports,2026,PubMed/MEDLINE;Scopus;Web of Science Core Collection,TI04
FS-007272,Validation of an AI-based automated Knee Inflammation MRI Scoring System for assessing bone marrow lesions.,EULAR rheumatology open,2026,PubMed/MEDLINE,TI04
FS-007273,A technology-blended exercise intervention for cognitive risk reduction and brain health in middle-aged and older adults with type 2 diabetes in Singapore: a mixed-methods study.,"The journals of gerontology. Series A, Biological sciences and medical sciences",2026,PubMed/MEDLINE;Scopus;Web of Science Core Collection,TI05
FS-007274,"Deciphering the action mechanism of the sacred plant ""Ashvattha"" (Ficus religiosa L.) in the treatment of delayed-onset muscle soreness.",Journal of Ayurveda and integrative medicine,2026,PubMed/MEDLINE;Scopus;Web of Science Core Collection,TI05
FS-007276,Acute effects of Greek yogurt consumption on bone status indices following high-intensity interval exercise in premenopausal females with obesity: a secondary analysis from a randomized crossover trial.,"Applied physiology, nutrition, and metabolism = Physiologie appliquee, nutrition et metabolisme",2026,PubMed/MEDLINE;Scopus;Web of Science Core Collection,TI05
FS-007279,A survey of sterilization acceptors in a family planning program in rural Bangladesh.,International journal of gynaecology and obstetrics: the official organ of the International Federation of Gynaecology and Obstetrics,1979,PubMed/MEDLINE;Scopus,TI04
FS-007286,Repetitive tooth-clenching triggers kynurenine pathway activation in masseter muscle of women with temporomandibular disorders myalgia.,Pain reports,2026,PubMed/MEDLINE;Scopus;Web of Science Core Collection,TI04
FS-007292,Plasma Exchange-Responsive Bulbar Dysfunction in Thymoma-Associated Myasthenia Gravis with Concomitant Lambert-Eaton Myasthenic Syndrome.,"Internal medicine (Tokyo, Japan)",2026,PubMed/MEDLINE;Web of Science Core Collection,TI04
FS-007296,Development and Clinical Application of a Thermally Reconstructed Platelet-Rich Plasma Concentrate-Based Biofiller (ExoFiller).,Facial plastic surgery : FPS,2026,PubMed/MEDLINE;Scopus;Web of Science Core Collection,TI04
FS-007299,Rapid Pain Reduction Following a Multimodal Physiotherapy Protocol in a Retrospective Case Series of Patients With Persistent Scrotal Content Pain.,Cureus,2026,PubMed/MEDLINE,TI05
FS-007309,Small airway dysfunction in bronchiectasis patients with exercise-induced desaturation.,Therapeutic advances in respiratory disease,2026,PubMed/MEDLINE;Scopus;Web of Science Core Collection,TI05
FS-007311,"Milk consumption following acute high-intensity exercise supports bone status indices in young, healthy adults: a randomized crossover study.","Applied physiology, nutrition, and metabolism = Physiologie appliquee, nutrition et metabolisme",2026,PubMed/MEDLINE,TI05
FS-007317,Metabolomic correlates of intravenous racemic ketamine in treatment-resistant major depressive disorder: the Bio-K/NNDC multicenter trial.,The world journal of biological psychiatry : the official journal of the World Federation of Societies of Biological Psychiatry,2026,PubMed/MEDLINE;Scopus;Web of Science Core Collection,TI04
FS-007318,"Exercise intervention modulates food reward in obesity: efficacy, mechanisms, and prospects.",Frontiers in nutrition,2026,PubMed/MEDLINE;Scopus;Web of Science Core Collection,TI05
FS-007326,Association of Cardiovascular Risk Burden with Cardiorespiratory Fitness and Functional Performance in Patients with Post-Stroke Spasticity: A Retrospective Observational Study.,Journal of clinical medicine,2026,PubMed/MEDLINE;Scopus;Web of Science Core Collection,TI05
FS-007338,Molgramostim improves exercise distance and duration in autoimmune pulmonary alveolar proteinosis: exploratory IMPALA-2 trial data.,Annals of the American Thoracic Society,2026,PubMed/MEDLINE,TI05
FS-007340,Age does not modify the effects of treatment on pain in patients with low back pain: Secondary analyses of randomized clinical trials.,"European journal of pain (London, England)",2014,PubMed/MEDLINE;Scopus;Web of Science Core Collection,TI04
FS-007347,Association of Preoperative Lymphocyte-to-Monocyte Ratio with Failure to Achieve Textbook Outcome After Pancreatoduodenectomy for Pancreatic and Periampullary Cancer.,Cancers,2026,PubMed/MEDLINE;Scopus,TI04
FS-007350,ACE2-like Catalytic Activity in Anti-SARS-CoV-2 Spike Protein Monoclonal Antibodies.,"Pathogens (Basel, Switzerland)",2026,PubMed/MEDLINE;Scopus,TI04
FS-007353,"Reduced vascular function, ventilatory efficiency and exercise capacity in young adult electronic cigarette users.",ERJ open research,2026,PubMed/MEDLINE,TI05
FS-007358,Irisin as a metabolic regulator of male reproduction.,Biology of reproduction,2026,PubMed/MEDLINE,TI05
FS-007361,Morphologic-physiologic correlates of the severity of fibrosis and degree of cellularity in idiopathic pulmonary fibrosis.,The Journal of clinical investigation,1979,PubMed/MEDLINE;Scopus;Web of Science Core Collection,TI04
FS-007362,Sister chromatid exchanges in human leukocyte chromosomes: spontaneous and induced frequencies in early- and late-proliferating cells in vitro.,Human genetics,1979,PubMed/MEDLINE;Scopus,TI04
FS-007365,Separation of plasminogen activators from human plasma and a comparison with activators from human uterine tissue and urine.,Thrombosis and haemostasis,1979,PubMed/MEDLINE,TI04
FS-007366,Perennial atopic rhinitis as an early stage of bronchial asthma.,Acta oto-laryngologica,1979,PubMed/MEDLINE,TI04
FS-007369,"Plasma catecholamines, beta-adrenergic receptors, and isoproterenol sensitivity in endurance trained and non-endurance trained volunteers.",European journal of applied physiology and occupational physiology,1984,PubMed/MEDLINE;Scopus;Web of Science Core Collection,TI05
FS-007375,Action of cromoglycate in relation to mediators.,Schweizerische medizinische Wochenschrift,1980,PubMed/MEDLINE;Scopus,TI04
FS-007376,Nucleolar activity in differentiated cells after stimulation.,Cytogenetics and cell genetics,1980,PubMed/MEDLINE;Scopus;Web of Science Core Collection,TI04
FS-007379,The role of basophils in asthma. I. Sodium cromoglycate on histamine release and content.,Clinical allergy,1982,PubMed/MEDLINE;Scopus;Web of Science Core Collection,TI04
FS-007381,Inhibitory effect of calcium antagonists on histamine release from human leukocytes. In vivo and in vitro experiments.,Allergy,1983,PubMed/MEDLINE;Scopus;Web of Science Core Collection,TI04
FS-007385,Platelet function in coronary artery disease: effects of coronary surgery and sulfinpyrazone.,Circulation,1982,PubMed/MEDLINE,TI04
FS-007387,Intracoronary platelet release in patients with and without coronary artery disease.,Thrombosis and haemostasis,1983,PubMed/MEDLINE,TI04
FS-007388,Comparison of acetylcholine sensitivity in asthmatics with negative and positive response to exercise.,Allergie und Immunologie,1983,PubMed/MEDLINE;Scopus,TI05
FS-007392,Clinical electrophysiology in myasthenia gravis.,"Journal of neurology, neurosurgery, and psychiatry",1980,PubMed/MEDLINE;Scopus,TI04
FS-007393,Studies on the possible mechanism for deficiency of nonsuppressible insulin-like activity in thalassemia major.,The Journal of clinical endocrinology and metabolism,1981,PubMed/MEDLINE;Scopus;Web of Science Core Collection,TI04
FS-007394,Autonomic mechanisms of training bradycardia: beta-adrenergic receptors in humans.,"Journal of applied physiology: respiratory, environmental and exercise physiology",1981,PubMed/MEDLINE;Scopus;Web of Science Core Collection,TI05
FS-007395,A double-blind trial of suloctidil v. placebo in intermittent claudication.,The British journal of surgery,1982,PubMed/MEDLINE,TI04
FS-007396,Beta-adrenoceptor adaptation to acute exercise.,The Journal of physiology,1983,PubMed/MEDLINE;Scopus;Web of Science Core Collection,TI05
FS-007402,Effects of exercise and lack of exercise on glucose tolerance and insulin sensitivity.,"Journal of applied physiology: respiratory, environmental and exercise physiology",1983,PubMed/MEDLINE,TI05
FS-007403,Bidirectional alteration of insulin receptor affinity by different forms of physical exercise.,The American journal of physiology,1984,PubMed/MEDLINE;Scopus;Web of Science Core Collection,TI05
FS-007405,Interaction between hyperosmolar and IgE-mediated histamine release from basophils and mast cells.,The American review of respiratory disease,1984,PubMed/MEDLINE;Scopus;Web of Science Core Collection,TI04
FS-007407,Persistence of SCE-inducing lesions after G0 exposure of human lymphocytes to differing classes of DNA-damaging chemicals.,Basic life sciences,1984,PubMed/MEDLINE;Scopus,TI04
FS-007410,Differences in the effect of mediastinal radiotherapy on lung function and the ventilatory response to exercise.,"Clinical science (London, England : 1979)",1984,PubMed/MEDLINE;Scopus;Web of Science Core Collection,TI05
FS-007417,Role of calcium and calcium antagonists in airway function.,European journal of respiratory diseases. Supplement,1983,PubMed/MEDLINE;Scopus,TI04
FS-007420,Endorectal ileoanal anastomosis with isoperistaltic ileal reservoir after colectomy and mucosal proctectomy.,Annals of surgery,1984,PubMed/MEDLINE;Scopus;Web of Science Core Collection,TI04
FS-007424,Pain in Guillain-Barré syndrome.,Archives of neurology,1984,PubMed/MEDLINE;Scopus;Web of Science Core Collection,TI04
FS-007430,Delayed–onset muscular soreness and plasma CPK and LDH activities after downhill running,Medicine and Science in Sports and Exercise,1983,PubMed/MEDLINE;Scopus;Web of Science Core Collection,TI05
FS-007435,Increased insulin receptors after exercise in patients with insulin-dependent diabetes mellitus.,The New England journal of medicine,1980,PubMed/MEDLINE;Scopus;Web of Science Core Collection,TI05
FS-007436,Arginine does not influence insulin binding on circulating monocytes.,Endokrinologie,1980,PubMed/MEDLINE;Scopus,TI04
FS-007438,The role of diet in the pathogenesis and control of hyperlipidemia after renal transplantation.,Clinical nephrology,1981,PubMed/MEDLINE;Scopus;Web of Science Core Collection,TI04
FS-007439,Measurement of serum C-reactive protein concentration in myocardial ischaemia and infarction.,British heart journal,1982,PubMed/MEDLINE,TI04
FS-007448,Numerical changes in blood monocytes in bronchial asthma.,Acta medica Okayama,1982,PubMed/MEDLINE,TI04
FS-007456,Intralymphocytic sodium concentration: a sensitive index to identify young subjects at risk of hypertension.,Clinical and experimental hypertension,1981,PubMed/MEDLINE,TI04
FS-007464,Response of the lung airway to exercise testing in asthma and rhinitis.,British journal of diseases of the chest,1980,PubMed/MEDLINE;Scopus;Web of Science Core Collection,TI05
FS-007468,"Changes in insulin sensitivity, glucose effectiveness, and B-cell function in regularly exercising subjects.",Metabolism: clinical and experimental,1995,PubMed/MEDLINE;Scopus;Web of Science Core Collection,TI05
FS-007473,Role of beta-adrenergic receptor downregulation in the peak exercise response in patients with heart failure due to idiopathic dilated cardiomyopathy.,The American journal of cardiology,1995,PubMed/MEDLINE;Scopus;Web of Science Core Collection,TI05
FS-007476,Restricted pulmonary diffusion capacity after exercise is not an ARDS-like injury.,Journal of sports sciences,1995,PubMed/MEDLINE;Scopus,TI05
FS-007477,Increased soluble form of P-selectin in patients with unstable angina.,Circulation,1995,PubMed/MEDLINE;Scopus,TI04
FS-007478,"Ozone exposure in humans: inflammatory, small and peripheral airway responses.",American journal of respiratory and critical care medicine,1995,PubMed/MEDLINE,TI04
FS-007500,Parathyroid function in cardiac transplant patients: evaluation during physical exercise.,European journal of applied physiology and occupational physiology,1995,PubMed/MEDLINE;Scopus;Web of Science Core Collection,TI05
FS-007504,The adverse effect of high-dose steroids on renal autografts and homografts.,Surgery,1976,PubMed/MEDLINE,TI04
FS-007505,Ozone-induced increases in substance P and 8-epi-prostaglandin F2 alpha in the airways of human subjects.,American journal of respiratory cell and molecular biology,1993,PubMed/MEDLINE;Web of Science Core Collection,TI04
FS-007506,Expression of the beta 2 adrenoceptor partial agonist/antagonist activity of salbutamol in states of low and high adrenergic tone.,Thorax,1995,PubMed/MEDLINE;Scopus;Web of Science Core Collection,TI04
FS-007507,Does calcium channel blockade and beta-adrenergic blockade affect platelet function and fibrinolysis to a varying degree?,Journal of cardiovascular pharmacology,1995,PubMed/MEDLINE,TI04
FS-007510,Monoclonal antibodies for exercise-induced fecal blood detection--comparison with Hemofec.,Canadian journal of applied physiology = Revue canadienne de physiologie appliquee,1995,PubMed/MEDLINE,TI05
FS-007515,Behavioral training and AIDS risk reduction: overcoming barriers to condom use.,AIDS education and prevention : official publication of the International Society for AIDS Education,1995,PubMed/MEDLINE;Scopus,TI04
FS-007517,Characteristics of patients surviving more than ten years after cardiac transplantation.,The Journal of thoracic and cardiovascular surgery,1995,PubMed/MEDLINE;Scopus;Web of Science Core Collection,TI04
FS-007518,Study on the possible interaction between tenoxicam and atenolol in hypertensive patients.,Arzneimittel-Forschung,1995,PubMed/MEDLINE;Scopus;Web of Science Core Collection,TI04
FS-007520,Evaluation of erythropoietin in endurance runners.,Haematologica,1994,PubMed/MEDLINE,TI05
FS-007532,Controlled comparison of labetalol and propranolol in the management of severe hypertension.,British journal of clinical pharmacology,1976,PubMed/MEDLINE,TI04
FS-007540,Effects of treatment with oral isosorbide dinitrate on platelet function in vivo; a double-blind placebo-controlled study in patients with stable angina pectoris.,British journal of clinical pharmacology,1994,PubMed/MEDLINE,TI04
FS-007541,Autologous stem cell transplantation: Release of early and late acting growth factors relates with hematopoietic ablation and recovery,Blood,1994,PubMed/MEDLINE;Scopus;Web of Science Core Collection,TI04
FS-007542,The pharmacokinetics of recombinant human erythropoietin after subcutaneous injection at different sites.,European journal of clinical pharmacology,1994,PubMed/MEDLINE,TI04
FS-007545,Bronchoalveolar lavage neutrophilia in asthmatic and healthy volunteers after controlled exposure to ozone and filtered purified air.,Chest,1994,PubMed/MEDLINE;Scopus;Web of Science Core Collection,TI04
FS-007546,Improving medical residents' attitudes toward HIV-infected persons through training in an HIV staging and triage clinic.,Academic medicine : journal of the Association of American Medical Colleges,1994,PubMed/MEDLINE;Scopus;Web of Science Core Collection,TI04
FS-007548,Compartmentalized immune response reflects clinical severity of beryllium disease.,American journal of respiratory and critical care medicine,1994,PubMed/MEDLINE;Scopus;Web of Science Core Collection,TI04
FS-007551,The superiority of exercise testing over spirometry in the evaluation of postoperative lung function for patients with pulmonary disease.,Surgery today,1994,PubMed/MEDLINE;Scopus;Web of Science Core Collection,TI05
FS-007552,Coronary artery disease in type-2 diabetes mellitus: a scintigraphic study.,Diabete & metabolisme,1993,PubMed/MEDLINE;Scopus,TI04
FS-007557,Supervised exercise training improves cardiopulmonary fitness in HIV-infected persons,Medicine and Science in Sports and Exercise,1993,PubMed/MEDLINE;Scopus;Web of Science Core Collection,TI05
FS-007560,Reverse cholesterol transport with acute exercise,Medicine and Science in Sports and Exercise,1993,PubMed/MEDLINE;Scopus;Web of Science Core Collection,TI05
FS-007561,Evaluation of the mechanisms of antiepileptic drug-related chronic leukopenia.,Epilepsia,1994,PubMed/MEDLINE;Scopus;Web of Science Core Collection,TI04
FS-007563,"Treatment of six patients with chronic active HCV hepatitis, with low dose natural human interferon alpha administered orally.",Archivum immunologiae et therapiae experimentalis,1993,PubMed/MEDLINE;Scopus,TI04
FS-007572,Inflammatory effects of ozone in the upper airways of subjects with asthma.,American journal of respiratory and critical care medicine,1994,PubMed/MEDLINE;Scopus;Web of Science Core Collection,TI04
FS-007574,Human leucocyte-endothelial interactions in peripheral arterial occlusive disease.,European journal of clinical investigation,1994,PubMed/MEDLINE;Scopus;Web of Science Core Collection,TI04
FS-007575,Activators of protein kinase C selectively mediate cellular cytotoxicity to hypoxic cells and not aerobic cells.,"International journal of radiation oncology, biology, physics",1994,PubMed/MEDLINE;Scopus;Web of Science Core Collection,TI04
FS-007579,The effect of short and long duration exercise on serum erythropoietin concentrations.,European journal of applied physiology and occupational physiology,1993,PubMed/MEDLINE,TI05
FS-007581,Ozone-induced airway inflammation in human subjects as determined by airway lavage and biopsy.,The American review of respiratory disease,1993,PubMed/MEDLINE;Scopus;Web of Science Core Collection,TI04
FS-007584,The effect of local hyperthermia on allergen-induced nasal congestion and mediator release.,The Journal of allergy and clinical immunology,1993,PubMed/MEDLINE;Scopus;Web of Science Core Collection,TI04
FS-007588,"Increased red cell 2,3-diphosphoglycerate levels in haemodialysis patients treated with erythropoietin.","Nephrology, dialysis, transplantation : official publication of the European Dialysis and Transplant Association - European Renal Association",1993,PubMed/MEDLINE,TI04
FS-007589,Reflex sympathetic dystrophy of the hand: an excessive inflammatory response?,Pain,1993,PubMed/MEDLINE;Scopus;Web of Science Core Collection,TI04
FS-007592,Three-year treatment of familial heterozygous hypercholesterolemia by extracorporeal low-density lipoprotein immunoadsorption with polyclonal apolipoprotein B antibodies.,Metabolism: clinical and experimental,1993,PubMed/MEDLINE;Scopus,TI04
FS-007596,Mucociliary clearance of inhaled particles measured at 2 h after ozone exposure in humans.,"Journal of applied physiology (Bethesda, Md. : 1985)",1993,PubMed/MEDLINE;Scopus;Web of Science Core Collection,TI04
FS-007600,Lymphocyte beta adrenoceptor upregulation and improved cardiac response to adrenergic stimulation following converting enzyme inhibition in congestive heart failure.,European heart journal,1993,PubMed/MEDLINE;Scopus,TI04
FS-007601,Platelet activation in mental stress.,"Clinical physiology (Oxford, England)",1993,PubMed/MEDLINE,TI04
FS-007603,Effects of rHuEPO therapy on exercise capacity in hemodialysis patients with coronary artery disease.,Japanese circulation journal,1993,PubMed/MEDLINE,TI05
FS-007605,Inhibition of human lymphocyte stimulation by steroid hormones: cytokinetic mechanisms.,Clinical and experimental immunology,1977,PubMed/MEDLINE;Scopus;Web of Science Core Collection,TI04
FS-007607,Effect of recombinant human erythropoietin on muscle energy metabolism in patients with end-stage renal disease: a 31P-nuclear magnetic resonance spectroscopic study.,American journal of kidney diseases : the official journal of the National Kidney Foundation,1993,PubMed/MEDLINE,TI04
FS-007608,Role of airway smooth muscle in asthma: possible relation to the neuroendocrine system.,The Anatomical record,1993,PubMed/MEDLINE;Scopus;Web of Science Core Collection,TI04
FS-007609,Effects of chronic hypoxia and exercise on plasma erythropoietin in high-altitude residents.,"Journal of applied physiology (Bethesda, Md. : 1985)",1993,PubMed/MEDLINE,TI05
FS-007611,"Plk is an M-phase-specific protein kinase and interacts with a kinesin-like protein, CHO1/MKLP-1.",Molecular and cellular biology,1995,PubMed/MEDLINE;Scopus;Web of Science Core Collection,TI04
FS-007613,Stimulation of dispersed nasal polyp cells by hyperosmolar solutions.,The Journal of allergy and clinical immunology,1995,PubMed/MEDLINE;Scopus;Web of Science Core Collection,TI04
FS-007615,Effect of ozone exposure on maximal airway narrowing in non-asthmatic and asthmatic subjects.,"Clinical science (London, England : 1979)",1995,PubMed/MEDLINE;Scopus;Web of Science Core Collection,TI04
FS-007620,Cost-analysis of four diagnostic strategies for Pneumocystis carinii pneumonia in HIV-infected subjects.,The European respiratory journal,1995,PubMed/MEDLINE;Scopus;Web of Science Core Collection,TI04
FS-007622,Toxicokinetics and acute effects of MTBE and ETBE in male volunteers.,Toxicology letters,1995,PubMed/MEDLINE;Scopus;Web of Science Core Collection,TI04
FS-007625,Cellular bioenergetics after erythropoietin therapy in chronic renal failure.,The Journal of clinical investigation,1996,PubMed/MEDLINE,TI04
FS-007626,Ozone-induced decrements in FEV1 and FVC do not correlate with measures of inflammation.,American journal of respiratory and critical care medicine,1996,PubMed/MEDLINE;Scopus;Web of Science Core Collection,TI04
FS-007627,Cell-cycle kinetics and VSV-G pseudotyped retrovirus-mediated gene transfer in blood-derived CD34+ cells.,Experimental hematology,1996,PubMed/MEDLINE;Scopus;Web of Science Core Collection,TI04
FS-007632,4-Hydroxynonenal mimics ozone-induced modulation of macrophage function ex vivo.,American journal of respiratory cell and molecular biology,1996,PubMed/MEDLINE;Scopus;Web of Science Core Collection,TI04
FS-007634,Immediate and delayed effects of nitrogen dioxide exposure at an ambient level on bronchial responsiveness to histamine in subjects with asthma.,The European respiratory journal,1996,PubMed/MEDLINE;Scopus;Web of Science Core Collection,TI04
FS-007638,Unaccustomed high-mileage vs intensity training-related changes in performance and serum amino acid levels.,International journal of sports medicine,1996,PubMed/MEDLINE,TI05
FS-007648,Airway and cough responsiveness and exhaled nitric oxide in non-smoking patients with stable chronic heart failure.,Heart (British Cardiac Society),1996,PubMed/MEDLINE;Scopus;Web of Science Core Collection,TI04
FS-007655,Adverse effect on bone marrow protection of prechemotherapy granulocyte colony-stimulating factor support.,Journal of the National Cancer Institute,1996,PubMed/MEDLINE;Scopus;Web of Science Core Collection,TI04
FS-007659,Effect of anaemia correction on skeletal muscle metabolism in patients with end-stage renal disease: 31P magnetic resonance spectroscopy assessment.,Nephron,1996,PubMed/MEDLINE,TI04
FS-007661,Structure of skeletal muscle in heart transplant recipients.,Journal of the American College of Cardiology,1996,PubMed/MEDLINE;Scopus;Web of Science Core Collection,TI04
FS-007663,"The effect of erythropoietin on lactate, pyruvate and excess lactate under physical exercise in dialysis patients.",Clinical nephrology,1996,PubMed/MEDLINE,TI05
FS-007681,Reduction by indobufen of neutrophil activation in peripheral arterial occlusive disease.,Journal of cardiovascular pharmacology,1996,PubMed/MEDLINE;Scopus;Web of Science Core Collection,TI04
FS-007686,Immune system of cold-exposed and cold-adapted humans.,European journal of applied physiology and occupational physiology,1996,PubMed/MEDLINE;Scopus;Web of Science Core Collection,TI04
FS-007687,Prolonged exercise alters beta-adrenergic responsiveness in healthy sedentary humans.,"Journal of applied physiology (Bethesda, Md. : 1985)",1996,PubMed/MEDLINE;Scopus;Web of Science Core Collection,TI05
FS-007699,Plasma renin activity as a marker of renovascular injury in patients with rheumatoid arthritis.,Clinical and experimental rheumatology,1996,PubMed/MEDLINE;Scopus;Web of Science Core Collection,TI04
FS-007700,"Hprt mutations in human T-lymphocytes reflect radioprotective effects of the aminothiol, WR-1065.",Carcinogenesis,1996,PubMed/MEDLINE;Scopus;Web of Science Core Collection,TI04
FS-007711,Lone cryptogenic fibrosing alveolitis: a functional-morphologic correlation based on extent of disease on thin-section computed tomography.,American journal of respiratory and critical care medicine,1997,PubMed/MEDLINE;Scopus;Web of Science Core Collection,TI04
FS-007712,Acute effects of treadmill running on lipoprotein(a) levels in males and females.,Medicine and science in sports and exercise,1997,PubMed/MEDLINE;Scopus;Web of Science Core Collection,TI05
FS-007718,Serum neopterin in chronic beryllium disease.,American journal of industrial medicine,1997,PubMed/MEDLINE;Scopus;Web of Science Core Collection,TI04
FS-007720,Effects of high-altitude chronic hypoxia on platelet alpha 2-receptors in man.,European journal of clinical investigation,1997,PubMed/MEDLINE;Scopus;Web of Science Core Collection,TI04
FS-007736,Fibrosing alveolitis in systemic sclerosis: indices of lung function in relation to extent of disease on computed tomography.,Arthritis and rheumatism,1997,PubMed/MEDLINE;Scopus;Web of Science Core Collection,TI04
FS-007751,Effects of ozone on epithelium and sensory nerves in the bronchial mucosa of healthy humans.,American journal of respiratory and critical care medicine,1997,PubMed/MEDLINE;Scopus;Web of Science Core Collection,TI04
FS-007752,The relationship of alexithymia to subjective and biomedical measures of disease.,Psychosomatics,1997,PubMed/MEDLINE;Scopus;Web of Science Core Collection,TI04
FS-007757,Ischemic versus idiopathic cardiomyopathy: differing neurohumoral profiles despite comparable peak oxygen uptake.,International journal of cardiology,1997,PubMed/MEDLINE;Scopus;Web of Science Core Collection,TI05
FS-007758,Effects of ozone on normal and potentially sensitive human subjects. Part I: Airway inflammation and responsiveness to ozone in normal and asthmatic subjects.,Research report (Health Effects Institute),1997,PubMed/MEDLINE;Scopus,TI04
FS-007759,Effects of ozone on normal and potentially sensitive human subjects. Part II: Airway inflammation and responsiveness to ozone in nonsmokers and smokers.,Research report (Health Effects Institute),1997,PubMed/MEDLINE;Scopus,TI04
FS-007769,Human epididymal secreted protein CD52 on ejaculated spermatozoa: correlations with semen characteristics and the effect of its antibody.,Molecular human reproduction,1997,PubMed/MEDLINE;Scopus;Web of Science Core Collection,TI04
FS-007770,Experimental exposure to methyl tertiary-butyl ether. II. Acute effects in humans.,Toxicology and applied pharmacology,1998,PubMed/MEDLINE,TI04
FS-007797,Heritability of running economy: a study made on twin brothers.,European journal of applied physiology and occupational physiology,1998,PubMed/MEDLINE;Scopus;Web of Science Core Collection,TI05
FS-007799,Effect of systemic versus topical nonsteroidal anti-inflammatory drugs on postexercise jaw-muscle soreness: a placebo-controlled study.,Journal of orofacial pain,1997,PubMed/MEDLINE;Scopus,TI05
FS-007800,Effects of 0.2 ppm ozone on biomarkers of inflammation in bronchoalveolar lavage fluid and bronchial mucosa of healthy subjects.,The European respiratory journal,1998,PubMed/MEDLINE;Scopus;Web of Science Core Collection,TI04
FS-007802,Improved amphotropic retrovirus-mediated gene transfer into hematopoietic stem cells.,Annals of the New York Academy of Sciences,1998,PubMed/MEDLINE;Web of Science Core Collection,TI04
FS-007803,The role of epidermal growth factor in platelet-endothelium interactions.,Journal of physiology and pharmacology : an official journal of the Polish Physiological Society,1998,PubMed/MEDLINE,TI04
FS-007805,Ozone-induced inflammation is attenuated with multiday exposure.,American journal of respiratory and critical care medicine,1998,PubMed/MEDLINE;Scopus;Web of Science Core Collection,TI04
FS-007807,"Effect of ethanol drinking, hangover, and exercise on adrenergic activity and heart rate variability in patients with a history of alcohol-induced atrial fibrillation.",The American journal of cardiology,1998,PubMed/MEDLINE;Scopus;Web of Science Core Collection,TI05
FS-007817,Characterization of monoclonal antibodies to calpain 3 and protein expression in muscle from patients with limb-girdle muscular dystrophy type 2A.,The American journal of pathology,1998,PubMed/MEDLINE,TI04
FS-007822,Relaxation training and breast milk secretory IgA.,Archives of pediatrics & adolescent medicine,1998,PubMed/MEDLINE;Scopus;Web of Science Core Collection,TI04
FS-007826,Normal in vivo skeletal muscle oxidative metabolism in sporadic inclusion body myositis assessed by 31P-magnetic resonance spectroscopy.,Brain : a journal of neurology,1998,PubMed/MEDLINE;Scopus;Web of Science Core Collection,TI05
FS-007828,Protection of metabolic and exercise capacity in unselected weight-losing cancer patients following treatment with recombinant erythropoietin: a randomized prospective study.,Cancer research,1998,PubMed/MEDLINE;Scopus;Web of Science Core Collection,TI05
FS-007844,Preclinical and clinical advances in pulmonary hypertension associated with systemic sclerosis,Current Opinion in Pulmonary Medicine,2026,Scopus;Web of Science Core Collection,TI04
FS-007855,Long-term impaired exercise capacity and oxygen consumption in Kawasaki disease patients,European Journal of Pediatrics,2026,Scopus;Web of Science Core Collection,TI05
FS-007861,Irisin ameliorates obesity and insulin resistance via adipose tissue IL-33 and regulatory T cells,Nature Metabolism,2026,Scopus;Web of Science Core Collection,TI04
FS-007866,STING-dependent microglial inhibition by irisin ameliorates neuroinflammation in experimental autoimmune encephalomyelitis,Peptides,2026,Scopus;Web of Science Core Collection,TI04
FS-007880,From Idiopathic to Identifiable: Oral Mite Sensitization Revealed by Component-Resolved Diagnostics,"Pediatric, Allergy, Immunology, and Pulmonology",2026,Scopus;Web of Science Core Collection,TI04
FS-007885,Musculoskeletal and physiological responses to vortex wave stimulation in older adults,Journal of Physiology,2026,Scopus,TI04
FS-007896,Sleep Deprivation and Neuronal Hyperexcitation Share Transcriptomic Signatures,Neuropsychopharmacology Reports,2026,Scopus;Web of Science Core Collection,TI04
FS-007906,Multi-functional self-powered nanofiber conduit for peripheral nerve regeneration and muscle atrophy prevention,Journal of Nanobiotechnology,2026,Scopus;Web of Science Core Collection,TI04
FS-007907,ESG and firm resilience: A sprint or a marathon?,Long Range Planning,2026,Scopus;Web of Science Core Collection,TI04
FS-007916,Low-dose MyoAAV 2A-mediated delivery of engineered micro-utrophin achieves pan- muscle tissue distribution with elevated muscle function in Duchenne muscular dystrophy,Journal of Translational Medicine,2026,Scopus;Web of Science Core Collection,TI04
FS-007943,"Rare association of Sjögren's disease, systemic lupus erythematosus and Lambert-Eaton myasthenic syndrome; [Association rare entre maladie de Sjögren, lupus systémique et syndrome de Lambert-Eaton]",Revue du Rhumatisme (Edition Francaise),2026,Scopus,TI04
FS-007946,Severe systemic myotoxicity with massive rhabdomyolysis following Ovophis anitae envenomation: a case report,Toxicon,2026,Scopus;Web of Science Core Collection,TI04
FS-007948,Dietary leucine intake and sarcopenia: from isolated supplementation to combined strategies,Current Opinion in Clinical Nutrition and Metabolic Care,2026,Scopus;Web of Science Core Collection,TI04
FS-007952,"Basophil activation to β′-component in adult-onset, salmon roe–induced anaphylaxis",Journal of Allergy and Clinical Immunology: Global,2026,Scopus,TI04
FS-007956,Potential herb-drug interaction risk of Sedum sarmentosum Bunge extract and cyclosporine A,Drug Metabolism and Disposition,2026,Scopus,TI04
FS-007971,Efficacy of Massage Oil Containing Cannabis sativa Seed Oil for Pain Relief in Delayed Onset Muscle Soreness Among Athletes,Tropical Journal of Natural Product Research,2026,Scopus,TI05
FS-007981,Regulators of ECM structure enable functional adaptation to tensile loading in tendon explants,Matrix Biology,2026,Scopus;Web of Science Core Collection,TI04
FS-008008,Arterial Stiffness in Male Collegiate Judo Athletes Following Rapid Weight Loss and the Influence of Hydration Status: A Repeated-Measures Observational Study,International Journal of Sports Physiology and Performance,2026,Scopus,TI05
FS-008014,Glucotropaeolin-enriched Lepidium sativum L. extract as a novel phytotherapy for tendinopathy: mechanistic insights into pain modulation,Biomedicine and Pharmacotherapy,2026,Scopus,TI04
FS-008016,Nutrition therapy for critically ill patients - Five key problems,Clinical Nutrition,2025,Scopus;Web of Science Core Collection,TI04
FS-008023,Acupotomy for adhesive capsulitis of the shoulder: A case report,Medicine (United States),2025,Scopus;Web of Science Core Collection,TI04
FS-008029,The response of reaction time and fatigability to exhaustive exercise in young male,Journal of Human Sport and Exercise,2025,Scopus;Web of Science Core Collection,TI05
FS-008033,The results of stabilised hydrogen inhalations in patients with asthma; [Результаты ингаляций стабилизированного водорода у больных бронхиальной астмой],Profilakticheskaya Meditsina,2026,Scopus,TI04
FS-008040,Increase in plasma succinate is associated with aerobic lactate production in a model of endotoxic shock,Experimental Physiology,2025,Scopus;Web of Science Core Collection,TI04
FS-008042,Fampridine in Hereditary Spastic Paraplegia Type 4 With SPAST Variant c.683-2A>C: A Case Report,American Journal of Case Reports,2026,Scopus;Web of Science Core Collection,TI04
FS-008045,Irisin-Loaded Dissolving Microneedles Promote Rapid Wound Healing,Advanced NanoBiomed Research,2025,Scopus;Web of Science Core Collection,TI04
FS-008059,MACHINE LEARNING MODELS FOR STRATIFYING TRAUMATIC BRAIN INJURY SEVERITY BASED ON INTERLEUKIN-6 TEMPORAL DYNAMICS; [МОДЕЛИ МАШИННОГО ОБУЧЕНИЯ ДЛЯ СТРАТИФИКАЦИИ ТЯЖЕСТИ ЧЕРЕПНО-МОЗГОВОЙ ТРАВМЫ НА ОСНОВЕ ВРЕМЕННОЙ ДИНАМИКИ ИНТЕРЛЕЙКИНА-6],Extreme Medicine,2026,Scopus,TI04
FS-008060,Duck-egg white hydrolysate supplementation enhances muscle endurance and fatigue resistance during high-intensity exercise,Poultry Science,2026,Scopus;Web of Science Core Collection,TI05
FS-008079,Characteristic Syndromes Caused by Rice Allergens and Their Prevention,Nutrition Today,2025,Scopus,TI04
FS-008080,"Pulsed ultrasound and moderate exercise accelerate bone healing in an experimental tibial fracture model: biochemical, radiological and biomechanical evidence",Bone,2025,Scopus;Web of Science Core Collection,TI05
FS-008098,"Impact of wildfire smoke, heat stress and sleep deprivation on the brain health of wildland firefighters",International Journal of Wildland Fire,2025,Scopus,TI04
FS-008108,The effect of stabilized hydrogen inhalation on clinical and functional parameters in patients with chronic obstructive pulmonary disease; [Влияние ингаляций стабилизированного водорода на клинико-функциональные показатели пациентов с хронической обструктивной болезнью легких],Profilakticheskaya Meditsina,2026,Scopus,TI04
FS-008123,Efficacy of biologic therapy in patients with severe occupational and work-related asthma,Pulmonologiya,2025,Scopus,TI04
FS-008125,"In Vivo Evaluation of Analgesic, Anti-Inflammatory, Antidepressant and Cytotoxic potential of Moroccan Salvia verbenaca L. Extracts",Tropical Journal of Natural Product Research,2025,Scopus,TI04
FS-008126,Melatonin decreases PAX7 and CK increment after exercise-induced skeletal muscle damage,Sport Sciences for Health,2025,Scopus;Web of Science Core Collection,TI05
FS-008148,FNDC5/irisin-loaded apoptotic nanovesicles encapsulated in photo-crosslinkable PRF-GEL accelerate diabetic wound healing by promoting efferocytosis,Materials and Design,2025,Scopus;Web of Science Core Collection,TI04
FS-008153,Adult neural stem cells mediate hippocampal synapse elimination for circuit homeostasis through MERTK,Proceedings of the National Academy of Sciences of the United States of America,2026,Scopus;Web of Science Core Collection,TI04
FS-008163,Role of race and ethnicity in survival among children/young adults with relapsed ALL: a Children's Oncology Group report,Blood Advances,2025,Scopus;Web of Science Core Collection,TI04
FS-008173,Competition preparation does not exacerbate mood states of university natural bodybuilders,Gazzetta Medica Italiana Archivio per le Scienze Mediche,2025,Scopus,TI05
FS-008189,Irisin: muscle’s novel player in endoplasmic reticulum stress and disease,Molecular and Cellular Biochemistry,2025,Scopus;Web of Science Core Collection,TI04
FS-008190,Effects of High Intensity Interval Training in Normobaric Hypoxia on Aerobic Performance and Exercise-Induced Motor Performance Fatigue in Young Biathletes,Journal of Sports Science and Medicine,2025,Scopus;Web of Science Core Collection,TI05
FS-008191,Self-Powered Algae-Integrated Wearable System for Oxygen Supplementation in Hypoxic Disease Treatment,ACS Nano,2025,Scopus;Web of Science Core Collection,TI04
FS-008221,Rev-It-Up: examining the psychological effects of percussive therapy intra-resistance exercise,Sport Sciences for Health,2025,Scopus;Web of Science Core Collection,TI05
FS-008225,Self-powered wearable reverse iontophoresis system for interstitial fluid lactate extraction and detection,Nano Energy,2025,Scopus;Web of Science Core Collection,TI05
FS-008239,A Nonlinear Analysis of Nociceptive Flexion Reflex Changes Before and After Acute Inflammation,IRBM,2024,Scopus;Web of Science Core Collection,TI04
FS-008247,Effect of Depression on Bacterial Infection Based on Chronic Unpredictable Mild Stress Model; [基于 CUMS 模型探究抑郁症对细菌感染的影响及作用],Journal of Sun Yat-sen University (Medical Sciences),2024,Scopus,TI04
FS-008255,Activation of the apelin/APJ system by vitamin D attenuates age-related muscle atrophy,Life Sciences,2024,Scopus;Web of Science Core Collection,TI04
FS-008280,Correlation between epicardial fat thickness and maximum oxygen utilisation in obese adult males: A cross-sectional study,Indian Journal of Physiology and Pharmacology,2024,Scopus,TI05
FS-008290,"Subscapularis pyomyositis, a rare cause of shoulder pain, in a patient without apparent risk factors: A case report",International Journal of Surgery Case Reports,2024,Scopus;Web of Science Core Collection,TI04
FS-008307,Letter to the editor: fasting decreases expression of microRNAs linked to endothelial pathophysiology in mononuclear cells of healthy subjects,Apoptosis,2024,Scopus,TI04
FS-008314,Effect of additional uphill treadmill exercise combined with standard therapy on walking speed in patients with knee osteoarthritis,Physical Therapy Journal of Indonesia,2025,Scopus,TI05
FS-008316,Early evidence of beneficial and protective effects of Protectin DX treatment on behavior responses and type-1 diabetes mellitus related-parameters: A non-clinical approach,Progress in Neuro-Psychopharmacology and Biological Psychiatry,2024,Scopus;Web of Science Core Collection,TI04
FS-008320,"Effect of Resistance Training in Water with Blood Flow Restriction on Heart Rate Variability, Functional Capacity, and Pain in Postmenopausal Women with Knee Osteoarthritis",Journal of Kerman University of Medical Sciences,2025,Scopus,TI05
FS-008340,Jingfang Granule promotes the tricarboxylic acid cycle to improve chronic fatigue syndrome by increasing the expression of Idh1 and Idh2,Journal of Ethnopharmacology,2025,Scopus;Web of Science Core Collection,TI04
FS-008344,Pancake syndrome after vegan supplementation; [Síndrome del pancake tras suplementación vegana],Revista de Patologia Respiratoria,2025,Scopus,TI04
FS-008353,Dangers of Chemsex: an autopsy case report,Forensic Science International: Reports,2024,Scopus,TI04
FS-008356,Repeated LPS induces training and tolerance of microglial responses across brain regions,Journal of Neuroinflammation,2024,Scopus,TI04
FS-008364,Paroxetine Loaded Nanostructured Lipid Carriers Based In-situ Gel for Brain Delivery via Nasal Route for Enhanced Anti-Depressant Effect: In Vitro Prospect and In Vivo Efficacy,AAPS PharmSciTech,2024,Scopus;Web of Science Core Collection,TI04
FS-008367,Irisin attenuates acute glaucoma-induced neuroinflammation by activating microglia-integrin αVβ5/AMPK and promoting autophagy,International Immunopharmacology,2024,Scopus;Web of Science Core Collection,TI04
FS-008377,Irisin promotes intestinal epithelial cell proliferation via Wnt/β-catenin and focal adhesion kinase signaling pathways,Scientific Reports,2024,Scopus;Web of Science Core Collection,TI04
FS-008380,Case Report: Late coronary complication of Kawasaki disease,Frontiers in Pediatrics,2025,Scopus;Web of Science Core Collection,TI04
FS-008417,Improvement of topical therapy of acute nasopharyngitis in conditions of antibiotic resistance; [Совершенствование топической терапии острого назофарингита в условиях антибиотикорезистентности],Meditsinskiy Sovet,2025,Scopus,TI04
FS-008428,A Randomized Feasibility Trial of Stereotactic Prostate Radiation Therapy With or Without Elective Nodal Irradiation in High-Risk Localized Prostate Cancer (SPORT Trial),International Journal of Radiation Oncology Biology Physics,2023,Scopus,TI04
FS-008435,Impact of Race and Age and their Interaction on Survival Outcomes in Patients With Diffuse Large B-Cell Lymphoma,"Clinical Lymphoma, Myeloma and Leukemia",2023,Scopus;Web of Science Core Collection,TI04
FS-008445,Sublingual immunotherapy for cedar pollinosis possibly triggers eosinophilic esophagitis,Clinical Journal of Gastroenterology,2024,Scopus;Web of Science Core Collection,TI04
FS-008448,miR-222 inhibits pathological cardiac hypertrophy and heart failure,Cardiovascular Research,2024,Scopus;Web of Science Core Collection,TI04
FS-008451,Fulminant fatal pneumonia and bacteremia due to Aeromonas dhakensis in an immunocompetent man: a case report and literature review,Frontiers in Cellular and Infection Microbiology,2024,Scopus;Web of Science Core Collection,TI04
FS-008471,Periodontitis is associated with stroke,Journal of Translational Medicine,2023,Scopus;Web of Science Core Collection,TI04
FS-008473,Cerebrospinal fluid irisin and lipoxin A4 are reduced in elderly Brazilian individuals with depression: Insight into shared mechanisms between depression and dementia,Alzheimer's and Dementia,2023,Scopus;Web of Science Core Collection,TI04
FS-008481,Inflammatory immune response and its key roles in the process of bone fractures healing,Edelweiss Applied Science and Technology,2024,Scopus,TI04
FS-008482,"Post-exercise fatigue, lactate, and natural nutritional strategy",Journal of Physical Education and Sport,2023,Scopus,TI05
FS-008483,Metabolome and microbiome analyses of the anti-fatigue mechanism of Acanthopanax senticosus leaves,Food and Function,2024,Scopus;Web of Science Core Collection,TI04
FS-008492,"A Single Dose of Microencapsulated Cocoa Supplementation Does Not Speed up Muscle Force Recovery after Eccentric Exercise-Induced Muscle Damage: A Placebo-Controlled, Double-Blind, Crossover Study",Applied Biosciences,2024,Scopus;Web of Science Core Collection,TI05
FS-008494,Endogenous retrotransposable elements as a novel predictive biomarker of response to immunotherapy,Journal of Clinical Oncology,2024,Scopus,TI04
FS-008495,"Rapid synthesis of α(1,2)-D-mannans on the surface of<i> Mycobacterium</i><i> tuberculosis</i> and their nitric oxide-inducing activities",CARBOHYDRATE POLYMER TECHNOLOGIES AND APPLICATIONS,2023,Scopus;Web of Science Core Collection,TI04
FS-008524,Spontaneous longitudinal rupture of the thyroid cartilage: A management of the rare clinical case,International Journal of Surgery Case Reports,2024,Scopus;Web of Science Core Collection,TI04
FS-008542,Comprehensive whole genome and transcriptome analysis of patients with advanced solid tumor treated with immune checkpoint inhibitor therapy in the pan-cancer cohorts from the Marathon of Hope Cancer Centres Network Study (MOHCCN),Journal of Clinical Oncology,2024,Scopus,TI04
FS-008564,Takayasu arteritis and hyperthyroidism: A secondary hypertension case report,Medicine (United States),2023,Scopus;Web of Science Core Collection,TI04
FS-008567,Effects of a Phase III cardiac rehabilitation program on functional capacity and body composition for coronary heart disease; [Efectos de un programa de rehabilitación cardíaca fase III en la capacidad funcional y composición corporal en pacientes con cardiopatía isquémica],Rehabilitacion,2023,Scopus;Web of Science Core Collection,TI05
FS-008579,Alcohol and Skeletal Muscle in Health and Disease,Alcohol Research: Current Reviews,2023,Scopus;Web of Science Core Collection,TI04
FS-008585,Temporal Association Between Vaping and Risk of Cardiac Events,Mayo Clinic Proceedings,2024,Scopus;Web of Science Core Collection,TI04
FS-008586,The Association Between Objectively-Measured Physical Activity and Cognitive Functioning in Middle-Aged and Older People Living with HIV,AIDS and Behavior,2023,Scopus,TI05
FS-008592,Quercetin abrogates lipopolysaccharide-induced depressive-like symptoms by inhibiting neuroinflammation via microglial NLRP3/NFκB/iNOS signaling pathway,Behavioural Brain Research,2023,Scopus;Web of Science Core Collection,TI04
FS-008593,The stress-induced antinociceptive responses to the persistent inflammatory pain involve the orexin receptors in the nucleus accumbens,Neuropeptides,2023,Scopus;Web of Science Core Collection,TI04
FS-008605,"Competitive Analysis of the Binding Affinity of Montelukast, Zafirlukast and Gemilukast to CysLTR1, P2Y12 and PPAR-γ and their Possible Cardioprotective Effect: Using in silico Methods",Journal of Pharmacology and Pharmacotherapeutics,2024,Scopus;Web of Science Core Collection,TI04
FS-008606,Weight-drop model as a valuable tool to study potential neurobiological processes underlying behavioral and cognitive changes secondary to mild traumatic brain injury,Journal of Neuroimmunology,2023,Scopus;Web of Science Core Collection,TI04
FS-008617,"Effect of Dynamic Taping versus Kinesiology Taping on Pain, Foot Function, Balance, and Foot Pressure in 3 Groups of Plantar Fasciitis Patients: A Randomized Clinical Study",Medical Science Monitor,2023,Scopus;Web of Science Core Collection,TI04
FS-008621,"Race, Genotype, and Azathioprine Discontinuation A Cohort Study",Annals of Internal Medicine,2022,Scopus;Web of Science Core Collection,TI04
FS-008631,Irisin protects against sepsis-associated encephalopathy by suppressing ferroptosis via activation of the Nrf2/GPX4 signal axis,Free Radical Biology and Medicine,2022,Scopus;Web of Science Core Collection,TI04
FS-008642,Cryptotanshinone Protects Against Acute Pulmonary Edema,Experimed,2023,Scopus;Web of Science Core Collection,TI04
FS-008643,Is Tako-tsubo cardiomyopathy really reversible ?; [La Cardiomyopathie de Tako-tsubo est-elle réellement réversible ?],Annales de Cardiologie et d'Angeiologie,2022,Scopus,TI04
FS-008650,Extensive Spinal Epidural Hematoma as the Cause of Postpartum Headache and Neck Pain After Epidural Anesthesia: a Case-Based Report,SN Comprehensive Clinical Medicine,2022,Scopus,TI04
FS-008653,Blueberry Extract Modulates Brain Enzymes Activities and Reduces Neuroinflammation: Promising Effect on Lipopolysaccharide-Induced Depressive-Like Behavior,Neurochemical Research,2023,Scopus;Web of Science Core Collection,TI04
FS-008661,Diastolic Cardiomyopathy Secondary to Experimentally Induced Exacerbated Emphysema,American Journal of Respiratory Cell and Molecular Biology,2023,Scopus;Web of Science Core Collection,TI04
FS-008668,"D-dimers-Normal Levels versus Elevated Levels Due to a Range of Conditions, Including D-dimeritis, Inflammation, Thromboembolism, Disseminated Intravascular Coagulation, and COVID-19",Seminars in Thrombosis and Hemostasis,2022,Scopus;Web of Science Core Collection,TI04
FS-008669,Recurrent Acute Kidney Injury Caused by Idiopathic Renal Hypouricemia: The First Report from Iran with A Novel Mutation,Iranian Journal of Kidney Diseases,2022,Scopus;Web of Science Core Collection,TI04
FS-008677,Is there a relationship between aortic valve degeneration and left ventricle function?,Cor et Vasa,2023,Scopus;Web of Science Core Collection,TI04
FS-008688,<i>Salmonella enteritidis</i> and <i>Listeria monocytogenes</i>: inactivation effect and aerobic respiratory limitation of cold plasma treatment,JOURNAL OF CONSUMER PROTECTION AND FOOD SAFETY,2022,Scopus;Web of Science Core Collection,TI04
FS-008694,Gas-Permeable Highly Sensitive Nanomesh Humidity Sensor for Continuous Measurement of Skin Humidity,Advanced Materials Technologies,2022,Scopus;Web of Science Core Collection,TI05
FS-008704,"Outcomes of Antineoplastic Immunotherapy at a Large Healthcare Organization: Impact of Provider, Race and Socioeconomic Status",Cancer Management and Research,2023,Scopus;Web of Science Core Collection,TI04
FS-008706,Case report: Anterior mediastinal mass in a patient with pleural effusion and dyspnea,Frontiers in Surgery,2023,Scopus;Web of Science Core Collection,TI04
FS-008717,Primary ectopic meningioma in the thoracic cavity: A rare case report and review of the literature,Frontiers in Oncology,2023,Scopus,TI04
FS-008719,"Exploration of essential oil from Psychotria poeppigiana as an anti-hyperalgesic and anti-acetylcholinesterase agent: Chemical composition, biological activity and molecular docking",Journal of Ethnopharmacology,2022,Scopus,TI04
FS-008721,Nafamostat reduces systemic inflammation in TLR7-mediated virus-like illness,Journal of Neuroinflammation,2022,Scopus;Web of Science Core Collection,TI04
FS-008728,Identification of C-C motif chemokine ligand 5 as a heatdependent myokine,Endocrine Journal,2023,Scopus;Web of Science Core Collection,TI04
FS-008752,Impaired vascular function induced by aging: Role of irisin and perivascular adipose tissue,Journal of Research in Pharmacy,2023,Scopus,TI04
FS-008758,The effects of sex differences on delayed-onset muscle soreness by cold-water immersion following resistance exercise,Gazzetta Medica Italiana Archivio per le Scienze Mediche,2022,Scopus;Web of Science Core Collection,TI05
FS-008761,Lower limb strength training (LLST) modulates serum and urinary levels of renin angiotensin system molecules in healthy young males,Sport Sciences for Health,2022,Scopus;Web of Science Core Collection,TI05
FS-008773,"Effect of training on health outcome including fatigue, depression and quality of life in patients with systemic lupus erythromatosus",Beni-Suef University Journal of Basic and Applied Sciences,2021,Scopus,TI05
FS-008787,"Race, Specificity, and Statistics in Victorian Medicine",Journal of Victorian Culture,2022,Scopus;Web of Science Core Collection,TI04
FS-008815,Phonophoresis of semisolid formulation of<i> Zingiber</i><i> officinale</i> Roscoe hydroalcoholic extract improves quality of life in patients with moderate knee osteoarthritis: A randomized clinical trial,JOURNAL OF HERBAL MEDICINE,2021,Scopus;Web of Science Core Collection,TI04
FS-008817,Dynamics of cortisol and testosterone in acute response to a simulated Brazilian jiu-jitsu competition practiced by athletes with disabilities: multiple case study; [Dynamika kortyzolu i testosteronu w ostrej reakcji na symulowane zawody brazylijskiego jiu-jitsu uprawiane przez sportowców niepełnosprawnych: studium wielu przypadków],Ido Movement for Culture,2022,Scopus;Web of Science Core Collection,TI05
FS-008833,Incidental operating room fire from a breathing circuit warmer system: a case report,BMC Anesthesiology,2021,Scopus;Web of Science Core Collection,TI04
FS-008869,Minocycline-Loaded Poly(α-Lipoic Acid)– Methylprednisolone Prodrug Nanoparticles for the Combined Anti-Inflammatory Treatment of Spinal Cord Injury,International Journal of Nanomedicine,2022,Scopus,TI04
FS-008884,Association of Anti-β1 and Anti-M2 Antibodies with Autonomic Nervous System Modulation in Patients with Chronic Chagas Cardiomyopathy,International Journal of Cardiovascular Sciences,2022,Scopus,TI04
FS-008895,Inhibition of Nigral Microglial Activation Reduces Age-Related Loss of Dopaminergic Neurons and Motor Deficits,Cells,2022,Scopus;Web of Science Core Collection,TI04
FS-008905,Systemic administration of β-glucan induces immune training in microglia,Journal of Neuroinflammation,2021,Scopus;Web of Science Core Collection,TI04
FS-008907,Sudden death after inappropriate shocks of implantable cardioverter defibrillator in a catecholaminergic polymorphic ventricular tachycardia case with a novel RyR2 mutation,Journal of Electrocardiology,2021,Scopus;Web of Science Core Collection,TI04
FS-008915,Comparison of Ergometrine Maleate and Carbetocin in Prevention of Postpartum Hemorrhage in Cesarean Section and Their Effect on Inflammatory Factors,Latin American Journal of Pharmacy,2022,Scopus;Web of Science Core Collection,TI04
FS-008922,Cannabidiol prevents lipopolysaccharide-induced sickness behavior and alters cytokine and neurotrophic factor levels in the brain,Pharmacological Reports,2021,Scopus;Web of Science Core Collection,TI04
FS-008932,Shoulder Pain and Injury after COVID-19 Vaccination,Yale Journal of Biology and Medicine,2022,Scopus;Web of Science Core Collection,TI04
FS-008944,"New-onset diabetes after kidney transplantation: Diagnosis, risk factors, and management; [Novonastala šećerna bolest nakon transplantacije bubrega: Dijagnoza, rizični faktori i liječenje]",Acta Clinica Croatica,2021,Scopus;Web of Science Core Collection,TI04
FS-008973,Effect of prostaglandin J_2 nanoparticles on repairing exercise-induced bone defect,NANOMATERIALS AND ENERGY,2020,Scopus;Web of Science Core Collection,TI05
FS-008985,The influence of long-chain omega-3 fatty acids on eccentric exercise-induced delayed muscle soreness: Reported outcomes are compromised by study design issues,International Journal of Sport Nutrition and Exercise Metabolism,2021,Scopus;Web of Science Core Collection,TI05
FS-008988,Evaluation of Brain Cytokines and the Level of Brain-Derived Neurotrophic Factor in an Inflammatory Model of Depression,NeuroImmunoModulation,2021,Scopus;Web of Science Core Collection,TI04
FS-009023,End-organ function and exercise performance in patients with fontan circulation: What characterizes the high performers?,Journal of the American Heart Association,2020,Scopus;Web of Science Core Collection,TI05
FS-009051,Can l-carnitine supplementation improve cardiopulmonary function? A randomized controlled clinical trial in hemodialysis patients,Iranian Journal of Kidney Diseases,2020,Scopus;Web of Science Core Collection,TI04
FS-009055,Clinical improvement of cardiac function in a patient with systemic lupus erythematosus and heart failure with preserved ejection fraction treated with belimumab,BMJ Case Reports,2021,Scopus;Web of Science Core Collection,TI04
FS-009058,Dojuksan ameliorates tubulointerstitial fibrosis through irisin-mediated muscle-kidney crosstalk,Phytomedicine,2021,Scopus;Web of Science Core Collection,TI04
FS-009063,Ferulic acid alleviates lipopolysaccharide-induced depression-like behavior by inhibiting inflammation and apoptosis,Asian Pacific Journal of Tropical Biomedicine,2020,Scopus;Web of Science Core Collection,TI04
FS-009065,Effect of small dose ketamine on morphine requirement after intestinal surgery: A randomized controlled trial,Egyptian Journal of Anaesthesia,2021,Scopus;Web of Science Core Collection,TI04
FS-009069,Effects of empagliflozin on proinflammatory cytokines and other coronary risk factors in patients with type 2 diabetes mellitus: A single-arm real-world observation,International Journal of Clinical Pharmacology and Therapeutics,2021,Scopus,TI04
FS-009082,Mineralocorticoid Receptor in Smooth Muscle Contributes to Pressure Overload-Induced Heart Failure,Circulation: Heart Failure,2021,Scopus;Web of Science Core Collection,TI04
FS-009092,"Phase 1B, Randomized, Double-Blinded, Dose Escalation, Single-Center, Repeat Dose Safety and Pharmacodynamics Study of the Oral NLRP3 Inhibitor Dapansutrile in Subjects With NYHA II-III Systolic Heart Failure",Journal of Cardiovascular Pharmacology,2021,Scopus;Web of Science Core Collection,TI04
FS-009098,Nanomembrane-based apheresis as safe and effective therapy for cytomegalovirus and epstein-barr virus reactivation,Open Access Macedonian Journal of Medical Sciences,2021,Scopus,TI04
FS-009108,The effects of wild ginseng extract on psychomotor and neuromuscular performance recovery following acute eccentric exercise: A preliminary study,Applied Sciences (Switzerland),2020,Scopus;Web of Science Core Collection,TI05
FS-009111,Pleural lump after paragonimiasis treated by thoracoscopy: A case report,World Journal of Clinical Cases,2021,Scopus;Web of Science Core Collection,TI04
FS-009113,A Challenging Diagnosis of Atypical Glut1-DS: A Case Report and Literature Review,Frontiers in Neurology,2021,Scopus;Web of Science Core Collection,TI04
FS-009120,Breast Cancer Early Detection in Eswatini: Evaluation of a training curriculum and patient receipt of recommended follow-up care,JCO Global Oncology,2021,Scopus;Web of Science Core Collection,TI04
FS-009132,Duloxetine reverses the symptoms of overactive bladder co-existing with depression via the central pathways,Pharmacology Biochemistry and Behavior,2020,Scopus;Web of Science Core Collection,TI04
FS-009133,"Effects of prolonged confined isolation on status of inflammation, endothelial activation and function: In preparation for possible future manned space expedition to mars",Pertanika Journal of Science and Technology,2020,Scopus;Web of Science Core Collection,TI04
FS-009137,Ganoderma lucidum Ameliorates Neurobehavioral Changes and Oxidative Stress Induced by Ethanol Binge Drinking,Oxidative Medicine and Cellular Longevity,2020,Scopus;Web of Science Core Collection,TI04
FS-009140,Modified acid-PAGE method for rapid screening and phenotyping of wheat gliadin mutant lines,MethodsX,2020,Scopus;Web of Science Core Collection,TI04
FS-009145,Tuberculosis Infection Among People With Diabetes: United States Population Differences by Race/Ethnicity,American Journal of Preventive Medicine,2020,Scopus;Web of Science Core Collection,TI04
FS-009149,"Associations between prenatal exposure to DDT and DDE and allergy symptoms and diagnoses in the Venda Health Examination of Mothers, Babies and their Environment (VHEMBE), South Africa",Environmental Research,2020,Scopus;Web of Science Core Collection,TI04
FS-009165,Food Allergy from Infancy Through Adulthood,Journal of Allergy and Clinical Immunology: In Practice,2020,Scopus,TI04
FS-009171,"Prophylactic (R,S)-ketamine selectively protects against inflammatory stressors",Behavioural Brain Research,2020,Scopus;Web of Science Core Collection,TI04
FS-009194,"Intramyocellular lipids, insulin resistance, and functional performance in patients with severe obstructive sleep apnea",Nature and Science of Sleep,2020,Scopus;Web of Science Core Collection,TI05
FS-009196,"Malignant Hyperthermia in Bariatric Surgery: A Case Study With Clinical, Pathophysiological, Biochemical and Biophysical Correlations",Journal of Medical Cases,2020,Scopus,TI04
FS-009200,The effect of essential oil of rosemary on eccentric exercise-induced delayed-onset muscle soreness in non-active women,Comparative Exercise Physiology,2020,Scopus;Web of Science Core Collection,TI05
FS-009205,An Estimation Model for Cardiorespiratory Fitness in Adults with Rheumatoid Arthritis,Medicine and Science in Sports and Exercise,2020,Scopus;Web of Science Core Collection,TI05
FS-009212,Constitutive PGC-1α overexpression in skeletal muscle does not protect from age-dependent decline in neurogenesis,Scientific Reports,2019,Scopus;Web of Science Core Collection,TI04
FS-009213,Effects of vibration therapy and vitamin D supplement on eccentric exercise-induced delayed onset muscle soreness in female students,Comparative Exercise Physiology,2020,Scopus;Web of Science Core Collection,TI05
FS-009232,Effects of acute supplementation of honey on endurance performance in Male university students,Indian Journal of Physiology and Pharmacology,2020,Scopus,TI05
FS-009262,Chronic inducible urticaria: Classification and prominent features of physical and non-physical types,"Acta Dermatovenerologica Alpina, Pannonica et Adriatica",2020,Scopus;Web of Science Core Collection,TI04
FS-009263,Irisin Protects Brain against Ischemia/Reperfusion Injury through Suppressing TLR4/MyD88 Pathway,Cerebrovascular Diseases,2020,Scopus;Web of Science Core Collection,TI04
FS-009267,Lessons of the month: HLA-B27-associated syndrome and spontaneous intracranial hypotension resulting in behavioural variant frontotemporal dementia,"Clinical Medicine, Journal of the Royal College of Physicians of London",2020,Scopus;Web of Science Core Collection,TI04
FS-009271,"Corm-3 regulates microglia activity, prevents neuronal injury, and im-proves memory function during radiation-induced brain injury",Current Neurovascular Research,2020,Scopus;Web of Science Core Collection,TI04
FS-009283,Development of intestinal bioavailability prediction (IBP) and phytochemical relative antioxidant potential prediction (PRAPP) models for optimizing functional food value of<i>Cannabis sativa</i>(hemp),INTERNATIONAL JOURNAL OF FOOD PROPERTIES,2020,Scopus;Web of Science Core Collection,TI04
FS-009324,ATP-induced increase in intracellular calcium levels and subsequent activation of mTOR as regulators of skeletal muscle hypertrophy,International Journal of Molecular Sciences,2018,Scopus;Web of Science Core Collection,TI04
FS-009352,Alterations of the human skin microbiome after ocean water exposure,Marine Pollution Bulletin,2019,Scopus,TI04
FS-009356,Lipid transfer protein sensitization in an apple-allergic patient: A case report from Northern Europe,European Annals of Allergy and Clinical Immunology,2019,Scopus;Web of Science Core Collection,TI04
FS-009370,No sex-specific differences in the acute antidepressant actions of (R)-ketamine in an inflammation model,International Journal of Neuropsychopharmacology,2018,Scopus;Web of Science Core Collection,TI04
FS-009383,Vitamin c and neutrophil function: Findings from randomized controlled trials,Nutrients,2019,Scopus,TI04
FS-009412,"Physical exercise improves aging-related changes in angiotensin, IGF-1, SIRT1, SIRT3, and VEGF in the substantia Nigra",Journals of Gerontology - Series A Biological Sciences and Medical Sciences,2018,Scopus;Web of Science Core Collection,TI05
FS-009422,"Training and evaluation of community health workers (Chws): Towards improving maternal and newborn survival in an urban setting in kwazulu-natal, South Africa",Open Public Health Journal,2019,Scopus,TI04
FS-009427,24-hour dynamics for serum biomarkers of creatine metabolism after an acute session of exhaustive resistance exercise in active men; [Cinétique sur 24 heures des biomarqueurs sériques du métabolisme de la créatine après une séance d'exercice exhaustif en résistance chez des sujets masculins pratiquant une activité physique],Science and Sports,2019,Scopus;Web of Science Core Collection,TI05
FS-009441,Persistent central inflammation and region specific cellular activation accompany depression- and anxiety-like behaviours during the resolution phase of experimental colitis,"Brain, Behavior, and Immunity",2019,Scopus;Web of Science Core Collection,TI04
FS-009443,Irisin contributes to the hepatoprotection of dexmedetomidine during intestinal ischemia/reperfusion,Oxidative Medicine and Cellular Longevity,2019,Scopus;Web of Science Core Collection,TI04
FS-009444,Melatonin attenuates LPS-induced acute depressive-like behaviors and microglial NLRP3 inflammasome activation through the SIRT1/Nrf2 pathway,Frontiers in Immunology,2019,Scopus;Web of Science Core Collection,TI04
FS-009445,Head-out immersion in hot water does not increase serum CXCL1 in healthy men,Trends in Immunotherapy,2019,Scopus,TI04
FS-009449,Physical activity and health-related quality of life in chronic non-bacterial osteomyelitis,Pediatric Rheumatology,2019,Scopus;Web of Science Core Collection,TI05
FS-009470,<i>Ginkgo biloba</i> preparation prevents and treats senile dementia by inhibiting neuro-inflammatory responses,TROPICAL JOURNAL OF PHARMACEUTICAL RESEARCH,2018,Scopus;Web of Science Core Collection,TI04
FS-009486,The runaway croup train: Off the pathway and through the woods,Hospital Pediatrics,2019,Scopus,TI04
FS-009496,Walking performances and muscle oxygen desaturation are increased after supervised exercise training in Takayasu arteritis: A case report and a review of the literature,European Heart Journal - Case Reports,2018,Scopus,TI05
FS-009513,Potential of GHB phase-II-metabolites to complement current approaches in GHB post administration detection,Forensic Science International,2017,Scopus;Web of Science Core Collection,TI04
FS-009545,JAK/STAT-1 Signaling Is Required for Reserve Intestinal Stem Cell Activation during Intestinal Regeneration Following Acute Inflammation,Stem Cell Reports,2018,Scopus,TI04
FS-009548,3-methyadenine attenuates chloroform-induced hepatotoxicity via autophagy activation,Biomedical Research (Japan),2018,Scopus;Web of Science Core Collection,TI04
FS-009555,Intravenous infusion of xenon-containing liposomes generates rapid antidepressant-like effects,Progress in Neuro-Psychopharmacology and Biological Psychiatry,2018,Scopus,TI04
FS-009569,Leucine and glycine dipeptides of porcine placenta ameliorate physical Fatigue through enhancing dopaminergic systems,Molecular Medicine Reports,2018,Scopus;Web of Science Core Collection,TI05
FS-009571,Impaired collateral vessel formation in sickle cell disease,"Arteriosclerosis, Thrombosis, and Vascular Biology",2018,Scopus,TI04
FS-009607,Exercise induces muscle fiber type switching via transient receptor potential melastatin 2-dependent Ca2+ signaling,Journal of Applied Physiology,2018,Scopus;Web of Science Core Collection,TI05
FS-009617,The effect of an acute systemic inflammatory insult on the chronic effects of a single mild traumatic brain injury,Behavioural Brain Research,2018,Scopus;Web of Science Core Collection,TI04
FS-009619,Development of a tool predicting severity of allergic reaction during peanut challenge,"Annals of Allergy, Asthma and Immunology",2018,Scopus;Web of Science Core Collection,TI04
FS-009637,"Angiotensin receptor blocker, losartan ameliorates neuroinflammation and behavioral consequences of lipopolysaccharide injection",Life Sciences,2018,Scopus;Web of Science Core Collection,TI04
FS-009646,Evaluation of blood lactate and plasma insulin during high-intensity exercise by antecubital vein catheterization,Journal of Visualized Experiments,2018,Scopus;Web of Science Core Collection,TI05
FS-009651,AMPK contributes to aerobic exercise-induced antinociception downstream of endocannabinoids,Neuropharmacology,2017,Scopus;Web of Science Core Collection,TI05
FS-009654,"Glomerular disease frequencies by race, sex and region: Results from the International Kidney Biopsy Survey",Nephrology Dialysis Transplantation,2018,Scopus;Web of Science Core Collection,TI04
FS-009659,Salivary hormones are markedly affected by sambo exercise in female athletes; [Gli ormoni salivari di atleti di sesso femminile subiscono notevoli modifiche con la pratica del sambo],Medicina dello Sport,2017,Scopus;Web of Science Core Collection,TI05
FS-009666,Comparison of lactate and β-hydroxybutyrate in the treatment of concanavalin-A induced hepatitis,International Immunopharmacology,2018,Scopus;Web of Science Core Collection,TI04
FS-009672,"Natural sports supplement formulation for physical endurance: a randomized, double-blind, placebo-controlled study",Sport Sciences for Health,2017,Scopus,TI05
FS-009684,A pair of identical twins discordant for myalgic encephalomyelitis/chronic fatigue syndrome differ in physiological parameters and gut microbiome composition,American Journal of Case Reports,2016,Scopus;Web of Science Core Collection,TI04
FS-009688,Effect of Plai cream [<i>Zingiber montanum</i> (J.Koenig) Link ex A.Dietr. syn. <i>Zingiber cassumunar</i> Roxb.] combined with. ultrasound on delayed onset muscle soreness,INDIAN JOURNAL OF TRADITIONAL KNOWLEDGE,2017,Scopus;Web of Science Core Collection,TI05
FS-009690,Photobiomodulation in human muscle tissue: an advantage in sports performance?,Journal of Biophotonics,2016,Scopus,TI05
FS-009701,Inhibition of Endocannabinoid Degradation Improves Outcomes from Mild Traumatic Brain Injury: A Mechanistic Role for Synaptic Hyperexcitability,Journal of Neurotrauma,2017,Scopus;Web of Science Core Collection,TI04
FS-009702,Ibuprofen intake increases exercise time to exhaustion: A possible role for preventing exercise-induced fatigue,Scandinavian Journal of Medicine and Science in Sports,2016,Scopus;Web of Science Core Collection,TI05
FS-009711,"Swiss ball exercises improves muscle strength and walking performance in ankylosing spondylitis: a randomized controlled trial; [Exercícios na bola suíça melhoram a força muscular e o desempenho na caminhada na espondilite anquilosante: estudo clínico, controlado e randomizado]",Revista Brasileira de Reumatologia,2017,Scopus,TI05
FS-009731,Bilateral Posterior Tibial Tendon and Flexor Digitorum Longus Dislocations: A Case Report,Foot and Ankle Specialist,2017,Scopus,TI04
FS-009738,Exercise and Peripheral Nerve Grafts as a Strategy to Promote Regeneration after Acute or Chronic Spinal Cord Injury,Journal of Neurotrauma,2017,Scopus;Web of Science Core Collection,TI05
FS-009739,Clearing the road to Havana: Settling legally questionable terrorism judgments to ensure normalization of relations between the united States and Cuba,New York University Law Review,2016,Scopus;Web of Science Core Collection,TI04
FS-009753,Inspiratory muscle weakness in patients with Chagas heart disease: Echocardiographic and functional predictors,IJC Metabolic and Endocrine,2017,Scopus;Web of Science Core Collection,TI04
FS-009774,Exendin-4 treatment improves LPS-induced depressive-like behavior without affecting pro-inflammatory cytokines,Journal of Parkinson's Disease,2017,Scopus;Web of Science Core Collection,TI04
FS-009777,The effects of a tart cherry beverage on reducing exercise-induced muscle soreness,Isokinetics and Exercise Science,2017,Scopus;Web of Science Core Collection,TI05
FS-009779,Exercise-induced physiological lubrication mechanisms dissipating arthritic joint pain,"South African Journal for Research in Sport, Physical Education and Recreation",2017,Scopus;Web of Science Core Collection,TI05
FS-009790,Myocardial apoptosis and mesenchymal stem cells with acute exercise,Physiological Reports,2017,Scopus;Web of Science Core Collection,TI05
FS-009816,Osteocalcin Signaling in Myofibers Is Necessary and Sufficient for Optimum Adaptation to Exercise,Cell Metabolism,2016,Scopus;Web of Science Core Collection,TI05
FS-009818,Immune-mediated rippling muscle disease and myasthenia gravis,Journal of Neuroimmunology,2016,Scopus;Web of Science Core Collection,TI04
FS-009824,Procalcitonin Under the Course of Budesonide Inhalation Therapy in Recurrent Airway Obstruction,Journal of Equine Veterinary Science,2016,Scopus;Web of Science Core Collection,TI04
FS-009829,Exertional dyspnoea in interstitial lung diseases: The clinical utility of cardiopulmonary exercise testing,European Respiratory Review,2017,Scopus;Web of Science Core Collection,TI05
FS-009848,Association of serum irisin concentrations with presence and severity of coronary artery disease,Medical Science Monitor,2016,Scopus;Web of Science Core Collection,TI04
FS-009877,Epidemiology of angioedema without wheals in an allergy and immunology center; [Epidemiología del angioedema sin urticaria en un consultorio de alergia e inmunología],Medicina (Argentina),2015,Scopus,TI04
FS-009883,β-Caryophyllene alleviates d-galactosamine and lipopolysaccharide-induced hepatic injury through suppression of the TLR4 and RAGE signaling pathways,European Journal of Pharmacology,2015,Scopus;Web of Science Core Collection,TI04
FS-009889,Gluten and wheat sensitivities - An overview,Journal of Cereal Science,2016,Scopus;Web of Science Core Collection,TI04
FS-009901,Long distance run induced hydration and kidney function changes in marathoners,Motriz. Revista de Educacao Fisica,2015,Scopus,TI05
FS-009907,"Impact-driven, pulmonary emboli of osseous fat in exercise-induced bronchospasm",Medical Hypotheses,2015,Scopus;Web of Science Core Collection,TI05
FS-009924,Effect of sprint training on resting serum irisin concentration-Sprint training once daily vs. twice every other day,Metabolism: Clinical and Experimental,2016,Scopus;Web of Science Core Collection,TI05
FS-009945,Orange-Pigmented Sputum as a Manifestation of Smoke Grenade Inhalation Injury,Journal of Bronchology and Interventional Pulmonology,2016,Scopus;Web of Science Core Collection,TI04
FS-009953,Enhanced functional recovery from sciatic nerve crush injury through a combined treatment of cold-water swimming and mesenchymal stem cell transplantation,Neurological Research,2015,Scopus;Web of Science Core Collection,TI05
FS-009956,"Inflammation as a mediator of the association between race and atrial fibrillation results from the health ABC study (Health, Aging, and Body Composition)",JACC: Clinical Electrophysiology,2015,Scopus,TI04
FS-009963,Diversity of food allergy,Journal of Nutritional Science and Vitaminology,2015,Scopus;Web of Science Core Collection,TI04
FS-009969,Tissue underlying the intestinal epithelium elicits proliferation of intestinal stem cells following cytotoxic damage,Cell and Tissue Research,2015,Scopus;Web of Science Core Collection,TI04
FS-009995,Voluntary Exercise Preconditioning Activates Multiple Antiapoptotic Mechanisms and Improves Neurological Recovery after Experimental Traumatic Brain Injury,Journal of Neurotrauma,2015,Scopus;Web of Science Core Collection,TI05
FS-010003,Hypoxia-inducible factor-1 modulates the expression of vascular endothelial growth factor and endothelial nitric oxide synthase induced by eccentric exercise,Journal of Applied Physiology,2015,Scopus;Web of Science Core Collection,TI05
FS-010008,Possible involvement of the JAK/STAT signaling pathway in N-acetylcysteine-mediated antidepressant-like effects,Experimental Biology and Medicine,2016,Scopus;Web of Science Core Collection,TI04
FS-010013,Methamphetamine blocks exercise effects on Bdnf and Drd2 gene expression in frontal cortex and striatum,Neuropharmacology,2015,Scopus;Web of Science Core Collection,TI05
FS-010018,Neuroprotective mechanism of losartan and its interaction with nimesulide against chronic fatigue stress,Inflammopharmacology,2015,Scopus;Web of Science Core Collection,TI04
FS-010027,New therapeutic effects of cilostazol in patients with ischemic disorders,Current Vascular Pharmacology,2015,Scopus;Web of Science Core Collection,TI04
FS-010039,"Body Weight, Serum Sodium Levels, and Renal Function in an Ultra-Distance Mountain Run",Clinical Journal of Sport Medicine,2015,Scopus;Web of Science Core Collection,TI05
FS-010054,The influence of obesity and body mass reduction on oxygen uptake measured by cardiopulmonary exercise testing - preliminary results; [Wpływ otyłości i odchudzania na pobór tlenu określany na podstawie oceny reakcji układu kra{ogonek}żenia i oddechowego na wysiłek fizyczny - wste{ogonek}pne wyniki],Alergia Astma Immunologia,2014,Scopus,TI05
FS-010063,Eccentric exercise leads to performance decrease and insulin signaling impairment,Medicine and Science in Sports and Exercise,2014,Scopus;Web of Science Core Collection,TI05
FS-010068,Performance Food: Promoting foods with a functional benefit in sports performance,Nutrition Bulletin,2013,Scopus;Web of Science Core Collection,TI05
FS-010093,"Examination of the combined effects of chondroitinase ABC, growth factors and locomotor training following compressive spinal cord injury on neuroanatomical plasticity and kinematics",PLoS ONE,2014,Scopus;Web of Science Core Collection,TI05
FS-010108,Is yoga training beneficial for exercise-induced bronchoconstriction?,Alternative Therapies in Health and Medicine,2014,Scopus;Web of Science Core Collection,TI05
FS-010111,"Cognitive impairment induced by permanent bilateral common carotid occlusion exacerbates depression-related behavioral, biochemical, immunological and neuronal markers",Brain Research,2015,Scopus;Web of Science Core Collection,TI04
FS-010120,"Timing of statin therapy may eliminate its toxicity and increase its bioactivity, said professor Halberg, the Lord of Time",World Heart Journal,2014,Scopus,TI04
FS-010124,Inhibition of lung inflammatory responses by bornyl acetate is correlated with regulation of myeloperoxidase activity,Journal of Surgical Research,2014,Scopus;Web of Science Core Collection,TI04
FS-010125,Combined inhalation of beta2-agonists improves swim ergometer sprint performance but not high-intensity swim performance,Scandinavian Journal of Medicine and Science in Sports,2014,Scopus;Web of Science Core Collection,TI05
FS-010128,A proprietary polyphenolic blend offers improved strength recovery and reduced delayed onset muscle soreness post-exercise,Journal of the International Society of Sports Nutrition,2014,Scopus,TI05
FS-010135,Developing and emerging clinical asthma phenotypes,Journal of Allergy and Clinical Immunology: In Practice,2014,Scopus;Web of Science Core Collection,TI04
FS-010139,The metrics of MWCNT-induced pulmonary inflammation are dependent on the selected testing regimen,Regulatory Toxicology and Pharmacology,2014,Scopus;Web of Science Core Collection,TI04
FS-010140,Genipin attenuates lipopolysaccharide-induced persistent changes of emotional behaviors and neural activation in the hypothalamic paraventricular nucleus and the central amygdala nucleus,European Journal of Pharmacology,2014,Scopus;Web of Science Core Collection,TI04
FS-010143,Anaphylaxis - a complex clinical problem; [Anafilaksja - złożony problem kliniczny],Alergia Astma Immunologia,2014,Scopus,TI04
FS-010151,Clinical presentation of sarcoidosis and diagnostic work-up,Seminars in Respiratory and Critical Care Medicine,2014,Scopus,TI04
FS-010155,Underlying inflammation has no impact on the oxidative stress response to acute mental stress,"Brain, Behavior, and Immunity",2014,Scopus;Web of Science Core Collection,TI04
FS-010179,Adenovirus 36 attenuates weight loss from exercise but improves glycemic control by increasing mitochondrial activity in the liver,PLoS ONE,2014,Scopus;Web of Science Core Collection,TI05
FS-010185,Role of sodium-hydrogen exchanger-1 (NHE-1) in the effect of exercise on intermittent hypoxia-induced left ventricular dysfunction,Chinese Journal of Physiology,2015,Scopus;Web of Science Core Collection,TI05
FS-010193,Effect of race on outcomes after allogeneic hematopoietic cell transplantation for severe aplastic anemia,American Journal of Hematology,2014,Scopus;Web of Science Core Collection,TI04
FS-010207,Inflammation early in life is a vulnerability factor for emotional behavior at adolescence and for lipopolysaccharide-induced spatial memory and neurogenesis alteration at adulthood,Journal of Neuroinflammation,2014,Scopus;Web of Science Core Collection,TI04
FS-010215,Epithelial regulation of eicosanoid production in asthma,Pulmonary Pharmacology and Therapeutics,2012,Scopus;Web of Science Core Collection,TI04
FS-010221,Exercise induced changes in spirometry and impulse oscillometry measurements in persistent allergic rhinitis,"Iranian Journal of Allergy, Asthma and Immunology",2012,Scopus,TI05
FS-010223,Personal exposure to specific volatile organic compounds and acute changes in lung function and heart rate variability among urban cyclists,Environmental Research,2012,Scopus;Web of Science Core Collection,TI05
FS-010243,Weight cycling increases T-cell accumulation in adipose tissue and impairs systemic glucose tolerance,Diabetes,2013,Scopus,TI04
FS-010245,TP53 p.R337H is a conditional cancer-predisposing mutation: Further evidence from a homozygous patient,BMC Cancer,2013,Scopus;Web of Science Core Collection,TI04
FS-010275,Analysis of in situ and ex vivo αVβ3 integrin expression during experimental carotid atherogenesis,International Journal of Nanomedicine,2012,Scopus;Web of Science Core Collection,TI04
FS-010287,CaMKII activity is reduced in skeletal muscle during sepsis,Journal of Cellular Biochemistry,2013,Scopus;Web of Science Core Collection,TI04
FS-010299,Effects of 5-fluorouracil chemotherapy on fatigue: Role of MCP-1,"Brain, Behavior, and Immunity",2013,Scopus;Web of Science Core Collection,TI04
FS-010303,"Stress amplifies lung tissue mechanics, inflammation and oxidative stress induced by chronic inflammation",Experimental Lung Research,2012,Scopus;Web of Science Core Collection,TI04
FS-010310,Transplantation of adipose-derived stem cells in experimental chronic chagasic cardiopathy,Arquivos Brasileiros de Cardiologia,2013,Scopus,TI04
FS-010312,Mesenchymal stem cells contribute to vascular growth in skeletal muscle in response to eccentric exercise,American Journal of Physiology - Heart and Circulatory Physiology,2013,Scopus;Web of Science Core Collection,TI05
FS-010325,Environmentally persistent free radicals decrease cardiac function and increase pulmonary artery pressure,American Journal of Physiology - Heart and Circulatory Physiology,2012,Scopus;Web of Science Core Collection,TI04
FS-010327,Chronic eosinophilic pneumonia with persistent decreased diffusing capacity for carbon monoxide,BMJ Case Reports,2013,Scopus,TI04
FS-010333,Seasonal variation in skin sensitivity to aeroallergens,"Allergy, Asthma and Immunology Research",2013,Scopus,TI04
FS-010337,Association between muscle strength and the cardiopulmonary status of individuals living with HIV/AIDS,Clinics,2013,Scopus;Web of Science Core Collection,TI05
FS-010346,Microglial activation in immunologically induced fatigue,Advances in Neuroimmune Biology,2013,Scopus;Web of Science Core Collection,TI04
FS-010365,Nutritional strategies to counteract muscle atrophy caused by disuse and to improve recovery,Nutrition Research Reviews,2013,Scopus,TI04
FS-010379,Aldosterone synergizes with peripheral inflammation to induce brain IL-1β expression and depressive-like effects,Cytokine,2012,Scopus;Web of Science Core Collection,TI04
FS-010395,Anaphylaxis from ingestion of mites: Pancake anaphylaxis,Journal of Allergy and Clinical Immunology,2013,Scopus,TI04
FS-010397,Sports in extreme conditions: The impact of exercise in cold temperatures on asthma and bronchial hyper-responsiveness in athletes,British Journal of Sports Medicine,2012,Scopus;Web of Science Core Collection,TI05
FS-010405,"Brain injury: Neuro-inflammation, cognitive deficit, and magnetic resonance imaging in a model of blast induced traumatic brain injury",Journal of Neurotrauma,2013,Scopus,TI04
FS-010413,When the chief complaint is (or should be) dyspnea in adults,Journal of Allergy and Clinical Immunology: In Practice,2013,Scopus;Web of Science Core Collection,TI04
FS-010423,Preventive effects of purslane extract on delayed onset muscle soreness induced by one session bench-stepping exercise,Isokinetics and Exercise Science,2011,Scopus;Web of Science Core Collection,TI05
FS-010430,Bronchial hyperresponsiveness - pathogenesis and diagnostics; [Nadreaktywność oskrzeli - patogeneza i diagnostyka],Alergia Astma Immunologia,2011,Scopus,TI04
FS-010438,Progressive pigmentary purpura,Dermatology Online Journal,2011,Scopus,TI04
FS-010455,The relationship between factor VIII and coronary artery diseases; [Faktör VIII düzeyi i̇le koroner arter hastalı ǧı arası ndaki i̇lişki],Haseki Tip Bulteni,2012,Scopus,TI04
FS-010467,In vivo toll-like receptor 4 antagonism restores cardiac function during endotoxemia,Shock,2011,Scopus;Web of Science Core Collection,TI04
FS-010480,Resistance and aerobic exercise protects against acute endothelial impairment induced by a single exposure to hypertension during exertion,Journal of Applied Physiology,2011,Scopus;Web of Science Core Collection,TI05
FS-010486,Allergic inflammation in the human lower respiratory tract affected by exposure to diesel exhaust.,Research report (Health Effects Institute),2012,Scopus,TI04
FS-010489,Comparison between cardiopulmonary exercise testing parameters and computed tomography findings in patients with thoracic sarcoidosis,Lung,2011,Scopus,TI05
FS-010495,Combined use of serum adiponectin and tumor necrosis factor-alpha receptor 2 levels was comparable to 2-hour post-load glucose in diabetes prediction,PLoS ONE,2012,Scopus,TI04
FS-010502,Association of non-steroidal anti-inflammatory drug use and self-reported running performance in recreational marathon runners,Gazzetta Medica Italiana Archivio per le Scienze Mediche,2012,Scopus,TI05
FS-010506,Lung function diagnostics of asthma; [Funkcionalna dijagnostika astme],Medicus,2011,Scopus,TI04
FS-010515,Exercise-induced bronchoconstriction: Asthma in athletes,International SportMed Journal,2011,Scopus,TI05
FS-010517,Urinary catecholamine responses to futsal-specific intermittent exercise,Japanese Journal of Physical Fitness and Sports Medicine,2011,Scopus,TI05
FS-010529,Cardiopulmonary exercise testing for the assessment of exercise capacity in patients with cardiac syndrome X,International Journal of Cardiology,2012,Scopus,TI05
FS-010531,Anti-apoptotic and pro-survival effects of exercise training on hypertensive hearts,Journal of Applied Physiology,2012,Scopus;Web of Science Core Collection,TI05
FS-010538,A comparative study of different bio-processing methods for reduction in wheat flour allergens,European Food Research and Technology,2011,Scopus;Web of Science Core Collection,TI04
FS-010541,Time-dependent in-vivo effects of interleukin-2 on neurotransmitters in various cortices: Relationships with depressive-related and anxiety-like behaviour,Journal of Neuroimmunology,2011,Scopus;Web of Science Core Collection,TI04
FS-010548,Study of postprandial variation of routine haematological parameters in healthy subjects,Medico-Legal Update,2012,Scopus,TI04
FS-010557,Aerobic training affects fatty acid composition of erythrocyte membranes,Lipids in Health and Disease,2011,Scopus;Web of Science Core Collection,TI05
FS-010559,Different COPD disease characteristics are related to different outcomes in the 6-minute walk test,COPD: Journal of Chronic Obstructive Pulmonary Disease,2012,Scopus;Web of Science Core Collection,TI05
FS-010567,Effect of vitamin C supplements on physical performance,Current Sports Medicine Reports,2012,Scopus,TI05
FS-010570,Stress-induced hyperalgesia is associated with a reduced and delayed GABA inhibitory control that enhances post-synaptic NMDA receptor activation in the spinal cord,Pain,2011,Scopus;Web of Science Core Collection,TI04
FS-010582,Exercise-induced BCL2-regulated autophagy is required for muscle glucose homeostasis,Nature,2012,Scopus;Web of Science Core Collection,TI05
FS-010595,Mood and selective attention in the cold: the effect of interval versus continuous exercise,European Journal of Applied Physiology,2011,Scopus,TI05
FS-010601,Montelukast for symptom control of interstitial cystitis,Annals of Pharmacotherapy,2011,Scopus,TI04
FS-010603,"Long-term safety, tolerability, and efficacy of the dipeptidyl peptidase-4 inhibitor sitagliptin in Japanese patients with type 2 diabetes",Diabetology International,2011,Scopus;Web of Science Core Collection,TI04
FS-010613,A case of diffuse panbronchiolitis complicated by peripheral T cell lymphoma not otherwise specified,Respiration,2012,Scopus;Web of Science Core Collection,TI04
FS-010616,"Intracerebroventricular administration of HIV-1 Tat induces brain cytokine and indoleamine 2,3-dioxygenase expression: A possible mechanism for AIDS comorbid depression","Brain, Behavior, and Immunity",2011,Scopus;Web of Science Core Collection,TI04
FS-010623,Physiological and pathological angiogenesis in the adult pulmonary circulation,Comprehensive Physiology,2011,Scopus;Web of Science Core Collection,TI04
FS-010634,Increased prevalence of Chlamydia pneumoniae antibodies and restenosis of coronary arteries after Percutaneous Transluminal Coronary Angioplasty (PTCA),"Review of Clinical Pharmacology and Pharmacokinetics, International Edition",2009,Scopus,TI04
FS-010646,The effects of omega-3 supplementation on pulmonary function of young wrestlers during intensive training,Journal of Science and Medicine in Sport,2010,Scopus;Web of Science Core Collection,TI05
FS-010647,Alternatives to exercise challenge for the objective assessment of exercise induced bronchospasm: Eucapnic voluntary hyperpnoea and the osmotic challenge tests,Breathe,2010,Scopus,TI05
FS-010648,Effect of free and peptide-bound glutamine supplementation and preparation,Agro Food Industry Hi-Tech,2010,Scopus;Web of Science Core Collection,TI04
FS-010651,Use of the inhaled corticosteroid to bronchodilator ratio in an audit of the treatment of asthma in an academic family medicine residency programme,Journal of Primary Health Care,2010,Scopus;Web of Science Core Collection,TI04
FS-010659,"Reduced helminth burden increases allergen skin sensitization but not clinical allergy: A randomized, double-blind, placebo-controlled trial in Vietnam",Clinical and Experimental Allergy,2010,Scopus;Web of Science Core Collection,TI04
FS-010665,Lack of specificity of the 6-minute walk test as an outcome measure for patients with systemic sclerosis,Journal of Rheumatology,2009,Scopus;Web of Science Core Collection,TI05
FS-010673,Cost-effectiveness of school-based asthma screening in an urban setting,Journal of Allergy and Clinical Immunology,2010,Scopus,TI04
FS-010675,Prognostic bases of asthma. Natural history?,Allergologia et Immunopathologia,2010,Scopus;Web of Science Core Collection,TI04
FS-010677,HLA genotyping in the international Type 1 Diabetes Genetics Consortium,Clinical Trials,2010,Scopus,TI04
FS-010682,Impact of exercise training on myostatin expression in the myocardium and skeletal muscle in a chronic heart failure model,European Journal of Heart Failure,2009,Scopus;Web of Science Core Collection,TI05
FS-010684,Fatal dissection of the pulmonary artery in pulmonary arterial hypertension,European Respiratory Review,2009,Scopus;Web of Science Core Collection,TI04
FS-010697,Uncommon clinical pattern of FMF: Protracted febrile myalgia syndrome,Rheumatology International,2010,Scopus;Web of Science Core Collection,TI04
FS-010716,Transformation of the US bread wheat 'Butte 86' and silencing of omega-5 gliadin genes.,GM crops,2011,Scopus,TI04
FS-010717,Assessment of vascular function: Flow-mediated constriction complements the information of flow-mediated dilatation,Heart,2010,Scopus;Web of Science Core Collection,TI04
FS-010718,Neurochemical and behavioral alterations in an inflammatory model of depression: Sex differences exposed,Neuroscience,2009,Scopus,TI04
FS-010726,Granulocyte-colony stimulating factor treatment of chronic myocardial infarction,Cardiovascular Drugs and Therapy,2010,Scopus;Web of Science Core Collection,TI04
FS-010727,Differential cardiac remodeling in preload versus afterload,Circulation,2010,Scopus;Web of Science Core Collection,TI04
FS-010762,Anti-inflammatory effects of polyunsaturated fatty acids on the inflammatory response in asthma,Agro Food Industry Hi-Tech,2009,Scopus;Web of Science Core Collection,TI04
FS-010765,Disconnect between standardized field-based testing and mannitol challenge in Scottish elite swimmers,Clinical and Experimental Allergy,2010,Scopus;Web of Science Core Collection,TI05
FS-010773,Diagnosis and treatment of parapneumonic effusions; [Diagnostik und Therapie Parapneumonischer Pleuraergüsse],Deutsche Medizinische Wochenschrift,2009,Scopus,TI04
FS-010777,Isolated sympathetic failure with autoimmune autonomic ganglionopathy,Pediatric Neurology,2010,Scopus;Web of Science Core Collection,TI04
FS-010778,"Calcium channel blocker nilvadipine, but not diltiazem, inhibits ocular inflammation in endotoxin-induced uveitis",Japanese Journal of Ophthalmology,2010,Scopus;Web of Science Core Collection,TI04
FS-010804,Effects of cold-water immersion on physical performance between successive matches in high-performance junior male soccer players,Journal of Sports Sciences,2009,Scopus;Web of Science Core Collection,TI05
FS-010812,Respiratory sensations evoked by activation of bronchopulmonary C-fibers,Respiratory Physiology and Neurobiology,2009,Scopus,TI04
FS-010813,Supplementation with a whey protein hydrolysate enhances recovery of muscle force-generating capacity following eccentric exercise,Journal of Science and Medicine in Sport,2010,Scopus;Web of Science Core Collection,TI05
FS-010818,Sarcopenic obesity: Satellite cells in the aging muscle,Current Opinion in Clinical Nutrition and Metabolic Care,2011,Scopus;Web of Science Core Collection,TI04
FS-010825,Outdoor sports and skin cancer,Clinics in Dermatology,2008,Scopus;Web of Science Core Collection,TI05
FS-010830,Effects of conjugated oestrogens and aminocaproic acid upon exercise-induced pulmonary haemorrhage (EIPH),Comparative Exercise Physiology,2008,Scopus;Web of Science Core Collection,TI05
FS-010840,Anti-oxidant and anti-inflammatory therapy in hypocomplementemic urticarial vasculitis with pulmonary emphysema,Respiratory Medicine Extra,2007,Scopus,TI04
FS-010850,A double-blind randomized placebo controlled parallel group study demonstrates analgesic effects of sheanut oil extract [BSP-201] in exercise induced muscle tenderness,Journal of Musculoskeletal Pain,2009,Scopus;Web of Science Core Collection,TI05
FS-010851,Predictive significance of the six-minute walk distance for long-term survival in chronic hypercapnic respiratory failure,Respiration,2008,Scopus;Web of Science Core Collection,TI05
FS-010866,The effect of in-vivo intravenous administration of sodium meglumine diatrizoate on some haematological parameters.,Nigerian journal of medicine : journal of the National Association of Resident Doctors of Nigeria,2007,Scopus,TI04
FS-010882,"The effects of ibuprofen on muscle hypertrophy, strength, and soreness during resistance training","Applied Physiology, Nutrition and Metabolism",2008,Scopus;Web of Science Core Collection,TI05
FS-010889,Immune-mediated rippling muscle disease with myasthenia gravis: A report of seven patients with long-term follow-up in two,Neuromuscular Disorders,2009,Scopus;Web of Science Core Collection,TI04
FS-010900,A double-blind randomized placebo controlled parallel group study evaluating the effects of ibuprofen and glucosamine sulfate on exercise induced muscle soreness,Journal of Musculoskeletal Pain,2007,Scopus;Web of Science Core Collection,TI05
FS-010901,Effects of post-weaning ICV IL-6 on food intake and body weight,Ethnicity and Disease,2008,Scopus,TI04
FS-010933,"Does Race Influence Outcomes after Primary Liver Transplantation? A 23-Year Experience with 2,700 Patients",Journal of the American College of Surgeons,2008,Scopus;Web of Science Core Collection,TI04
FS-010943,"Effects of Physical Exercise on Myocardial Telomere-Regulating Proteins, Survival Pathways, and Apoptosis",Journal of the American College of Cardiology,2008,Scopus;Web of Science Core Collection,TI05
FS-010950,Brain-derived neurotrophic factor is produced by skeletal muscle cells in response to contraction and enhances fat oxidation via activation of AMP-activated protein kinase,Diabetologia,2009,Scopus;Web of Science Core Collection,TI05
FS-010953,External iliac artery occlusion in a young female cyclist,Journal of Sports Medicine and Physical Fitness,2007,Scopus,TI05
FS-010960,The acute effect of amylin and salmon calcitonin on energy expenditure,Physiology and Behavior,2007,Scopus;Web of Science Core Collection,TI04
FS-010963,Cardiac troponins after a downhill marathon,International Journal of Cardiology,2008,Scopus,TI05
FS-010970,Protein intake for muscle hypertrophy,Agro Food Industry Hi-Tech,2007,Scopus;Web of Science Core Collection,TI05
FS-010974,Effects of red light at 640 nm from light emitting diodes on the respiratory burst of human neutrophils,Journal of Innovative Optical Health Sciences,2008,Scopus;Web of Science Core Collection,TI04
FS-010989,Optimization of cytogenetic procedures for population triage in case of radiological emergency,Radiation Measurements,2007,Scopus;Web of Science Core Collection,TI04
FS-010990,Accelerated atherosclerosis and large vessel damage during hiv disease: A life-threatening ruptured aortic aneurism,Infectious Diseases in Clinical Practice,2009,Scopus,TI04
FS-010997,Does nicotine influence cytokine profile and subsequent cell cycling/apoptotic responses in inflammatory bowel disease?,Inflammatory Bowel Diseases,2008,Scopus;Web of Science Core Collection,TI04
FS-011000,Exercise-associated hyponatremia: Overzealous fluid consumption,Wilderness and Environmental Medicine,2009,Scopus;Web of Science Core Collection,TI05
FS-011002,Early assessment of the implementation of a national programme for the prevention of mother-to-child transmission of HIV in Cameroon and the effects of staff training: A survey in 70 rural health care facilities,Tropical Medicine and International Health,2009,Scopus;Web of Science Core Collection,TI04
FS-011010,Exercise enhances myocardial ischemic tolerance via an opioid receptor-dependent mechanism,American Journal of Physiology - Heart and Circulatory Physiology,2008,Scopus;Web of Science Core Collection,TI05
FS-011015,Growth hormone signaling and hippocampal neurogenesis: Insights from genetic models,Hippocampus,2008,Scopus;Web of Science Core Collection,TI04
FS-011026,Bronchial challenges in athletes applying to inhale a β 2-agonist at the 2004 Summer Olympics,Journal of Allergy and Clinical Immunology,2006,Scopus,TI05
FS-011028,Comparison of BioGlue reinforced and standard running sutured vesicourethral anastomoses,Urology,2006,Scopus;Web of Science Core Collection,TI04
FS-011035,Persistent pain model reveals sex difference in morphine potency,American Journal of Physiology - Regulatory Integrative and Comparative Physiology,2006,Scopus;Web of Science Core Collection,TI04
FS-011042,Exercise-induced bronchoconstriction alters airway nitric oxide exchange in a pattern distinct from spirometry,American Journal of Physiology - Regulatory Integrative and Comparative Physiology,2006,Scopus;Web of Science Core Collection,TI05
FS-011049,Dermatomyositis associated with impairment in both muscle aerobic and anaerobic function,Clinical Neuropathology,2005,Scopus;Web of Science Core Collection,TI05
FS-011058,Carcinoid crisis induced by receptor radionuclide therapy with 90Y-DOTATOC in a case of liver metastases from bronchial neuroendocrine tumor (atypical carcinoid),Journal of Endocrinological Investigation,2006,Scopus,TI04
FS-011076,Repeat exercise normalizes the gas-exchange impairment induced by a previous exercise bout in asthmatic subjects,Journal of Applied Physiology,2005,Scopus;Web of Science Core Collection,TI05
FS-011082,Delayed expansion and contraction of CD8+ T cell response during infection with virulent Salmonella typhimurium,Journal of Immunology,2006,Scopus;Web of Science Core Collection,TI04
FS-011087,Effect of corticosteroid and bronchodilator therapy on bronchoalveolar lavage cytology following intrapulmonary blood inoculation,Equine Veterinary Journal,2006,Scopus,TI04
FS-011090,Assessment of the ergogenic properties of creatine using an intermittent exercise protocol,Journal of Exercise Physiology Online,2005,Scopus,TI05
FS-011092,Oscillatory fluid flow-induced shear stress decreases osteoclastogenesis through RANKL and OPG signaling,Bone,2006,Scopus;Web of Science Core Collection,TI04
FS-011093,Incidence and Prevalence of Hyponatremia,American Journal of Medicine,2006,Scopus;Web of Science Core Collection,TI04
FS-011112,Evolution of Marek's disease - A paradigm for incessant race between the pathogen and the host,Veterinary Journal,2005,Scopus,TI04
FS-011116,Anabolic growth hormone action improves submaximal measures of physical performance in patients with HIV-associated wasting,American Journal of Physiology - Endocrinology and Metabolism,2005,Scopus;Web of Science Core Collection,TI05
FS-011121,Modulatory calcineurin-interacting proteins 1 and 2 function as calcineurin facilitators in vivo,Proceedings of the National Academy of Sciences of the United States of America,2006,Scopus;Web of Science Core Collection,TI04
FS-011131,Time-course of endothelial adaptation following acute and regular exercise,European Journal of Preventive Cardiology,2006,Scopus,TI05
FS-011133,"Wheat allergy: A double-blind, placebo-controlled study in adults",Journal of Allergy and Clinical Immunology,2006,Scopus,TI04
FS-011134,Exercise training blunts microvascular rarefaction in the metabolic syndrome,American Journal of Physiology - Heart and Circulatory Physiology,2006,Scopus;Web of Science Core Collection,TI05
FS-011141,Immunoglobulin light-chain (AL) amyloidosis with myasthenic symptoms and echocardiographic features of dilated cardiomyopathy,Internal Medicine,2006,Scopus;Web of Science Core Collection,TI04
FS-011143,The isolated and combined effects of selected physical activity and ibuprofen on delayed-onset muscle soreness,Journal of Sports Sciences,2005,Scopus;Web of Science Core Collection,TI05
FS-011146,Food allergy to wheat: Differences in immunoglobulin E-binding proteins as a function of age or symptoms,Journal of Cereal Science,2005,Scopus;Web of Science Core Collection,TI04
FS-011149,Effect of lycopene supplementation on lung function after exercise in young athletes who complain of exercise-induced bronchoconstriction symptoms,"Annals of Allergy, Asthma and Immunology",2005,Scopus;Web of Science Core Collection,TI05
FS-011157,Effects of sensory-level high-volt pulsed electrical current on delayed-onset muscle soreness,Journal of Sports Sciences,2006,Scopus;Web of Science Core Collection,TI05
FS-011160,Type I CD36 deficiency associated with metabolic syndrome and vasospastic angina: A case report,Journal of Cardiology,2006,Scopus,TI04
FS-011170,Pharmacotherapy of diseases mediated by 5-lipoxygenase pathway eicosanoids,Prostaglandins and Other Lipid Mediators,2007,Scopus;Web of Science Core Collection,TI04
FS-011173,Occasional transsynaptic viral labeling in the central nervous system from the polycystic ovary induced by estradiol valerate,Microscopy Research and Technique,2005,Scopus;Web of Science Core Collection,TI04
FS-011176,Dilated cardiomyopathy in two adult human immunodeficiency positive (HIV+) patients possibly related to highly active antiretroviral therapy (HAART),European Journal of Medical Research,2005,Scopus;Web of Science Core Collection,TI04
FS-011181,Unexpected abnormal extra-cardiac mediastinal accumulation of technetium-99m-tetrofosmin in patient with acute pericarditis,Annals of Nuclear Medicine,2005,Scopus;Web of Science Core Collection,TI04
FS-011187,Effect of ciclesonide dose and duration of therapy on exercise-induced bronchoconstriction in patients with asthma,Journal of Allergy and Clinical Immunology,2006,Scopus,TI05
FS-011190,Later-onset fabry disease: An adult variant presenting with the cramp-fasciculation syndrome,Archives of Neurology,2006,Scopus;Web of Science Core Collection,TI04
FS-011192,Arrhythmogenic right ventricular cardiomyopathy/dysplasia: Is there a role for viruses?,Cardiovascular Pathology,2006,Scopus,TI04
FS-011201,Incidence and follow-up of inflammatory cardiac complications after smallpox vaccination,Journal of the American College of Cardiology,2004,Scopus,TI04
FS-011203,The third component of the complement (C3) is a marker of the risk of atherogenesis,European Journal of Preventive Cardiology,2006,Scopus,TI04
FS-011211,Mucosal damage induced by preferential COX-1 and COX-2 inhibitors: Role of prostaglandins and inflammatory response,Life Sciences,2004,Scopus;Web of Science Core Collection,TI04
FS-011213,Assessment of myocardial recovery in a patient with acute myocarditis supported with a left ventricular assist device: A case report,Journal of Heart and Lung Transplantation,2003,Scopus;Web of Science Core Collection,TI04
FS-011219,Hypersensitivity pneumonitis: Current concepts and future questions,Journal of Allergy and Clinical Immunology,2001,Scopus,TI04
FS-011221,"Long term azithromycin in children with cystic fibrosis: A randomised, placebo-controlled crossover trial",Lancet,2002,Scopus;Web of Science Core Collection,TI04
FS-011222,Painful myopathies - Metabolism of muscle cells and metabolic myopathies,JOURNAL OF MUSCULOSKELETAL PAIN,2004,Scopus;Web of Science Core Collection,TI04
FS-011223,Cardiorespiratory functional assessment after pediatric heart transplantation,Pediatric Transplantation,2001,Scopus;Web of Science Core Collection,TI05
FS-011231,Takayasu's arteritis: management of left main stem stenosis.,Heart (British Cardiac Society),2003,Scopus,TI04
FS-011234,Persistent asthma: What approach is best?,Journal of Respiratory Diseases,2002,Scopus,TI04
FS-011235,Schwannoma of the left brachial plexus mimicking a cervicomediastinal goiter in a young Nigerian lady.,West African journal of medicine,2002,Scopus,TI04
FS-011247,Paroxysmal dyskinesias in childhood,Pediatric Neurology,2003,Scopus;Web of Science Core Collection,TI04
FS-011248,"Post-training administration of a synthetic peptide ligand of the neural cell adhesion molecule, C3d, attenuates long-term expression of contextual fear conditioning",Neuroscience,2003,Scopus;Web of Science Core Collection,TI04
FS-011253,Aerobic capacity in late adolescents infected with HIV and controls,Pediatric Rehabilitation,2002,Scopus,TI05
FS-011256,Modulation of peripheral endogenous opioid analgesia by central afferent blockade,Anesthesiology,2003,Scopus;Web of Science Core Collection,TI04
FS-011257,Intravenous montelukast in asthma exacerbations: Could it help?,Expert Review of Pharmacoeconomics and Outcomes Research,2003,Scopus,TI04
FS-011258,Is intercostal block for pain management in thoracic surgery more successful than epidural anaesthesia?,European Journal of Cardio-thoracic Surgery,2002,Scopus;Web of Science Core Collection,TI04
FS-011270,Impaired exercise performance after successful liver transplantation,Transplantation,2001,Scopus;Web of Science Core Collection,TI05
FS-011272,Activation of apoptosis pathways in peripheral blood lymphocytes by in vivo chemotherapy,Blood,2001,Scopus;Web of Science Core Collection,TI04
FS-011274,"Action of statins upon thrombogenesis, fibrinolysis and inflammation in coronary patients",Hippokratia,2002,Scopus,TI04
FS-011276,The sky's the limit when exercise-induced bronchoconstriction is managed appropriately,Drugs and Therapy Perspectives,2003,Scopus,TI05
FS-011277,Effects of iloprost on blood rheology and tissue perfusion in patients with intermittent claudication: Results of a double-blind placebo-controlled study,International Journal of Angiology,2002,Scopus,TI04
FS-011288,Preliminary comparison of bromelain and ibuprofen for delayed onset muscle soreness management,Clinical Journal of Sport Medicine,2002,Scopus;Web of Science Core Collection,TI05
FS-011290,Competition for self ligands restrains homeostatic proliferation of naive CD4 T cells,Proceedings of the National Academy of Sciences of the United States of America,2003,Scopus;Web of Science Core Collection,TI04
FS-011291,Improved Ability to Perform Strenuous Activities After Treatment with Fluticasone Propionate/Salmeterol Combination in Patients with Persistent Asthma,Journal of Asthma,2003,Scopus;Web of Science Core Collection,TI05
FS-011310,Health-related fitness and quality of life following steroid withdrawal in renal transplant recipients,Kidney International,2003,Scopus,TI05
FS-011311,Chronic fatigue and loss of performance in endurance athletes: Overtraining,Schweizerische Zeitschrift fur Sportmedizin und Sporttraumatologie,2004,Scopus,TI05
FS-011318,Clara cell protein 16 (CC16) gene polymorphism influences the degree of airway responsiveness in asthmatic children,Journal of Allergy and Clinical Immunology,2003,Scopus;Web of Science Core Collection,TI04
FS-011325,Antenatal presentation of carnitine palmitoyltransferase II deficiency,American Journal of Medical Genetics,2001,Scopus;Web of Science Core Collection,TI04
FS-011330,Late local urticaria as a long-term sequela of allergen-specific immunotherapy,Korean Journal of Internal Medicine,2004,Scopus,TI04
FS-011332,Eotional and behavioural problems in Swedish 7-to 9-year olds with asthma,Chronic Respiratory Disease,2004,Scopus,TI04
FS-011334,"Opioid peptide - Expressing leukocytes: Identification, recruitment, and simultaneously increasing inhibition of inflammatory pain",Anesthesiology,2001,Scopus;Web of Science Core Collection,TI04
FS-011337,Montelukast in the treatment of asthma,GIMT - Giornale Italiano delle Malattie del Torace,2002,Scopus,TI04
FS-011339,Evaluation of performance enhancing effect of herbal EuMil in a randomised controlled study in elite sportsmen,Phytomedica,2002,Scopus,TI05
FS-011343,Antileukotrienes complement corticosteroids in management of mild to moderate persistent asthma,Drugs and Therapy Perspectives,2002,Scopus,TI04
FS-011344,Fully automated DNA extraction with the GenoM™-48 robotic workstation: Experience in a clinical laboratory setting,European Journal of Immunogenetics,2001,Scopus,TI04
FS-011345,Evidence for immune activation against oxidized lipoproteins in inactive phases of juvenile chronic arthritis,Journal of Rheumatology,2001,Scopus;Web of Science Core Collection,TI04
FS-011353,Effect of instillation into lung of autologous blood on pulmonary function and tracheobronchial wash cytology.,Equine veterinary journal. Supplement,2002,Scopus;Web of Science Core Collection,TI04
FS-011370,Identification of a novel role for sphingolipid signaling in TNFα and ischemic preconditioning mediated cardioprotection,Journal of Molecular and Cellular Cardiology,2002,Scopus;Web of Science Core Collection,TI04
FS-011371,"The incidence of <i>Listeria monocytogenes</i> in meat, poultry and seafood plants in the Nordic countries",FOOD MICROBIOLOGY,2004,Scopus;Web of Science Core Collection,TI04
FS-011373,"Asthma controller therapy: Role of antileukotrienes, a new therapeutic class",Monaldi Archives for Chest Disease,1999,Scopus,TI04
FS-011382,Role of leukotrienes in asthma pathophysiology,Pediatric Pulmonology,2000,Scopus;Web of Science Core Collection,TI04
FS-011385,Epidemiology of allergic diseases,Allergy: European Journal of Allergy and Clinical Immunology,1997,Scopus;Web of Science Core Collection,TI04
FS-011386,"Exercise, methacholine, and adenosine 5'-monophosphate challenges in children with asthma: Relation to severity of the disease",Pediatric Pulmonology,2000,Scopus;Web of Science Core Collection,TI05
FS-011389,Paradoxical airway responsiveness in children with primary ciliary dyskinesia: Effects of exercise and bronchodilator therapy,Thorax,1997,Scopus,TI05
FS-011395,Azelastine does not adversely affect aerobic performance,Journal of Sports Medicine and Physical Fitness,1998,Scopus;Web of Science Core Collection,TI05
FS-011399,Host conditioning with 5-fluorouracil and kit-ligand to provide for long-term bone marrow engraftment,Blood,1997,Scopus;Web of Science Core Collection,TI04
FS-011406,"Outpatient management of asthma, part 3: Inhaled steroids, long-acting β-agonists",Journal of Critical Illness,1999,Scopus,TI04
FS-011408,Camalexin induction in intertribal somatic hybrids between <i>Camelina sativa</i> and rapid-cycling <i>Brassica oleracea</i>,THEORETICAL AND APPLIED GENETICS,1999,Scopus;Web of Science Core Collection,TI04
FS-011426,Altered cardiac function after strenuous exercise is reflected by changes in serum creatine kinase isoforms and troponin-T,Heart,1998,Scopus,TI05
FS-011428,Even though mild asthmatic subjects have compromised antioxidant status and basal inflammation they do not exhibit heightened responsiveness to ozone,Thorax,1999,Scopus,TI04
FS-011429,Clinical pharmacokinetics of mycophenolate mofetil,Clinical Pharmacokinetics,1998,Scopus,TI04
FS-011430,Phosphoglycerate kinase deficiency in two brothers with McArdle-like clinical symptoms,European Journal of Neurology,2000,Scopus;Web of Science Core Collection,TI04
FS-011437,Nebulized isotonic saline: An active placebo in asthma?,Clinical Pharmacology and Therapeutics,2001,Scopus,TI04
FS-011441,Eosinophilic Fasciitis Complicated with Peripheral Polyneuropathy,Internal Medicine,1998,Scopus;Web of Science Core Collection,TI04
FS-011450,Autoimmune IDDM in a sporadic MELAS patient with mitochondrial tRNA(Leu(UUR)) mutation,Clinical Endocrinology,1998,Scopus;Web of Science Core Collection,TI04
FS-011451,Microbiologic aerobic studies on normal male urethra,Urology,2000,Scopus;Web of Science Core Collection,TI04
FS-011457,Acute effects of prechemotherapy filgrastim administration on late hematopoietic progenitor cells,Pharmacotherapy,1998,Scopus;Web of Science Core Collection,TI04
FS-011462,"Intermittent claudication: magnitude of the problem, patient evaluation, and therapeutic strategies.",The American journal of cardiology,2001,Scopus;Web of Science Core Collection,TI04
FS-011463,Leukotriene-receptor antagonists: Role in asthma management,Canadian Family Physician,2000,Scopus;Web of Science Core Collection,TI04
FS-011464,"Serum creatine kinase, CK-MB, and perceived soreness following eccentric exercise in oral contraceptive users","Sports Medicine, Training and Rehabilitation",1998,Scopus,TI05
FS-011468,Food allergy. Part 1: Immunopathogenesis and clinical disorders,Journal of Allergy and Clinical Immunology,1999,Scopus,TI04
FS-011473,The anti-inflammatory effects of leukotriene-modifying drugs and their use in asthma,Chest,2001,Scopus,TI04
FS-011478,Current treatment of asthma - Focus on leukotrienes,Expert Opinion on Pharmacotherapy,2000,Scopus,TI04
FS-011480,Effect of two different creatine supplementation products on muscular strength and power,"Sports Medicine, Training and Rehabilitation",1998,Scopus,TI05
FS-011482,Leukotriene receptor antagonist drugs for asthma,Medical Journal of Australia,1999,Scopus,TI04
FS-011483,Pathology and pathogenesis of arrhythmogenic right ventricular cardiomyopathy,Herz,2000,Scopus,TI04
FS-011489,Aluminium dust-induced lung disease in the pyro-powder-producing industry: Detection by high-resolution computed tomography,International Archives of Occupational and Environmental Health,2000,Scopus;Web of Science Core Collection,TI04
FS-011498,Suppression of NK cell activity and of resistance to metastasis by stress: A role for adrenal catecholamines and β-adrenoceptors,NeuroImmunoModulation,2000,Scopus;Web of Science Core Collection,TI04
FS-011505,Diagnosis and management of food hypersensitivity,Immunology and Allergy Clinics of North America,1999,Scopus,TI04
FS-011509,Vesnarinone restores contractility and calcium handling in early endotoxemia,Circulation,2000,Scopus;Web of Science Core Collection,TI04
FS-011512,Pathomorphological changes in microcirculation of pancreas during experimental acute pancreatitis,Hepato-Gastroenterology,2000,Scopus;Web of Science Core Collection,TI04
FS-011521,Myophosphorylase deficiency and limb-girdle muscular dystrophy in the same pedigree,Acta Neurologica Scandinavica,1998,Scopus;Web of Science Core Collection,TI04
FS-011526,Cardiorespiratory functional assessment in young heart transplant recipients,International Journal of Sports Cardiology,1998,Scopus,TI05
FS-011529,One-portal technique of endoscopic fasciotomy: Chronic compartment syndrome of the lower leg,Arthroscopy - Journal of Arthroscopic and Related Surgery,2001,Scopus,TI04
FS-011534,The diagnostic approach to suspected asthma in a Primary Care Center in Riyadh,Saudi Medical Journal,1998,Scopus;Web of Science Core Collection,TI04
FS-011537,Defective running shoes as a contributing factor in plantar fasciitis in a triathlete,Journal of Orthopaedic and Sports Physical Therapy,2000,Scopus;Web of Science Core Collection,TI05
FS-011538,Immediate postexercise massage does not attenuate delayed onset muscle soreness,Journal of Strength and Conditioning Research,1997,Scopus;Web of Science Core Collection,TI05
FS-011542,How severe is this patient's asthma?,Journal of Respiratory Diseases,1997,Scopus,TI04
FS-011551,Cardiorespiratory effects of concentrated ambient pm2.5: a pilot study using controlled human exposures,Inhalation Toxicology,2000,Scopus;Web of Science Core Collection,TI04
FS-011553,Preventive effect of 2 and 10 mg of sodium cromoglycate on exercise-induced bronchoconstriction,European Journal of Pediatrics,2000,Scopus;Web of Science Core Collection,TI05
FS-011555,Differential corticosteroid sensitivity of pro- and anti-inflammatory cytokines,FASEB Journal,1998,Scopus,TI04
FS-011558,Exercise-induced bronchoconstriction depends on exercise load,Respiratory Medicine,2000,Scopus;Web of Science Core Collection,TI05
FS-011568,Effects of nitrogen dioxide exposure on human host defense,Inhalation Toxicology,1998,Scopus;Web of Science Core Collection,TI04
FS-011578,"Outpatient management of asthma, Part 2: Using 'quick relief' medications: A stepwise guide to bronchodilator and short-term oral steroid therapy",Journal of Critical Illness,1999,Scopus,TI04
FS-011582,Short-term progressive resistance training increases strength and lean body mass in adults infected with human immunodeficiency virus,AIDS,1999,Scopus,TI05
FS-011583,Effect of meditation on immune cells,Stress Medicine,2000,Scopus;Web of Science Core Collection,TI04
FS-011587,Asthma,Canadian Respiratory Journal,1998,Scopus,TI04
FS-011589,Asthma treatment: Antileukotriene drugs,Canadian Respiratory Journal,1998,Scopus,TI04
FS-011595,Expansion of Mature Thymocyte Subsets before Emigration to the Periphery,Journal of Immunology,1997,Scopus;Web of Science Core Collection,TI04
FS-011603,Work at low temperature induces inflammation in the lower airways,Chest,1996,Scopus,TI04
FS-011604,A hole in our knowledge of ozone toxicity?: The impact of pollution on allergic disease,Human & Experimental Toxicology,1994,Scopus,TI04
FS-011605,Mast cell tryptase is increased in the nasal and bronchoalveolar lavage fluids of humans after ozone exposure,Inhalation Toxicology,1993,Scopus;Web of Science Core Collection,TI04
FS-011606,Effect of cryotherapy on muscle soreness and strength following eccentric exercise,International Journal of Sports Medicine,1997,Scopus;Web of Science Core Collection,TI05
FS-011608,Steroid-responsive myalgia in a patient with Becker muscular dystrophy,Journal of the Neurological Sciences,1993,Scopus;Web of Science Core Collection,TI04
FS-011616,Is immunomodulation with thymic hormones superior to a conventional therapy in myocarditis and idiopathic dilated cardiomyopathy?,International Journal of Thymology,1995,Scopus,TI04
FS-011621,Exercise-induced asthma and the use of hypertonic saline aerosol as a bronchial challenge,Respirology,1996,Scopus,TI05
FS-011624,Anti-inflammatory medication after muscle injury: A treatment resulting in short-term improvement but subsequent loss of muscle function,Journal of Bone and Joint Surgery,1995,Scopus;Web of Science Core Collection,TI04
FS-011626,Biology of CML stem cells,Experimental Hematology,1996,Scopus,TI04
FS-011628,Exposure to nitric acid stimulates human alveolar macrophage function but does not cause inflammation or changes in lung function,Inhalation Toxicology,1996,Scopus;Web of Science Core Collection,TI04
FS-011631,Approach to generalized weakness and peripheral neuromuscular disease,Emergency Medicine Clinics of North America,1997,Scopus,TI04
FS-011636,β-Endorphin inhibits interleukin-2 release and expression of interleukin- 2 receptors in concanavalin A-stimulated splenic lymphocytes,Lymphokine and Cytokine Research,1992,Scopus,TI04
FS-011639,Tc-99m bone scan in unilateral osteitis pubis,Clinical Nuclear Medicine,1994,Scopus,TI04
FS-011644,"Production, selection, and maturation of thymocytes with high surface density of TCR",Journal of Immunology,1994,Scopus;Web of Science Core Collection,TI04
FS-011645,The sensitivity of high-resolution CT in detecting idiopathic pulmonary fibrosis proved by open lung biopsy: A prospective study,Chest,1995,Scopus;Web of Science Core Collection,TI04
FS-011649,Training effects on the hydromineral endocrine responses of cardiac transplant patients,European Journal of Applied Physiology and Occupational Physiology,1995,Scopus;Web of Science Core Collection,TI05
FS-011653,Effects of the biopsychosocial approach (BPSA) on exercise-induced asthma (EIA).,Fukuoka igaku zasshi = Hukuoka acta medica,1992,Scopus,TI05
FS-011665,Benzodiazepines: Tolerability in elderly patients,Psychotherapy and Psychosomatics,1996,Scopus,TI04
FS-011667,Mechanisms of asthma,Current Opinion in Pulmonary Medicine,1996,Scopus,TI04
FS-011675,Reflex sympathetic dystrophy after a burn injury,Burns,1996,Scopus;Web of Science Core Collection,TI04
FS-011678,Stimulator of proliferation of spleen colony‐forming cells in acute sterile inflammation,Cell Proliferation,1993,Scopus;Web of Science Core Collection,TI04
FS-011681,Effects of pentoxifylline on neutrophil function in patients with intermittent claudication,International Journal of Angiology,1997,Scopus,TI04
FS-011682,A metalloporphyrin superoxide dismutase mimetic protects against paraquat-induced lung injury in vivo,Toxicology and Applied Pharmacology,1996,Scopus;Web of Science Core Collection,TI04
FS-011683,Lung function and disease activity in sarcoidosis - Disease activity in sarcoidosis,ACP-APPLIED CARDIOPULMONARY PATHOPHYSIOLOGY,1996,Scopus;Web of Science Core Collection,TI04
FS-011684,Plasma Corticosterone Response to Chronic Ethanol Consumption and Exercise Stress,Proceedings of the Society for Experimental Biology and Medicine,1993,Scopus;Web of Science Core Collection,TI05
FS-011686,Diastolic function in various forms of left ventricular hypertrophy: Contribution of active Doppler stress echo,International Journal of Sports Medicine,1996,Scopus;Web of Science Core Collection,TI05
FS-011693,Leukotriene antagonists and synthesis inhibitors: New directions in asthma therapy,Journal of Allergy and Clinical Immunology,1996,Scopus,TI04
FS-011694,A new race of Phytophthora megasperma f.sp. glycinea on soybean in Australia,Australasian Plant Pathology,1991,Scopus,TI04
FS-011696,"Salmeterol: A novel, long-acting beta2-agonist",Annals of Pharmacotherapy,1993,Scopus;Web of Science Core Collection,TI04
FS-011699,Allergic rhinitis and asthma: How important is the link?,Journal of Allergy and Clinical Immunology,1997,Scopus;Web of Science Core Collection,TI04
FS-011704,Impairment of exercise capacity in various groups of HIV-infected patients,Respiration,1994,Scopus;Web of Science Core Collection,TI05
FS-011705,"Adjustment of metabolism, catecholamines and β-adrenoceptors to 90 min of cycle ergometry",European Journal of Applied Physiology and Occupational Physiology,1995,Scopus;Web of Science Core Collection,TI05
FS-011715,Heart failure resolved? An interactive debate. Practical challenges.,Current Opinion in Cardiology,1994,Scopus,TI04
FS-011719,Ventilatory threshold after exercise training in orthotopic heart transplant recipients,Journal of Cardiopulmonary Rehabilitation,1992,Scopus,TI05
FS-011720,Piroxicam fails to reduce myocellular enzyme leakage and delayed onset muscle soreness induced by isokinetic eccentric exercise,Mediators of Inflammation,1996,Scopus;Web of Science Core Collection,TI05
FS-011726,Management of asthma: Defining the role of salmeterol,Disease Management and Health Outcomes,1997,Scopus,TI04
FS-011728,Sudden death in mitral valve prolapse with Holter monitoring-documented ventricular fibrillation: evidence of coexisting arrhythmogenic right ventricular cardiomyopathy,International Journal of Cardiology,1995,Scopus,TI04
FS-011733,Antiallergic properties of the second-generation H1 antihistamines during the early and late reactions to antigen,The Journal of Allergy and Clinical Immunology,1992,Scopus;Web of Science Core Collection,TI04
FS-011739,An improved clinical protocol for ankle cryotherapy,Journal of Manual Medicine,1992,Scopus,TI04
FS-011743,Interleukin-2 lipid microspheres. I. Development and evaluation of the colloidal drug carrier,Drug Delivery,1995,Scopus,TI04
FS-011746,EFFECTS OF GONADECTOMY AND SEX-HORMONE THERAPY ON THE ENDOTOXIN-STIMULATED HYPOTHALAMO-PITUITARY-ADRENAL AXIS - EVIDENCE FOR A NEUROENDOCRINE-IMMUNOLOGICAL SEXUAL DIMORPHISM,ENDOCRINOLOGY,1992,Scopus;Web of Science Core Collection,TI04
FS-011747,Multivariate flow cytometry of epidermal regeneration provoked by a skin irritant and a tumor promoter,Cytometry,1992,Scopus;Web of Science Core Collection,TI04
FS-011752,Stress failure of pulmonary capillaries: role in lung and heart disease,The Lancet,1992,Scopus,TI04
FS-011754,Normal physiological and benign pathological variants of 18-fluoro-2-deoxyglucose positron-emission tomography scanning: potential for error in interpretation,Seminars in Nuclear Medicine,1996,Scopus;Web of Science Core Collection,TI04
FS-011755,Influence of DNA repair capacity and cell differentiation on UV-induced gene expression,International Journal of Radiation Biology,1994,Scopus;Web of Science Core Collection,TI04
FS-011761,Chronic progressive external ophthalmoplegia and myalgia associated with tubular aggregates,Acta Neurologica Scandinavica,1993,Scopus;Web of Science Core Collection,TI04
FS-011762,Asthma Patient Education,Journal of Pharmacy Practice,1992,Scopus,TI04
FS-011768,The beta-agonist controversy,Medical Clinics of North America,1996,Scopus,TI04
FS-011776,New concepts regarding events that lead to myocardial infarction,Cardiovascular Drugs and Therapy,1995,Scopus,TI04
FS-011779,A Case of Blue Toe Syndrome,Skin Research,1996,Scopus,TI04
FS-011784,Bronchodilators: New drugs and controversies,Current Opinion in Pulmonary Medicine,1997,Scopus,TI04
FS-011785,Cortical hypometabolism in injured brain: New correlations with the noradrenergic and serotonergic systems and with behavioral deficits,Neurochemical Research,1995,Scopus;Web of Science Core Collection,TI04
FS-011792,The impact of pollution on allergic disease,Allergy,1994,Scopus;Web of Science Core Collection,TI04
FS-011797,Xanthine oxidase rheumatoid disease & bone resorption,Biochemical Society Transactions,1997,Scopus,TI04
FS-011799,Pulmonary function in asbestosis and asbestos-related pleural disease,Environmental Research,1993,Scopus,TI04
FS-011802,Corticotropin releasing hormone is involved in exercise-induced elevation in core temperature,Psychoneuroendocrinology,1994,Scopus;Web of Science Core Collection,TI05
FS-011805,Effect of topical NSAID on post-exercise jaw muscle soreness: A placebo-controlled experimental study,Journal of Musculoskeletal Pain,1995,Scopus,TI05
FS-011808,In vitro phencyclidine-induced inhibition of lymphocyte proliferation: Prevention by cell activation,Immunopharmacology and Immunotoxicology,1993,Scopus;Web of Science Core Collection,TI04
FS-011811,Adenylyl cyclase system is affected differently by endurance physical training in heart and adipose tissue,Biochemical Pharmacology,1996,Scopus;Web of Science Core Collection,TI05
FS-011812,Activation of the systemic production of tumor necrosis factor after exposure to acute stress.,European cytokine network,1992,Scopus,TI04
FS-011814,The impact of elevated serum IgA and race on primary recipient renal allograft survival,Transplantation,1996,Scopus;Web of Science Core Collection,TI04
FS-011816,Local haemorheological changes and intracellular erythrocyte ca++ content in exercising ischaemic limb,Clinical Hemorheology and Microcirculation,1992,Scopus;Web of Science Core Collection,TI05
FS-011822,Use of anticatabolic agents for burns,Current Opinion in Critical Care,1996,Scopus,TI04
FS-011823,Pulmonary manifestations of the eosinophilia-myalgia syndrome associated with tryptophan ingestion,Chest,1992,Scopus;Web of Science Core Collection,TI04
FS-011829,Recent Findings in Exercise‐Induced Late Asthmatic Response (EIA),Pediatrics International,1983,Scopus,TI05
FS-011832,Peripheral opioid receptors mediating antinociception in inflammation. Activation by endogenous opioids and role of the pituitary-adrenal axis,Pain,1990,Scopus;Web of Science Core Collection,TI04
FS-011835,Asbestosis: Diagnostic dilution,Journal of Occupational Medicine,1991,Scopus;Web of Science Core Collection,TI04
FS-011837,Mechanisms of downregulation of β-adrenergic receptors: Perspective on the role of β-adrenergic receptors in congestive heart failure,Journal of Cardiovascular Pharmacology,1989,Scopus,TI04
FS-011841,Effect of maximal physical exercise on hemorheological parameters in top level sportsmen,Clinical Hemorheology,1989,Scopus,TI05
FS-011843,Gas Exchange Across Abnormal Interstitial Tissue in Pulmonary Sarcoidosis—Results of Therapy,Angiology,1987,Scopus,TI04
FS-011844,Effect of alpha-adrenergic blockade on exercise-induced asthma and conditioned cold air,American Review of Respiratory Disease,1984,Scopus;Web of Science Core Collection,TI05
FS-011850,Neutrophil chemotactic activity in acute severe asthma (status asthmaticus),American Review of Respiratory Disease,1987,Scopus;Web of Science Core Collection,TI04
FS-011854,The role of calcium antagonists in bronchial reactivity,The Journal of Allergy and Clinical Immunology,1988,Scopus,TI04
FS-011855,Are leucocyte‐derived free radicals involved in ischaemia in human legs?,European Journal of Clinical Investigation,1991,Scopus;Web of Science Core Collection,TI04
FS-011857,Salbutamol in the 1980s: A Reappraisal of its Clinical Efficacy,Drugs,1989,Scopus,TI04
FS-011858,Tubuloreticular inclusions in peripheral blood mononuclear cells related to systemic therapy with α-interferon,Laboratory Investigation,1985,Scopus;Web of Science Core Collection,TI04
FS-011861,Clinical and laboratory features of acute sulfur dioxide inhalation poisoning: Two-year follow-up,American Review of Respiratory Disease,1989,Scopus,TI04
FS-011862,Effects of caloric restriction and exercise of insulin receptors in obesity: Association with changes in membrane lipids,Metabolism,1986,Scopus;Web of Science Core Collection,TI05
FS-011863,Phase I Clinical Studies on Cefsulodin (Sce-129) Administered Intravenously,Chemotherapy,1979,Scopus,TI04
FS-011865,Chronic posterior pituitary lobectomy: Prolonged elevation of plasma prolactin and interruption of cyclicity,Neuroendocrinology,1986,Scopus;Web of Science Core Collection,TI04
FS-011866,Thermography: a technique for subclinical diagnosis of osteoarthritis.,American Journal of Veterinary Research,1980,Scopus;Web of Science Core Collection,TI04
FS-011867,Factors modifying cytotoxicity induced by 5-FU and hydroxyurea,Cancer Treatment Reports,1985,Scopus,TI04
FS-011871,In vivo and in vitro inhibition of histamine release by calcium antagonists,European Journal of Respiratory Diseases,1983,Scopus,TI04
FS-011874,The complex cell cycle of the dinoflagellate protoctist Crypthecodinium cohnii as studied in vivo and by cytofluorimetry,Journal of Cell Science,1991,Scopus;Web of Science Core Collection,TI04
FS-011877,Clinical Pharmacology of Nedocromil Sodium,Drugs,1989,Scopus,TI04
FS-011892,Human leucocyte rheology and tissue ischaemia,European Journal of Clinical Investigation,1989,Scopus,TI04
FS-011894,Beta-adrenergic receptors and plasma catecholamine behaviour in marathoners and sports students; [Beta-Adrenozeptoren und Plasmakatecholaminverhalten bei Trainierten und Untrainierten],Klinische Wochenschrift,1983,Scopus,TI05
FS-011896,The role of stress in human and experimental oncogenesis,Cancer Detection and Prevention,1979,Scopus,TI04
FS-011897,"Airway smooth muscle, asthma, and calcium ions",The Journal of Allergy and Clinical Immunology,1984,Scopus,TI04
FS-011902,The intramyocardial electrogram: A reliable marker of allograft rejection in orthotopic heart transplantation?,Transplantation Proceedings,1987,Scopus,TI04
FS-011907,Survey of positive results from racecourse antidoping samples received at Racecourse Security Services' Laboratories,Equine Veterinary Journal,1984,Scopus,TI04
FS-011910,Time dependence of intestinal proliferative cell risk vs. stem cell risk to radiation or colcemid cytotoxicity following hydroxyurea,"International Journal of Radiation Oncology, Biology, Physics",1979,Scopus,TI04
FS-011915,Acute synovial fluid eosinophilia associated with delayed pressure urticaria: A role for mast cells?,Journal of Rheumatology,1987,Scopus,TI04
FS-011918,Adenosine as a pro-inflammatory mediator in asthma,Pulmonary Pharmacology,1989,Scopus,TI04
FS-011922,Persistent mandibular infection in three patients with lazy and incompetent phagocyte syndromes,Journal of Maxillofacial Surgery,1983,Scopus,TI04
FS-011924,A new metabolic muscle disease due to abnormal hexokinase activity,Journal of Neurology Neurosurgery and Psychiatry,1988,Scopus;Web of Science Core Collection,TI04
FS-011929,Loss of intragenomic DNA repair heterogeneity with cellular differentiation,Journal of Biological Chemistry,1991,Scopus;Web of Science Core Collection,TI04
FS-011930,Atopy does not predispose to RSV bronchiolitis or postbronchiolitic wheezing,British Medical Journal (Clinical research ed.),1981,Scopus;Web of Science Core Collection,TI04
FS-011946,Ascorbic acid in bronchial asthma,South African Medical Journal,1983,Scopus,TI04
FS-011950,Measurement with Nasal Scintigraphy of Nasal Mucociliary Clearance in Normal Man,Practica Oto-Rhino-Laryngologica,1989,Scopus,TI04
FS-011951,Acquisition and extinction of conditional immunoenhancement following training with cyclophosphamide,Psychobiology,1990,Scopus;Web of Science Core Collection,TI04
FS-011953,Poisoning with equine phenylbutazone in a racetrack worker,Annals of Emergency Medicine,1991,Scopus;Web of Science Core Collection,TI04
FS-011954,N-Methyl-N-Nitrosourea Alters Thymocyte Subset Distribution and Targets immature CD4-8+ Cells for Lymphoma Development,Cancer Research,1991,Scopus,TI04
FS-011956,Evaluation of the analgesic activity and tolerability of aceclofenac in the treatment of post-episiotomy pain,Drugs under Experimental and Clinical Research,1989,Scopus;Web of Science Core Collection,TI04
FS-011957,"Pharmacological profile of the substituted beta‐lactam L‐659,286: A member of a new class of human PMN elastase inhibitors",Journal of Cellular Biochemistry,1989,Scopus;Web of Science Core Collection,TI04
FS-011964,Elimination of cycling CD4+ suppressor T cells with an anti-mitotic drug releases non-cycling CD8+ T cells to cause regression of an advanced lymphoma,Immunology,1990,Scopus;Web of Science Core Collection,TI04
FS-011965,Cytokinetic changes after cytosine arabinoside in acute non-lymphocytic leukemia,Leukemia Research,1981,Scopus;Web of Science Core Collection,TI04
FS-011969,"Adenosine: An Evaluation of its Use in Cardiac Diagnostic Procedures, and in the Treatment of Paroxysmal Supraventricular Tachycardia",Drugs,1991,Scopus,TI04
FS-011983,Severe acute oxidant exposure: Morphological damage and aerobic metabolism in the lung,"Journal of Environmental Pathology, Toxicology and Oncology",1986,Scopus;Web of Science Core Collection,TI04
FS-011984,Large and small airway effects with exercise and other bronchoconstrictor stimuli,European Journal of Respiratory Diseases,1982,Scopus,TI05
FS-011986,Incubation of poliomyelitis as calculated from the time of entry into the central nervous system via the peripheral nerve pathways,Clinical Infectious Diseases,1990,Scopus,TI04
FS-011987,Transport of macromolecules and particles at target sites for deposition of air pollutants.,Research report (Health Effects Institute),1986,Scopus,TI04
FS-011991,The consequences of eccentric contractions and their relationship to delayed onset muscle pain,European Journal of Applied Physiology and Occupational Physiology,1988,Scopus,TI05
FS-011998,Drug effects on exercise-induced late asthmatic responses.,New England and regional allergy proceedings,1988,Scopus,TI05
FS-012002,Staging and therapy of cryptogenic fibrosing alveolitis,Chest,1986,Scopus,TI04
FS-012004,Autopsy-Proved Coronary Atherosclerosis in Marathon Runners,New England Journal of Medicine,1979,Scopus,TI05
FS-012007,MYOADENYLATE DEAMINASE DEFICIENCY - MUSCLE BIOPSY AND MUSCLE CULTURE IN A PATIENT WITH GOUT,JOURNAL OF THE NEUROLOGICAL SCIENCES,1980,Scopus;Web of Science Core Collection,TI04
FS-012009,"Oxyfedrine* * Oxyfedrine is available from Chemiewerk Homberg, Frankfurt-am-Main, Germany, under the trade name Ildamen., propranolol and placebo in angina pectoris. A comparative clinical trial",Clinical Trials Journal,1978,Scopus,TI04
FS-012010,"Effect of an intranasally administered corticosteroid (budesonide) on nasal obstruction, mouth breathing, and asthma",American Review of Respiratory Disease,1984,Scopus;Web of Science Core Collection,TI04
FS-012011,The mast cell and asthma,Bailliere's Clinical Immunology and Allergy,1988,Scopus,TI04
FS-012012,Non-invasive measurement of the deep temperature of the temporomandibular joint region.,Journal of Osaka Dental University,1989,Scopus,TI04
FS-012015,Metabolic implications during a 20-km run after heart transplantation,International Journal of Sports Medicine,1985,Scopus,TI05
FS-012016,Phosphofructokinase (PFK) deficiency due to a catalytically inactive mutant M‐type subunit,American Journal of Hematology,1982,Scopus;Web of Science Core Collection,TI04
FS-012020,Cardiac sarcoidosis - Clinical and immunoserologic studies,European Heart Journal,1987,Scopus,TI04
FS-012029,Cytokinetic effects of continuous infusion of vincristine in head and neck carcinoma,European Journal of Cancer (1965),1979,Scopus;Web of Science Core Collection,TI04
FS-012030,The beta-adrenergic system in man: Physiological and pathophysiological response: Regulation of receptor density and functioning,Scandinavian Journal of Clinical and Laboratory Investigation,1990,Scopus,TI04
FS-012032,"A Novel, Sensitive Assay for O6-Methyl and O6-Ethylguanine in DNA, based on Repair by the Enzyme O6-Alkylguanine-DNA-Alkyltransferase in Competition with an Oligonucleotide Containing O6-Methylguanine",Cancer Research,1989,Scopus,TI04
FS-012034,Physiological and behavioral effects of chronic exposure to 2450-MHz microwaves,Journal of Microwave Power,1979,Scopus;Web of Science Core Collection,TI04
FS-012042,Carnitine palmitoyltransferase deficiency: A common cause of recurrent myoglobinuria,Israel Journal of Medical Sciences,1990,Scopus,TI04
FS-012044,The general pathology of mustard gas (dichlorethylsulphide) poisoning,The Journal of Laboratory and Clinical Medicine,1919,Scopus,TI04
FS-012046,"Discordant allergic manifestations in monozygotic twins: Genetic identity versus clinical, physiologic, and biochemical differences",The Journal of Allergy and Clinical Immunology,1971,Scopus,TI04
FS-012056,"CHANGES IN HEPATIC CIRCULATION AT REST, DURING AND AFTER EXERCISE IN YOUNG MALES WITH INFECTIOUS HEPATITIS COMPARED WITH CONTROLS",Acta Medica Scandinavica,1974,Scopus,TI05
FS-012061,Nature and modes of action of disodium cromoglycate (Lomudal®),Respiration,1970,Scopus,TI04
FS-012064,Airway response to exercise in intrinsic and extrinsic asthma,Clinical Research,1975,Scopus,TI05
FS-012065,Modulation of regulatory mechanisms operative in the cyclical production of antibody*,Journal of Experimental Medicine,1976,Scopus,TI04
FS-012070,Studies on the Mechanism of Insulin Release in Special Reference to Trypsin-Induced Modification of Pancreatic Beta Cell,Journal of the Japan Diabetes Society,1977,Scopus,TI04
FS-012071,The effect of certain types of stimuli on the defense mechanism of the animal organism,The Journal of Laboratory and Clinical Medicine,1937,Scopus,TI04
FS-012072,Immunological features of asthma (Part II),Clinical & Experimental Allergy,1975,Scopus,TI04
FS-012073,Immunological features of asthma,Japanese Journal of National Medical Services,1976,Scopus,TI04
FS-012074,Deconditioning of exercise-induced asthma,Psychosomatic Medicine,1977,Scopus,TI05
FS-012075,Pyridine nucleotide coenzyme levels in phytohemagglutinin-stimulated human lymphocytes,Experimental Cell Research,1976,Scopus,TI04
FS-012076,Physical therapy and exercise induced bronchospasm,Physical Therapy,1975,Scopus,TI05
FS-012077,Popliteal cysts and synovial rupture in osteoarthrosis,Rheumatology,1974,Scopus,TI04
FS-012081,Immunochemical Analysis of Immunoglobulines in Normal Human Urine,The Japanese Journal of Nephrology,1974,Scopus,TI04
FS-012082,"Levels of 13,14-dihydro-15-keto-PGE2 in some biological fluids as measured by radioimmunoassay",Prostaglandins,1977,Scopus;Web of Science Core Collection,TI04
FS-012083,"Pyroglutamic aciduria (5-oxoprolinuria), an inborn error in glutathione metabolism",Pediatric Research,1974,Scopus,TI04
FS-012086,Coronary bypass surgery after renal transplantation,The American Journal of Cardiology,1976,Scopus,TI04
FS-012090,Myoglobinuria after halothane suxamethonium anaesthesia,Danish Medical Bulletin,1978,Scopus,TI04
FS-012091,Relationship of intracellular creatine concentration and uptake to muscle mass in vivo,American Journal of Physiology - Cell Physiology,1978,Scopus;Web of Science Core Collection,TI04
FS-012096,"Strategic timing of contralateral nephrectomy after ischemic acute kidney injury prevents chronic kidney disease by enhancing progenitor proliferation, attenuating polyploidization and reshaping the immune response",KIDNEY INTERNATIONAL,2026,Web of Science Core Collection,TI04
FS-012099,Manufacturing and electrostatic surface optimization of CAR-T cells improve therapeutic efficacy in liver malignancies,HEPATOLOGY COMMUNICATIONS,2026,Web of Science Core Collection,TI04
FS-012100,The Effects of Remote Ischemic Preconditioning on the Inflammatory Cytokine Response to Free Flap Head and Neck Reconstruction: A Randomized Controlled Trial,MICROSURGERY,2026,Web of Science Core Collection,TI04
FS-012102,"Ranolazine is associated with attenuation of lipopolysaccharide-induced acute kidney injury via modulation of inflammatory, oxidative, and vascular markers",TOXICOLOGY AND APPLIED PHARMACOLOGY,2026,Web of Science Core Collection,TI04
FS-012103,Proteomic and phosphoproteomic profiles of time-dependent dynamic changes in LPS-induced macrophage polarization,JOURNAL OF PROTEOMICS,2026,Web of Science Core Collection,TI04
FS-012104,Assessing the variation of DNA damage response of individual human cells exposed to photon radiation,RADIATION AND ENVIRONMENTAL BIOPHYSICS,2026,Web of Science Core Collection,TI04
FS-012106,Cytokine release syndrome-compatible fever after initiation of local radiotherapy during late-phase epcoritamab therapy in relapsed/refractory diffuse large B-cell lymphoma: a case report,JOURNAL OF PHARMACEUTICAL HEALTH CARE AND SCIENCES,2026,Web of Science Core Collection,TI04
FS-012108,A Multidisciplinary Approach to the Diagnosis and Management of a Mammary Myofibroblastoma in a Male with a History of Diffuse Large B-Cell Lymphoma: A Case Report,HEMATOLOGY REPORTS,2026,Web of Science Core Collection,TI04
FS-012109,Optimal conditions for quantification of IRF4 mRNA and protein as a correlative biomarker in clinical cancer studies,JOURNAL OF TRANSLATIONAL MEDICINE,2026,Web of Science Core Collection,TI04
FS-012110,Venetoclax in Pediatric and Young Adult Patients With Relapsed/Refractory Solid Tumors: Results of a Phase 1 Study,PEDIATRIC BLOOD & CANCER,2026,Web of Science Core Collection,TI04
FS-012112,A single biomarker may not yield a reliable binary clinical answer: B cell lymphoma 6 testing and resulting interventions for endometriosis in infertility care,F&S REPORTS,2026,Web of Science Core Collection,TI04
FS-012113,Delayed hypersensitivity reactions to taxanes: Clinical presentation and outcomes of post-medication and rapid drug desensitization,WORLD ALLERGY ORGANIZATION JOURNAL,2026,Web of Science Core Collection,TI04
FS-012114,Neoadjuvant immune checkpoint blockade before chemoradiation for cervical squamous carcinoma (GINECO window-of-opportunity COLIBRI study): a phase II trial,NATURE COMMUNICATIONS,2026,Web of Science Core Collection,TI04
FS-012119,Deep learning-aided inter-species-comparison reveals shared and distinct molecular patterns in cynomolgus monkey and humans following non-specific T cell activation,FRONTIERS IN IMMUNOLOGY,2025,Web of Science Core Collection,TI04
FS-012123,In situ ischemic postconditioning for acute ischemic stroke: preliminary exploratory study,JOURNAL OF NEUROINTERVENTIONAL SURGERY,2026,Web of Science Core Collection,TI04
FS-012124,"Time- and Dose-Dependent Effects of Irradiation on Endothelial and Tumor Endothelial Cells: Transcriptional, Molecular, and Functional Changes Driving Activation In Vitro and In Vivo",CANCERS,2025,Web of Science Core Collection,TI04
FS-012126,Dose-response modeling reveals multifaceted molecular responses to low-dose radiation in human white blood cells,INTERNATIONAL JOURNAL OF RADIATION BIOLOGY,2025,Web of Science Core Collection,TI04
FS-012128,Exercise and Mannitol Bronchial Challenge Testing,CLINICS IN CHEST MEDICINE,2025,Web of Science Core Collection,TI05
FS-012129,Primary bladder diffuse large B-cell lymphoma: a rare case report and literature review,FRONTIERS IN MEDICINE,2025,Web of Science Core Collection,TI04
FS-012130,Exposure-response analyses of venetoclax combined with hypomethylating agents in myelodysplastic syndromes: a retrospective study,FRONTIERS IN PHARMACOLOGY,2025,Web of Science Core Collection,TI04
FS-012132,"Off-the-shelf induced pluripotent stem-cell-derived natural killer-cell therapy in relapsed or refractory B-cell lymphoma: a multicentre, open-label, phase 1 study",LANCET HAEMATOLOGY,2025,Web of Science Core Collection,TI04
FS-012133,Genetic line-specific immune profiles and immunometabolic responses to intramuscular lipopolysaccharide injection,FRONTIERS IN IMMUNOLOGY,2025,Web of Science Core Collection,TI04
FS-012134,The 20 kDa isoform of the human growth hormone variant alters adipose and muscle gene expression differently than human growth hormone,JOURNAL OF NEUROENDOCRINOLOGY,2025,Web of Science Core Collection,TI04
FS-012135,Mecapegfilgrastim prophylaxis for neutropenia in patients with non-myeloid malignancies: A Chinese nationwide real-world study,BMC CANCER,2025,Web of Science Core Collection,TI04
FS-012136,Spatio-Temporal Characterization of Cellular Senescence Hallmarks in Experimental Ischemic Stroke,INTERNATIONAL JOURNAL OF MOLECULAR SCIENCES,2025,Web of Science Core Collection,TI04
FS-012137,Analytical validation and pilot clinical application of a UPLC-MS/MS method for determining intracellular mycophenolic acid and metabolites in kidney transplant recipients,JOURNAL OF PHARMACEUTICAL AND BIOMEDICAL ANALYSIS,2025,Web of Science Core Collection,TI04
FS-012140,Automatic bone marrow segmentation for precise [<SUP>177</SUP>Lu]Lu-PSMA-617 dosimetry,MEDICAL PHYSICS,2025,Web of Science Core Collection,TI04
FS-012144,Integration of multi-omics and benchmark dose modeling to support adverse outcome pathways,INTERNATIONAL JOURNAL OF RADIATION BIOLOGY,2025,Web of Science Core Collection,TI04
FS-012146,Interleukin-12 modulates sleep-wake activity and improves performance in a memory task,BENI-SUEF UNIVERSITY JOURNAL OF BASIC AND APPLIED SCIENCES,2024,Web of Science Core Collection,TI04
FS-012147,Case report: A rare EBV-associated T/NK cell monomorphic posttransplant lymphoproliferative disorder,FRONTIERS IN IMMUNOLOGY,2024,Web of Science Core Collection,TI04
FS-012148,Aconitate decarboxylase 1 mediates the acute airway inflammatory response to environmental exposures,FRONTIERS IN IMMUNOLOGY,2024,Web of Science Core Collection,TI04
FS-012149,Food Sublingual Immunotherapy: Safety and Simplicity of a Real Food Updosing Protocol,JOURNAL OF ALLERGY AND CLINICAL IMMUNOLOGY-IN PRACTICE,2024,Web of Science Core Collection,TI04
FS-012150,The Safety and Efficacy of Peptide Receptor Radionuclide Therapy for Gastro-Entero-Pancreatic Neuroendocrine Tumors: A Single Center Experience,CURRENT ONCOLOGY,2024,Web of Science Core Collection,TI04
FS-012152,Dynamic monitoring of viral gene expression reveals rapid antiviral effects of CD8 T cells recognizing the HCMV-pp65 antigen,FRONTIERS IN IMMUNOLOGY,2024,Web of Science Core Collection,TI04
FS-012153,Artifactual hypoglycaemia may be common in patients with soft tissue sarcoma who received pegfilgrastim-supported chemotherapy,JOURNAL OF ORTHOPAEDIC SCIENCE,2024,Web of Science Core Collection,TI04
FS-012154,Cardiopulmonary Protection of Modified Remote Ischemic Preconditioning in Mitral Valve Replacement Surgery: A Randomized Controlled Trial,CARDIOVASCULAR THERAPEUTICS,2024,Web of Science Core Collection,TI04
FS-012158,Case report: Fatal overwhelming post-splenectomy infection in a patient with metastatic angiosarcoma treated with immunotherapy,FRONTIERS IN IMMUNOLOGY,2024,Web of Science Core Collection,TI04
FS-012159,Effectiveness of Recent Physiotherapy Techniques Along With Conventional Physiotherapy Techniques in a Patient With Knee Osteoarthritis: A Case Report,CUREUS JOURNAL OF MEDICAL SCIENCE,2024,Web of Science Core Collection,TI04
FS-012160,Correlation of ex vivo and in vivo ammonia production with L-asparaginase biological activity in adults with lymphoid malignancies,INTERNATIONAL JOURNAL OF HEMATOLOGY,2024,Web of Science Core Collection,TI04
FS-012164,Sex and Age Impact CD4+T Cell Susceptibility to HIV In Vitro through Cell Activation Dynamics,CELLS,2023,Web of Science Core Collection,TI04
FS-012166,Efficacy and safety of PEG-rhG-CSF versus rhG-CSF in preventing chemotherapy-induced-neutropenia in early-stage breast cancer patients,BMC CANCER,2023,Web of Science Core Collection,TI04
FS-012168,Characterizing microglial senescence: Tau as a key player,JOURNAL OF NEUROCHEMISTRY,2023,Web of Science Core Collection,TI04
FS-012169,Safety and Clinical Response to Combined Immunotherapy with Autologous iNKT Cells and PD-1+CD8+ T Cells in Patients Failing First-line Chemotherapy in Stage IV Pancreatic Cancer,CANCER RESEARCH COMMUNICATIONS,2023,Web of Science Core Collection,TI04
FS-012172,Extracorporeal blood purification benefits in post-caesarean patient with severe acute respiratory distress syndrome due to miliary tuberculosis: a case report,JOURNAL OF MEDICAL CASE REPORTS,2023,Web of Science Core Collection,TI04
FS-012174,Optimal LC-MS metabolomic profiling reveals emergent changes to monocyte metabolism in response to lipopolysaccharide,FRONTIERS IN IMMUNOLOGY,2023,Web of Science Core Collection,TI04
FS-012181,New Cardiovascular Biomarkers in Breast Cancer Patients Undergoing Doxorubicin-Based Chemotherapy,ARQUIVOS BRASILEIROS DE CARDIOLOGIA,2023,Web of Science Core Collection,TI04
FS-012185,Sex and Circadian Timing Modulate Oxaliplatin Hematological and Hematopoietic Toxicities,PHARMACEUTICS,2022,Web of Science Core Collection,TI04
FS-012186,<i>In vivo</i> expansion of a CD9+ decidual-like NK cell subset following autologous hematopoietic stem cell transplantation,ISCIENCE,2022,Web of Science Core Collection,TI04
FS-012190,17β-Oestradiol Protects from Hepatitis C Virus Infection through Induction of Type I Interferon,VIRUSES-BASEL,2022,Web of Science Core Collection,TI04
FS-012192,In Vivo Tracking for Oncolytic Adenovirus Interactions with Liver Cells,BIOMEDICINES,2022,Web of Science Core Collection,TI04
FS-012193,Ischemic preconditioning does not prevent placental dysfunction induced by fetal cardiac bypass,JOURNAL OF CARDIAC SURGERY,2022,Web of Science Core Collection,TI04
FS-012194,Anti programmed death-ligand 1 antibody-related cholangitis without bile duct dilation or stenosis,CLINICAL JOURNAL OF GASTROENTEROLOGY,2022,Web of Science Core Collection,TI04
FS-012200,Pilot study in human healthy volunteers on the mechanisms underlying remote ischemic conditioning (RIC)-Targeting circulating immune cells and immune-related proteins,JOURNAL OF NEUROIMMUNOLOGY,2022,Web of Science Core Collection,TI04
FS-012201,Fluctuations in quality of life and immune responses during intravenous immunoglobulin infusion cycles,PLOS ONE,2022,Web of Science Core Collection,TI04
FS-012205,Albuterol/budesonide for the treatment of exercise-induced bronchoconstriction in patients with asthma,ANNALS OF ALLERGY ASTHMA & IMMUNOLOGY,2022,Web of Science Core Collection,TI05
FS-012206,"A phase 1 trial of xentuzumab, an IGF-neutralizing antibody, in Japanese patients with advanced solid tumors",CANCER SCIENCE,2022,Web of Science Core Collection,TI04
FS-012207,Acute effect of isometric exercise on autonomic parameters in obese and overweight sedentary adults,SPORT TK-REVISTA EUROAMERICANA DE CIENCIAS DEL DEPORTE,2022,Web of Science Core Collection,TI05
FS-012211,"Secretome of Stressed Peripheral Blood Mononuclear Cells Alters Transcriptome Signature in Heart, Liver, and Spleen after an Experimental Acute Myocardial Infarction: An In Silico Analysis",BIOLOGY-BASEL,2022,Web of Science Core Collection,TI04
FS-012212,Large-scale manufacturing and characterization of CMV-CD19CAR T cells,JOURNAL FOR IMMUNOTHERAPY OF CANCER,2022,Web of Science Core Collection,TI04
FS-012213,"Inflammatory response elicited by <i>Ureaplasma parvum</i> colonization in human cervical epithelial, stromal, and immune cells",REPRODUCTION,2022,Web of Science Core Collection,TI04
FS-012215,Remote Limb Ischemic Postconditioning Protects Against Ischemic Stroke by Promoting Regulatory T Cells Thriving,JOURNAL OF THE AMERICAN HEART ASSOCIATION,2021,Web of Science Core Collection,TI04
FS-012218,Distinct Immune Signatures Indicative of Treatment Response and Immune-Related Adverse Events in Melanoma Patients under Immune Checkpoint Inhibitor Therapy,INTERNATIONAL JOURNAL OF MOLECULAR SCIENCES,2021,Web of Science Core Collection,TI04
FS-012219,HIV Modifies the m<SUP>6</SUP>A and m<SUP>5</SUP>C Epitranscriptomic Landscape of the Host Cell; HIV modifies the m6A and m5C epitranscriptomic landscape of the host cell,FRONTIERS IN VIROLOGY; FRONTIERS IN VIROLOGY,2021,Web of Science Core Collection,TI04
FS-012220,Mapping the landscape of chromatin dynamics during naive CD4+T-cell activation; Mapping the landscape of chromatin dynamics during naive CD4+ T-cell activation.,SCIENTIFIC REPORTS; SCIENTIFIC REPORTS,2021,Web of Science Core Collection,TI04
FS-012221,Pancreatic β-Cell Function Is Associated with Augmented Counterregulation to In-Exercise Hypoglycemia in Type 1 Diabetes,MEDICINE & SCIENCE IN SPORTS & EXERCISE,2021,Web of Science Core Collection,TI05
FS-012222,A Severe Case of Diabetic Ketoacidosis and New-Onset Type 1 Diabetes Mellitus Associated with Anti-Glutamic Acid Decarboxylase Antibodies Following Immunotherapy with Pembrolizumab,AMERICAN JOURNAL OF CASE REPORTS,2021,Web of Science Core Collection,TI04
FS-012224,Effect of Dynamic Hyperinflation on Cardiac Response to Exercise of Patients With Chronic Obstructive Pulmonary Disease,ARCHIVOS DE BRONCONEUMOLOGIA,2021,Web of Science Core Collection,TI05
FS-012225,Recovering body temperature from acute cold stress is associated with delayed proinflammatory cytokine production in vivo,CYTOKINE,2021,Web of Science Core Collection,TI04
FS-012226,Bilateral Pulmonary Emboli and Deep Venous Thrombi in Association With Chronic Inflammatory Demyelinating Polyneuropathy,CUREUS JOURNAL OF MEDICAL SCIENCE,2021,Web of Science Core Collection,TI04
FS-012227,Chemotherapy plus atezolizumab for a patient with small cell lung cancer undergoing haemodialysis: a case report and review of literature,RESPIROLOGY CASE REPORTS,2021,Web of Science Core Collection,TI04
FS-012231,Implementation of Double Immune Checkpoint Blockade Increases Response Rate to Induction Chemotherapy in Head and Neck Cancer,CANCERS,2021,Web of Science Core Collection,TI04
FS-012233,"Stability of interleukin-1β,-4,-6,-8,-10,-13, interferon-γ and tumor necrosis factor-α in human sera after repetitive freeze-thaw cycles and long storage",JOURNAL OF PHARMACEUTICAL AND BIOMEDICAL ANALYSIS,2021,Web of Science Core Collection,TI04
FS-012235,Effects of Acute Subdural Hematoma-Induced Brain Injury On Energy Metabolism in Peripheral Blood Mononuclear Cells,SHOCK,2021,Web of Science Core Collection,TI04
FS-012236,Endometrial preparation with etanercept increased embryo implantation and live birth rates in women suffering from recurrent implantation failure during IVF,REPRODUCTIVE BIOLOGY,2021,Web of Science Core Collection,TI04
FS-012237,Host cell response and distinct gene expression profiles at different stages of <i>Chlamydia trachomatis</i> infection reveals stage-specific biomarkers of infection,BMC MICROBIOLOGY,2021,Web of Science Core Collection,TI04
FS-012243,A first-in-man phase 1 study of the DNA-dependent protein kinase inhibitor peposertib (formerly M3814) in patients with advanced solid tumours,BRITISH JOURNAL OF CANCER,2021,Web of Science Core Collection,TI04
FS-012244,Systemic Anti-PD-1 Immunotherapy Results in PD-1 Blockade on T Cells in the Cerebrospinal Fluid,JAMA ONCOLOGY,2020,Web of Science Core Collection,TI04
FS-012247,Why Is Exercise Effective in Reducing Pain in People with Osteoarthritis?,CURRENT TREATMENT OPTIONS IN RHEUMATOLOGY,2020,Web of Science Core Collection,TI05
FS-012248,Acute cardiomyopathy following a single dose of doxorubicin in a patient with adult T-Cell leukemia/lymphoma,JOURNAL OF ONCOLOGY PHARMACY PRACTICE,2021,Web of Science Core Collection,TI04
FS-012250,Left ventricular myocardial mass index and its correlates as an early marker of cardiovascular risk among nonobese normotensive Indian women with polycystic ovary syndrome: lessons from a cross-sectional study,FERTILITY AND STERILITY,2020,Web of Science Core Collection,TI04
FS-012251,"Dose-Dependent Acute Effects of Everolimus Administration on Immunological, Neuroendocrine and Psychological Parameters in Healthy Men",CTS-CLINICAL AND TRANSLATIONAL SCIENCE,2020,Web of Science Core Collection,TI04
FS-012252,Two waves of transcriptomic changes in periovulatory human granulosa cells,HUMAN REPRODUCTION,2020,Web of Science Core Collection,TI04
FS-012253,The Effects of Preoperative Oral Carbohydrate on Frequency of T and NK Cells in Patients with Cervical Cancer Treated Using Neoadjuvant Chemotherapy and Surgery: A Prospective Cohort Study,BIOMED RESEARCH INTERNATIONAL,2020,Web of Science Core Collection,TI04
FS-012255,"Mitochondrial DNA copy number, damage, repair and degradation in depressive disorder",WORLD JOURNAL OF BIOLOGICAL PSYCHIATRY,2020,Web of Science Core Collection,TI04
FS-012259,Impaired production of immune mediators in dengue virus type 2-infected mononuclear cells of adults with end stage renal disease,SCIENTIFIC REPORTS,2019,Web of Science Core Collection,TI04
FS-012261,Impact of aging on transition of acute kidney injury to chronic kidney disease,SCIENTIFIC REPORTS,2019,Web of Science Core Collection,TI04
FS-012264,Immune-triggered cancer treatment by intestinal lymphatic delivery of docetaxel-loaded nanoparticle,JOURNAL OF CONTROLLED RELEASE,2019,Web of Science Core Collection,TI04
FS-012267,3D Monte Carlo bone marrow dosimetry for Lu-177-PSMA therapy with guidance of non-invasive 3D localization of active bone marrow via Tc-99m-anti-granulocyte antibody SPECT/CT,EJNMMI RESEARCH,2019,Web of Science Core Collection,TI04
FS-012269,"Remote ischaemic preconditioning does not modulate the systemic inflammatory response or renal tubular stress biomarkers after endotoxaemia in healthy human volunteers: a single-centre, mechanistic, randomised controlled trial",BRITISH JOURNAL OF ANAESTHESIA,2019,Web of Science Core Collection,TI04
FS-012270,Acute elevation of serum inflammatory markers predicts symptom recovery after concussion,NEUROLOGY,2019,Web of Science Core Collection,TI04
FS-012272,Diet-Induced Obesity Disturbs Microglial Immunometabolism in a Time-of-Day Manner,FRONTIERS IN ENDOCRINOLOGY,2019,Web of Science Core Collection,TI04
FS-012273,Timely Diagnosis and Successful Treatment of Intravascular Large B-Cell Lymphoma in an Elderly Patient with Poor Performance Status,AMERICAN JOURNAL OF CASE REPORTS,2019,Web of Science Core Collection,TI04
FS-012277,Systems Immunology Characterization of Novel Vaccine Formulations for <i>Mycoplasma hyopneumoniae</i> Bacterins,FRONTIERS IN IMMUNOLOGY,2019,Web of Science Core Collection,TI04
FS-012280,Post-mortem <i>in situ</i> stability of serum markers of cerebral damage and acute phase response,INTERNATIONAL JOURNAL OF LEGAL MEDICINE,2019,Web of Science Core Collection,TI04
FS-012288,"RNA Splicing in the Transition from B Cells to Antibody-Secreting Cells: The Influences of ELL2, Small Nuclear RNA, and Endoplasmic Reticulum Stress",JOURNAL OF IMMUNOLOGY,2018,Web of Science Core Collection,TI04
FS-012290,Randomized controlled clinical trial of polyethylene glycol recombinant human granulocyte colony-stimulating factor in the treatment of neutropenia after chemotherapy for breast cancer,CANCER CHEMOTHERAPY AND PHARMACOLOGY,2018,Web of Science Core Collection,TI04
FS-012291,Pharmacokinetics of the B-Cell Lymphoma 2 (Bcl-2) Inhibitor Venetoclax in Female Subjects with Systemic Lupus Erythematosus,CLINICAL PHARMACOKINETICS,2018,Web of Science Core Collection,TI04
FS-012292,"Phase 1 and pharmacokinetic study of LY3007113, a p38 MAPK inhibitor, in patients with advanced cancer",INVESTIGATIONAL NEW DRUGS,2018,Web of Science Core Collection,TI04
FS-012293,"Analytical performance of an automated volumetric flow cytometer for quantitation of T, B and natural killer lymphocytes",CLINICAL CHEMISTRY AND LABORATORY MEDICINE,2018,Web of Science Core Collection,TI04
FS-012295,Postoperative cellular stress in the kidney is associated with an early systemic γδ T-cell immune cell response,CRITICAL CARE,2018,Web of Science Core Collection,TI04
FS-012297,Cell Cycle-associated CXCr4 expression in Germinal Center B Cells and its implications on affinity Maturation; Cell cycle modulates CXCR4 expression in germinal center B cells,FRONTIERS IN IMMUNOLOGY; FRONTIERS IN IMMUNOLOGY,2018,Web of Science Core Collection,TI04
FS-012300,VS-5584 as a PI3K/mTOR inhibitor enhances apoptotic effects of subtoxic dose arsenic trioxide via inhibition of NF-KB activity in B cell precursor acute lymphoblastic leukemia,BIOMEDICINE & PHARMACOTHERAPY,2018,Web of Science Core Collection,TI04
FS-012301,Splenic responses play an important role in remote ischemic preconditioning-mediated neuroprotection against stroke,JOURNAL OF NEUROINFLAMMATION,2018,Web of Science Core Collection,TI04
FS-012303,Differences in Local and Systemic TFV PK Among Premenopausal Versus Postmenopausal Women Exposed to TFV 1% Vaginal Gel,JAIDS-JOURNAL OF ACQUIRED IMMUNE DEFICIENCY SYNDROMES,2018,Web of Science Core Collection,TI04
FS-012304,Obinutuzumab induces depletion of NK cells in patients with chronic lymphocytic leukemia,IMMUNOTHERAPY,2018,Web of Science Core Collection,TI04
FS-012307,Relation between nasal eosinophilia and airway resistance in patients with persistent rhinitis,EGYPTIAN JOURNAL OF CHEST DISEASES AND TUBERCULOSIS,2018,Web of Science Core Collection,TI04
FS-012311,Association between respiratory variables and exercise capacity in COPD patients,REVISTA DE EPIDEMIOLOGIA E CONTROLE DE INFECCAO,2018,Web of Science Core Collection,TI05
FS-012313,Central Sleep Apnea with Cheyne-Stokes Breathing in Heart Failure - From Research to Clinical Practice and Beyond,Advances in Experimental Medicine and Biology,2018,Web of Science Core Collection,TI04
FS-012314,Modulated electro-hyperthermia induced loco-regional and systemic tumor destruction in colorectal cancer allografts,JOURNAL OF CANCER,2018,Web of Science Core Collection,TI04
FS-012315,"Proteomic Analysis of Peripheral Blood Mononuclear Cells after a High-Fat, High-Carbohydrate Meal with Orange Juice",JOURNAL OF PROTEOME RESEARCH,2017,Web of Science Core Collection,TI04
FS-012317,The anti-myeloma activity of bone morphogenetic protein 2 predominantly relies on the induction of growth arrest and is apoptosis-independent,PLOS ONE,2017,Web of Science Core Collection,TI04
FS-012318,Gα13 ablation reprograms myofibers to oxidative phenotype and enhances whole-body metabolism,JOURNAL OF CLINICAL INVESTIGATION,2017,Web of Science Core Collection,TI04
FS-012319,"Stevia and stevioside protect against cisplatin nephrotoxicity through inhibition of ERK1/2, STAT3, and NF-κB activation",FOOD AND CHEMICAL TOXICOLOGY,2017,Web of Science Core Collection,TI04
FS-012320,Anti- high mobility group box-1 (HMGB1) antibody attenuates kidney damage following experimental crush injury and the possible role of the tumor necrosis factor-α and c-Jun N-terminal kinase pathway,JOURNAL OF ORTHOPAEDIC SURGERY AND RESEARCH,2017,Web of Science Core Collection,TI04
FS-012323,Neuroprotector effect of stem cells from human exfoliated deciduous teeth transplanted after traumatic spinal cord injury involves inhibition of early neuronal apoptosis,BRAIN RESEARCH,2017,Web of Science Core Collection,TI04
FS-012324,Microwave-induced Apoptosis and Cytotoxicity of NK Cells through ERK1/2 Signaling,BIOMEDICAL AND ENVIRONMENTAL SCIENCES,2017,Web of Science Core Collection,TI04
FS-012326,Dynamic hyperinflation in patients with asthma and exercise-induced bronchoconstriction,ANNALS OF ALLERGY ASTHMA & IMMUNOLOGY,2017,Web of Science Core Collection,TI05
FS-012330,Sequential administration of a MVA-based MUC1 cancer vaccine and the TLR9 ligand Litenimod (Li28) improves local immune defense against tumors,VACCINE,2017,Web of Science Core Collection,TI04
FS-012337,Carvacrol attenuates acute kidney injury induced by cisplatin through suppression of ERK and PI3K/Akt activation,FOOD AND CHEMICAL TOXICOLOGY,2016,Web of Science Core Collection,TI04
FS-012338,Kinetics of HIV-1 Latency Reversal Quantified on the Single-Cell Level Using a Novel Flow-Based Technique,JOURNAL OF VIROLOGY,2016,Web of Science Core Collection,TI04
FS-012339,"A Phase I Dose-Escalation Study Evaluating the Safety Tolerability and Pharmacokinetics of CUDC-427, a Potent, Oral, Monovalent IAP Antagonist, in Patients with Refractory Solid Tumors",CLINICAL CANCER RESEARCH,2016,Web of Science Core Collection,TI04
FS-012344,A global look into human T cell subsets before and after cryopreservation using multiparametric flow cytometry and two-dimensional visualization analysis,JOURNAL OF IMMUNOLOGICAL METHODS,2016,Web of Science Core Collection,TI04
FS-012347,8p11 myeloproliferative syndrome: diagnostic challenges and pitfalls,JOURNAL OF BUON,2016,Web of Science Core Collection,TI04
FS-012351,Epstein-Barr virus reactivation in extranodal natural killer/T-cell lymphoma patients: a previously unrecognized serious adverse event in a pilot study with romidepsin,ANNALS OF ONCOLOGY,2016,Web of Science Core Collection,TI04
FS-012352,Pegfilgrastim administration after 24 or 72 or 96 h to allow dose-dense anthracycline- and taxane-based chemotherapy in breast cancer patients: a single-center experience within the GIM2 randomized phase III trial,SUPPORTIVE CARE IN CANCER,2016,Web of Science Core Collection,TI04
FS-012353,Intermittent exercise models may be basic in research of creatine complex effects in aerobic and anaerobic performance of athletes and Cr supplementation influence,BALTIC JOURNAL OF HEALTH AND PHYSICAL ACTIVITY,2016,Web of Science Core Collection,TI05
FS-012356,Remote Ischemic Preconditioning-Mediated Neuroprotection against Stroke is Associated with Significant Alterations in Peripheral Immune Responses,CNS NEUROSCIENCE & THERAPEUTICS,2016,Web of Science Core Collection,TI04
FS-012357,EFFECTIVENESS OF INTERVAL EXERCISE VERSUS CONTINUOUS EXERCISE TO IMPROVE EXERCISE TOLERANCE IN CHRONIC OBSTRUCTIVE PULMONARY DISEASE SUBJECTS,INTERNATIONAL JOURNAL OF PHYSIOTHERAPY,2015,Web of Science Core Collection,TI05
FS-012364,The Effects of 10 Weeks Concurrent Aerobic and Strength Exercise on Quality of Life and Resilience of Kidney Transplant Patients,INTERNATIONAL JOURNAL OF APPLIED EXERCISE PHYSIOLOGY,2015,Web of Science Core Collection,TI05
FS-012365,"Safety and immunologic correlates of Melanoma GVAX, a GM-CSF secreting allogeneic melanoma cell vaccine administered in the adjuvant setting",JOURNAL OF TRANSLATIONAL MEDICINE,2015,Web of Science Core Collection,TI04
FS-012368,Dulanermin with rituximab in patients with relapsed indolent B-cell lymphoma: an open-label phase 1b/2 randomised study,LANCET HAEMATOLOGY,2015,Web of Science Core Collection,TI04
FS-012370,Pharmacodynamic monitoring of (immuno)proteasome inhibition during bortezomib treatment of a critically ill patient with lupus nephritis and myocarditis,LUPUS SCIENCE & MEDICINE,2015,Web of Science Core Collection,TI04
FS-012376,Bone marrow-derived c-jun N-terminal kinase-1 (JNK1) mediates liver regeneration,BIOCHIMICA ET BIOPHYSICA ACTA-MOLECULAR BASIS OF DISEASE,2015,Web of Science Core Collection,TI04
FS-012378,Sequential immune monitoring in patients with melanoma and renal cell carcinoma treated with high-dose interleukin-2: immune patterns and correlation with outcome,CANCER IMMUNOLOGY IMMUNOTHERAPY,2014,Web of Science Core Collection,TI04
FS-012379,BTG1 underexpression is an independent prognostic marker in esophageal squamous cell carcinoma,TUMOR BIOLOGY,2014,Web of Science Core Collection,TI04
FS-012380,BTG1 expression in thyroid carcinoma: Diagnostic indicator and prognostic marker,INTERNATIONAL JOURNAL OF ONCOLOGY,2014,Web of Science Core Collection,TI04
FS-012384,Limb Remote Ischemic Preconditioning Attenuates Lung Injury after Pulmonary Resection under Propofol-Remifentanil Anesthesia <i>A Randomized Controlled Study</i>,ANESTHESIOLOGY,2014,Web of Science Core Collection,TI04
FS-012388,"Correlation between Plasma, Intracellular, and Cervical Tissue Levels of Raltegravir at Steady-State Dosing in Healthy Women",ANTIMICROBIAL AGENTS AND CHEMOTHERAPY,2014,Web of Science Core Collection,TI04
FS-012389,"Antiviral activity of Ladania067, an extract from wild black currant leaves against influenza A virus <i>in vitro</i> and <i>in vivo</i>",FRONTIERS IN MICROBIOLOGY,2014,Web of Science Core Collection,TI04
FS-012393,Subcapsular sinus macrophages limit dissemination of West Nile virus particles after inoculation but are not essential for the development of West Nile virus-specific T cell responses,VIROLOGY,2014,Web of Science Core Collection,TI04
FS-012394,"Electroluminescent TCC, C3dg and fB/Bb epitope assays for profiling Complement cascade activation <i>in vitro</i> using an activated Complement serum calibration standard",JOURNAL OF IMMUNOLOGICAL METHODS,2014,Web of Science Core Collection,TI04
FS-012396,How to live until 90 - Factors predicting survival in 75-year-olds from the general population,HEALTHY AGING RESEARCH,2014,Web of Science Core Collection,TI04
FS-012398,Etoposide Induces Nuclear Re-Localisation of AID,PLOS ONE,2013,Web of Science Core Collection,TI04
FS-012401,Early gene expression changes by Epstein-Barr virus infection of B-cells indicate CDKs and survivin as therapeutic targets for post-transplant lymphoproliferative diseases,INTERNATIONAL JOURNAL OF CANCER,2013,Web of Science Core Collection,TI04
FS-012404,Vasopressin inhibits endotoxin-induced upregulation of inflammatory mediators in activated macrophages,TZU CHI MEDICAL JOURNAL,2013,Web of Science Core Collection,TI04
FS-012405,Vorinostat in combination with bortezomib in patients with advanced malignancies directly alters transcription of target genes,CANCER CHEMOTHERAPY AND PHARMACOLOGY,2013,Web of Science Core Collection,TI04
FS-012407,Impaired liver regeneration by -glucosylceramide is associated with decreased fat accumulation,JOURNAL OF DIGESTIVE DISEASES,2013,Web of Science Core Collection,TI04
FS-012409,Dynamics of HIV-Containing Compartments in Macrophages Reveal Sequestration of Virions and Transient Surface Connections,PLOS ONE,2013,Web of Science Core Collection,TI04
FS-012410,Vocal Cord Dysfunction as Demonstrated by Impulse Oscillometry,JOURNAL OF ALLERGY AND CLINICAL IMMUNOLOGY-IN PRACTICE,2013,Web of Science Core Collection,TI04
FS-012411,Optimized Infectivity of the Cell-Free Single-Cycle Human Immunodeficiency Viruses Type 1 (HIV-1) and Its Restriction by Host Cells,PLOS ONE,2013,Web of Science Core Collection,TI04
FS-012418,Modulation of Ets-1 Expression in B Lymphocytes is Dependent on the Antigen Receptor-mediated Activation Signals and Cell Cycle Status,SCANDINAVIAN JOURNAL OF IMMUNOLOGY,2013,Web of Science Core Collection,TI04
FS-012420,Treatment of a Frail Older Patient with Diffuse Large B-Cell Lymphoma on Maintenance Dialysis: Attenuated Immunochemotherapy and Adapted Care Plan,CASE REPORTS IN ONCOLOGY,2013,Web of Science Core Collection,TI04
FS-012422,A phase II study of UCN-01 in combination with irinotecan in patients with metastatic triple negative breast cancer,BREAST CANCER RESEARCH AND TREATMENT,2013,Web of Science Core Collection,TI04
FS-012423,Soluble CD40 Ligand (sCD40L) Provides a New Delivery System for Targeted Treatment sCD40L-Caspase 3 Chimeric Protein for Treating B-Cell Malignancies,CANCER,2012,Web of Science Core Collection,TI04
FS-012424,Influence of plus Gz exposure on serum biochemical and hematological parameters,ASIAN BIOMEDICINE,2012,Web of Science Core Collection,TI04
FS-012426,Consequences of TCDD treatment on intra-hepatic lymphocytes during liver regeneration,JOURNAL OF IMMUNOTOXICOLOGY,2012,Web of Science Core Collection,TI04
FS-012429,Recent developments in the physiological assessment of sarcoidosis: clinical implications,CURRENT OPINION IN PULMONARY MEDICINE,2012,Web of Science Core Collection,TI04
FS-012434,"Ridaforolimus for patients with progressive or recurrent malignant glioma: a perisurgical, sequential, ascending-dose trial",CANCER CHEMOTHERAPY AND PHARMACOLOGY,2012,Web of Science Core Collection,TI04
FS-012437,"Identity, Potency, <i>In Vivo</i> Viability, and Scaling Up Production of Lentiviral Vector-Induced Dendritic Cells for Melanoma Immunotherapy",HUMAN GENE THERAPY METHODS,2012,Web of Science Core Collection,TI04
FS-012438,"Effects of Inositol 1,4,5-triphosphate on Osteoclast Differentiation in RANKL-induced Osteoclastogenesis",KOREAN JOURNAL OF PHYSIOLOGY & PHARMACOLOGY,2012,Web of Science Core Collection,TI04
FS-012445,Final results of a prematurely discontinued Phase 1/2 study of eniluracil with escalating doses of 5-fluorouracil administered orally in patients with advanced hepatocellular carcinoma,CANCER CHEMOTHERAPY AND PHARMACOLOGY,2011,Web of Science Core Collection,TI04
FS-012450,Transient knock down of checkpoint kinase 1 in hematopoietic progenitors is linked to bone marrow toxicity,TOXICOLOGY LETTERS,2011,Web of Science Core Collection,TI04
FS-012451,Chemical and Biological Activity of Leaf Extracts of <i>Chromolaena leivensis</i>,NATURAL PRODUCT COMMUNICATIONS,2011,Web of Science Core Collection,TI04
FS-012455,Six-Minute-Walk Test in Idiopathic Pulmonary Fibrosis Test Validation and Minimal Clinically Important Difference,AMERICAN JOURNAL OF RESPIRATORY AND CRITICAL CARE MEDICINE,2011,Web of Science Core Collection,TI05
FS-012462,Obstructive Uropathy,Contributions to Nephrology,2011,Web of Science Core Collection,TI04
FS-012464,"Phase I and Pharmacokinetic Studies of CYT-6091, a Novel PEGylated Colloidal Gold-rhTNF Nanomedicine",CLINICAL CANCER RESEARCH,2010,Web of Science Core Collection,TI04
FS-012468,Quantitative analysis and modeling of glucocorticoid-controlled gene expression,PHARMACOGENOMICS,2010,Web of Science Core Collection,TI04
FS-012470,Bendamustine pharmacokinetic profile and exposure-response relationships in patients with indolent non-Hodgkin's lymphoma,CANCER CHEMOTHERAPY AND PHARMACOLOGY,2010,Web of Science Core Collection,TI04
FS-012471,Modulation of plasma complement by the initial dose of epirubicin/docetaxel therapy in breast cancer and its predictive value,BRITISH JOURNAL OF CANCER,2010,Web of Science Core Collection,TI04
FS-012473,Proteomic and genomic modulations induced by γ-irradiation of human blood lymphocytes,INTERNATIONAL JOURNAL OF RADIATION BIOLOGY,2010,Web of Science Core Collection,TI04
FS-012474,Intravenous multipotent adult progenitor cell therapy for traumatic brain injury: Preserving the blood brain barrier via an interaction with splenocytes,EXPERIMENTAL NEUROLOGY,2010,Web of Science Core Collection,TI04
FS-012475,Expression profiles of adult T-cell leukemia-lymphoma and associations with clinical responses to zidovudine and interferon α,LEUKEMIA & LYMPHOMA,2010,Web of Science Core Collection,TI04
FS-012476,Vaccination with a plasmid DNA encoding HER-2/neu together with low doses of GM-CSF and IL-2 in patients with metastatic breast carcinoma: a pilot clinical trial,JOURNAL OF TRANSLATIONAL MEDICINE,2010,Web of Science Core Collection,TI04
FS-012478,Identification of Stage-Specific Gene Modulation during Early Thymocyte Development by Whole-Genome Profiling Analysis after Aryl Hydrocarbon Receptor Activation,MOLECULAR PHARMACOLOGY,2010,Web of Science Core Collection,TI04
FS-012479,Monocyte activation state regulates monocyte-induced endothelial proliferation through Met signaling,BLOOD,2010,Web of Science Core Collection,TI04
FS-012481,<i>Neisseria gonorrhoeae</i> Enhances HIV-1 Infection of Primary Resting CD4<SUP>+</SUP> T Cells through TLR2 Activation,JOURNAL OF IMMUNOLOGY,2010,Web of Science Core Collection,TI04
FS-012482,Rapid and sustained response of an intra- and extracranial large cell lymphoma mass to liposomal intrathecal Ara-C and R-MegaCEOP systemic chemotherapy,JOURNAL OF NEURO-ONCOLOGY,2010,Web of Science Core Collection,TI04
FS-012485,"Integrated Studies of Western and Traditional Chinese Medicine on Cardiac Syndrome X, One Kind of Diseases with Chest Pain",Cardiology Research and Clinical Developments,2010,Web of Science Core Collection,TI04
FS-012489,Late Release of Circulating Endothelial Cells and Endothelial Progenitor Cells after Chemotherapy Predicts Response and Survival in Cancer Patients,NEOPLASIA,2010,Web of Science Core Collection,TI04
FS-012490,Inhibiting p53 pathways in microglia attenuates microglial-evoked neurotoxicity following exposure to Alzheimer peptides,JOURNAL OF NEUROCHEMISTRY,2010,Web of Science Core Collection,TI04
FS-012492,The Effect of Preanalytical Factors on Stability of the Proteome and Selected Metabolites in Cerebrospinal Fluid (CSF),JOURNAL OF PROTEOME RESEARCH,2009,Web of Science Core Collection,TI04
FS-012493,CD<SUP>4+</SUP> T Cell-Derived IL-2 Signals during Early Priming Advances Primary CD8<SUP>+</SUP> T Cell Responses,PLOS ONE,2009,Web of Science Core Collection,TI04
FS-012497,Impact of acute psychosocial stress on peripheral blood gene expression pathways in healthy men,BIOLOGICAL PSYCHOLOGY,2009,Web of Science Core Collection,TI04
FS-012498,"Lenalidomide-induced upregulation of CD80 on tumor cells correlates with T-cell activation, the rapid onset of a cytokine release syndrome and leukemic cell clearance in chronic lymphocytic leukemia",HAEMATOLOGICA-THE HEMATOLOGY JOURNAL,2009,Web of Science Core Collection,TI04
FS-012506,Intrathymic proliferation wave essential for Vα14<SUP>+</SUP> natural killer T cell development depends on c-Myc,PROCEEDINGS OF THE NATIONAL ACADEMY OF SCIENCES OF THE UNITED STATES OF AMERICA,2009,Web of Science Core Collection,TI04
FS-012510,Evidence-based Pharmacy Practice (EBPP): EXERCISE-INDUCED ASTHMA,SA PHARMACEUTICAL JOURNAL,2009,Web of Science Core Collection,TI05
FS-012511,Minority Women and Cardiovascular Disease,Contemporary Cardiology,2009,Web of Science Core Collection,TI04
FS-012512,Phase I Study of Prolonged-Infusion Gemcitabine Combined with Cyclophosphamide in Patients with Metastatic Carcinoma of the Breast: Tolerability of an Optimal Dose Schedule,ONCOLOGY,2009,Web of Science Core Collection,TI04
FS-012514,"Central Exercise Action Increases the AMPK and mTOR Response to Leptin (Retracted Article); Central Exercise Action Increases the AMPK and mTOR Response to Leptin (Retraction of Vol 3, art no E3856, 2008)",PLOS ONE; PLOS ONE,2008,Web of Science Core Collection,TI05
FS-012522,Exposure to 900 MHz radiofrequency radiation induces caspase 3 activation in proliferating human lymphocytes,RADIATION RESEARCH,2008,Web of Science Core Collection,TI04
FS-012524,Histone deacetylase inhibitor panobinostat induces clinical responses with associated alterations in gene expression profiles in cutaneous T-cell lymphoma,CLINICAL CANCER RESEARCH,2008,Web of Science Core Collection,TI04
FS-012528,CD4 mimetic miniproteins: potent anti-HIV compounds with promising activity as microbicides,JOURNAL OF ANTIMICROBIAL CHEMOTHERAPY,2008,Web of Science Core Collection,TI04
FS-012531,Influence of varying doses of granulocyte-macrophage colony-stimulating factor on pharmacokinetics and antibody-dependent cellular cytotoxicity,CANCER IMMUNOLOGY IMMUNOTHERAPY,2008,Web of Science Core Collection,TI04
FS-012532,Arsenite-induced thymus atrophy is mediated by cell cycle arrest: A characteristic downregulation of E2F-Related genes revealed by a microarray approach,TOXICOLOGICAL SCIENCES,2008,Web of Science Core Collection,TI04
FS-012534,Role of interleukin-6 signalling in glucose and lipid metabolism,ACTA PHYSIOLOGICA,2008,Web of Science Core Collection,TI04
FS-012536,CTLA-4 • FasL induces early apoptosis of activated T cells by interfering with anti-apoptotic signals,JOURNAL OF IMMUNOLOGY,2007,Web of Science Core Collection,TI04
FS-012542,Pegfilgrastim as hematopoietic support for dose-dense chemoimmunotherapy with R-CHOP-14 as first-line therapy in elderly patients with diffuse large B cell lymphoma,SUPPORTIVE CARE IN CANCER,2007,Web of Science Core Collection,TI04
FS-012543,Impaired liver regeneration and increased oval cell numbers following T cell-mediated hepatitis,HEPATOLOGY,2007,Web of Science Core Collection,TI04
FS-012546,Effects of the administration of high-dose interleukin-2 on immunoregulatory cell subsets in patients with advanced melanoma and renal cell cancer,CLINICAL CANCER RESEARCH,2007,Web of Science Core Collection,TI04
FS-012549,Immunotoxicological study of one of the most common over-the-counter pyrethroid insecticide products in Egypt,INHALATION TOXICOLOGY,2007,Web of Science Core Collection,TI04
FS-012553,"Peripheral blood mononuclear and tumor cell pharmacodynamics of the novel epothilone B analogue, ixabepilone",ANNALS OF ONCOLOGY,2007,Web of Science Core Collection,TI04
FS-012556,Repair process of fetal brain after 5-azacytidine-induced damage,EUROPEAN JOURNAL OF NEUROSCIENCE,2006,Web of Science Core Collection,TI04
FS-012558,A phase I trial of twice-weekly 17-allylamino-demethoxy-geldanamycin in patients with advanced cancer,CLINICAL CANCER RESEARCH,2006,Web of Science Core Collection,TI04
FS-012559,Sustained aryl hydrocarbon receptor activity attenuates liver regeneration,MOLECULAR PHARMACOLOGY,2006,Web of Science Core Collection,TI04
FS-012562,Mechanism and function of heat shock-dependent IκBα expression,INFLAMMATION RESEARCH,2006,Web of Science Core Collection,TI04
FS-012565,Combined protocol of cell therapy for chronic spinal cord injury.: Report on the electrical and functional recovery of two patients,CYTOTHERAPY,2006,Web of Science Core Collection,TI04
FS-012566,Suppression of angioplasty-related inflammation on by pre-procedural treatment with trimetazidine,TOHOKU JOURNAL OF EXPERIMENTAL MEDICINE,2006,Web of Science Core Collection,TI04
FS-012567,Interruption of antiretroviral therapy blunts but does not abrogate CD4 T-cell responses to interleukin-2 administration in HIV infected patients,AIDS,2006,Web of Science Core Collection,TI04
FS-012569,"An enzyme-linked immunosorbent assay for human cathepsin X, a potential new inflammatory marker",JOURNAL OF IMMUNOLOGICAL METHODS,2006,Web of Science Core Collection,TI04
FS-012571,A phase II trial of tow-dose total body irradiation and subcutaneous interleukin-2 in metastatic melanoma,RADIOTHERAPY AND ONCOLOGY,2005,Web of Science Core Collection,TI04
FS-012572,"Phase II trial of the <i>O</i><SUP>6</SUP>-alkylguanine DNA alkyltransferase inhibitor <i>O</i><SUP>6</SUP>-benzylguanine and 1,3-bis(2-chloroethyl)-1-nitrosourea in advanced melanoma",CLINICAL CANCER RESEARCH,2005,Web of Science Core Collection,TI04
FS-012575,Flow cytometric detection of hepatitis C virus antigens in infected peripheral blood leukocytes: Binding and entry,WORLD JOURNAL OF GASTROENTEROLOGY,2005,Web of Science Core Collection,TI04
FS-012577,Involvement of IL-6 in the anti-human immunodeficiency virus activity of IFN-τ in human macrophages,INTERNATIONAL IMMUNOLOGY,2005,Web of Science Core Collection,TI04
FS-012578,"Observational clinical follow-up of oocyte cryopreservation using a slow-freezing method with 1,2-propanediol plus sucrose followed by ICSI",HUMAN REPRODUCTION,2005,Web of Science Core Collection,TI04
FS-012583,Early establishment of γ-herpesvirus latency: Implications for immune control,JOURNAL OF IMMUNOLOGY,2005,Web of Science Core Collection,TI04
FS-012589,Phosphodiesterase-4 inhibitors for asthma and chronic obstructive pulmonary disease,LANCET,2005,Web of Science Core Collection,TI04
FS-012590,Development and validation of a liquid chromatographic/tandem mass spectrometric assay for the quantitation of nucleoside HIV reverse transcriptase inhibitors in biological matrices,JOURNAL OF MASS SPECTROMETRY,2005,Web of Science Core Collection,TI04
FS-012591,Infectious bursal disease virus polyprotein expression arrests growth and mitogenic stimulation of B lymphocytes,ARCHIVES OF VIROLOGY,2004,Web of Science Core Collection,TI04
FS-012592,Kinetic assessment of general gene expression changes during human naive CD4<SUP>+</SUP> T cell activation,INTERNATIONAL IMMUNOLOGY,2004,Web of Science Core Collection,TI04
FS-012597,Feasibility and pharmacokinetic study of infusional dexrazoxane and dose-intensive doxorubicin administered concurrently over 96 h for the treatment of advanced malignancies,CANCER CHEMOTHERAPY AND PHARMACOLOGY,2004,Web of Science Core Collection,TI04
FS-012601,"Ryanodine receptor signaling is required for anti-CD3-induced T cell proliferation, interleukin-2 synthesis, and interleukin-2 receptor signaling",JOURNAL OF CELLULAR BIOCHEMISTRY,2004,Web of Science Core Collection,TI04
FS-012606,Phase I study of gemcitabine given weekly as a short infusion for non-small cell lung cancer: results and possible immune system-related mechanisms,LUNG CANCER,2004,Web of Science Core Collection,TI04
FS-012607,Dendritic cells as host cells for the promastigote and amastigote stages of <i>Leishmania amazonensis</i>: the role of opsonins in parasite uptake and dendritic cell maturation,JOURNAL OF CELL SCIENCE,2004,Web of Science Core Collection,TI04
FS-012608,"Zinc, immune plasticity, aging, and successful aging - Role of metallothionein",Annals of the New York Academy of Sciences-Series,2004,Web of Science Core Collection,TI04
FS-012614,Efficacy and safety of rasburicase (recombinant urate oxidase) for the prevention and treatment of Hyperuricemia during induction chemotherapy of aggressive non-Hodgkin's lymphoma:: Results of the GRAAL1,JOURNAL OF CLINICAL ONCOLOGY,2003,Web of Science Core Collection,TI04
FS-012617,Activation and proliferation signals in primary human T lymphocytes inhibited by ergosterol peroxide isolated from <i>Cordyceps cicadae</i>,BRITISH JOURNAL OF PHARMACOLOGY,2003,Web of Science Core Collection,TI04
FS-012620,"Pharmacodynamic evaluation of CCI-779, an inhibitor of mTOR, in cancer patients",CLINICAL CANCER RESEARCH,2003,Web of Science Core Collection,TI04
FS-012621,Role of the AP-1 element and redox factor-1 (Ref-1) in mediating transcriptional induction of DT-diaphorase gene expression by oltipraz: a target for chemoprevention,BIOCHEMICAL PHARMACOLOGY,2003,Web of Science Core Collection,TI04
FS-012623,Serum and follicular fluid cytokines in polycystic ovary syndrome during stimulated cycles,OBSTETRICS AND GYNECOLOGY,2003,Web of Science Core Collection,TI04
FS-012625,Changes of plasma concentrations of soluble vascular cell adhesion molecule-1 and vascular endothelial growth factor after increased perfusion of lower extremities in humans,ENDOTHELIUM-JOURNAL OF ENDOTHELIAL CELL RESEARCH,2003,Web of Science Core Collection,TI04
FS-012626,A phase I pharmacokinetic and pharmacodynamic study of the DNA methyltransferase 1 inhibitor MG98 administered twice weekly,ANNALS OF ONCOLOGY,2003,Web of Science Core Collection,TI04
FS-012627,Commitment point during G<sub>0</sub>→G<sub>1</sub> that controls entry into the cell cycle,MOLECULAR AND CELLULAR BIOLOGY,2003,Web of Science Core Collection,TI04
FS-012628,Phase I trial of high dose paracetamol and carmustine in patients with metastatic melanoma,MELANOMA RESEARCH,2003,Web of Science Core Collection,TI04
FS-012629,Quantitative analysis of herpes simplex virus reactivation in vivo demonstrates that reactivation in the nervous system is not inhibited at early times postinoculation,JOURNAL OF VIROLOGY,2003,Web of Science Core Collection,TI04
FS-012632,The effects of ibuprofen on delayed muscle soreness and muscular performance after eccentric exercise,JOURNAL OF STRENGTH AND CONDITIONING RESEARCH,2003,Web of Science Core Collection,TI05
FS-012633,Nasal NK/T-Cell lymphoma with disseminated disease treated with aggressive combined therapy,MEDICAL ONCOLOGY,2003,Web of Science Core Collection,TI04
FS-012634,Effective combination of chemotherapy and dendritic cell administration for the treatment of advanced-stage experimental breast cancer,CLINICAL CANCER RESEARCH,2003,Web of Science Core Collection,TI04
FS-012636,Weekly bryostatin-1 in metastatic renal cell carcinoma: A phase II study,CLINICAL CANCER RESEARCH,2003,Web of Science Core Collection,TI04
FS-012637,"Dietary conjugated linoleic acid decreased cachexia, macrophage tumor necrosis factor-α production, and modifies splenocyte cytokines production",EXPERIMENTAL BIOLOGY AND MEDICINE,2003,Web of Science Core Collection,TI04
FS-012638,"Hydrogen photoproduction under continuous illumination by sulfur-deprived, synchronous <i>Chlamydomonas reinhardtii</i> cultures",INTERNATIONAL JOURNAL OF HYDROGEN ENERGY,2002,Web of Science Core Collection,TI04
FS-012639,The type 1 interleukin-1 receptor is essential for the efficient activation of microglia and the induction of multiple proinflammatory mediators in response to brain injury,JOURNAL OF NEUROSCIENCE,2002,Web of Science Core Collection,TI04
FS-012640,"Validation of the pharmacodynamics of BMS-247550, an analogue of epothilone B, during a phase I clinical study",CLINICAL CANCER RESEARCH,2002,Web of Science Core Collection,TI04
FS-012647,Effects of cryopreservation and phenylacetate on biological characters of adherent LAK cells from patients with hepatocellular carcinoma,WORLD JOURNAL OF GASTROENTEROLOGY,2002,Web of Science Core Collection,TI04
FS-012650,Rapid changes in the lymphopoietic and granulopoietic compartments of the marrow caused by stress levels of corticosterone,IMMUNOLOGY,2002,Web of Science Core Collection,TI04
FS-012653,Exercise-induced bronchoconstriction,DRUGS,2002,Web of Science Core Collection,TI05
FS-012654,DNA strand-breaks induced by the topoisomerase I inhibitor camptothecin in unstimulated human white blood cells,CELL BIOLOGY INTERNATIONAL,2002,Web of Science Core Collection,TI04
FS-012656,"Nucleotide sequence and cell cycle-associated differential expression of ZF5128, a novel Kruppel type zinc finger protein gene",BIOCHIMICA ET BIOPHYSICA ACTA-GENE STRUCTURE AND EXPRESSION,2001,Web of Science Core Collection,TI04
FS-012658,Gamma interferon can prevent herpes simplex virus type 1 reactivation from latency in sensory neurons,JOURNAL OF VIROLOGY,2001,Web of Science Core Collection,TI04
FS-012660,Local intratumoral tumor necrosis factor-α and systemic IFN-α2b in patients with locally advanced prostate cancer,JOURNAL OF INTERFERON AND CYTOKINE RESEARCH,2001,Web of Science Core Collection,TI04
FS-012661,High level of expression of the <i>Toxoplasma gondii</i>-recombinant Rop2 protein in <i>Escherichia coli</i> as a soluble form for optimal use in diagnosis,MOLECULAR BIOTECHNOLOGY,2001,Web of Science Core Collection,TI04
FS-012666,5-Fluorouracil induced Fas upregulation associated with apoptosis in liver metastases of colorectal cancer patients,ANNALS OF ONCOLOGY,2001,Web of Science Core Collection,TI04
FS-012667,Circadian variation in <i>O</i><SUP>6</SUP>-alkylguanine-DNA alkyltransferase activity in circulating blood mononuclear cells of healthy human subjects,INTERNATIONAL JOURNAL OF CANCER,2001,Web of Science Core Collection,TI04
FS-012668,Oral etoposide in patients with hematological malignancies - A clinical and pharmacokinetic study,MEDICAL ONCOLOGY,2001,Web of Science Core Collection,TI04
FS-012670,Pathophysiology of the cysteinyl leukotrienes and effects of leukotriene receptor antagonists in asthma,ALLERGY,2001,Web of Science Core Collection,TI04
FS-012672,"Regulation of cell proliferation, gene expression, production of cytokines, and cell cycle progression in primary human T lymphocytes by piperlactam S isolated from <i>Piper kadsura</i>",MOLECULAR PHARMACOLOGY,2000,Web of Science Core Collection,TI04
FS-012677,Toxic epidermal necrolysis following combination of methotrexate and trimethoprim-sulfamethoxazole,INTERNATIONAL JOURNAL OF DERMATOLOGY,2000,Web of Science Core Collection,TI04
FS-012680,"Comparative quantification of IL-1β, IL-10, IL-10r, TNFα and IL-7 mRNA levels in UV-irradiated human skin in vivo",INFLAMMATION RESEARCH,2000,Web of Science Core Collection,TI04
FS-012685,Intrapleural administration of tumour necrosis factor-alpha (TNFα) in patients with mesothelioma:: cytokine patterns and acute-phase protein response,EUROPEAN JOURNAL OF CLINICAL INVESTIGATION,2000,Web of Science Core Collection,TI04
FS-012689,Dihydrofolate reductase from Kaposi's sarcoma-associated herpesvirus,VIROLOGY,2000,Web of Science Core Collection,TI04
FS-012690,"A case of primary cardiac B cell lymphoma associated with ventricular tachycardia, successfully treated with systemic chemotherapy and radiotherapy - A long-term survival case",JAPANESE CIRCULATION JOURNAL-ENGLISH EDITION,2000,Web of Science Core Collection,TI04
FS-012691,Slow rise of Ca<SUP>2+</SUP> and slow release of reactive oxygen species are two cross-talked events important in tumour necrosis factor-α-mediated apoptosis,FREE RADICAL RESEARCH,2000,Web of Science Core Collection,TI04
FS-012693,"Soluble adhesion molecules (sICAM-1, sL-Selectin, sE-Selectin, sCD44) in healthy allogenic peripheral stem-cell donors primed with recombinant C-CSF",CYTOTHERAPY,2000,Web of Science Core Collection,TI04
FS-012694,Inhibition of IL-4 responses after T cell priming in the context of LFA-1 costimulation is not reversed by restimulation in the presence of CD28 costimulation,JOURNAL OF IMMUNOLOGY,2000,Web of Science Core Collection,TI04
FS-012696,A phase I trial of humanized monoclonal antibody HuM195 (anti-CD33) with low-dose interleukin 2 in acute myelogenous leukemia,CLINICAL CANCER RESEARCH,1999,Web of Science Core Collection,TI04
FS-012697,"Retinoic acid prevents phosphorylation of pRB in normal human B lymphocytes:: Regulation of cyclin E, cyclin A, and p21<SUP>Cip1</SUP>",BLOOD,1999,Web of Science Core Collection,TI04
FS-012698,Quantification of proliferating lymphocyte subsets appearing in the intestinal lymph and the blood,CLINICAL AND EXPERIMENTAL IMMUNOLOGY,1999,Web of Science Core Collection,TI04
FS-012703,Cisplatin-based polychemotherapy reduces the natural cytotoxicity of peripheral blood mononuclear cells in patients with advanced ovarian carcinoma and their in vitro responsiveness to interleukin-12 incubation,CANCER,1999,Web of Science Core Collection,TI04
FS-012705,Epstein-Barr virus infection and mitogen stimulation of normal B cells induces wild-type p53 without subsequent growth arrest or apoptosis,JOURNAL OF GENERAL VIROLOGY,1999,Web of Science Core Collection,TI04
FS-012706,Laminin 5 promotes activation and apoptosis of the T cells expressing α3β1 integrin,EXPERIMENTAL CELL RESEARCH,1999,Web of Science Core Collection,TI04
FS-012707,The serum interleukin 8 level reflects hepatic mitochondrial redox state in hyperthermochemohypoxic isolated liver perfusion with use of a venovenous bypass,SURGERY,1999,Web of Science Core Collection,TI04
FS-012708,Requirement of PEST domain tyrosine phosphatase PEP in B cell antigen receptor-induced growth arrest and apoptosis,EUROPEAN JOURNAL OF IMMUNOLOGY,1999,Web of Science Core Collection,TI04
FS-012709,Membrane dielectric responses of human T-lymphocytes following mitogenic stimulation,BIOCHIMICA ET BIOPHYSICA ACTA-BIOMEMBRANES,1999,Web of Science Core Collection,TI04
FS-012712,Circadian variations in human peripheral blood on days with and without bone marrow sampling and relation to bone marrow cell proliferation,BIOLOGICAL RHYTHM RESEARCH,1999,Web of Science Core Collection,TI04
FS-012713,Systemic sclerosis revealing T-cell lymphoma,DERMATOLOGY,1999,Web of Science Core Collection,TI04
FS-012715,Impaired glucocorticoid receptor function evolves in aberrant physiological responses to bacterial endotoxin,EUROPEAN JOURNAL OF NEUROSCIENCE,1999,Web of Science Core Collection,TI04
FS-012717,The relation between skeletal muscle myopathy and exercise capacity in chronic heart failure,BASIC AND APPLIED MYOLOGY,1999,Web of Science Core Collection,TI05
FS-012718,Extensive phenotypic analysis of CD34 subsets in successive collections of mobilized peripheral blood progenitors,BRITISH JOURNAL OF HAEMATOLOGY,1998,Web of Science Core Collection,TI04
FS-012719,Expression of CD14 by hepatocytes: Upregulation by cytokines during endotoxemia,INFECTION AND IMMUNITY,1998,Web of Science Core Collection,TI04
FS-012720,The L3 of <i>Brugia</i> induces a T<sub>h</sub>2-polarized response following activation of an IL-4-producing CD4-CD8- αβ T cell population,INTERNATIONAL IMMUNOLOGY,1998,Web of Science Core Collection,TI04
FS-012721,"Transcription of the human cytomegalovirus natural killer decoy gene, UL18, <i>in vitro</i> and <i>in vivo</i>",JOURNAL OF GENERAL VIROLOGY,1998,Web of Science Core Collection,TI04
FS-012722,Intravenous immunoglobulin inhibits IgE production in human B lymphocytes,JOURNAL OF ALLERGY AND CLINICAL IMMUNOLOGY,1998,Web of Science Core Collection,TI04
FS-012724,Interleukin-2 stimulates a late increase in phosphatidic acid production in the absence of phospholipase D activation,FEBS LETTERS,1998,Web of Science Core Collection,TI04
FS-012731,Dependence on host cell cycle for activation of human immunodeficiency virus type 1 gene expression from latency,JOURNAL OF GENERAL VIROLOGY,1998,Web of Science Core Collection,TI04
FS-012741,Concanavalin A-induced liver injury triggers hepatocyte proliferation,JOURNAL OF CLINICAL INVESTIGATION,1998,Web of Science Core Collection,TI04
FS-012742,Inhibition of cell cycle progression by a synthetic peptide corresponding to residues 65-79 of an HLA class II sequence: Functional similarities but mechanistic differences with the immunosuppressive drug rapamycin,JOURNAL OF IMMUNOLOGY,1998,Web of Science Core Collection,TI04
FS-012743,The effect of anti-CD3-immunotoxin on T lymphocyte function in vitro,TRANSPLANT IMMUNOLOGY,1998,Web of Science Core Collection,TI04
FS-012745,Cancer dormancy: Role of cyclin-dependent kinase inhibitors in induction of cell cycle arrest mediated via membrane IgM,CANCER RESEARCH,1998,Web of Science Core Collection,TI04
FS-012749,Comparison of early events during infection of human and chimpanzee peripheral blood mononuclear cells with HIV-1,ARCHIVES OF VIROLOGY,1998,Web of Science Core Collection,TI04
FS-012751,Biological and clinical correlates after chemotherapy and granulocyte colony-stimulating factor administration,PHARMACOTHERAPY,1998,Web of Science Core Collection,TI04
FS-012755,Transduction of activation signal that follows HIV-1 binding to CD4 and CD4 dimerization involves the immunoglobulin CDR3-like region in domain 1 of CD4,JOURNAL OF BIOLOGICAL CHEMISTRY,1997,Web of Science Core Collection,TI04
FS-012759,"p100: A novel proliferation-associated nuclear protein specifically restricted to cell cycle phases S, G(2), and M",BLOOD,1997,Web of Science Core Collection,TI04
FS-012760,Inter- and intraindividual variation in dihydropyrimidine dehydrogenase activity in peripheral blood mononuclear cells,CANCER CHEMOTHERAPY AND PHARMACOLOGY,1997,Web of Science Core Collection,TI04
FS-012764,Effects of anti-CD4 antibody treatment on lymphocyte subsets and stimulated tumor necrosis factor alpha production - A study of 29 multiple sclerosis patients entered into a clinical trial of cM-T412,NEUROLOGY,1997,Web of Science Core Collection,TI04
FS-012765,Analysis of human interleukin-5 gene transcription by a novel nuclear run on method based on the polymerase chain reaction,JOURNAL OF IMMUNOLOGICAL METHODS,1997,Web of Science Core Collection,TI04
FS-012767,Overexpression of c-fos inhibits down-regulation of a cyclin-dependent kinase-2 inhibitor p27(Kip1) in splenic B cells activated by surface ig cross-linking,JOURNAL OF IMMUNOLOGY,1997,Web of Science Core Collection,TI04
FS-012768,Influenza A virus affects the response of human peripheral blood mononuclear cells to phytohaemagglutinin A by altering the cytoskeleton,PATHOBIOLOGY,1997,Web of Science Core Collection,TI04
FS-012769,Phase I evaluation of intravenous recombinant human interleukin 12 in patients with advanced malignancies,CLINICAL CANCER RESEARCH,1997,Web of Science Core Collection,TI04
FS-012775,Transcriptional and post-transcriptional regulation of interleukin-8,AMERICAN JOURNAL OF PATHOLOGY,1996,Web of Science Core Collection,TI04
FS-012777,Interleukin-2 induces gamma-S-adenosyl-L-methionine synthetase gene expression during T-lymphocyte activation,BIOCHEMICAL JOURNAL,1996,Web of Science Core Collection,TI04
FS-012778,Release of malaria circumsporozoite protein into the host cell cytoplasm and interaction with ribosomes,MOLECULAR AND BIOCHEMICAL PARASITOLOGY,1996,Web of Science Core Collection,TI04
FS-012780,Transcriptional and translational control of TNF-alpha gene expression in human monocytes by major histocompatibility complex class II ligands,EUROPEAN JOURNAL OF IMMUNOLOGY,1996,Web of Science Core Collection,TI04
FS-012781,Granulocyte-macrophage colony-stimulating factor (GM-CSF) priming of high-dose etoposide and cyclophosphamide: A pilot trial,EXPERIMENTAL HEMATOLOGY,1996,Web of Science Core Collection,TI04
FS-012785,Induction of cell cycle regulatory proteins in anti-immunoglobulin-stimulated mature B lymphocytes,JOURNAL OF EXPERIMENTAL MEDICINE,1996,Web of Science Core Collection,TI04
FS-012786,Producer-cell modification of human immunodeficiency virus type 1: Nef is a virion protein,JOURNAL OF VIROLOGY,1996,Web of Science Core Collection,TI04
FS-012787,"Interference to human immunodeficiency virus type 1 infection in the absence of downmodulation of the principal virus receptor, CD4",JOURNAL OF VIROLOGY,1996,Web of Science Core Collection,TI04
FS-012790,Cell cycle-dependent tumor necrosis factor apoptosis,CANCER RESEARCH,1996,Web of Science Core Collection,TI04
FS-012791,Transcriptional and post-transcriptional regulation of GM-CSF-induced IL-1 beta gene expression in PMN,JOURNAL OF LEUKOCYTE BIOLOGY,1996,Web of Science Core Collection,TI04
FS-012792,Wortmannin-mediated inhibition of phosphatidylinositol 3-kinase activity triggers apoptosis in normal and neoplastic B lymphocytes which are in cell cycle,INTERNATIONAL IMMUNOLOGY,1996,Web of Science Core Collection,TI04
FS-012794,Regulation of B cell function by the immunosuppressive agent leflunomide,TRANSPLANTATION,1996,Web of Science Core Collection,TI04
FS-012796,"Methyl DNA adducts, DNA repair, and hypoxanthine-guanine phosphoribosyl transferase mutations in peripheral white blood cells from patients with malignant melanoma treated with dacarbazine and hydroxyurea",CLINICAL CANCER RESEARCH,1996,Web of Science Core Collection,TI04
FS-012797,Adhesion molecules influencing atherosclerosis,DIABETES RESEARCH AND CLINICAL PRACTICE,1996,Web of Science Core Collection,TI04
FS-012798,"Anti-HIV potential of a new interferon, interferon-tau (trophoblastin)",JOURNAL OF ACQUIRED IMMUNE DEFICIENCY SYNDROMES AND HUMAN RETROVIROLOGY,1996,Web of Science Core Collection,TI04
FS-012800,Phospholipase A2 is activated by tumor necrosis factor-alpha in primary hepatocytes stimulated by a deleted form of hepatocyte growth factor,BIOCHEMICAL AND BIOPHYSICAL RESEARCH COMMUNICATIONS,1995,Web of Science Core Collection,TI04
FS-012801,Progression of natural immunity during one-year treatment of residual disease in neuroblastoma patients with high doses of interleukin-2 after autologous bone marrow transplantation,EXPERIMENTAL HEMATOLOGY,1995,Web of Science Core Collection,TI04
FS-012802,INHIBITION OF EXPRESSION OF CYCLIN A IN HUMAN B-CELLS BY AN IMMUNOSUPPRESSANT MIZORIBINE,JOURNAL OF IMMUNOLOGY,1995,Web of Science Core Collection,TI04
FS-012803,DIFFERENTIAL REGULATION OF TNF-ALPHA PRODUCTION BY LISTERIOLYSIN-PRODUCING VERSUS NONPRODUCING STRAINS OF LISTERIA-MONOCYTOGENES,JOURNAL OF LEUKOCYTE BIOLOGY,1995,Web of Science Core Collection,TI04
FS-012804,"DIFFERENTIAL REGULATION OF THE SYNTHESIS AND ACTIVITY OF THE MAJOR CYCLIN-DEPENDENT KINASES, P34(CDC2), P33(CDK2), AND P34(CDK4), DURING CELL-CYCLE ENTRY AND PROGRESSION IN NORMAL HUMAN T-LYMPHOCYTES",JOURNAL OF CELLULAR PHYSIOLOGY,1995,Web of Science Core Collection,TI04
FS-012805,CHARACTERIZATION OF THE SIGNAL-TRANSDUCTION PATHWAY MEDIATING GAMMA-RAY-INDUCED INHIBITION OF DNA-SYNTHESIS IN HUMAN-CELLS - INDIRECT EVIDENCE FOR INVOLVEMENT OF CALMODULIN BUT NOT PROTEIN-KINASE-C NOR P53,ONCOGENE,1995,Web of Science Core Collection,TI04
FS-012806,REPEATED ENDOTOXIN TREATMENT DECREASES IMMUNE AND HYPOTHALAMO-PITUITARY-ADRENAL AXIS RESPONSES - EFFECTS OF ORCHIECTOMY AND TESTOSTERONE THERAPY,NEUROENDOCRINOLOGY,1995,Web of Science Core Collection,TI04
FS-012809,TUMOR-NECROSIS-FACTOR-ALPHA AND INTERLEUKIN-1-ALPHA ENHANCE GLUCOSE-UTILIZATION BY ASTROCYTES - INVOLVEMENT OF PHOSPHOLIPASE A(2),MOLECULAR PHARMACOLOGY,1995,Web of Science Core Collection,TI04
FS-012810,BCL-2 INHIBITS WILD-TYPE P53-TRIGGERED APOPTOSIS BUT NOT G(1) CELL-CYCLE ARREST AND TRANSACTIVATION OF WAF1 AND BAX,CELL GROWTH & DIFFERENTIATION,1995,Web of Science Core Collection,TI04
FS-012813,TUMOR-NECROSIS-FACTOR AND INTERLEUKIN-1 SYNERGIZE WITH IRRADIATION IN EXPRESSION OF GM-CSF GENE IN HUMAN FIBROBLASTS,LEUKEMIA,1995,Web of Science Core Collection,TI04
FS-012814,HYPERSENSITIVITY REACTIONS TO CHEMOTHERAPY AGENTS IN PATIENTS RECEIVING CHEMOIMMUNOTHERAPY WITH HIGH-DOSE INTERLEUKIN-2,JOURNAL OF THE NATIONAL CANCER INSTITUTE,1995,Web of Science Core Collection,TI04
FS-012815,ENDOTOXIN AND INTERFERON-GAMMA DIFFERENTIALLY REGULATE THE TRANSCRIPTIONAL LEVELS OF PROTOONCOGENES AND CYTOKINE GENES DURING THE DIFFERENTIATION OF COLONY-STIMULATING FACTOR TYPE-1-DERIVED MACROPHAGES,IMMUNOLOGY,1995,Web of Science Core Collection,TI04
FS-012818,FUMONISIN B-1 MODULATES SPHINGOMYELIN CYCLE PRODUCT LEVELS AND THE EXPRESSION OF CD3 RECEPTORS IN IMMUNOCOMPETENT ORGANS,BIOCHEMISTRY-MOSCOW,1995,Web of Science Core Collection,TI04
FS-012819,RAPID DNA-BINDING BY NUCLEAR FACTOR KAPPA-B IN HEPATOCYTES AT THE START OF LIVER-REGENERATION,CELL GROWTH & DIFFERENTIATION,1995,Web of Science Core Collection,TI04
FS-012820,"CHARACTERIZATION OF A PROLACTIN-INDUCIBLE GENE, CLONE-15, IN T-CELLS",MOLECULAR ENDOCRINOLOGY,1995,Web of Science Core Collection,TI04
FS-012821,PRODUCTIVE INFECTION AND SUBSEQUENT INTERACTION OF CD4-GP120 AT THE CELLULAR MEMBRANE IS REQUIRED FOR HIV-INDUCED APOPTOSIS OF CD4(+) T-CELLS,JOURNAL OF GENERAL VIROLOGY,1995,Web of Science Core Collection,TI04
FS-012822,2-ACETYLAMINOFLUORENE INHIBITS THE ACTIVATION OF IMMUNE-RESPONSES BY BLOCKING CELL-CYCLE PROGRESSION AT G(1) PHASE,ARCHIVES OF TOXICOLOGY,1995,Web of Science Core Collection,TI04
FS-012823,CONTROL OF CELL-CYCLE ENTRY AND PROGRESSION IN MITOGEN-STIMULATED HUMAN B-LYMPHOCYTES,JOURNAL OF CELLULAR PHYSIOLOGY,1995,Web of Science Core Collection,TI04
FS-012826,THE IMMUNOSUPPRESSANT LEFLUNOMIDE INHIBITS LYMPHOCYTE PROGRESSION THROUGH CELL-CYCLE BY A NOVEL MECHANISM,JOURNAL OF PHARMACOLOGY AND EXPERIMENTAL THERAPEUTICS,1995,Web of Science Core Collection,TI04
FS-012828,INVERSE RELATIONSHIP BETWEEN DIETARY STARCH INTAKE AND PLASMA-FIBRINOGEN IN MIDDLE-AGED MEN,NUTRITION METABOLISM AND CARDIOVASCULAR DISEASES,1994,Web of Science Core Collection,TI04
FS-012829,TESTING THE ROLE OF P53 IN THE EXPRESSION OF GENETIC INSTABILITY AND APOPTOSIS IN ATAXIA-TELANGIECTASIA,INTERNATIONAL JOURNAL OF RADIATION BIOLOGY,1994,Web of Science Core Collection,TI04
FS-012830,THE EFFECT OF LDL APHERESIS ON PROGRESSION OF CORONARY-ARTERY-DISEASE IN PATIENTS WITH FAMILIAL HYPERCHOLESTEROLEMIA - RESULTS OF A MULTICENTER LDL APHERESIS STUDY,CLINICAL INVESTIGATOR,1994,Web of Science Core Collection,TI04
FS-012834,CYCLOSPORINE-A INHIBITS CYTOKINE-INDUCED PROLIFERATION IN B-CHRONIC LYMPHOCYTIC-LEUKEMIA,LEUKEMIA & LYMPHOMA,1994,Web of Science Core Collection,TI04
FS-012837,HEAT-SHOCK OF VASCULAR ENDOTHELIAL-CELLS INDUCES AN UP-REGULATORY TRANSCRIPTIONAL RESPONSE OF THE THROMBOMODULIN GENE THAT IS DELAYED IN ONSET AND DOES NOT ATTENUATE,JOURNAL OF BIOLOGICAL CHEMISTRY,1994,Web of Science Core Collection,TI04
FS-012838,IL-10 INHIBITS TRANSCRIPTION OF CYTOKINE GENES IN HUMAN PERIPHERAL-BLOOD MONONUCLEAR-CELLS,JOURNAL OF IMMUNOLOGY,1994,Web of Science Core Collection,TI04
FS-012840,PERTUSSIS TOXIN INTERFERES WITH SUPERANTIGEN-INDUCED DELETION OF PERIPHERAL T-CELLS WITHOUT AFFECTING T-CELL ACTIVATION IN-VIVO - INHIBITION OF DELETION AND ASSOCIATED PROGRAMMED CELL-DEATH DEPENDS ON ADP-RIBOSYLTRANSFERASE ACTIVITY,JOURNAL OF IMMUNOLOGY,1994,Web of Science Core Collection,TI04
FS-012841,"REGULATION OF INTERCELLULAR-ADHESION MOLECULE-1 GENE-EXPRESSION BY TUMOR-NECROSIS-FACTOR-ALPHA, INTERLEUKIN-1-BETA, AND INTERFERON-GAMMA IN ASTROCYTES",JOURNAL OF NEUROIMMUNOLOGY,1994,Web of Science Core Collection,TI04
FS-012842,HYPERCROSS-LINKING SURFACE IGM OR IGD RECEPTORS ON MATURE B-CELLS INDUCES APOPTOSIS THAT IS REVERSED BY COSTIMULATION WITH IL-4 AND ANTI-CD40,JOURNAL OF IMMUNOLOGY,1994,Web of Science Core Collection,TI04
FS-012844,ANTIVIRAL ACTIVITY OF HUMAN-IMMUNODEFICIENCY-VIRUS TYPE-1 PROTEASE INHIBITORS IN A SINGLE-CYCLE OF INFECTION - EVIDENCE FOR A ROLE OF PROTEASE IN THE EARLY PHASE,JOURNAL OF VIROLOGY,1994,Web of Science Core Collection,TI04
FS-012845,RELATIONSHIP BETWEEN SOLUBLE TUMOR-NECROSIS-FACTOR (TNF) RECEPTORS AND TNF-ALPHA DURING IMMUNOTHERAPY WITH INTERLEUKIN-2 AND/OR INTERFERON-ALPHA,CANCER IMMUNOLOGY IMMUNOTHERAPY,1994,Web of Science Core Collection,TI04
FS-012846,INDUCTION OF PROTEIN-TYROSINE-PHOSPHATASE LC-PTP BY IL-2 IN HUMAN T-CELLS - LC-PTP IS AN EARLY RESPONSE GENE,FEBS LETTERS,1994,Web of Science Core Collection,TI04
FS-012848,"IL-2-INDUCED EXPRESSION OF TTK, A SERINE, THREONINE, TYROSINE KINASE, CORRELATES WITH CELL-CYCLE PROGRESSION",JOURNAL OF IMMUNOLOGY,1994,Web of Science Core Collection,TI04
FS-012851,AN ANTIBODY THAT BINDS THE IMMUNOGLOBULIN CDR3-LIKE REGION OF THE CD4 MOLECULE INHIBITS PROVIRUS TRANSCRIPTION IN HIV-INFECTED T-CELLS,EMBO JOURNAL,1993,Web of Science Core Collection,TI04
FS-012852,THE CYTOPATHIC EFFECT OF HUMAN-IMMUNODEFICIENCY-VIRUS IS INDEPENDENT OF HIGH-LEVELS OF UNINTEGRATED VIRAL-DNA ACCUMULATED IN RESPONSE TO SUPERINFECTION OF CELLS,JOURNAL OF GENERAL VIROLOGY,1993,Web of Science Core Collection,TI04
FS-012854,A PHASE-I STUDY OF CONTINUOUS-INFUSION 5-FLUOROURACIL PLUS CALCIUM LEUCOVORIN IN COMBINATION WITH N-(PHOSPHONACETYL)-L-ASPARTATE IN METASTATIC GASTROINTESTINAL ADENOCARCINOMA,CANCER RESEARCH,1993,Web of Science Core Collection,TI04
FS-012856,HYDROXYUREA BEFORE ORAL ANTIGEN BLOCKS THE INDUCTION OF ORAL TOLERANCE,BRAZILIAN JOURNAL OF MEDICAL AND BIOLOGICAL RESEARCH,1993,Web of Science Core Collection,TI04
FS-012858,DAILY ALTERNATING ADMINISTRATION OF HIGH-DOSE INTERFERON-ALPHA-2B AND INTERLEUKIN-2 BOLUS INFUSION IN METASTATIC RENAL-CELL CANCER - A PHASE-II STUDY,CANCER,1993,Web of Science Core Collection,TI04
FS-012859,IMMUNOTHERAPY WITH INTRALESIONAL AND SYSTEMIC INTERLEUKIN-2 OF PATIENTS WITH NON-SMALL-CELL LUNG-CANCER,CANCER IMMUNOLOGY IMMUNOTHERAPY,1993,Web of Science Core Collection,TI04
FS-012860,FAILURE OF RAPAMYCIN TO BLOCK PROLIFERATION ONCE RESTING CELLS HAVE ENTERED THE CELL-CYCLE DESPITE INACTIVATION OF P70 S6 KINASE,JOURNAL OF BIOLOGICAL CHEMISTRY,1993,Web of Science Core Collection,TI04
FS-012862,EXPRESSION OF POLYAMINE TRANSPORTER ACTIVITY DURING B-LYMPHOCYTE CELL-CYCLE PROGRESSION,JOURNAL OF IMMUNOLOGY,1993,Web of Science Core Collection,TI04
FS-012863,ENHANCEMENT OF HUMAN HEPATOCYTE GROWTH-FACTOR PRODUCTION BY INTERLEUKIN-1-ALPHA AND INTERLEUKIN-1-BETA AND TUMOR-NECROSIS-FACTOR-ALPHA BY FIBROBLASTS IN CULTURE,JOURNAL OF BIOLOGICAL CHEMISTRY,1993,Web of Science Core Collection,TI04
FS-012871,CAMP INHIBITION OF INTERLEUKIN-1-INDUCED INTERLEUKIN-6 PRODUCTION BY HUMAN LUNG FIBROBLASTS,AMERICAN JOURNAL OF PHYSIOLOGY,1993,Web of Science Core Collection,TI04
FS-012872,DOSAGE AND CYCLE EFFECTS OF DACARBAZINE (DTIC) AND FOTEMUSTINE ON O6-ALKYLGUANINE-DNA ALKYLTRANSFERASE IN HUMAN PERIPHERAL-BLOOD MONONUCLEAR-CELLS,BRITISH JOURNAL OF CANCER,1993,Web of Science Core Collection,TI04
FS-012873,SELECTIVE AFLATOXIN-B1-INDUCED SISTER CHROMATID EXCHANGES AND CYTOTOXICITY IN DIFFERENTIATING LYMPHOCYTES-B AND LYMPHOCYTES-T INVIVO,ENVIRONMENTAL AND MOLECULAR MUTAGENESIS,1993,Web of Science Core Collection,TI04
FS-012874,"CHARACTERIZATION OF SUPPRESSOR FUNCTION OF HUMAN ALVEOLAR MACROPHAGES FOR T-LYMPHOCYTE RESPONSES TO PHYTOHEMAGGLUTININ - CELLULAR SELECTIVITY, REVERSIBILITY, AND EARLY EVENTS IN T-CELL ACTIVATION",AMERICAN JOURNAL OF RESPIRATORY CELL AND MOLECULAR BIOLOGY,1993,Web of Science Core Collection,TI04
FS-012875,RAPAMYCIN BLOCKS CELL-CYCLE PROGRESSION OF ACTIVATED T-CELLS PRIOR TO EVENTS CHARACTERISTIC OF THE MIDDLE TO LATE G1 PHASE OF THE CYCLE,JOURNAL OF CELLULAR PHYSIOLOGY,1993,Web of Science Core Collection,TI04
FS-012876,RESCUE FROM ANTI-IGM-INDUCED PROGRAMMED CELL-DEATH BY THE B-CELL SURFACE-PROTEINS CD20 AND CD40,EUROPEAN JOURNAL OF IMMUNOLOGY,1992,Web of Science Core Collection,TI04
FS-012877,RETINOBLASTOMA PROTEIN-PHOSPHORYLATION DOES NOT REQUIRE ACTIVATION OF P34CDC2 PROTEIN-KINASE,BIOCHEMICAL JOURNAL,1992,Web of Science Core Collection,TI04
FS-012878,INTERLEUKIN-1 AUGMENTS THE EXPRESSION OF THE INTERLEUKIN-2 RECEPTOR ALPHA-CHAIN IN INTERLEUKIN-6-STIMULATED MYELOID CELLS BY A TRANSCRIPTIONAL AND POSTTRANSCRIPTIONAL MECHANISM,EXPERIMENTAL HEMATOLOGY,1992,Web of Science Core Collection,TI04
FS-012880,TRANSCRIPTIONAL REGULATION OF CYTOKINE EXPRESSION BY DIETHYLDITHIOCARBAMATE IN HUMAN HL-60 PROMYELOCYTIC LEUKEMIA-CELLS,BIOCHEMICAL PHARMACOLOGY,1992,Web of Science Core Collection,TI04
FS-012882,INDUCTION OF LOW-DENSITY-LIPOPROTEIN RECEPTOR AND A TRANSCRIPTION FACTOR SP-1 BY TUMOR-NECROSIS-FACTOR IN HUMAN MICROVASCULAR ENDOTHELIAL-CELLS,JOURNAL OF BIOLOGICAL CHEMISTRY,1992,Web of Science Core Collection,TI04
FS-012884,EFFECTS OF TNF-ALPHA AND PHORBOL ESTER ON HUMAN SURFACTANT PROTEIN AND MNSOD GENE-TRANSCRIPTION INVITRO,AMERICAN JOURNAL OF PHYSIOLOGY,1992,Web of Science Core Collection,TI04
FS-012885,"BIOCHEMICAL EVENTS ACCOMPANYING MACROPHAGE ACTIVATION AND THE INHIBITION OF COLONY-STIMULATING FACTOR-1-INDUCED MACROPHAGE PROLIFERATION BY TUMOR-NECROSIS-FACTOR-ALPHA, INTERFERON-GAMMA, AND LIPOPOLYSACCHARIDE",JOURNAL OF CELLULAR PHYSIOLOGY,1992,Web of Science Core Collection,TI04
FS-012886,MOLECULAR REGULATION OF TUMOR-NECROSIS-FACTOR-ALPHA AND LYMPHOTOXIN PRODUCTION IN T-CELLS - INHIBITION BY PROSTAGLANDIN-E2,JOURNAL OF BIOLOGICAL CHEMISTRY,1992,Web of Science Core Collection,TI04
FS-012887,EFFECTS OF HEMODIALYSIS ON ACTIVATION OF LYMPHOCYTES - ANALYSIS BY AN INVITRO DIALYSIS MODEL,JOURNAL OF THE AMERICAN SOCIETY OF NEPHROLOGY,1992,Web of Science Core Collection,TI04
FS-012888,PROLIFERATION-DEPENDENT HIV-1 INFECTION OF MONOCYTES OCCURS DURING DIFFERENTIATION INTO MACROPHAGES,JOURNAL OF CLINICAL INVESTIGATION,1992,Web of Science Core Collection,TI04
FS-012890,REGULATION OF SYNTHESIS OF P34CDC2 AND ITS HOMOLOGS AND THEIR RELATIONSHIP TO P110RB PHOSPHORYLATION DURING CELL-CYCLE PROGRESSION OF NORMAL HUMAN T-CELLS,JOURNAL OF IMMUNOLOGY,1992,Web of Science Core Collection,TI04
FS-012891,REGULATION OF CELL-DIVISION OF MATURE B-CELLS BY IONOMYCIN AND PHORBOL ESTER,JOURNAL OF IMMUNOLOGY,1992,Web of Science Core Collection,TI04
FS-012892,PHASE-I TRIAL OF RECOMBINANT INTERLEUKIN-2 FOLLOWED BY RECOMBINANT TUMOR-NECROSIS-FACTOR IN PATIENTS WITH METASTATIC CANCER,JOURNAL OF IMMUNOTHERAPY,1992,Web of Science Core Collection,TI04
FS-012894,INTERFERON-ALPHA BUT NOT INTERFERON-BETA GENES REQUIRE DENOVO PROTEIN-SYNTHESIS FOR EFFICIENT EXPRESSION IN HUMAN MONOCYTES,SCANDINAVIAN JOURNAL OF IMMUNOLOGY,1992,Web of Science Core Collection,TI04
FS-012895,"CYTOKINE (TUMOR-NECROSIS-FACTOR, IL-6, AND IL-8) PRODUCTION BY RESPIRATORY SYNCYTIAL VIRUS-INFECTED HUMAN ALVEOLAR MACROPHAGES",JOURNAL OF IMMUNOLOGY,1991,Web of Science Core Collection,TI04
FS-012896,INVITRO KETOTIFEN PROTECTION IN BRONCHIAL HYPERREACTIVITY,JOURNAL OF INVESTIGATIONAL ALLERGOLOGY & CLINICAL IMMUNOLOGY,1991,Web of Science Core Collection,TI04
FS-012897,PHYSICAL ASSOCIATIONS BETWEEN CD45 AND CD4 OR CD8 OCCUR AS LATE ACTIVATION EVENTS IN ANTIGEN RECEPTOR-STIMULATED HUMAN T-CELLS,JOURNAL OF IMMUNOLOGY,1991,Web of Science Core Collection,TI04
FS-012898,INFLUENZA-A VIRUS-INFECTION OF MACROPHAGES - ENHANCED TUMOR-NECROSIS-FACTOR-ALPHA (TNF-ALPHA) GENE-EXPRESSION AND LIPOPOLYSACCHARIDE-TRIGGERED TNF-ALPHA RELEASE,JOURNAL OF IMMUNOLOGY,1991,Web of Science Core Collection,TI04
FS-012900,PROSTAGLANDIN-A INHIBITS REPLICATION OF HUMAN-IMMUNODEFICIENCY-VIRUS DURING ACUTE INFECTION,JOURNAL OF GENERAL VIROLOGY,1991,Web of Science Core Collection,TI04
FS-012907,A SOLUBLE FACTOR FROM TRYPANOSOMA-BRUCEI-RHODESIENSE THAT PREVENTS PROGRESSION OF ACTIVATED HUMAN LYMPHOCYTES-T THROUGH THE CELL-CYCLE,IMMUNOLOGY,1991,Web of Science Core Collection,TI04
FS-012908,IL-1 EXPRESSION IN HUMAN MONOCYTES IS TRANSCRIPTIONALLY AND POSTTRANSCRIPTIONALLY REGULATED BY IL-4,JOURNAL OF IMMUNOLOGY,1991,Web of Science Core Collection,TI04
FS-012910,INTRAVENOUS FAT EMULSIONS AND HOST DEFENSE,PROBLEMS IN GENERAL SURGERY,1991,Web of Science Core Collection,TI04
FS-012911,TREATMENT OF RHEUMATOID-ARTHRITIS WITH AN ANTI-CD4 MONOCLONAL-ANTIBODY,ARTHRITIS AND RHEUMATISM,1991,Web of Science Core Collection,TI04
FS-012912,CONTINUOUS 5-DAY INFUSION OF IFOSFAMIDE WITH MESNA IN INOPERABLE PANCREATIC-CANCER PATIENTS - A PHASE-II STUDY,JOURNAL OF CANCER RESEARCH AND CLINICAL ONCOLOGY,1991,Web of Science Core Collection,TI04
FS-012914,BIOLOGICAL AND CLINICAL EFFECTS OF INTERFERON-BETA-SER AT 2 DOSES,JOURNAL OF INTERFERON RESEARCH,1990,Web of Science Core Collection,TI04
FS-012916,GENE-TRANSCRIPTION DURING INVITRO ACTIVATION OF HUMAN LYMPHOCYTES-B WITH STAPHYLOCOCCUS-AUREUS COWAN-I STRAIN,JOURNAL OF IMMUNOLOGY,1990,Web of Science Core Collection,TI04
FS-012917,REGULATION OF HIV REPLICATION IN INFECTED MONOCYTES BY IFN-ALPHA - MECHANISMS FOR VIRAL RESTRICTION,JOURNAL OF IMMUNOLOGY,1990,Web of Science Core Collection,TI04
FS-012919,BIOLOGICAL AND CLINICAL EFFECTS OF THE COMBINATION OF BETA-INTERFERON AND GAMMA-INTERFERON ADMINISTERED AS A 5-DAY CONTINUOUS INFUSION,CANCER RESEARCH,1990,Web of Science Core Collection,TI04
FS-012920,TREATMENT OF CANCER-PATIENTS WITH RECOMBINANT INTERFERON-GAMMA INDUCES RELEASE OF ENDOGENOUS TUMOR NECROSIS FACTOR-ALPHA,IMMUNOBIOLOGY,1990,Web of Science Core Collection,TI04
FS-012922,CHANGES IN THE RATE OF CRYPT EPITHELIAL-CELL PROLIFERATION AND MUCOSAL MORPHOLOGY INDUCED BY A T-CELL-MEDIATED RESPONSE IN HUMAN SMALL-INTESTINE,GASTROENTEROLOGY,1990,Web of Science Core Collection,TI04
FS-012924,DECREASED STEADY-STATE C-MYC MESSENGER-RNA IN ACTIVATED T-CELL CULTURES FROM OLD HUMANS IS CAUSED BY A SMALLER PROPORTION OF T-CELLS THAT TRANSCRIBE THE C-MYC GENE,JOURNAL OF IMMUNOLOGY,1990,Web of Science Core Collection,TI04
FS-012925,CORRELATION BETWEEN CLINICAL-RESPONSE TO INTERLEUKIN-2 THERAPY AND SUSTAINED PRODUCTION OF TUMOR-NECROSIS-FACTOR,CANCER RESEARCH,1990,Web of Science Core Collection,TI04
FS-012926,ION CHANNEL BLOCKERS INHIBIT B-CELL ACTIVATION AT A PRECISE STAGE OF THE G1-PHASE OF THE CELL-CYCLE - POSSIBLE INVOLVEMENT OF K+ CHANNELS,JOURNAL OF IMMUNOLOGY,1990,Web of Science Core Collection,TI04
FS-012928,INTERFERON GAMMA DRASTICALLY MODIFIES THE REGULATION OF INTERLEUKIN-1 GENES BY ENDOTOXIN IN U937 CELLS,JOURNAL OF CLINICAL INVESTIGATION,1990,Web of Science Core Collection,TI04
FS-012931,HISTAMINE BLOCKS INTERLEUKIN-2 (IL-2) GENE-EXPRESSION AND REGULATES IL-2 RECEPTOR EXPRESSION,IMMUNOPHARMACOLOGY AND IMMUNOTOXICOLOGY,1990,Web of Science Core Collection,TI04
FS-012932,ACTIVATION OF HUMAN B-CELLS - COMPARISON OF THE SIGNAL TRANSDUCED BY IL-4 TO 4 DIFFERENT COMPETENCE SIGNALS,JOURNAL OF IMMUNOLOGY,1989,Web of Science Core Collection,TI04
FS-012933,STRUCTURE AND EXPRESSION OF THE T-CELL RECEPTOR GAMMA-LOCUS IN PRE-B AND EARLY HEMATOPOIETIC-CELLS,EUROPEAN JOURNAL OF IMMUNOLOGY,1989,Web of Science Core Collection,TI04
FS-012934,ACTIVATION AND IMMORTALIZATION OF LEUKEMIC B-CELLS BY EPSTEIN-BARR VIRUS,INTERNATIONAL JOURNAL OF CANCER,1989,Web of Science Core Collection,TI04
FS-012936,SUPPRESSION OF THE INCREASE IN FREE CYTOSOLIC CALCIUM DURING THE INHIBITION OF T-CELL ACTIVATION BY AN AUTOANTIBODY PRESENT IN THE SERUM OF LEPROSY PATIENTS,IMMUNOLOGY,1989,Web of Science Core Collection,TI04
FS-012938,TRANSFERRIN RECEPTOR SYNTHESIS IS AN EARLY EVENT IN B-CELL ACTIVATION,JOURNAL OF IMMUNOLOGY,1989,Web of Science Core Collection,TI04
FS-012939,PHASE-I STUDY OF A COMBINATION OF RECOMBINANT TUMOR NECROSIS FACTOR-ALPHA AND RECOMBINANT INTERFERON-GAMMA IN CANCER-PATIENTS,JOURNAL OF INTERFERON RESEARCH,1989,Web of Science Core Collection,TI04
FS-012940,CYTOMEGALO-VIRUS ENHANCES LYSIS OF HIV-INFECTED T-LYMPHOBLASTS,INTERNATIONAL JOURNAL OF CANCER,1989,Web of Science Core Collection,TI04
FS-012942,"REGULATION OF THE INTERFERON-INDUCIBLE IFI-78K GENE, THE HUMAN EQUIVALENT OF THE MURINE MX GENE, BY INTERFERONS, DOUBLE-STRANDED-RNA, CERTAIN CYTOKINES, AND VIRUSES",JOURNAL OF VIROLOGY,1989,Web of Science Core Collection,TI04
FS-012943,TRANSCRIPTIONAL REGULATION OF TRANSFERRIN RECEPTOR EXPRESSION BY CULTURED LYMPHOBLASTOID T-CELLS TREATED WITH PHORBOL DIESTERS,JOURNAL OF IMMUNOLOGY,1989,Web of Science Core Collection,TI04
FS-012945,TUMOR-INDUCED VARIATIONS IN A HIGH MOLECULAR-WEIGHT INHIBITORY MONOKINE,IMMUNOBIOLOGY,1989,Web of Science Core Collection,TI04
FS-012947,SEQUENTIAL DACARBAZINE CHEMOTHERAPY FOLLOWED BY RECOMBINANT INTERLEUKIN-2 IN METASTATIC MELANOMA - A PILOT MULTICENTER PHASE-I-II STUDY,EUROPEAN JOURNAL OF CANCER & CLINICAL ONCOLOGY,1989,Web of Science Core Collection,TI04
FS-012950,Cytotoxicity by Tumor Necrosis Factor is Linked with the Cell Cycle But Does Not Require DNA Synthesis,GROWTH FACTORS,1989,Web of Science Core Collection,TI04
FS-012951,B-CELL ACTIVATION AND THE ESTABLISHMENT OF EPSTEIN-BARR VIRUS LATENCY,JOURNAL OF EXPERIMENTAL MEDICINE,1988,Web of Science Core Collection,TI04
FS-012953,STIMULATION OF NATURAL-KILLER CYTO-TOXICITY BY LONG-TERM TREATMENT WITH DOUBLE-STRANDED POLYNUCLEOTIDES WITHOUT INDUCTION OF HYPORESPONSIVENESS,CANCER IMMUNOLOGY IMMUNOTHERAPY,1988,Web of Science Core Collection,TI04
FS-012954,TRANSCRIPTION OF T-CELL ANTIGEN RECEPTOR GENES IS INDUCED BY PROTEIN KINASE-C ACTIVATION,JOURNAL OF IMMUNOLOGY,1988,Web of Science Core Collection,TI04
FS-012955,RETINOIC ACID INDUCES THE DIFFERENTIATION OF B-CELL HYBRIDOMAS FROM PATIENTS WITH COMMON VARIABLE IMMUNODEFICIENCY,JOURNAL OF EXPERIMENTAL MEDICINE,1988,Web of Science Core Collection,TI04
FS-012956,ANTIBODY TO A NOVEL 95-KDA SURFACE GLYCOPROTEIN ON HUMAN B-CELLS INDUCES CALCIUM MOBILIZATION AND B-CELL ACTIVATION,JOURNAL OF IMMUNOLOGY,1988,Web of Science Core Collection,TI04
FS-012958,REGULATION OF COLONY-STIMULATING FACTOR 1-DEPENDENT MACROPHAGE PRECURSOR PROLIFERATION BY TYPE-BETA TRANSFORMING GROWTH-FACTOR,JOURNAL OF IMMUNOLOGY,1988,Web of Science Core Collection,TI04
FS-012959,SUPPRESSION OF LYMPHOCYTE-T FUNCTION BY MEASLES-VIRUS IS DUE TO CELL-CYCLE ARREST IN G1,JOURNAL OF IMMUNOLOGY,1988,Web of Science Core Collection,TI04
FS-012960,TRANSCRIPTIONAL REGULATION OF THE INTERFERON-BETA-2/B CELL-DIFFERENTIATION FACTOR BSF-2/HEPATOCYTE-STIMULATING FACTOR GENE IN HUMAN-FIBROBLASTS BY OTHER CYTOKINES,JOURNAL OF IMMUNOLOGY,1988,Web of Science Core Collection,TI04
FS-012961,LYMPHOMA MODELS FOR B-CELL ACTIVATION AND TOLERANCE .6. REVERSAL OF ANTI-IG-MEDIATED NEGATIVE SIGNALING BY T-CELL-DERIVED LYMPHOKINES,JOURNAL OF IMMUNOLOGY,1987,Web of Science Core Collection,TI04
FS-012962,"CLONING, SEQUENCE-ANALYSIS, AND EXPRESSION OF THE LARGE SUBUNIT OF THE HUMAN-LYMPHOCYTE ACTIVATION ANTIGEN 4F2",PROCEEDINGS OF THE NATIONAL ACADEMY OF SCIENCES OF THE UNITED STATES OF AMERICA,1987,Web of Science Core Collection,TI04
FS-012963,T-CELL PROLIFERATION INVOLVING THE CD28 PATHWAY IS ASSOCIATED WITH CYCLOSPORINE-RESISTANT INTERLEUKIN-2 GENE-EXPRESSION,MOLECULAR AND CELLULAR BIOLOGY,1987,Web of Science Core Collection,TI04
FS-012964,MEASLES-VIRUS INFECTION OF LYMPHOCYTES-B PERMITS CELLULAR ACTIVATION BUT BLOCKS PROGRESSION THROUGH THE CELL-CYCLE,JOURNAL OF VIROLOGY,1987,Web of Science Core Collection,TI04
FS-012967,INCREASED EXPRESSION OF THE LYMPHOCYTE-B RECEPTOR FOR TRANSFERRIN IS STIMULATED BY INVIVO CROSS-LINKING OF CELL-SURFACE IGD,CELLULAR IMMUNOLOGY,1987,Web of Science Core Collection,TI04
FS-012968,INFLUENCE OF LOW-DOSE INTERFERON-BETA ON NATURAL-KILLER CELL-ACTIVITY IN BREAST-CANCER PATIENTS SUBJECTED TO CHEMOTHERAPY,CANCER IMMUNOLOGY IMMUNOTHERAPY,1987,Web of Science Core Collection,TI04
FS-012970,LYMPHOMA MODELS FOR B-CELL ACTIVATION AND TOLERANCE .5. ANTI-IG MEDIATED GROWTH-INHIBITION IS REVERSED BY PHORBOL-MYRISTATE ACETATE BUT DOES NOT INVOLVE CHANGES IN CYTOSOLIC FREE CALCIUM,JOURNAL OF MOLECULAR AND CELLULAR IMMUNOLOGY,1987,Web of Science Core Collection,TI04
FS-012972,REGULATION OF HUMAN-T LYMPHOCYTE-T MITOGENESIS BY ANTIBODIES TO CD3,JOURNAL OF IMMUNOLOGY,1986,Web of Science Core Collection,TI04
FS-012974,"ACTIVATION OF HUMAN B-CELLS MEDIATED THROUGH 2 DISTINCT CELL-SURFACE DIFFERENTIATION ANTIGENS, BP35 AND BP50",PROCEEDINGS OF THE NATIONAL ACADEMY OF SCIENCES OF THE UNITED STATES OF AMERICA,1986,Web of Science Core Collection,TI04
FS-012977,ASSOCIATION OF PROTEIN-KINASE-C ACTIVATION WITH IL-2-RECEPTOR EXPRESSION,JOURNAL OF IMMUNOLOGY,1986,Web of Science Core Collection,TI04
FS-012980,ADMINISTRATION OF RECOMBINANT INTERFERON-GAMMA TO CANCER-PATIENTS ENHANCES MONOCYTE SECRETION OF HYDROGEN-PEROXIDE,PROCEEDINGS OF THE NATIONAL ACADEMY OF SCIENCES OF THE UNITED STATES OF AMERICA,1985,Web of Science Core Collection,TI04
FS-012983,INTERLEUKIN-2 REGULATES ITS OWN RECEPTORS,PROCEEDINGS OF THE NATIONAL ACADEMY OF SCIENCES OF THE UNITED STATES OF AMERICA,1985,Web of Science Core Collection,TI04
FS-012984,INDUCIBLE TRANSCRIPTION OF THE UNREARRANGED KAPPA-CONSTANT REGION LOCUS IS A COMMON FEATURE OF PRE-B CELLS AND DOES NOT REQUIRE DNA OR PROTEIN-SYNTHESIS,PROCEEDINGS OF THE NATIONAL ACADEMY OF SCIENCES OF THE UNITED STATES OF AMERICA,1985,Web of Science Core Collection,TI04
FS-012986,MEDIATION OF THE ANTIPROLIFERATIVE EFFECT OF CYCLOSPORINE ON HUMAN-LYMPHOCYTES BY BLOCKADE OF INTERLEUKIN-2 BIOSYNTHESIS,TRANSPLANTATION,1985,Web of Science Core Collection,TI04
FS-012989,INCREASED ADENOSINE-DEAMINASE (ADA) ACTIVITY AND A SHIFT FROM ADA-DEPENDENT TO ADA-INDEPENDENT PHASES DURING T-CELL ACTIVATION - A PARADOX,JNCI-JOURNAL OF THE NATIONAL CANCER INSTITUTE,1984,Web of Science Core Collection,TI04
FS-012990,HUMAN B-CELL ACTIVATION AND CELL-CYCLE PROGRESSION - STIMULATION WITH ANTI-MU AND STAPHYLOCOCCUS-AUREUS COWAN STRAIN-I,EUROPEAN JOURNAL OF IMMUNOLOGY,1984,Web of Science Core Collection,TI04
FS-012991,"EFFECTS ON HUMAN PERIPHERAL LYMPHOCYTES OF INVIVO ADMINISTRATION OF 9-BETA-D-ARABINOFURANOSYL-2-FLUOROADENINE-5'-MONOPHOSPHATE (NSC-312887), A NEW PURINE ANTIMETABOLITE",CANCER RESEARCH,1984,Web of Science Core Collection,TI04
FS-012992,INHIBITION OF HUMAN B-CELL ACTIVATION BY DITERPINE FORSKOLIN - INTERFERENCE WITH B-CELL GROWTH FACTOR-INDUCED G1 TO S TRANSITION OF THE B-CELL CYCLE,JOURNAL OF IMMUNOLOGY,1984,Web of Science Core Collection,TI04
FS-012994,CELL CYCLE-RELATED CHANGES IN NUMBER OF LYMPHOCYTE-T RECEPTORS FOR GLUCOCORTICOIDS AND INSULIN,INTERNATIONAL JOURNAL OF IMMUNOPHARMACOLOGY,1984,Web of Science Core Collection,TI04
FS-012995,"SUPPRESSIVE B-CELL FACTOR (SBF) PRODUCED BY FCR-GAMMA-BEARING B-CELLS - SUPPRESSION OF B, BUT NOT NON-B-CELL PROLIFERATION",IMMUNOLOGY,1983,Web of Science Core Collection,TI04
FS-012996,NUCLEAR MORPHOLOGY AND MORPHOMETRY OF LYMPHOCYTE-B TRANSFORMATION - IMPLICATIONS FOR FOLLICULAR CENTER CELL LYMPHOMAS,AMERICAN JOURNAL OF PATHOLOGY,1983,Web of Science Core Collection,TI04
FS-012997,INTERLEUKIN-2 RECEPTOR EXPRESSION BY ACTIVATED HNK-1+ GRANULAR LYMPHOCYTES - A REQUIREMENT FOR THEIR PROLIFERATION,JOURNAL OF IMMUNOLOGY,1983,Web of Science Core Collection,TI04
FS-012998,ANTIBODY PENETRATION INTO LIVING CELLS .4. DIFFERENT EFFECTS OF ANTI-NATIVE DNA AND ANTI-RIBONUCLEOPROTEIN IGG ON THE CELL-CYCLE OF ACTIVATED T-GAMMA-CELLS,CLINICAL AND EXPERIMENTAL IMMUNOLOGY,1983,Web of Science Core Collection,TI04
FS-013002,ANALYSIS BY A SINGLE CELL CYTO-TOXICITY ASSAY OF NATURAL-KILLER (NK) CELL FREQUENCIES AMONG HUMAN LARGE GRANULAR LYMPHOCYTES AND OF THE EFFECTS OF INTERFERON ON THEIR ACTIVITY,JOURNAL OF IMMUNOLOGY,1982,Web of Science Core Collection,TI04
FS-013003,CELL-CYCLE REGULATION OF CLONED CYTOLYTIC T-CELLS BY T-CELL GROWTH-FACTOR - ANALYSIS BY FLOW MICRO-FLUOROMETRY,JOURNAL OF IMMUNOLOGY,1982,Web of Science Core Collection,TI04
FS-013006,PRODUCTION OF HUMAN-LEUKOCYTE MIGRATION-INHIBITORY FACTOR (LIF) BY LYMPHOCYTES STIMULATED WITH PHYTOHEMAGGLUTININ .2. EFFECTS OF CYCLIC-NUCLEOTIDES,CLINICAL IMMUNOLOGY AND IMMUNOPATHOLOGY,1981,Web of Science Core Collection,TI04
FS-013014,RELATIONSHIP OF A T-LYMPHOCYTE MARKER TO PHASE OF CELL-CYCLE AND MORPHOLOGY OF LEUKEMIC-CELLS,CANCER,1977,Web of Science Core Collection,TI04
FS-013016,PROGRESSION OF MAMMALIAN CELLS THROUGH DIVISION CYCLE FOLLOWING ULTRAVIOLET IRRADIATION,MUTATION RESEARCH,1968,Web of Science Core Collection,TI04
FS-013017,CULTIVATION OF FUSED CELLS RESULTING FROM TREATMENT OF CELLS WITH HVJ .I. SYNCHRONIZATION OF STAGES OF DNA SYNTHESIS OF NUCLEI INVOLVED IN FUSED MULTINUCLEATED CELLS,BIKEN JOURNAL,1966,Web of Science Core Collection,TI04
FS-013018,MYOGLOBINURIC MYOPATHY - CLINICAL HISTOLOGICAL + BIOCHEMICAL STUDY,ANNALS OF INTERNAL MEDICINE,1964,Web of Science Core Collection,TI04
FS-013022,STEROID REPLACEMENT IN AGED MEN,JOURNAL OF CLINICAL ENDOCRINOLOGY & METABOLISM,1956,Web of Science Core Collection,TI04
FS-013025,Delayed antiviral immune response in alveolar type 2 cells increases susceptibility to influenza virus in alveoli,CHINESE MEDICAL JOURNAL,2026,Web of Science Core Collection,TI04
FS-013032,"The acute effects of a single session of intermittent hypoxia on blood biomarker concentrations and sleep parameters in people with Parkinson's disease: A randomized, double-blind, crossover trial",PARKINSONISM & RELATED DISORDERS,2026,Web of Science Core Collection,TI04
FS-013040,Spatial and Molecular Parameters of Pre-OPU Ovarian Follicles and Their Association with Embryo Developmental Competence in Assisted Reproductive Technology,INTERNATIONAL JOURNAL OF MOLECULAR SCIENCES,2026,Web of Science Core Collection,TI04
FS-013042,"Gluten intolerance, sensibility and allergy: How to distinguish them?",REVUE DE MEDECINE INTERNE,2026,Web of Science Core Collection,TI04
FS-013055,"How Do Muscles Protect Joints in Hemophilia? Integrating Mechanical, Neural, and Endocrine Mechanisms",SEMINARS IN THROMBOSIS AND HEMOSTASIS,2026,Web of Science Core Collection,TI04
FS-013059,Case Report of Acute Central Airway Obstruction Induced by Anti-PD-1 Sintilimab: Clinical Presentation and Review,CLINICAL CASE REPORTS,2026,Web of Science Core Collection,TI04
FS-013066,A very rare cause of oliguric acute kidney disease: crescentic C3 glomerulopathy,OXFORD MEDICAL CASE REPORTS,2025,Web of Science Core Collection,TI04
FS-013067,Caprine herpes virus-1 reduces cell viability and enhances chemosensitivity in breast cancer cells,FRONTIERS IN ONCOLOGY,2025,Web of Science Core Collection,TI04
FS-013068,<i>Listeria monocytogenes</i> infection in multiple myeloma: A case report about a rare but lethal complication requiring heightened clinical vigilance,MEDICINE,2025,Web of Science Core Collection,TI04
FS-013070,"A phase I, open-label study of intravenous human dental pulp stem cells (NestaCell®) at two dose levels in patients with Huntington's disease",STEM CELL RESEARCH & THERAPY,2025,Web of Science Core Collection,TI04
FS-013071,Effects of instrument assisted soft tissue mobilization on delayed onset muscle soreness,MEDICINA BALEAR,2025,Web of Science Core Collection,TI05
FS-013073,A Phase Ib Study of Indirect Immunization with Oregovomab and Toll-like-Receptor-3 Stimulation with Hiltonol® in Patients with Recurrent Platinum-Resistant Ovarian Cancer,CURRENT ONCOLOGY,2025,Web of Science Core Collection,TI04
FS-013074,Is there a difference between heat-capsaicin induced low back pain and placebo for neural oscillations and inflammatory blood markers? An experimental randomized crossover study,FRONTIERS IN PAIN RESEARCH,2025,Web of Science Core Collection,TI04
FS-013084,Recent updates on plant-derived anti-fatigue peptides as novel energy boosters: expansion from mechanisms of action and beyond,TRENDS IN FOOD SCIENCE & TECHNOLOGY,2025,Web of Science Core Collection,TI04
FS-013085,Host cellular transcriptional response to respiratory syncytial virus infection in HEp-2 cells: insights from cDNA microarray and quantitative PCR analyses,FRONTIERS IN CELLULAR AND INFECTION MICROBIOLOGY,2025,Web of Science Core Collection,TI04
FS-013088,Effects of Similar Mechanical Power Resulting From Different Combinations of Respiratory Variables on Lung Damage in Experimental Acute Respiratory Distress Syndrome,CRITICAL CARE MEDICINE,2025,Web of Science Core Collection,TI04
FS-013093,Bioactive Compounds in<i> Inocutis</i><i> levis</i> and their Cytotoxic Effects on MCF-7 and HT-29 Cancer Cells,PHARMACOGNOSY RESEARCH,2025,Web of Science Core Collection,TI04
FS-013095,Characterizing temporal and global host innate immune responses against SARS-CoV-1 and-2 infection in pathologically relevant human lung epithelial cells,PLOS ONE,2025,Web of Science Core Collection,TI04
FS-013097,Alterations in visible light exposure modulate platelet function and regulate thrombus formation,JOURNAL OF THROMBOSIS AND HAEMOSTASIS,2025,Web of Science Core Collection,TI04
FS-013098,Cellular transcriptomics of arrested normal lung fibroblasts IMR-90 infected with Human Adenovirus 5 E1A mutants,PLOS ONE,2025,Web of Science Core Collection,TI04
FS-013099,Prognosis of IgA nephropathy patient with proteinuria remission by supportive therapy: cohort from screening failed Chinese patients in TESTING study,RENAL FAILURE,2024,Web of Science Core Collection,TI04
FS-013103,Genetical and cellular induction of interferon genes via the treatment with (Allium sativum) garlic extract against recombinant influenza A/Puerto Rico/8/34 H1N PR8 infection,GENE REPORTS,2024,Web of Science Core Collection,TI04
FS-013111,Nicotine interacts with DNA lesions induced by alpha radiation which may contribute to erroneous repair in human lung epithelial cells,ECOTOXICOLOGY AND ENVIRONMENTAL SAFETY,2024,Web of Science Core Collection,TI04
FS-013114,Chitinase 3-Like 1 and C-X-C motif chemokine ligand 5 proteins and the hair cycle,ARCHIVES OF DERMATOLOGICAL RESEARCH,2024,Web of Science Core Collection,TI04
FS-013122,Ibuprofen delays ovulation by several hours: prospective controlled study in natural cycles with HCG-triggered ovulation,REPRODUCTIVE BIOMEDICINE ONLINE,2024,Web of Science Core Collection,TI04
FS-013123,Camrelizumab-induced anaphylactic reaction: a case report and literature review,JOURNAL OF CHEMOTHERAPY,2025,Web of Science Core Collection,TI04
FS-013129,Effect of a biomimetic pathogen adsorbing device on inflammatory biomarkers in COVID-19 patients,THERAPEUTIC APHERESIS AND DIALYSIS,2024,Web of Science Core Collection,TI04
FS-013131,Biomarkers of oxidative stress and inflammation in contrast-associated acute kidney injury,ANALES DEL SISTEMA SANITARIO DE NAVARRA,2024,Web of Science Core Collection,TI04
FS-013133,Secondary infections may cause host mortality by inhibiting NRF1-mediated antiviral immune responses,AQUACULTURE,2024,Web of Science Core Collection,TI04
FS-013135,Monocytes as Targets for Immunomodulation by Regional Citrate Anticoagulation,INTERNATIONAL JOURNAL OF MOLECULAR SCIENCES,2024,Web of Science Core Collection,TI04
FS-013137,"Impacts of glutamate, an exercise-responsive metabolite on insulin signaling",LIFE SCIENCES,2024,Web of Science Core Collection,TI05
FS-013138,Expression profiles of host miRNAs and circRNAs and ceRNA network during <i>Toxoplasma gondii</i> lytic cycle,PARASITOLOGY RESEARCH,2024,Web of Science Core Collection,TI04
FS-013139,Prolongation of the Menstrual Cycle After Receipt of the Primary Series and Booster Doses of mRNA Coronavirus Disease 2019 (COVID-19) Vaccination,OBSTETRICS AND GYNECOLOGY,2024,Web of Science Core Collection,TI04
FS-013140,Guillain-Barre syndrome caused by intravesical instillation of Bacillus Calmette-Guerin,IDEGGYOGYASZATI SZEMLE-CLINICAL NEUROSCIENCE,2024,Web of Science Core Collection,TI04
FS-013142,Perioperative changes of the linguistic functions in women after gynecological laparoscopic operations under propofol or sevoflurane-based anesthesia,ANAESTHESIOLOGY INTENSIVE THERAPY,2024,Web of Science Core Collection,TI04
FS-013155,Creatine supplementation and endurance performance: surges and sprints to win the race,JOURNAL OF THE INTERNATIONAL SOCIETY OF SPORTS NUTRITION,2023,Web of Science Core Collection,TI05
FS-013156,Possible role of exercise therapy on depression: Effector neurotransmitters as key players,BEHAVIOURAL BRAIN RESEARCH,2024,Web of Science Core Collection,TI05
FS-013165,"Cell proliferation, apoptosis and inflammation response of <i>Melissa</i> <i>officinalis</i> and Thymus vulgaris in SW480 colon cancer cells",SOUTH AFRICAN JOURNAL OF BOTANY,2023,Web of Science Core Collection,TI04
FS-013166,A framework of transient hypercapnia to achieve an increased cerebral blood flow induced by nasal breathing during aerobic exercise,CEREBRAL CIRCULATION-COGNITION AND BEHAVIOR,2023,Web of Science Core Collection,TI05
FS-013169,A co-formulation of interferons alpha2b and gamma distinctively targets cell cycle in the glioblastoma-derived cell line U-87MG,BMC CANCER,2023,Web of Science Core Collection,TI04
FS-013171,Fibroblast inhibition by tocilizumab enabled gemcitabine/nab-paclitaxel rechallenge for pancreatic cancer,CANCER SCIENCE,2023,Web of Science Core Collection,TI04
FS-013174,Qinzhu Liangxue inhibits IL-6-induced hyperproliferation and inflammation in HaCaT cells by regulating METTL14/SOCS3/STAT3 axis,JOURNAL OF ETHNOPHARMACOLOGY,2023,Web of Science Core Collection,TI04
FS-013175,Comparison of prophylactic effects for chemotherapy induced neutropenia between same-day versus next-day administration of pegteograstim (Neurapeg®) in patients treated with chemotherapy regimen composed of day 1 intensive myleosuppressive agent: A randomized phase III clinical trial,MEDICINE,2023,Web of Science Core Collection,TI04
FS-013176,Complete remission in a patient with metastatic gastric cancer receiving tislelizumab combined with chemotherapy: a case report,FRONTIERS IN ONCOLOGY,2023,Web of Science Core Collection,TI04
FS-013177,Effect of remote ischemic conditioning on the immune-inflammatory profile in patients with traumatic hemorrhagic shock in a randomized controlled trial,SCIENTIFIC REPORTS,2023,Web of Science Core Collection,TI04
FS-013179,The effect of sitagliptin combined with rosiglitazone on autophagy and inflammation in polycystic ovary syndrome by regulating PI3K/AKT/mTOR and TLR4/NF-κB pathway,REPRODUCTIVE BIOLOGY,2023,Web of Science Core Collection,TI04
FS-013182,The effect of mitochondria-targeted slow hydrogen sulfide releasing donor AP39-treatment on airway inflammation,EUROPEAN JOURNAL OF PHARMACOLOGY,2023,Web of Science Core Collection,TI04
FS-013184,Kidney Cell Cycle Arrest and Cardiac Biomarkers and Acute Kidney Injury Following Angiography: The Prevention of Serious Adverse Events Following Angiography (PRESERVE) Study,KIDNEY MEDICINE,2023,Web of Science Core Collection,TI04
FS-013185,Atypical clinical and radiological presentations of lumbar spinal tuberculosis mimicking a spinal tumor: A case report,MEDICINE,2023,Web of Science Core Collection,TI04
FS-013188,Efficacy of electroacupuncture combined with intravenous patient-controlled analgesia after cesarean delivery: a randomized clinical trial,AMERICAN JOURNAL OF OBSTETRICS & GYNECOLOGY MFM,2023,Web of Science Core Collection,TI04
FS-013191,Utility of metagenomics next-generation sequencing in the diagnosis and treatment of severe infectious diseases in the intensive care unit,TECHNOLOGY AND HEALTH CARE,2023,Web of Science Core Collection,TI04
FS-013196,"Effects of Different Anesthetic Methods on Serum sIL-2Rα, IL-2, IL-6 and IL-10 in Patients with Oral Squamous Cancer",JOURNAL OF BIOLOGICAL REGULATORS AND HOMEOSTATIC AGENTS,2023,Web of Science Core Collection,TI04
FS-013197,"Using a novel rapid alternating steering angles pulse sequence to evaluate the impact of theranostic ultrasound-mediated ultra-short pulse length on blood-brain barrier opening volume and closure, cavitation mapping, drug delivery feasibility, and safety",THERANOSTICS,2023,Web of Science Core Collection,TI04
FS-013199,"Hyperforin Elicits Cytostatic/Cytotoxic Activity in Human Melanoma Cell Lines, Inhibiting Pro-Survival NF-κB, STAT3, AP1 Transcription Factors and the Expression of Functional Proteins Involved in Mitochondrial and Cytosolic Metabolism",INTERNATIONAL JOURNAL OF MOLECULAR SCIENCES,2023,Web of Science Core Collection,TI04
FS-013201,Potential Anti-Inflammatory and Anti-Coagulation Effects of One-Time Application of Remote Ischemic Conditioning in Patients With Subacute/Chronic Cerebral Arteriostenosis and Venostenosis,NEUROLOGIST,2022,Web of Science Core Collection,TI04
FS-013203,Endocrine responses of the stress system to different types of exercise,REVIEWS IN ENDOCRINE & METABOLIC DISORDERS,2023,Web of Science Core Collection,TI05
FS-013204,Molecular mechanisms of resistance to <i>Myzus persicae</i> conferred by the peach <i>Rm2</i> gene: A multi-omics view,FRONTIERS IN PLANT SCIENCE,2022,Web of Science Core Collection,TI04
FS-013212,Remote ischemic preconditioning in patients undergoing cardiac surgery with six ischemic cycles,PERFUSION-UK,2023,Web of Science Core Collection,TI04
FS-013215,Treatment with Distinct Antibiotic Classes Causes Different Pulmonary Outcomes on Allergic Airway Inflammation Associated with Modulation of Symbiotic Microbiota,JOURNAL OF IMMUNOLOGY RESEARCH,2022,Web of Science Core Collection,TI04
FS-013217,Physiologic effects of stress dose corticosteroids in in-hospital cardiac arrest (CORTICA): A randomized clinical trial,RESUSCITATION PLUS,2022,Web of Science Core Collection,TI04
FS-013218,Impact of Cerebrospinal Fluid Sample Handling on Cytokine Detection Results,ANNALS OF CLINICAL AND LABORATORY SCIENCE,2022,Web of Science Core Collection,TI04
FS-013224,Remote ischemic postconditioning protects against crush-induced acute kidney injury via down-regulation of apoptosis and senescence,EUROPEAN JOURNAL OF TRAUMA AND EMERGENCY SURGERY,2022,Web of Science Core Collection,TI04
FS-013226,"Pomalidomide, dexamethasone, and daratumumab immediately after lenalidomide-based treatment in patients with multiple myeloma: updated efficacy, safety, and health-related quality of life results from the phase 2 MM-014 trial",LEUKEMIA & LYMPHOMA,2022,Web of Science Core Collection,TI04
FS-013231,Temporal transcriptomic changes in long non-coding RNAs and messenger RNAs involved in the host immune and metabolic response during <i>Toxoplasma gondii</i> lytic cycle,PARASITES & VECTORS,2022,Web of Science Core Collection,TI04
FS-013235,Gene deletion and constitutive expression of the pectate lyase gene 1 (<i>MoPL1</i>) lead to diminished virulence of <i>Magnaporthe oryzae</i>,JOURNAL OF MICROBIOLOGY,2022,Web of Science Core Collection,TI04
FS-013237,Early Transcriptional Changes in Rabies Virus-Infected Neurons and Their Impact on Neuronal Functions,FRONTIERS IN MICROBIOLOGY,2021,Web of Science Core Collection,TI04
FS-013240,Differential Expression of Mitosis and Cell Cycle Regulatory Genes during Recovery from an Acute Respiratory Virus Infection,PATHOGENS,2021,Web of Science Core Collection,TI04
FS-013242,Prophage integration into CRISPR loci enables evasion of antiviral immunity in <i>Streptococcus pyogenes</i>,NATURE MICROBIOLOGY,2021,Web of Science Core Collection,TI04
FS-013244,The effect of Remote Ischemic Preconditioning (RIPC) on myocardial injury and inflammation in patients with severe aortic valve stenosis undergoing Transcatheter Aortic Valve Replacement (TAVI),HELLENIC JOURNAL OF CARDIOLOGY,2021,Web of Science Core Collection,TI04
FS-013246,Cdc42 reactivation at growth sites is regulated by local cell-cycle-dependent loss of its GTPase-activating protein Rga4 in fission yeast; Cdc42 reactivation at growth sites is regulated by local cell-cycle-dependent loss of its GAP Rga4,JOURNAL OF CELL SCIENCE; JOURNAL OF CELL SCIENCE,2021,Web of Science Core Collection,TI04
FS-013252,Acute ischemic stroke triggers a cellular senescence-associated secretory phenotype,SCIENTIFIC REPORTS,2021,Web of Science Core Collection,TI04
FS-013254,Spaceflight Modulates the Expression of Key Oxidative Stress and Cell Cycle Related Genes in Heart,INTERNATIONAL JOURNAL OF MOLECULAR SCIENCES,2021,Web of Science Core Collection,TI04
FS-013256,Remote Ischemic Preconditioning Protects Against Endothelial Dysfunction in a Human Model of Systemic Inflammation: A Randomized Clinical Trial,ARTERIOSCLEROSIS THROMBOSIS AND VASCULAR BIOLOGY,2021,Web of Science Core Collection,TI04
FS-013259,Assessing the Toxicological Relevance of Nanomaterial Agglomerates and Aggregates Using Realistic Exposure In Vitro,NANOMATERIALS,2021,Web of Science Core Collection,TI04
FS-013260,<i>Lactobacillus coryniformis</i> MXJ32 administration ameliorates azoxymethane/dextran sulfate sodium-induced colitis-associated colorectal cancer via reshaping intestinal microenvironment and alleviating inflammatory response,EUROPEAN JOURNAL OF NUTRITION,2022,Web of Science Core Collection,TI04
FS-013262,"Carbohydrate and Protein Supplements, an Effective Means for Maintaining Exercise-Induced Glucose Metabolism Homeostasis",JOURNAL OF BIOMATERIALS AND TISSUE ENGINEERING,2021,Web of Science Core Collection,TI05
FS-013263,Role of ERβ in adipocyte metabolic response to wheel running following ovariectomy,JOURNAL OF ENDOCRINOLOGY,2021,Web of Science Core Collection,TI05
FS-013264,"The Effects of a Single Freeze-Thaw Cycle on Concentrations of Nutritional, Noncommunicable Disease, and Inflammatory Biomarkers in Serum Samples",JOURNAL OF LABORATORY PHYSICIANS,2021,Web of Science Core Collection,TI04
FS-013265,Bile Salt and FGF19 Signaling in the Early Phase of Human Liver Regeneration,HEPATOLOGY COMMUNICATIONS,2021,Web of Science Core Collection,TI04
FS-013267,The effects of direct hemoperfusion with polymyxin B-immobilized fiber in patients with acute exacerbation of interstitial lung disease,ACUTE AND CRITICAL CARE,2021,Web of Science Core Collection,TI04
FS-013268,A Novel Analysis Method for Evaluating the Interplay of Oxygen and Ionizing Radiation at the Gene Level,FRONTIERS IN GENETICS,2021,Web of Science Core Collection,TI04
FS-013270,Remote ischemic conditioning avoids the development of intestinal damage after ischemia reperfusion by reducing intestinal inflammation and increasing intestinal regeneration,PEDIATRIC SURGERY INTERNATIONAL,2021,Web of Science Core Collection,TI04
FS-013274,Determination of Clinical Utility of Novel Biochemical Markers in Osteoarthritis,JOURNAL OF PHARMACEUTICAL RESEARCH INTERNATIONAL,2021,Web of Science Core Collection,TI04
FS-013275,Selenium-dependent metabolic reprogramming during inflammation and resolution,JOURNAL OF BIOLOGICAL CHEMISTRY,2021,Web of Science Core Collection,TI04
FS-013280,"Fecal viral shedding in COVID-19 patients: Clinical significance, viral load dynamics and survival analysis",VIRUS RESEARCH,2020,Web of Science Core Collection,TI04
FS-013281,The effect of pre- and post-remote ischemic conditioning reduces the injury associated with intestinal ischemia/reperfusion,PEDIATRIC SURGERY INTERNATIONAL,2020,Web of Science Core Collection,TI04
FS-013285,New tools for characterizing early brown stem rot disease resistance signaling in soybean,PLANT GENOME,2020,Web of Science Core Collection,TI04
FS-013286,Pembrolizumab-induced pancytopenia in a patient with squamous cell lung cancer,THORACIC CANCER,2020,Web of Science Core Collection,TI04
FS-013292,Sex-Specific Regulation of Gene Expression Networks by Surfactant Protein A (SP-A) Variants in Alveolar Macrophages in Response to<i>Klebsiella pneumoniae</i>,FRONTIERS IN IMMUNOLOGY,2020,Web of Science Core Collection,TI04
FS-013294,Pilot early phase II study of decitabine and carboplatin in patients with advanced melanoma,MEDICINE,2020,Web of Science Core Collection,TI04
FS-013297,"NGAL, Albumin and Cystatin C During Cisplatin Therapy",PHYSIOLOGICAL RESEARCH,2020,Web of Science Core Collection,TI04
FS-013306,Are the cytokines TNF alpha and IL 1Beta early predictors of embryo implantation? Cross sectional study,JOURNAL OF REPRODUCTIVE IMMUNOLOGY,2020,Web of Science Core Collection,TI04
FS-013307,"Biomarkers of inflammation, hypercoagulability and endothelial injury predict early asymptomatic doxorubicin-induced cardiotoxicity in breast cancer patients",AMERICAN JOURNAL OF CANCER RESEARCH,2020,Web of Science Core Collection,TI04
FS-013311,Ischemic preconditioning induces cortical microglial proliferation and a transcriptomic program of robust cell cycle activation,GLIA,2020,Web of Science Core Collection,TI04
FS-013312,Photobiomodulation by dual-wavelength low-power laser effects on infected pressure ulcers,LASERS IN MEDICAL SCIENCE,2020,Web of Science Core Collection,TI04
FS-013318,Salivary glands require Aurora Kinase B for regeneration after transient innate immune-mediated injury,SCIENTIFIC REPORTS,2019,Web of Science Core Collection,TI04
FS-013320,Dephosphorylation of Plk1 occurs through PP2A-B55/ENSA/Greatwall pathway during mitotic DNA damage recovery,CELL CYCLE,2019,Web of Science Core Collection,TI04
FS-013321,Inclusion of an extended treatment with recovery improves the results for the human peripheral blood lymphocyte micronucleus assay,MUTAGENESIS,2019,Web of Science Core Collection,TI04
FS-013325,iTRAQ-based phosphoproteomic analysis reveals host cell's specific responses to <i>Toxoplasma gondii</i> at the phases of invasion and prior to egress,BIOCHIMICA ET BIOPHYSICA ACTA-PROTEINS AND PROTEOMICS,2019,Web of Science Core Collection,TI04
FS-013327,Effect of single-dose ibuprofen on follicular fluid levels of interleukins in poor responders undergoing <i>in vitro</i> fertilization,SYSTEMS BIOLOGY IN REPRODUCTIVE MEDICINE,2019,Web of Science Core Collection,TI04
FS-013333,Very Delayed Remote Ischemic Post-conditioning Induces Sustained Neurological Recovery by Mechanisms Involving Enhanced Angioneurogenesis and Peripheral Immunosuppression Reversal,FRONTIERS IN CELLULAR NEUROSCIENCE,2018,Web of Science Core Collection,TI04
FS-013334,CHANGES IN ELECTROLYTES AND URIC ACID EXCRETION DURING AND AFTER A 100 KM RUN,JOURNAL OF BIOLOGICAL REGULATORS AND HOMEOSTATIC AGENTS,2018,Web of Science Core Collection,TI05
FS-013337,Increased AIF-1-mediated TNF-α expression during implantation phase in IVF cycles with GnRH antagonist protocol,HUMAN REPRODUCTION,2018,Web of Science Core Collection,TI04
FS-013339,Heme oxygenase-1 inhibitor tin-protoporphyrin improves liver regeneration after partial hepatectomy,LIFE SCIENCES,2018,Web of Science Core Collection,TI04
FS-013340,Covalent functionalization of SWCNT with combretastatin A4 for cancer therapy,NANOTECHNOLOGY,2018,Web of Science Core Collection,TI04
FS-013349,Putative human sperm Interactome: a networks study,BMC SYSTEMS BIOLOGY,2018,Web of Science Core Collection,TI04
FS-013350,Remote Ischemic Preconditioning Does Not Affect the Release of Humoral Factors in Propofol-Anesthetized Cardiac Surgery Patients: A Secondary Analysis of the RIPHeart Study,INTERNATIONAL JOURNAL OF MOLECULAR SCIENCES,2018,Web of Science Core Collection,TI04
FS-013351,Effects of moroxydine hydrochloride and ribavirin on the cellular growth and immune responses by inhibition of GCRV proliferation,RESEARCH IN VETERINARY SCIENCE,2018,Web of Science Core Collection,TI04
FS-013360,Cystine and Theanine Improve Survival after Gut Ischemia-Reperfusion,ANNALS OF NUTRITION AND METABOLISM,2018,Web of Science Core Collection,TI04
FS-013364,Pacing in a 94-year-old runner during a 6-hour run,OPEN ACCESS JOURNAL OF SPORTS MEDICINE,2018,Web of Science Core Collection,TI05
FS-013366,Interferon-γ-inducible protein 16 (IFI16) is required for the maintenance of Epstein-Barr virus latency,VIROLOGY JOURNAL,2017,Web of Science Core Collection,TI04
FS-013368,Urinary Tissue Inhibitor of Metalloproteinase and Insulin-like Growth Factor-7 as Early Biomarkers of Delayed Graft Function After Kidney Transplantation,TRANSPLANTATION PROCEEDINGS,2017,Web of Science Core Collection,TI04
FS-013369,Effects of a 24-h naproxen dose on hydration and electrolyte measures during moderate-intensity cycling in the heat,FACETS,2017,Web of Science Core Collection,TI05
FS-013370,Bone Marrow-Derived Cell Recruitment to the Neurosensory Retina and Retinal Pigment Epithelial Cell Layer Following Subthreshold Retinal Phototherapy,INVESTIGATIVE OPHTHALMOLOGY & VISUAL SCIENCE,2017,Web of Science Core Collection,TI04
FS-013372,"Effects of surgery and propofol-remifentanil total intravenous anesthesia on cerebrospinal fluid biomarkers of inflammation, Alzheimer's disease, and neuronal injury in humans: a cohort study",JOURNAL OF NEUROINFLAMMATION,2017,Web of Science Core Collection,TI04
FS-013378,INVESTIGATING LDH LEVEL IN INACTIVE WOMEN WITH SUPPLEMENTATION OF OMEGA-3 FOLLOWING A RESISTANCE TRAINING SESSION,INDO AMERICAN JOURNAL OF PHARMACEUTICAL SCIENCES,2017,Web of Science Core Collection,TI05
FS-013379,"Effects of Medical Diagnostic Low-dose X Rays on Human Lymphocytes: Mitochondrial Membrane Potential, Apoptosis and Cell Cycle",HEALTH PHYSICS,2017,Web of Science Core Collection,TI04
FS-013380,CRISPR-Cas systems exploit viral DNA injection to establish and maintain adaptive immunity,NATURE,2017,Web of Science Core Collection,TI04
FS-013381,Autophagy induction regulates influenza virus replication in a time-dependent manner,JOURNAL OF MEDICAL MICROBIOLOGY,2017,Web of Science Core Collection,TI04
FS-013383,Quantifying the therapeutic requirements and potential for combination therapy to prevent bacterial coinfection during influenza,JOURNAL OF PHARMACOKINETICS AND PHARMACODYNAMICS,2017,Web of Science Core Collection,TI04
FS-013387,Biochar Amendment Modifies Expression of Soybean and <i>Rhizoctonia solani</i> Genes Leading to Increased Severity of Rhizoctonia Foliar Blight,FRONTIERS IN PLANT SCIENCE,2017,Web of Science Core Collection,TI04
FS-013388,"The Role of Acute Intermittent Hypoxia in Neutrophil-Generated Superoxide, Sympathovagal Balance, and Vascular Functionin Healthy Subjects",FRONTIERS IN PHYSIOLOGY,2017,Web of Science Core Collection,TI04
FS-013389,Distinct signaling programs control human hematopoietic stem cell survival and proliferation,BLOOD,2017,Web of Science Core Collection,TI04
FS-013396,Mango polyphenolics reduce inflammation in intestinal colitisinvolvement of the miR-126/PI3K/AKT/mTOR axis in vitro and in vivo,MOLECULAR CARCINOGENESIS,2017,Web of Science Core Collection,TI04
FS-013399,"Cell cycle inhibition reduces inflammatory responses, neuronal loss, and cognitive deficits induced by hypobaria exposure following traumatic brain injury",JOURNAL OF NEUROINFLAMMATION,2016,Web of Science Core Collection,TI04
FS-013410,Galectin-1 is essential for efficient liver regeneration following hepatectomy,ONCOTARGET,2016,Web of Science Core Collection,TI04
FS-013411,"Stable Transfection of <i>Eimeria</i> <i>intestinalis</i> and Investigation of Its Life Cycle, Reproduction and Immunogenicity",FRONTIERS IN MICROBIOLOGY,2016,Web of Science Core Collection,TI04
FS-013413,<i>N</i>-Palmitoylethanolamine Prevents the Run-down of Amplitudes in Cortical Spreading Depression Possibly Implicating Proinflammatory Cytokine Release,SCIENTIFIC REPORTS,2016,Web of Science Core Collection,TI04
FS-013415,Safety and Pharmacokinetics of Lenvatinib in Patients with Advanced Hepatocellular Carcinoma,CLINICAL CANCER RESEARCH,2016,Web of Science Core Collection,TI04
FS-013416,Early downregulation of acute phase proteins after doxorubicin exposition in patients with breast cancer,TUMOR BIOLOGY,2016,Web of Science Core Collection,TI04
FS-013417,"Immunoprotective Efficacy of Acinetobacter <i>baumannil</i> Outer Membrane Protein, FiIF, Predicted <i>In silico</i> as a Potential Vaccine Candidate",FRONTIERS IN MICROBIOLOGY,2016,Web of Science Core Collection,TI04
FS-013418,Wheat allergy: diagnosis and management,JOURNAL OF ASTHMA AND ALLERGY,2016,Web of Science Core Collection,TI04
FS-013425,Localization and characterization of two putative TMH family proteins in <i>Chlamydia psittaci</i>,MICROBIOLOGICAL RESEARCH,2016,Web of Science Core Collection,TI04
FS-013427,Evaluation of biomarkers of cell cycle arrest and inflammation in prediction of dialysis or recovery after kidney transplantation,TRANSPLANT INTERNATIONAL,2015,Web of Science Core Collection,TI04
FS-013431,Identification of Sleep-Modulated Pathways Involved in Neuroprotection from Stroke,SLEEP,2015,Web of Science Core Collection,TI04
FS-013433,Prerace aspirin to protect susceptible runners from cardiac arrest during marathons: is opportunity knocking?,OPEN HEART,2015,Web of Science Core Collection,TI05
FS-013435,Basic Properties of the p38 Signaling Pathway in Response to Hyperosmotic Shock,PLOS ONE,2015,Web of Science Core Collection,TI04
FS-013436,The effect of ivabradine on long term prevention of major adverse cardiac events in acute coronary syndrome using high-sensitivity C-reactive protein level,EGYPTIAN JOURNAL OF CRITICAL CARE MEDICINE,2015,Web of Science Core Collection,TI04
FS-013437,Serial expression analysis of breast tumors during neoadjuvant chemotherapy reveals changes in cell cycle and immune pathways associated with recurrence and response,BREAST CANCER RESEARCH,2015,Web of Science Core Collection,TI04
FS-013438,Functional differences between microglia and monocytes after ischemic stroke,JOURNAL OF NEUROINFLAMMATION,2015,Web of Science Core Collection,TI04
FS-013439,ALD1 Regulates Basal Immune Components and Early Inducible Defense Responses in <i>Arabidopsis</i>,MOLECULAR PLANT-MICROBE INTERACTIONS,2015,Web of Science Core Collection,TI04
FS-013441,Acute high-level exposure to WTC particles alters expression of genes associated with oxidative stress and immune function in the lung,JOURNAL OF IMMUNOTOXICOLOGY,2015,Web of Science Core Collection,TI04
FS-013442,Diagnosing Exercise-Induced Bronchoconstriction With Eucapnic Voluntary Hyperpnea: Is One Test Enough?,JOURNAL OF ALLERGY AND CLINICAL IMMUNOLOGY-IN PRACTICE,2015,Web of Science Core Collection,TI05
FS-013451,Endoplasmic reticulum stress-dependent activation of ATF3 mediates the late phase of ischemic preconditioning,JOURNAL OF MOLECULAR AND CELLULAR CARDIOLOGY,2014,Web of Science Core Collection,TI04
FS-013453,"Novel antitumour indole alkaloid, Jerantinine A, evokes potent G2/M cell cycle arrest targeting microtubules",INVESTIGATIONAL NEW DRUGS,2014,Web of Science Core Collection,TI04
FS-013457,Differential Contribution of Monocytes to Heart Macrophages in Steady-State and After Myocardial Infarction,CIRCULATION RESEARCH,2014,Web of Science Core Collection,TI04
FS-013463,Remote Ischemic Postconditioning During Percutaneous Coronary Interventions Remote Ischemic Postconditioning-Percutaneous Coronary Intervention Randomized Trial,CIRCULATION-CARDIOVASCULAR INTERVENTIONS,2014,Web of Science Core Collection,TI04
FS-013465,CDK4/6 inhibition induces epithelial cell cycle arrest and ameliorates acute kidney injury,AMERICAN JOURNAL OF PHYSIOLOGY-RENAL PHYSIOLOGY,2014,Web of Science Core Collection,TI04
FS-013467,DELAYED MITOGENIC STIMULATION DECREASES DNA DAMAGE ASSESSED BY MICRONUCLEUS ASSAY IN HUMAN PERIPHERAL BLOOD LYMPHOCYTES AFTER <SUP>60</SUP>CO IRRADIATION,DOSE-RESPONSE,2014,Web of Science Core Collection,TI04
FS-013471,Immune reactivity of renal transplant recipients receiving interleukin-2 receptor antagonists during the early posttransplant period,INTERNATIONAL UROLOGY AND NEPHROLOGY,2014,Web of Science Core Collection,TI04
FS-013473,"Evaluation of the QTc prolongation potential of a monoclonal antibody, siltuximab, in patients with monoclonal gammopathy of undetermined significance, smoldering multiple myeloma, or low-volume multiple myeloma",CANCER CHEMOTHERAPY AND PHARMACOLOGY,2014,Web of Science Core Collection,TI04
FS-013477,Pancreatic β cell proliferation by intermittent hypoxia via up-regulation of <i>Reg</i> family genes and <i>HGF</i> gene,LIFE SCIENCES,2013,Web of Science Core Collection,TI04
FS-013480,Cell cycle arrest in a model of colistin nephrotoxicity,PHYSIOLOGICAL GENOMICS,2013,Web of Science Core Collection,TI04
FS-013482,The effect of ketorolac on pregnancy rates when used immediately after oocyte retrieval,FERTILITY AND STERILITY,2013,Web of Science Core Collection,TI04
FS-013484,Favourable outcome after treatment with rituximab in a case non-paraneoplastic Lambert-Eaton myasthenic syndrome,REVUE DE MEDECINE INTERNE,2013,Web of Science Core Collection,TI04
FS-013488,Durable complete remission after brentuximab vedotin in a patient with relapsed and refractory Hodgkin lymphoma (HL),MEMO-MAGAZINE OF EUROPEAN MEDICAL ONCOLOGY,2013,Web of Science Core Collection,TI04
FS-013495,Toll-like receptor 4 is not targeted to the lysosome in cystic fibrosis airway epithelial cells,AMERICAN JOURNAL OF PHYSIOLOGY-LUNG CELLULAR AND MOLECULAR PHYSIOLOGY,2013,Web of Science Core Collection,TI04
FS-013500,The putative role of ovary removal and progesterone when considering the effect of formaldehyde exposure on lung inflammation induced by ovalbumin,CLINICS,2013,Web of Science Core Collection,TI04
FS-013501,Transient Limb Ischemia Alters Serum Protein Expression in Healthy Volunteers: Complement C3 and Vitronectin May Be Involved in Organ Protection Induced by Remote Ischemic Preconditioning,OXIDATIVE MEDICINE AND CELLULAR LONGEVITY,2013,Web of Science Core Collection,TI04
FS-013506,Evaluation of drugs and stationary growth on the cell cycle of <i>Giardia intestinalis</i>,MOLECULAR AND BIOCHEMICAL PARASITOLOGY,2013,Web of Science Core Collection,TI04
FS-013508,"Remote ischemic preconditioning regulates HIF-1α levels, apoptosis and inflammation in heart tissue of cardiosurgical patients: a pilot experimental study",BASIC RESEARCH IN CARDIOLOGY,2013,Web of Science Core Collection,TI04
FS-013510,Decreased miR-192 expression in peripheral blood of asthmatic individuals undergoing an allergen inhalation challenge,BMC GENOMICS,2012,Web of Science Core Collection,TI04
FS-013511,Vaccinia virus infection suppresses the cell microRNA machinery,ARCHIVES OF VIROLOGY,2012,Web of Science Core Collection,TI04
FS-013513,Appressorium morphogenesis and cell cycle progression are linked in the grass powdery mildew fungus <i>Blumeria graminis</i>,FUNGAL BIOLOGY,2012,Web of Science Core Collection,TI04
FS-013516,Effects of L-ascorbic acid on two cycles of cisplatin-induced DNA double-strand breaks and phosphorylation of p53 in the liver,EXPERIMENTAL AND TOXICOLOGIC PATHOLOGY,2012,Web of Science Core Collection,TI04
FS-013517,Inter- and intra-laboratory variability of CD4 cell counts in Swaziland,SOUTHERN AFRICAN JOURNAL OF HIV MEDICINE,2012,Web of Science Core Collection,TI04
FS-013519,Anti-proliferative Effects of Tricyclodecan-9-yl-xanthogenate (D609) Involve Ceramide and Cell Cycle Inhibition,MOLECULAR NEUROBIOLOGY,2012,Web of Science Core Collection,TI04
FS-013520,Systemic inflammatory response syndrome predicts increased mortality in patients after transcatheter aortic valve implantation,EUROPEAN HEART JOURNAL,2012,Web of Science Core Collection,TI04
FS-013521,Quercetin inhibits rhinovirus replication <i>in vitro</i> and <i>in vivo</i>,ANTIVIRAL RESEARCH,2012,Web of Science Core Collection,TI04
FS-013522,Preferential Fas-mediated apoptotic execution at G<sub>1</sub> phase: the resistance of mitotic cells to the cell death,CELL DEATH & DISEASE,2012,Web of Science Core Collection,TI04
FS-013526,Impact of Cell Cycle Disruption on Impaired Hepatic Regeneration in Aged Livers with Ischemic Insult,JOURNAL OF SURGICAL RESEARCH,2012,Web of Science Core Collection,TI04
FS-013529,The transcriptome of the adenovirus infected cell,VIROLOGY,2012,Web of Science Core Collection,TI04
FS-013539,THE HEALING OF NSAID-INDUCED GASTRIC LESION MAY BE FOLLOWED BY SMALL INTESTINAL AND CARDIOVASCULAR SIDE EFFECTS,JOURNAL OF PHYSIOLOGY AND PHARMACOLOGY,2011,Web of Science Core Collection,TI04
FS-013540,Early Assessment of Delirium in Elderly Patients after Hip Surgery,PSYCHIATRY INVESTIGATION,2011,Web of Science Core Collection,TI04
FS-013544,Novel formulations enhance the thermal stability of live-attenuated flavivirus vaccines,VACCINE,2011,Web of Science Core Collection,TI04
FS-013545,Toll-Like Receptor 4 Is a Regulator of Monocyte and Electroencephalographic Responses to Sleep Loss,SLEEP,2011,Web of Science Core Collection,TI04
FS-013546,Gene Expression Analysis Reveals the Cell Cycle and Kinetochore Genes Participating in Ischemia Reperfusion Injury and Early Development in Kidney,PLOS ONE,2011,Web of Science Core Collection,TI04
FS-013549,Inhibition of LPS toxicity by hepatic argininosuccinate synthase (ASS): Novel roles for ASS in innate immune responses to bacterial infection,INTERNATIONAL IMMUNOPHARMACOLOGY,2011,Web of Science Core Collection,TI04
FS-013553,Baseline variation and associations between subject characteristics and five cytokine biomarkers of vaginal safety among healthy non-pregnant women in microbicide trials,CYTOKINE,2011,Web of Science Core Collection,TI04
FS-013556,"Antiviral propierties of 5,5′-dithiobis-2-nitrobenzoic acid and bacitracin against T-tropic human immunodeficiency virus type 1",VIROLOGY JOURNAL,2011,Web of Science Core Collection,TI04
FS-013558,Three independent mechanisms for arrest in G<sub>2</sub> after ionizing radiation,CELL CYCLE,2011,Web of Science Core Collection,TI04
FS-013560,Cell cycle-dependent alteration in NAC1 nuclear body dynamics and morphology,PHYSICAL BIOLOGY,2011,Web of Science Core Collection,TI04
FS-013561,Effects of unfractioned heparin and low-molecular-weight heparin on osteoprotegerin and RANKL plasma levels in haemodialysis patients,NEPHROLOGY DIALYSIS TRANSPLANTATION,2011,Web of Science Core Collection,TI04
FS-013565,Sustained High-Efficiency Daily Diafiltration Using a Mediator-Adsorbing Membrane (SHEDD-fA) in the Treatment of Patients with Severe Sepsis,Contributions to Nephrology,2011,Web of Science Core Collection,TI04
FS-013566,Adenosine postconditioning protects against myocardial ischemia-reperfusion injury though modulate production of TNF-α and prevents activation of transcription factor NF-kappaB,MOLECULAR BIOLOGY REPORTS,2011,Web of Science Core Collection,TI04
FS-013576,Ischemic Preconditioning Attenuates Pulmonary Dysfunction After Unilateral Thigh Tourniquet-Induced Ischemia-Reperfusion,ANESTHESIA AND ANALGESIA,2010,Web of Science Core Collection,TI04
FS-013579,"Physiological control of muscle mass in humans during resistance exercise, disuse and rehabilitation",CURRENT OPINION IN CLINICAL NUTRITION AND METABOLIC CARE,2010,Web of Science Core Collection,TI05
FS-013582,Both Interleukin-3 and Interleukin-6 Are Necessary for Better Ex Vivo Expansion of CD133+Cells From Umbilical Cord Blood,STEM CELLS AND DEVELOPMENT,2010,Web of Science Core Collection,TI04
FS-013583,Long-term and acute effects of gliadin on small intestine of patients on potentially pathogenic networks in celiac disease,AUTOIMMUNITY,2010,Web of Science Core Collection,TI04
FS-013586,Chronic Fatigue Syndrome: Metabolic and Electrophysiological Muscle Responses to Exercise,Immunology and Immune System Disorders,2010,Web of Science Core Collection,TI05
FS-013589,Efficacy of granulocyte colony stimulating factor as a secondary prophylaxis along with full-dose chemotherapy following a prior cycle of febrile neutropenia,BIOSCIENCE TRENDS,2010,Web of Science Core Collection,TI04
FS-013591,Sevoflurane Protects against Acute Kidney Injury in a Small-Size Liver Transplantation Model,AMERICAN JOURNAL OF NEPHROLOGY,2010,Web of Science Core Collection,TI04
FS-013596,Febrile reactions occurring with second cycle of high-dose melphalan and SCT in patients with AL amyloidosis: a 'melphalan recall' reaction,BONE MARROW TRANSPLANTATION,2010,Web of Science Core Collection,TI04
FS-013598,Cellular senescence induced by aberrant MAD2 levels impacts on paclitaxel responsiveness <i>in vitro</i>,BRITISH JOURNAL OF CANCER,2009,Web of Science Core Collection,TI04
FS-013599,Scientific Opinion on the substantiation of health claims related to glutamine and immune health (ID 733) and integrity of the intestinal lining and normal intestinal permeability (ID 1602) pursuant to Article 13(1) of Regulation (EC) No 1924/2006,EFSA JOURNAL,2009,Web of Science Core Collection,TI04
FS-013600,Response of IGF and IL-6 to Ovarian Stimulation in PCOS and Normal Women,SYSTEMS BIOLOGY IN REPRODUCTIVE MEDICINE,2009,Web of Science Core Collection,TI04
FS-013601,Oxaliplatin-Induced Immune Thrombocytopenia: Another Cumulative Dose-Dependent Side Effect?,CLINICAL COLORECTAL CANCER,2009,Web of Science Core Collection,TI04
FS-013602,Leptin Deficiency: Clinical Implications and Opportunities for Therapeutic Interventions,JOURNAL OF INVESTIGATIVE MEDICINE,2009,Web of Science Core Collection,TI04
FS-013603,The influence of anaesthetic and ischaemic preconditioning on generation of reactive oxygen species in the coronary sinus in coronary artery bypass graft patients,KARDIOCHIRURGIA I TORAKOCHIRURGIA POLSKA-POLISH JOURNAL OF THORACIC AND CARDIOVASCULAR SURGERY,2009,Web of Science Core Collection,TI04
FS-013608,Cytokine-dependent and-independent gene expression changes and cell cycle block revealed in <i>Trypanosoma cruzi</i>-infected host cells by comparative mRNA profiling,BMC GENOMICS,2009,Web of Science Core Collection,TI04
FS-013611,Leptin in humans: lessons from translational research,AMERICAN JOURNAL OF CLINICAL NUTRITION,2009,Web of Science Core Collection,TI04
FS-013617,Pancake Syndrome (Oral Mite Anaphylaxis),WORLD ALLERGY ORGANIZATION JOURNAL,2009,Web of Science Core Collection,TI04
FS-013620,Transient Inflammation in Neurogenic Regions after Irradiation of the Developing Brain,RADIATION RESEARCH,2009,Web of Science Core Collection,TI04
FS-013625,A case report of double filtration plasmapheresis in an acute episode of multiple sclerosis,THERAPEUTIC APHERESIS AND DIALYSIS,2008,Web of Science Core Collection,TI04
FS-013630,The role of IL-6 during the late phase of liver regeneration,ANNALS OF TRANSPLANTATION,2008,Web of Science Core Collection,TI04
FS-013632,The absence of circadian cues during recovery from sepsis modifies pituitary-adrenocortical function and impairs survival,SHOCK,2008,Web of Science Core Collection,TI04
FS-013634,Changes in gene expression induced by tienilic acid and sulfamethoxazole: Testing the danger hypothesis,JOURNAL OF IMMUNOTOXICOLOGY,2007,Web of Science Core Collection,TI04
FS-013636,Serum pegfilgrastim concentrations during recovery of absolute neutrophil count in patients with cancer receiving pegfilgrastim after chemotherapy,PHARMACOTHERAPY,2007,Web of Science Core Collection,TI04
FS-013637,Packaged replicons of bovine viral diarrhea virus are capable of inducing a protective immune response,VIROLOGY,2007,Web of Science Core Collection,TI04
FS-013638,Muscle strength recovery in treated Guillain-Barre' syndrome -: A Prospective study for the first 18 months after onset,AMERICAN JOURNAL OF PHYSICAL MEDICINE & REHABILITATION,2007,Web of Science Core Collection,TI04
FS-013639,"A phase I pharmacodynamic study of the effects of the cyclin-dependent kinase-inhibitor AZD5438 on cell cycle markers within the buccal mucosa, plucked scalp hairs and peripheral blood mononucleocytes of healthy male volunteers",CANCER CHEMOTHERAPY AND PHARMACOLOGY,2007,Web of Science Core Collection,TI04
FS-013642,<i>Brucella abortus</i> Uses a Stealthy Strategy to Avoid Activation of the Innate Immune System during the Onset of Infection,PLOS ONE,2007,Web of Science Core Collection,TI04
FS-013645,Trends in beta-2 agonist therapy,ALLERGY & CLINICAL IMMUNOLOGY INTERNATIONAL-JOURNAL OF THE WORLD ALLERGY ORGANIZATION,2007,Web of Science Core Collection,TI04
FS-013652,"Oocyte euploidy, pronuclear zygote morphology and embryo chromosomal complement",HUMAN REPRODUCTION,2007,Web of Science Core Collection,TI04
FS-013657,Neutropenic events in community practices reduced by first and subsequent cycle pegfilgrastim use,ONCOLOGIST,2007,Web of Science Core Collection,TI04
FS-013658,Inhibition of normal lymphocyte proliferation by Indirubin-3′-monoxime:: A multifactorial process,LEUKEMIA & LYMPHOMA,2007,Web of Science Core Collection,TI04
FS-013662,Estrus cycle: influence on cardiac function following trauma-hemorrhage,AMERICAN JOURNAL OF PHYSIOLOGY-HEART AND CIRCULATORY PHYSIOLOGY,2006,Web of Science Core Collection,TI04
FS-013664,Androstenediol reduces the anti-inflammatory effects of restraint stress during wound healing,BRAIN BEHAVIOR AND IMMUNITY,2006,Web of Science Core Collection,TI04
FS-013666,Inhibition of the Janus kinase family increases extracellular signal-regulated kinase 1/2 phosphorylation and causes endoreduplication,CANCER RESEARCH,2006,Web of Science Core Collection,TI04
FS-013667,Acridine Orange based platinum(II) complexes inducing cytotoxicity and cell cycle perturbation in spite of <i>GSTP1</i> up-regulation,CHEMICO-BIOLOGICAL INTERACTIONS,2006,Web of Science Core Collection,TI04
FS-013671,Extracellular matrix adaptation of tendon and skeletal muscle to exercise,JOURNAL OF ANATOMY,2006,Web of Science Core Collection,TI05
FS-013672,Synergistic effect between ouabain and glucocorticoids for the induction of thymic atrophy,BIOSCIENCE REPORTS,2006,Web of Science Core Collection,TI04
FS-013674,"Role of caspases on cell death, inflammation, and cell cycle in glycerol-induced acute renal failure",KIDNEY INTERNATIONAL,2006,Web of Science Core Collection,TI04
FS-013676,Differential expression of VirB9 and VirB6 during the life cycle of <i>Anaplasma phagocytophilum</i> in human leucocytes is associated with differential binding and avoidance of lysosome pathway,CELLULAR MICROBIOLOGY,2006,Web of Science Core Collection,TI04
FS-013679,Pilot study of imiquimod 5% cream as adjunctive therapy to curettage and electrodesiccation for nodular basal cell carcinoma,DERMATOLOGIC SURGERY,2006,Web of Science Core Collection,TI04
FS-013680,Laughter regulates gene expression in patients with type 2 diabetes,PSYCHOTHERAPY AND PSYCHOSOMATICS,2006,Web of Science Core Collection,TI04
FS-013681,In situ detection of specific gene expression during and immediately after transcription at electron microscopic level,JOURNAL OF STRUCTURAL BIOLOGY,2006,Web of Science Core Collection,TI04
FS-013684,Protracted increases in core body temperature and interleukin-1 following acute administration of lipopolysaccharide: Implications for the stress response,PHYSIOLOGY & BEHAVIOR,2005,Web of Science Core Collection,TI04
FS-013686,"Cytoplasmic fragmentation in activated eggs occurs in the cytokinetic phase of the cell cycle, in lieu of normal cytokinesis, and in response to cytoskeletal disorder",MOLECULAR HUMAN REPRODUCTION,2005,Web of Science Core Collection,TI04
FS-013687,Safety evaluation of single-use medical devices after submission to simulated reutilization cycles,JOURNAL OF AOAC INTERNATIONAL,2005,Web of Science Core Collection,TI04
FS-013688,Covert human immunodeficiency virus replication in dendritic cells and in DC-SIGN-expressing transmission to cells promotes long-term lymphocytes,JOURNAL OF VIROLOGY,2005,Web of Science Core Collection,TI04
FS-013698,IL-6 plays an obligatory role in late preconditioning via JAK-STAT signaling and upregulation of iNOS and COX-2,CARDIOVASCULAR RESEARCH,2004,Web of Science Core Collection,TI04
FS-013699,Highly selective escape from KSHV-mediated Host-mRNA shutoff and its implications for viral pathogenesis,JOURNAL OF EXPERIMENTAL MEDICINE,2004,Web of Science Core Collection,TI04
FS-013701,Vitamins C and E: acute interactive effects on biomarkers of antioxidant defence and oxidative stress,MUTATION RESEARCH-FUNDAMENTAL AND MOLECULAR MECHANISMS OF MUTAGENESIS,2004,Web of Science Core Collection,TI04
FS-013703,Perioperative stress response to carotid endarterectomy: The impact of anesthetic modality,JOURNAL OF VASCULAR SURGERY,2004,Web of Science Core Collection,TI04
FS-013704,Collection of two consecutive neutrophil concentrates for transfusion from donors mobilized with glycosylated granulocyte-CSF plus dexamethasone,TRANSFUSION,2004,Web of Science Core Collection,TI04
FS-013705,Analysis of premature centromere division (PCD) of the X chromosome in Alzheimer patients through the cell cycle,EXPERIMENTAL GERONTOLOGY,2004,Web of Science Core Collection,TI04
FS-013706,Particulate matter exposure in cars is associated with cardiovascular effects in healthy young men,AMERICAN JOURNAL OF RESPIRATORY AND CRITICAL CARE MEDICINE,2004,Web of Science Core Collection,TI04
FS-013707,Sonicated extract of <i>Enterococcus faecalis</i> induces irreversible cell cycle arrest in phytohemagglutinin-activated human lymphocytes,JOURNAL OF ENDODONTICS,2004,Web of Science Core Collection,TI04
FS-013709,Centrosome hyperamplification and chromosomal damage after exposure to radiation,ONCOLOGY,2004,Web of Science Core Collection,TI04
FS-013710,Low level laser irradiation stimulates mitochondrial membrane potential and disperses subnuclear promyelocytic leukemia protein,LASERS IN SURGERY AND MEDICINE,2004,Web of Science Core Collection,TI04
FS-013713,Cell cycle arrest by monochloramine through the oxidation of retinoblastoma protein,FREE RADICAL BIOLOGY AND MEDICINE,2004,Web of Science Core Collection,TI04
FS-013714,Presence of prepackaged mRNA in virions of DNA adenovirus,JOURNAL OF BIOLOGICAL CHEMISTRY,2003,Web of Science Core Collection,TI04
FS-013715,"Regulation of Fas (APO-1, CD95) and Fas ligand expression in leukocytes during systemic inflammation in humans",SHOCK,2003,Web of Science Core Collection,TI04
FS-013717,Cell proliferation arrest within intrathymic lymphocyte progenitor cells causes thymic atrophy mediated by the aryl hydrocarbon receptor,JOURNAL OF IMMUNOLOGY,2003,Web of Science Core Collection,TI04
FS-013718,Regulation of embryonic implantation,EUROPEAN JOURNAL OF OBSTETRICS & GYNECOLOGY AND REPRODUCTIVE BIOLOGY,2003,Web of Science Core Collection,TI04
FS-013719,Fatal systemic inflammatory response syndrome in a ornithine transcarbamylase deficient patient following adenoviral gene transfer,MOLECULAR GENETICS AND METABOLISM,2003,Web of Science Core Collection,TI04
FS-013725,Gene profiling in spinal cord injury shows role of cell cycle neuronal death,ANNALS OF NEUROLOGY,2003,Web of Science Core Collection,TI04
FS-013729,"Interferon-containing supernatants increase Marek's disease herpesvirus genomes and gene transcription levels, but not virion replication <i>in vitro</i>",VIRAL IMMUNOLOGY,2003,Web of Science Core Collection,TI04
FS-013732,Metabolic adaptation of <i>Escherichia coli</i> during temperature-induced recombinant protein production:: 1.: Readjustment of metabolic enzyme synthesis,BIOTECHNOLOGY AND BIOENGINEERING,2002,Web of Science Core Collection,TI04
FS-013735,Micronucleus distribution in human peripheral blood lymphocytes treated in vitro with cadmium chloride in G<sub>0</sub> and S phase of the cell cycle,CHEMOSPHERE,2002,Web of Science Core Collection,TI04
FS-013739,Cyclosporin A does not block exercise-induced cardiac hypertrophy,MEDICINE AND SCIENCE IN SPORTS AND EXERCISE,2002,Web of Science Core Collection,TI05
FS-013741,Differential expression of interleukins (IL) IL-13 and IL-15 throughout the menstrual cycle in endometrium of normal fertile women and women with recurrent spontaneous abortion,JOURNAL OF REPRODUCTIVE IMMUNOLOGY,2002,Web of Science Core Collection,TI04
FS-013742,Regulation of human endometrial transforming growth factor β1 and β3 isoforms through menstrual cycle and medroxyprogesterone acetate treatment,HISTOLOGY AND HISTOPATHOLOGY,2002,Web of Science Core Collection,TI04
FS-013746,Indinavir pharmacokinetics during different phases of the menstrual cycle in HIV-infected women,CLINICAL DRUG INVESTIGATION,2002,Web of Science Core Collection,TI04
FS-013750,Characterization of integration host factor (IHF) binding upstream of the cysteine-rich protein operon (<i>omcAB</i>) promoter of <i>Chlamydia trachomatis</i> LGV serovar L2,MOLECULAR MICROBIOLOGY,2001,Web of Science Core Collection,TI04
FS-013758,Cytokine responses in patients undergoing coronary artery bypass surgery after ischemic preconditioning,SCANDINAVIAN CARDIOVASCULAR JOURNAL,2001,Web of Science Core Collection,TI04
FS-013759,Innate gastrointestinal immunity: characterization of broadly active viral inhibitors,ANTIVIRAL RESEARCH,2001,Web of Science Core Collection,TI04
FS-013762,Functional interleukin-4 receptor and interleukin-2 receptor common gamma chain in human gastric carcinoma: A possible mechanism for cytokine-based therapy,JOURNAL OF GASTROINTESTINAL SURGERY,2001,Web of Science Core Collection,TI04
FS-013763,Lymphocyte mitogenic transformation is accompanied by phosphorylation of the nucleolar transcription factor UBF,CELLULAR AND MOLECULAR BIOLOGY,2000,Web of Science Core Collection,TI04
FS-013764,Testosterone receptor blockade after trauma and hemorrhage attenuates depressed adrenal function,AMERICAN JOURNAL OF PHYSIOLOGY-REGULATORY INTEGRATIVE AND COMPARATIVE PHYSIOLOGY,2000,Web of Science Core Collection,TI04
FS-013772,Peripheral lymphocyte reduction in severe acute pancreatitis is caused by apoptotic cell death,JOURNAL OF GASTROINTESTINAL SURGERY,2000,Web of Science Core Collection,TI04
FS-013779,Oxaliplatin-induced fever and release of IL-6,ONCOLOGY,2000,Web of Science Core Collection,TI04
FS-013780,Functional interleukin 4 receptor and interleukin 2 receptor common γ-chain on human non-small cell lung cancers:: Novel targets for immune therapy,JOURNAL OF THORACIC AND CARDIOVASCULAR SURGERY,2000,Web of Science Core Collection,TI04
FS-013786,Perivascular interleukin-8 messenger ribonucleic acid expression in human endometrium varies across the menstrual cycle and in early pregnancy decidua,JOURNAL OF CLINICAL ENDOCRINOLOGY & METABOLISM,1999,Web of Science Core Collection,TI04
FS-013788,Colony stimulating factor-1 concentrations in blood and follicular fluid during the human menstrual cycle and ovarian stimulation: possible role in the ovulatory process,HUMAN REPRODUCTION,1999,Web of Science Core Collection,TI04
FS-013792,"Impact of gender, menstrual cycle phase, and oral contraceptives on the activity of the hypothalamus-pituitary-adrenal axis",PSYCHOSOMATIC MEDICINE,1999,Web of Science Core Collection,TI04
FS-013797,Control of airway function during and after exercise in asthmatics,MEDICINE & SCIENCE IN SPORTS & EXERCISE,1999,Web of Science Core Collection,TI05
FS-013799,The relationship between salivary secretory immunoglobulin A and cortisol: neuroendocrine response to awakening and the diurnal cycle,INTERNATIONAL JOURNAL OF PSYCHOPHYSIOLOGY,1998,Web of Science Core Collection,TI04
FS-013803,Exercise-induced hyperthermia and hormonal responses to exercise,CANADIAN JOURNAL OF PHYSIOLOGY AND PHARMACOLOGY,1998,Web of Science Core Collection,TI05
FS-013811,Sister chromatid exchanges in human lymphocytes treated in vitro with cadmium in G<sub>0</sub> and S phase of their cell cycles,MUTATION RESEARCH-GENETIC TOXICOLOGY AND ENVIRONMENTAL MUTAGENESIS,1998,Web of Science Core Collection,TI04
FS-013813,Pilot study of subcutaneous recombinant human interleukin 12 in metastatic melanoma,CLINICAL CANCER RESEARCH,1998,Web of Science Core Collection,TI04
FS-013814,Tillage effects on water runoff and soil erosion after sod,JOURNAL OF SOIL AND WATER CONSERVATION,1998,Web of Science Core Collection,TI04
FS-013816,Phase I-II study of gamma interferon and 5-fluorouracil for patients with metastatic renal cell carcinoma,CANCER BIOTHERAPY AND RADIOPHARMACEUTICALS,1997,Web of Science Core Collection,TI04
FS-013817,"Effects on DNA integrity and apoptosis induction by a novel antitumor sesquiterpene drug, 6-hydroxymethylacylfulvene (HMAF, MGI 114)",BIOCHEMICAL PHARMACOLOGY,1997,Web of Science Core Collection,TI04
FS-013818,Hormonal regulation of monocyte chemoattractant protein-1 messenger ribonucleic acid expression in corpora lutea,ENDOCRINOLOGY,1997,Web of Science Core Collection,TI04
FS-013822,The in vivo effects of interleukin-3 on histamine levels in non-Hodgkin's lymphoma patients,PHARMACOLOGY & TOXICOLOGY,1997,Web of Science Core Collection,TI04
FS-013823,Industrial Genotoxicology Group collaborative trial to investigate cell cycle parameters in human lymphocyte cytogenetics studies,MUTAGENESIS,1997,Web of Science Core Collection,TI04
FS-013824,Indium-111 labelled lymphocytes: Isotope distribution and cell division,EUROPEAN JOURNAL OF NUCLEAR MEDICINE,1997,Web of Science Core Collection,TI04
FS-013826,Mechanisms of complement resistance induced by non-lethal complement attack and by growth arrest,IMMUNOLOGY,1997,Web of Science Core Collection,TI04
FS-013830,Secretion of proinflammatory cytokines by epithelial cells in response to Chlamydia infection suggests a central role for epithelial cells in chlamydial pathogenesis,JOURNAL OF CLINICAL INVESTIGATION,1997,Web of Science Core Collection,TI04
FS-013832,The cell cycle positions influence DNA migration as measured with the alkaline comet assay in stimulated human lymphocytes,FOLIA BIOLOGICA,1997,Web of Science Core Collection,TI04
FS-013835,BB-10010/MIP-1 alpha in vivo maintains haemopoietic recovery following repeated cycles of sublethal irradiation,BRITISH JOURNAL OF CANCER,1996,Web of Science Core Collection,TI04
FS-013839,Sex steroid regulation of leukocyte traffic in human decidua,HUMAN REPRODUCTION,1996,Web of Science Core Collection,TI04
FS-013854,CELL CYCLE-DEPENDENT CYTOTOXICITY AND INDUCTION OF APOPTOSIS BY LIPOSOMAL N-4-HEXADECYL-1-BETA-D-ARABINOFURANOSYLCYTOSINE,BRITISH JOURNAL OF CANCER,1995,Web of Science Core Collection,TI04
FS-013855,EVIDENCE FOR OZONE-INDUCED SMALL-AIRWAY DYSFUNCTION - LACK OF MENSTRUAL-CYCLE AND GENDER EFFECTS,AMERICAN JOURNAL OF RESPIRATORY AND CRITICAL CARE MEDICINE,1995,Web of Science Core Collection,TI04
FS-013856,SPECIFIC CYTOTOXIC T-LYMPHOCYTES RECOGNIZE THE IMMEDIATE-EARLY TRANSACTIVATOR ZTA OF EPSTEIN-BARR-VIRUS,JOURNAL OF VIROLOGY,1995,Web of Science Core Collection,TI04
FS-013859,COMPLEMENT LEVELS AND EXPOSURE IN THE HYPOBARIC CHAMBER,AVIATION SPACE AND ENVIRONMENTAL MEDICINE,1995,Web of Science Core Collection,TI04
FS-013862,HEAVY-METAL MODULATION OF THE HUMAN INTERCELLULAR-ADHESION MOLECULE (ICAM-1) GENE-EXPRESSION,BIOCHIMICA ET BIOPHYSICA ACTA-GENE STRUCTURE AND EXPRESSION,1995,Web of Science Core Collection,TI04
FS-013864,NI(II) INDUCED CHANGES IN CELL-CYCLE DURATION AND SISTER-CHROMATID EXCHANGES IN CULTURED HUMAN-LYMPHOCYTES,MUTATION RESEARCH-FUNDAMENTAL AND MOLECULAR MECHANISMS OF MUTAGENESIS,1995,Web of Science Core Collection,TI04
FS-013866,THE HEMATOLOGIC TOXICITY OF INTERLEUKIN-2 IN PATIENTS WITH METASTATIC MELANOMA AND RENAL-CELL CARCINOMA,CANCER,1995,Web of Science Core Collection,TI04
FS-013871,POSSIBLE CORRELATION BETWEEN SOME BIOLOGIC EFFECTS AND THE CLINICAL COURSE IN PATIENTS TREATED WITH CONTINUOUS-INFUSION OF INTERLEUKIN-2 PLUS ALPHA-2 INTERFERON FOR METASTATIC RENAL-CELL CARCINOMA,TUMORI JOURNAL,1994,Web of Science Core Collection,TI04
FS-013877,CYTOTOXICITY OF THE ANTICANCER AGENTS CISPLATIN AND TAXOL DURING CELL-PROLIFERATION AND THE CELL-CYCLE,INTERNATIONAL JOURNAL OF CANCER,1994,Web of Science Core Collection,TI04
FS-013882,CELL-CYCLE ASSESSMENT OF ADOPTIVE TRANSFERRED LYMPHOKINE-ACTIVATED KILLER-CELLS,JAPANESE JOURNAL OF CLINICAL ONCOLOGY,1994,Web of Science Core Collection,TI04
FS-013884,2ND ANTIBODY ADMINISTRATION AFFECTS THE IMMUNOGENICITY OF A PRIMARY XENOGENEIC ANTIBODY,ANTIBODY IMMUNOCONJUGATES AND RADIOPHARMACEUTICALS,1994,Web of Science Core Collection,TI04
FS-013886,PROGESTERONE CONTROL OF INTERLEUKIN-8 PRODUCTION IN ENDOMETRIUM AND CHORIO-DECIDUAL CELLS UNDERLINES THE ROLE OF THE NEUTROPHIL IN MENSTRUATION AND PARTURITION,HUMAN REPRODUCTION,1994,Web of Science Core Collection,TI04
FS-013888,"ACE-INHIBITION REDUCES PROTEINURIA IN NORMOTENSIVE PATIENTS WITH IGA NEPHROPATHY - A MULTICENTER, RANDOMIZED, PLACEBO-CONTROLLED STUDY",NEPHROLOGY DIALYSIS TRANSPLANTATION,1994,Web of Science Core Collection,TI04
FS-013891,THE TOLERABILITY OF CONTINUOUS INTRAVENOUS-INFUSION OF INTERLEUKIN-3 AFTER DHAP CHEMOTHERAPY IN PATIENTS WITH RELAPSED MALIGNANT-LYMPHOMA - A PHASE-I STUDY,ANNALS OF HEMATOLOGY,1993,Web of Science Core Collection,TI04
FS-013892,"EFFECTS OF DIFFERENT STYRENE METABOLITES ON CYTOTOXICITY, SISTER-CHROMATID EXCHANGES AND CELL-CYCLE KINETICS IN HUMAN WHOLE-BLOOD LYMPHOCYTES IN-VITRO",MUTATION RESEARCH,1993,Web of Science Core Collection,TI04
FS-013894,A NEW PUTATIVE SIGMA-FACTOR OF MYXOCOCCUS-XANTHUS,JOURNAL OF BACTERIOLOGY,1993,Web of Science Core Collection,TI04
FS-013895,"THE REGULATORY, INFORMATIONAL, AND IMMUNOMODULATORY ROLES OF FAT FUELS",AMERICAN JOURNAL OF CLINICAL NUTRITION,1993,Web of Science Core Collection,TI04
FS-013896,AUGMENTED GLUCOSE USE AND PENTOSE CYCLE ACTIVITY IN HEPATIC ENDOTHELIAL-CELLS AFTER INVIVO ENDOTOXEMIA,HEPATOLOGY,1993,Web of Science Core Collection,TI04
FS-013899,A PHASE-I/II STUDY OF DOSE AND ADMINISTRATION OF NONGLYCOSYLATED BACTERIALLY SYNTHESIZED G-M CSF IN CHEMOTHERAPY-INDUCED NEUTROPENIA IN PATIENTS WITH NON-HODGKINS-LYMPHOMAS,LEUKEMIA & LYMPHOMA,1992,Web of Science Core Collection,TI04
FS-013900,THE ACTIVATION OF POLYMORPHONUCLEAR NEUTROPHILS AND THE COMPLEMENT-SYSTEM DURING IMMUNOTHERAPY WITH RECOMBINANT INTERLEUKIN-2,BRITISH JOURNAL OF CANCER,1992,Web of Science Core Collection,TI04
FS-013904,ADRENOCORTICOTROPIN STIMULATES NATURAL-KILLER-CELL ACTIVITY,ENDOCRINOLOGY,1991,Web of Science Core Collection,TI04
FS-013905,SUPPRESSED EXPRESSION OF ICAM-1 AND LFA-1 AND ABROGATION OF LEUKOCYTE COLLABORATION AFTER EXPOSURE OF HUMAN MONONUCLEAR LEUKOCYTES TO RESPIRATORY SYNCYTIAL VIRUS INVITRO - COMPARISON WITH EXPOSURE TO INFLUENZA-VIRUS,JOURNAL OF CLINICAL INVESTIGATION,1991,Web of Science Core Collection,TI04
FS-013906,CYTODUCTION IN CHLAMYDOMONAS-REINHARDTII,PROCEEDINGS OF THE NATIONAL ACADEMY OF SCIENCES OF THE UNITED STATES OF AMERICA,1991,Web of Science Core Collection,TI04
FS-013915,ACTIVATION OF THE COMPLEMENT-SYSTEM DURING IMMUNOTHERAPY WITH RECOMBINANT IL-2 - RELATION TO THE DEVELOPMENT OF SIDE-EFFECTS,JOURNAL OF IMMUNOLOGY,1990,Web of Science Core Collection,TI04
FS-013916,INNATE RESISTANCE TO HERPES-SIMPLEX VIRUS-INFECTION - HUMAN LYMPHOCYTE AND MONOCYTE INHIBITION OF VIRAL REPLICATION,JOURNAL OF IMMUNOLOGY,1990,Web of Science Core Collection,TI04
FS-013917,AUTOIMMUNE REACTIONS IN A PATIENT WITH MALIGNANT INSULINOMA TREATED BY MULTIPLE LOW-DOSE STREPTOZOTOCIN,EXPERIMENTAL AND CLINICAL ENDOCRINOLOGY,1990,Web of Science Core Collection,TI04
FS-013920,CD4 ANTIGEN-BASED ANTIRECEPTOR PEPTIDES INHIBIT INFECTIVITY OF HUMAN IMMUNODEFICIENCY VIRUS INVITRO AT MULTIPLE STAGES OF THE VIRAL LIFE-CYCLE,PROCEEDINGS OF THE NATIONAL ACADEMY OF SCIENCES OF THE UNITED STATES OF AMERICA,1989,Web of Science Core Collection,TI04
FS-013922,EFFECT OF SWAINSONINE ON STIMULATION AND CELL-CYCLE PROGRESSION OF HUMAN-LYMPHOCYTES,CANCER RESEARCH,1989,Web of Science Core Collection,TI04
FS-013927,INTRAPERITONEAL ADMINISTRATION OF HUMAN RECOMBINANT INTERFERON-ALPHA IN PATIENTS WITH OVARIAN-CANCER - EFFECTS ON LYMPHOCYTE PHENOTYPE AND CYTO-TOXICITY,CANCER RESEARCH,1988,Web of Science Core Collection,TI04
FS-013928,TRANSIENT DECREASE IN IL-2-RESPONSIVE LYMPHOCYTES 24 HOURS AFTER INITIATION OF CONTINUOUS IL-2 INFUSION IN CANCER-PATIENTS,JOURNAL OF BIOLOGICAL RESPONSE MODIFIERS,1988,Web of Science Core Collection,TI04
FS-013929,INVIVO ADMINISTRATION OF IL-1 INDUCES THYMIC HYPOPLASIA AND INCREASED LEVELS OF SERUM CORTICOSTERONE,JOURNAL OF IMMUNOLOGY,1988,Web of Science Core Collection,TI04
FS-013932,INFLUENCE OF TIME AND CELL-CYCLE PHASE ON RADIATION-INDUCED CHROMOSOME LESIONS,ANNALES DE GENETIQUE,1988,Web of Science Core Collection,TI04
FS-013933,INTRACELLULAR REOVIRUS SURVIVES CYTOTOXIC LYMPHOCYTE-T-MEDIATED LYSIS OF ITS HOST-CELL,JOURNAL OF GENERAL VIROLOGY,1987,Web of Science Core Collection,TI04
FS-013935,"POTENTIATION OF RADIATION CYTOTOXICITY BY RECOMBINANT INTERFERONS, A PHENOMENON ASSOCIATED WITH INCREASED BLOCKAGE AT THE G2-M PHASE OF THE CELL-CYCLE",CANCER RESEARCH,1987,Web of Science Core Collection,TI04
FS-013936,METHOTREXATE INHIBITS THE HUMAN C5A-INDUCED SKIN-RESPONSE IN PATIENTS WITH PSORIASIS,JOURNAL OF INVESTIGATIVE DERMATOLOGY,1987,Web of Science Core Collection,TI04
FS-013939,INVIVO MODULATION OF MYELOPOIESIS BY PROSTAGLANDIN-E2 .2. INHIBITION OF GRANULOCYTE MONOCYTE PROGENITOR-CELL (CFU-GM) CELL-CYCLE RATE,EXPERIMENTAL HEMATOLOGY,1987,Web of Science Core Collection,TI04
FS-013941,INTERLEUKIN-3 AND CELL-CYCLE PROGRESSION,JOURNAL OF CELLULAR PHYSIOLOGY,1986,Web of Science Core Collection,TI04
FS-013943,FLUORESCENT ANTI-IMMUNOGLOBULIN-G ASSAY OF CIRCULATING IMMUNE-COMPLEXES EXTRACTED WITH POLYETHYLENE-GLYCOL,JOURNAL OF CLINICAL MICROBIOLOGY,1986,Web of Science Core Collection,TI04
FS-013945,REGULATION OF THE CELL-CYCLE IN BUDDING YEASTS BY GLUCOSE LIMITATION,BIOLOGIA,1985,Web of Science Core Collection,TI04
FS-013947,ANTIVIRAL ACTIVITIES DIRECTED AGAINST WILD-TYPE AND INTERFERON-SENSITIVE MENGOVIRUS,JOURNAL OF GENERAL VIROLOGY,1983,Web of Science Core Collection,TI04
FS-013953,HUMAN-LYMPHOCYTE PROLIFERATION .2. FORMATION OF ACTIVATED (G1) CELLS,EUROPEAN JOURNAL OF IMMUNOLOGY,1982,Web of Science Core Collection,TI04
FS-013957,VISUALIZATION OF ACTIN POLYMERIZATION AND DEPOLYMERIZATION CYCLES DURING POLYAMINE-INDUCED CYTOKINESIS IN LIVING AMEBA-PROTEUS,CELL AND TISSUE RESEARCH,1981,Web of Science Core Collection,TI04
FS-013958,PARTICIPATION OF 3 MAJOR GLYCOPROTEIN ANTIGENS OF HERPES-SIMPLEX VIRUS TYPE-1 EARLY IN THE INFECTIOUS CYCLE AS DETERMINED BY ANTIBODY-DEPENDENT CELL-MEDIATED CYTO-TOXICITY,INFECTION AND IMMUNITY,1980,Web of Science Core Collection,TI04
FS-013960,CELL CYCLE-SPECIFIC EFFECTS OF GLUCOCORTICOIDS ON PHYTO-HEMAGGLUTININ-STIMULATED LYMPHOCYTES,CLINICAL AND EXPERIMENTAL IMMUNOLOGY,1980,Web of Science Core Collection,TI04
FS-013962,EARLY DAMAGE OF HERPES-INFECTED CELLS BY ANTIBODY-DEPENDENT CELLULAR CYTOTOXICITY - RELATIVE ROLES OF VIRUS-SPECIFIED CELL-SURFACE ANTIGENS AND INPUT VIRUS,JOURNAL OF IMMUNOLOGY,1979,Web of Science Core Collection,TI04
FS-013963,INDUCTION AND SYNTHESIS OF TUBULIN DURING THE CELL-CYCLE AND LIFE-CYCLE OF CHLAMYDOMONAS-REINHARDI,DEVELOPMENTAL BIOLOGY,1979,Web of Science Core Collection,TI04
FS-013964,LEUKOCYTE ALKALINE-PHOSPHATASE RELATIVE SCORE AND BASAL BODY-TEMPERATURE AS INDICATORS OF OVULATION DURING MENSTRUAL CYCLES TERMINATED BY NORMAL FULL-TERM PREGNANCIES,FERTILITY AND STERILITY,1979,Web of Science Core Collection,TI04
FS-013974,INDIRECT BASOPHIL TEST AND DRUG HYPERSENSITIVITY,ANNALS OF ALLERGY,1966,Web of Science Core Collection,TI04
FS-013977,SOME PROPERTIES OF COMPLEMENT-FIXING ANTIGENS OF AGENTS OF TRACHOMA AND INCLUSION BLENNORRHOEA AND RELATIONSHIP OF ANTIGENS TO DEVELOPMENT CYCLE,JOURNAL OF GENERAL MICROBIOLOGY,1962,Web of Science Core Collection,TI04
FS-013978,STUDIES ON COMPLEMENT-FIXING ANTIGENS OF POLIOMYELITIS .3. INTRACELLULAR DEVELOPMENT OF ANTIGEN,JOURNAL OF IMMUNOLOGY,1961,Web of Science Core Collection,TI04
FS-013982,INFLUENZA VIRUS RECOMBINATION - EXPERIMENTS USING THE DE-EMBRYONATED EGG TECHNIQUE,COLD SPRING HARBOR SYMPOSIA ON QUANTITATIVE BIOLOGY,1953,Web of Science Core Collection,TI04
FS-013984,HORMONE-INDUCED SEXUAL CYCLES OF FLAGELLATES .8. MEIOSIS IN RHYNCHONYMPHA IN ONE CYTOPLASMIC AND 2 NUCLEAR DIVISIONS FOLLOWED BY AUTOGAMY,JOURNAL OF MORPHOLOGY,1952,Web of Science Core Collection,TI04
FS-013990,Biological responses of low-dose ionizing radiation from Oral and Maxillofacial spiral CT on human peripheral blood B lymphocytes,JOURNAL OF STOMATOLOGY ORAL AND MAXILLOFACIAL SURGERY,2026,Web of Science Core Collection,TI04
FS-013992,"Efbemalenograstim alfa as prophylaxis for chemotherapy-induced neutropenia in patients with non-small-cell lung cancer: a randomized, multicenter, phase II trial",CANCER BIOLOGY & MEDICINE,2026,Web of Science Core Collection,TI04
FS-013994,Porosity-engineered long-acting protopanaxadiol microspheres prevent CDK4/6 inhibitor-induced myelosuppression,MATERIALS TODAY BIO,2026,Web of Science Core Collection,TI04
FS-013996,MEASLES FRONTLINE DEFENSE: THE PIVOTAL ROLE OF EMERGENCY NURSES AND EMERGENCY MEDICAL SERVICES PERSONNEL,JOURNAL OF EMERGENCY NURSING,2026,Web of Science Core Collection,TI04
FS-013997,Rapidly Liver-Accumulating BiOCl@ITA Nanozyme for Synergistic ROS Scavenging and Macrophage Reprogramming in APAP-Induced Liver Injury,ACS APPLIED MATERIALS & INTERFACES,2026,Web of Science Core Collection,TI04
FS-013998,Targeting hepatic macrophage metabolic reprogramming via itaconate-functionalized nanomedicine for acute liver injury,CHEMICAL ENGINEERING JOURNAL,2026,Web of Science Core Collection,TI04
FS-013999,Modulation of X-irradiation-induced γ-H2AX focus stability in human blood lymphocytes: A technical note,MUTATION RESEARCH-GENETIC TOXICOLOGY AND ENVIRONMENTAL MUTAGENESIS,2026,Web of Science Core Collection,TI04
FS-014000,A radiotherapy-related five-gene signature predicts prognosis and regulates radiosensitivity in neuroblastoma,JOURNAL OF RADIATION RESEARCH AND APPLIED SCIENCES,2026,Web of Science Core Collection,TI04
FS-014002,Detection of Y-box binding protein 1 (YB-1) in serum and cerebrospinal fluid with its changed brain expression as a possible supplemental diagnostic tool for traumatic brain injury,FORENSIC SCIENCE INTERNATIONAL,2026,Web of Science Core Collection,TI04
FS-014003,A thiol-alkyne click chemistry-driven lipoic acid precise delivery platform for targeted therapy of cerebral ischemic stroke via redox homeostasis restoration and neuroinflammatory cascade suppression,BIOMATERIALS,2027,Web of Science Core Collection,TI04
FS-014006,"Arsenic, Cadmium, Uranium and Vanadium Produce Shared and Distinct Gene Expression Signatures in Primary Human Renal Cells",TOXICS,2026,Web of Science Core Collection,TI04
FS-014007,Knockout of acod1 promotes liver regeneration after hepatectomy by promoting fatty acid mobilization,BIOCHEMICAL AND BIOPHYSICAL RESEARCH COMMUNICATIONS,2026,Web of Science Core Collection,TI04
FS-014010,Sivelestat sodium alleviates blood-brain barrier dysfunction after traumatic brain injury by reduction of NETs formation,EXPERIMENTAL NEUROLOGY,2026,Web of Science Core Collection,TI04
FS-014013,Ellagic Acid Protects Multiple Organ Injury Induced by Cyclophosphamide-Mediated Oxidative Stress: Biochemical and Histological Insights,JOURNAL OF BIOCHEMICAL AND MOLECULAR TOXICOLOGY,2026,Web of Science Core Collection,TI04
FS-014016,Thiol-Disulfide Exchange Engineered BSA-Derived Nanoprodrug for Precise Delivery of Hydropersulfides Against Hepatic Ischemia/Reperfusion Injury,ADVANCED FUNCTIONAL MATERIALS,2026,Web of Science Core Collection,TI04
FS-014017,IFI204 drives gasdermin D-mediated mitochondrial permeabilization to amplify neuronal pyroptosis in ischemic stroke,JOURNAL OF NEUROINFLAMMATION,2026,Web of Science Core Collection,TI04
FS-014018,Playing both sides - Epstein-Barr Virus accumulates select cellular transcripts to counter virus-mediated host shut-off in lytic cells,PLOS PATHOGENS,2026,Web of Science Core Collection,TI04
FS-014020,Intergenerational Conditioning via Intermittent Parental Hypoxia Confers Stroke Resilience in Offspring,STROKE,2026,Web of Science Core Collection,TI04
FS-014021,Comparative transcriptomic profiling of human conjunctival epithelial cells and macrophages in response to <i>Chlamydia trachomatis</i> genovars A and B in early- and mid-infection cycles,FRONTIERS IN CELLULAR AND INFECTION MICROBIOLOGY,2026,Web of Science Core Collection,TI04
FS-014023,"Safety and efficacy of PEG-rhG-CSF as primary prophylaxis for neutropenia in gastrointestinal cancer patients receiving combination chemotherapy including oral agents: a prospective, exploratory, non-randomized controlled study",FRONTIERS IN ONCOLOGY,2026,Web of Science Core Collection,TI04
FS-014024,"Mechanistic Interpretation of Zheng's San Qi San Powder in Treating Skeletal Muscle Injury via Bioinformatics Prediction, Chemical Analysis and Experimental Verification",PROGRESS IN BIOCHEMISTRY AND BIOPHYSICS,2026,Web of Science Core Collection,TI04
FS-014026,"Efficacy and Safety of Pelubiprofen for Primary Dysmenorrhea: A Multicenter, Randomized, Double-Blind, Placebo-Controlled, Two-Period Crossover Trial",JOURNAL OF CLINICAL MEDICINE,2026,Web of Science Core Collection,TI04
FS-014031,"Radiation induced lymphopenia during PRRT: Incidence, course, predictive factors, and association with overall survival",EUROPEAN JOURNAL OF NUCLEAR MEDICINE AND MOLECULAR IMAGING,2026,Web of Science Core Collection,TI04
FS-014032,Telomere damage-mediated senescence in alveolar epithelial type II cells but not in macrophages aggravates inflammation in acute lung injury,RESPIRATORY RESEARCH,2026,Web of Science Core Collection,TI04
FS-014033,Low-intensity pulsed ultrasound restores mitochondrial dynamics and function in lipopolysaccharide-stimulated astrocytes,UPSALA JOURNAL OF MEDICAL SCIENCES,2026,Web of Science Core Collection,TI04
FS-014034,How to Prevent Surgical Site Infection of Laparotomy Incisions Using Negative Pressure Wound Therapy,BRATISLAVA MEDICAL JOURNAL,2026,Web of Science Core Collection,TI04
FS-014038,Comparative Transcriptomic Analysis Reveals Divergent Host Cell Responses to Classical and Variant Pseudorabies Virus Strains,VETERINARY SCIENCES,2026,Web of Science Core Collection,TI04
FS-014039,Effects of acupuncture at ST-36 (Zusanli) on pain and associated sleep disturbance,JOURNAL OF TRADITIONAL AND COMPLEMENTARY MEDICINE,2026,Web of Science Core Collection,TI04
FS-014041,Integrated Omics Approach to Delineate the Mechanisms of Doxorubicin-Induced Cardiotoxicity,PHARMACEUTICALS,2026,Web of Science Core Collection,TI04
FS-014045,High frequency head impact exposure changes hippocampal sharp-wave ripple architecture,PLOS ONE,2026,Web of Science Core Collection,TI04
FS-014047,Neutropenia in Patients With Castration-Resistant Prostate Cancer Treated Using Cabazitaxel and Prophylactic Administration of Pegfilgrastim,ADVANCES IN UROLOGY,2026,Web of Science Core Collection,TI04
FS-014049,"Case Report: Bone Marrow Infiltration with Anemia and Thrombocytopenia, Rare Initial Symptoms of Breast Cancer",CASE REPORTS IN ONCOLOGY,2026,Web of Science Core Collection,TI04
FS-014050,An Acute Atypical Cardiovascular Adverse Reaction to Bortezomib in an Elderly Man with Multiple Myeloma - A Case Report,CURRENT DRUG THERAPY,2025,Web of Science Core Collection,TI04
FS-014051,From gut to whole body: Natural polysaccharide-based multi-axis network strategies for systemic disease adjuvant therapy,TRENDS IN FOOD SCIENCE & TECHNOLOGY,2026,Web of Science Core Collection,TI04
FS-014052,Remote ischemic preconditioning for prevention of contrast-associated acute kidney injury following percutaneous coronary intervention: a randomized controlled trial,CLINICAL KIDNEY JOURNAL,2025,Web of Science Core Collection,TI04
FS-014053,Pyruvate Dehydrogenase Complex Stimulation With Dichloroacetate May Improve Septic Cardiac Dysfunction,SHOCK,2025,Web of Science Core Collection,TI04
FS-014054,The proteomic landscape of blood monocytes in community-acquired pneumonia,EUROPEAN RESPIRATORY JOURNAL,2025,Web of Science Core Collection,TI04
FS-014057,Therapeutic potential of melatonin in musculoskeletal medicine,JOURNAL OF ORTHOPAEDICS,2026,Web of Science Core Collection,TI04
FS-014058,Unraveling the molecular landscape of ischemic stroke: a bioinformatics approach to identify key genes and therapeutic targets,INTERNATIONAL JOURNAL OF NEUROSCIENCE,2026,Web of Science Core Collection,TI04
FS-014061,Liposomal formulations of novel metal-based complexes exhibiting high antitumor activity against melanoma,INTERNATIONAL JOURNAL OF PHARMACEUTICS,2025,Web of Science Core Collection,TI04
FS-014062,Hell's Itch: A Case Series of a Debilitating Post-Sunburn Pruritic Syndrome in a Healthy Young Adult,REPORTS-CLINICAL PRACTICE AND SURGICAL CASES,2025,Web of Science Core Collection,TI04
FS-014063,Metabolic plasticity enables<i> Clostridioides</i><i> difficile</i> growth in coculture with neutrophils and other mammalian cells,ANAEROBE,2025,Web of Science Core Collection,TI04
FS-014065,Complementing business training with access to finance: Evidence from SMEs in Kenya,JOURNAL OF DEVELOPMENT ECONOMICS,2026,Web of Science Core Collection,TI04
FS-014067,"Pharmacokinetics, Pharmacodynamics, Safety, and Tolerability of Efbemalenograstim Alfa (F-627), a Novel Long-Acting rhG-CSF, in Healthy Chinese Participants: An Open-Label, Single-Center Phase I Study",CLINICAL DRUG INVESTIGATION,2025,Web of Science Core Collection,TI04
FS-014069,Antitumor effects of Dadas Cress (<i>Lepidium sativum</i> var. <i>sativum</i>) on Ehrlich Ascites tumor cells: an in vitro and in vivo study,JOURNAL OF MOLECULAR HISTOLOGY,2025,Web of Science Core Collection,TI04
FS-014070,Ontogenetic stage and type of donor cells shape extracellular vesicles' therapeutic potential for osteoarthritis,STEM CELL RESEARCH & THERAPY,2025,Web of Science Core Collection,TI04
FS-014072,A novel mitochondrial regulon for ferroptosis during fungal pathogenesis,AUTOPHAGY,2025,Web of Science Core Collection,TI04
FS-014075,Exploring molecular and modular insights into space ionizing radiation effects through heterogeneous gene regulatory networks,NPJ MICROGRAVITY,2025,Web of Science Core Collection,TI04
FS-014079,Laparoscopic retroperitoneal necrosectomy in patients with necrotizing pancreatitis: addressing the limitations of traditional treatment options,BMC GASTROENTEROLOGY,2025,Web of Science Core Collection,TI04
FS-014080,Fresh and cryopreserved stem cell transplantation in myeloma patients: Does it make a difference on transplant outcomes?,TRANSFUSION AND APHERESIS SCIENCE,2025,Web of Science Core Collection,TI04
FS-014084,Stevens Johnson Syndrome/Toxic Epidermal Necrolysis - Diagnostic Testing and Treatment for Ophthalmologists,KLINISCHE MONATSBLATTER FUR AUGENHEILKUNDE,2025,Web of Science Core Collection,TI04
FS-014086,Ultrastructural and transcriptional changes during a giant virus infection of a green alga,NPJ VIRUSES,2025,Web of Science Core Collection,TI04
FS-014087,"Comparative tissue distribution analysis of<i> Achyranthes</i><i> bidentata</i><i> Blume</i> saponins via intragastric, intraperitoneal, and intravenous administration using simultaneous UPLC-MS/MS detection; Comparative tissue distribution analysis of Achyranthes bidentata Blume saponins via intragastric, intraperitoneal, and intravenous administration using simultaneous UPLC-MS/MS detection",CHINESE JOURNAL OF ANALYTICAL CHEMISTRY; CHINESE JOURNAL OF ANALYTICAL CHEMISTRY,2025,Web of Science Core Collection,TI04
FS-014100,Biopsy Proteome Score Performs Well as an Effect Measure in a Gluten Challenge Trial of Celiac Disease,CLINICAL GASTROENTEROLOGY AND HEPATOLOGY,2025,Web of Science Core Collection,TI04
FS-014101,Safety and Efficacy of Copanlisib in Combination with Nivolumab: A Phase Ib Study in Patients with Advanced Solid Tumors,CANCER RESEARCH COMMUNICATIONS,2025,Web of Science Core Collection,TI04
FS-014103,Effectiveness and Tolerability of Dual Antiviral Therapy in Immunosuppressed Patients with Protracted SARS-CoV-2 Infection; Effectiveness and Tolerability of Dual Antiviral Therapy in Immunosuppressed Patients with Protracted SARS-CoV-2 Infection,INFECTIOUS DISEASE REPORTS; INFECTIOUS DISEASE REPORTS,2025,Web of Science Core Collection,TI04
FS-014109,Impact of Prophylactic Use of PEG-rhG-CSF on First-Line Immunochemotherapy in Advanced NSCLC: A Cohort Study,JTO CLINICAL AND RESEARCH REPORTS,2025,Web of Science Core Collection,TI04
FS-014111,Effect of focused shock wave therapy on functional efficiency and stabilometric parameters in patients with chronic low back pain: a randomised clinical trial,MEDICAL STUDIES-STUDIA MEDYCZNE,2025,Web of Science Core Collection,TI04
FS-014115,Exploratory testing of functional blood oxygenation level dependent-MRI to image the renoprotective effect of Remote Ischaemic PreConditioning during partial nephrectomy,SCIENTIFIC REPORTS,2024,Web of Science Core Collection,TI04
FS-014118,Anaphylaxis from filgrastim prophylaxis within the same day of chemotherapy: A case report,CURRENT PROBLEMS IN CANCER: CASE REPORTS,2024,Web of Science Core Collection,TI04
FS-014119,Composite dietary antioxidant index in relation to urge urinary incontinence in US men,FRONTIERS IN NUTRITION,2024,Web of Science Core Collection,TI04
FS-014122,Succinate Regulates Endothelial Mitochondrial Function and Barrier Integrity,ANTIOXIDANTS,2024,Web of Science Core Collection,TI04
FS-014123,Cell-Cycle-Related and Expression Elevated Protein in Tumor Upregulates the Antioxidant Genes via Activation of NF-κB/Nrf2 in Acute Liver Injury,TOXICS,2024,Web of Science Core Collection,TI04
FS-014125,A mechanistic study on the interaction effects between legacy and pollutants of emerging concern: A case study with B[a]P and diclofenac,ENVIRONMENTAL POLLUTION,2024,Web of Science Core Collection,TI04
FS-014131,Identification of human circulating factors following remote ischemic conditioning (RIC): Potential impact on stroke,FREE RADICAL BIOLOGY AND MEDICINE,2024,Web of Science Core Collection,TI04
FS-014134,PRRSV utilizes MALT1-regulated autophagy flux to switch virus spread and reserve,AUTOPHAGY,2024,Web of Science Core Collection,TI04
FS-014135,Management of HER2-positive and microsatellite instability-high advanced gastric cancer: a case report,INTERNATIONAL CANCER CONFERENCE JOURNAL,2024,Web of Science Core Collection,TI04
FS-014136,Antiviral Efficacy of <i>Coridothymus capitatus</i> Essential Oil Against HSV-1 and HSV-2,LIFE-BASEL,2024,Web of Science Core Collection,TI04
FS-014137,Remote ischaemic preconditioning on gene expression and circulating proteins after subacute laparoscopic cholecystectomy: randomized clinical trial,BJS OPEN,2024,Web of Science Core Collection,TI04
FS-014138,Pegylated recombinant human granulocyte colony-stimulating factor for primary prophylaxis of neutropenia in patients with cervical cancer receiving concurrent chemoradiotherapy: a prospective study,BMC CANCER,2024,Web of Science Core Collection,TI04
FS-014143,Natural-Target-Mimicking Translocation-Based Fluorescent Sensor for Detection of SARS-CoV-2 PLpro Protease Activity and Virus Infection in Living Cells,INTERNATIONAL JOURNAL OF MOLECULAR SCIENCES,2024,Web of Science Core Collection,TI04
FS-014145,Sleep fragmentation after traumatic brain injury impairs behavior and conveys long-lasting impacts on neuroinflammation,BRAIN BEHAVIOR & IMMUNITY-HEALTH,2024,Web of Science Core Collection,TI04
FS-014146,Potential Effects of Ischemic Postconditioning and Changes in Heat Shock Protein 72 in Patients with Acute Myocardial Infarction without Prodromal Angina,INTERNATIONAL HEART JOURNAL,2024,Web of Science Core Collection,TI04
FS-014147,New Leukocyte Growth Factor Treats Febrile Neutropenia,AMERICAN JOURNAL OF NURSING,2024,Web of Science Core Collection,TI04
FS-014148,<i>Zeaxanthin epoxidase 3</i> Knockout Mutants of the Model Diatom <i>Phaeodactylum tricornutum</i> Enable Commercial Production of the Bioactive Carotenoid Diatoxanthin,MARINE DRUGS,2024,Web of Science Core Collection,TI04
FS-014149,Radiolabeled Somatostatin Receptor Antagonist Versus Agonist for Peptide Receptor Radionuclide Therapy in Patients with Therapy-Resistant Meningioma: PROMENADE Phase 0 Study,JOURNAL OF NUCLEAR MEDICINE,2024,Web of Science Core Collection,TI04
FS-014155,Successful switch to cisplatin-based chemotherapy in a patient with lung cancer who developed a carboplatin-induced hypersensitivity reaction,JOURNAL OF ONCOLOGY PHARMACY PRACTICE,2024,Web of Science Core Collection,TI04
FS-014159,FNDC5/Irisin protects neurons through Caspase3 and Bax pathways,CELL BIOCHEMISTRY AND FUNCTION,2024,Web of Science Core Collection,TI04
FS-014163,Evaluation of the basophil activation in immediate type gologi r be i d 1 hypersensitivity reactions to chemotherapeutic agents,ALERGOLOGIA POLSKA-POLISH JOURNAL OF ALLERGOLOGY,2024,Web of Science Core Collection,TI04
FS-014164,Feasibility and Safety of Adopting a New Approach in Delivering a 450 nm Blue Laser with a Flattop Beam Profile in Vital Tooth Whitening. A Clinical Case Series with an 8-Month Follow-Up,JOURNAL OF CLINICAL MEDICINE,2024,Web of Science Core Collection,TI04
FS-014168,Liver transplantation in ornithine transcarbamylase deficiency: A retrospective multicentre cohort study,MOLECULAR GENETICS AND METABOLISM REPORTS,2023,Web of Science Core Collection,TI04
FS-014169,Impact of Covid-19 Vaccination on Spontaneous Pharmacovigilance Reporting in France,DRUG SAFETY,2023,Web of Science Core Collection,TI04
FS-014171,The Response of <i>Paracoccidioides lutzii</i> to the Interaction with Human Neutrophils,JOURNAL OF FUNGI,2023,Web of Science Core Collection,TI04
FS-014173,Physical compatibility of lipid emulsions and intravenous medications used in neonatal intensive care settings,EUROPEAN JOURNAL OF HOSPITAL PHARMACY,2025,Web of Science Core Collection,TI04
FS-014174,Construction of meloxicam and bupivacaine co-delivery nanosystem based on the pathophysiological environment of surgical injuries for enhanced postoperative analgesia,NANO RESEARCH,2023,Web of Science Core Collection,TI04
FS-014178,"Stereotactic ablative radiotherapy with or without immunotherapy for early-stage or isolated lung parenchymal recurrent node-negative non-small-cell lung cancer: an open-label, randomised, phase 2 trial",LANCET,2023,Web of Science Core Collection,TI04
FS-014179,Prolonged existence of SARS-CoV-2 RNAs in the extracellular vesicles of respiratory specimens from patients with negative reverse transcription-polymerase chain reaction,LIVER RESEARCH,2023,Web of Science Core Collection,TI04
FS-014182,Phase 1/2 Study of the Timing and Efficacy of 3mg Peg-GCSF in Neo/Adjuvant Dose Dense Breast Cancer Treatment Protocols,SOUTH ASIAN JOURNAL OF CANCER,2023,Web of Science Core Collection,TI04
FS-014183,Reduced bronchoalveolar macrophage phagocytosis and cytotoxic effects after controlled short-term exposure to wood smoke in healthy humans,PARTICLE AND FIBRE TOXICOLOGY,2023,Web of Science Core Collection,TI04
FS-014184,Efficacy of isatuximab in combination with steroids for the treatment of relapsed/refractory multiple myeloma patients exhibiting only biochemical progression-A single center retrospective study,EUROPEAN JOURNAL OF HAEMATOLOGY,2023,Web of Science Core Collection,TI04
FS-014185,Extracorporeal photopheresis induces NETosis in neutrophils derived from patients with chronic graft-vs-host disease,JOURNAL OF CLINICAL APHERESIS,2023,Web of Science Core Collection,TI04
FS-014191,Deficient Radiation Transcription Response in COVID-19 Patients,ADVANCES IN RADIATION ONCOLOGY,2023,Web of Science Core Collection,TI04
FS-014192,Noninvasive mechanical destruction of liver tissue and tissue decellularisation by pressure-modulated shockwave histotripsy,FRONTIERS IN IMMUNOLOGY,2023,Web of Science Core Collection,TI04
FS-014194,<i>BCL11B</i> Is Involved in Stress-Induced Differentiation of Keratinocytes and Has A Potential Role in Psoriasis Pathogenesis,CELL JOURNAL,2023,Web of Science Core Collection,TI04
FS-014196,Toxic aldehyde-scavenging polypeptides mitigate secondary injury after spinal cord injury,SCIENCE CHINA-MATERIALS,2023,Web of Science Core Collection,TI04
FS-014202,"Dostarlimab, an anti-programmed death-1 monoclonal antibody, does not cause QT prolongation in patients with solid tumours: A concentration-QT analysis",BRITISH JOURNAL OF CLINICAL PHARMACOLOGY,2023,Web of Science Core Collection,TI04
FS-014204,Effect of Remote Ischaemic Preconditioning on Perioperative Endothelial Dysfunction in Non-Cardiac Surgery: A Randomised Clinical Trial,CELLS,2023,Web of Science Core Collection,TI04
FS-014206,Remote ischemic conditioning-induced hyperacute and acute responses of plasma proteome in healthy young male adults: a quantitative proteomic analysis,CHINESE MEDICAL JOURNAL,2023,Web of Science Core Collection,TI04
FS-014208,"Repurposing fluoxetine to treat lymphocytic leukemia: Apoptosis induction, sigma-1 receptor upregulation, inhibition of IL-2 cytokine production, and autophagy induction",EXPERT OPINION ON THERAPEUTIC TARGETS,2022,Web of Science Core Collection,TI04
FS-014211,The role of peritoneal lavage in benign gynecologic laparoscopic surgery,EUROPEAN REVIEW FOR MEDICAL AND PHARMACOLOGICAL SCIENCES,2023,Web of Science Core Collection,TI04
FS-014214,A case of pseudoprogression in avelumab maintenance therapy for metastatic bladder cancer,IJU CASE REPORTS,2023,Web of Science Core Collection,TI04
FS-014215,Optimal treatment occasion for ultrasound stimulated microbubbles in promoting gemcitabine delivery to VX2 tumors,DRUG DELIVERY,2022,Web of Science Core Collection,TI04
FS-014216,Ultra-lung-protective ventilation and biotrauma in severe ARDS patients on veno-venous extracorporeal membrane oxygenation: a randomized controlled study,CRITICAL CARE,2022,Web of Science Core Collection,TI04
FS-014220,An unusual cause of pneumomediastinum and acute respiratory distress syndrome,EGYPTIAN JOURNAL OF BRONCHOLOGY,2022,Web of Science Core Collection,TI04
FS-014223,COVID-19-Infections and Immunization of Inmates in Penitentiary Institutions in Poland in 2021,INTERNATIONAL JOURNAL OF ENVIRONMENTAL RESEARCH AND PUBLIC HEALTH,2022,Web of Science Core Collection,TI04
FS-014224,Lettuce Contamination and Survival of <i>Salmonella</i> Typhimurium and <i>Listeria monocytogenes</i> in Hydroponic Nutrient Film Technique Systems,FOODS,2022,Web of Science Core Collection,TI04
FS-014226,"The effect of <i>Dioscorea esculenta</i> powder on prostaglandin E<sub>2</sub> and cytochrome c oxidase subunit 2 levels, menstrual pain, and premenstrual syndrome in young women: A randomized double-blind controlled trial",NUTRITION AND HEALTH,2024,Web of Science Core Collection,TI04
FS-014227,Individual radiosensitivity reflected by γ-H2AX and 53BP1 foci predicts outcome in PSMA-targeted radioligand therapy,EUROPEAN JOURNAL OF NUCLEAR MEDICINE AND MOLECULAR IMAGING,2023,Web of Science Core Collection,TI04
FS-014231,Brain targeted intra nasal acyclovir lipid nanoparticles; <i>in-vitro</i> characterization and<i> in-vivo</i> biodistribution studies,PAKISTAN JOURNAL OF PHARMACEUTICAL SCIENCES,2022,Web of Science Core Collection,TI04
FS-014234,Luteolin restricts ASFV replication by regulating the NF-κB/STAT3/ATF6 signaling pathway,VETERINARY MICROBIOLOGY,2022,Web of Science Core Collection,TI04
FS-014236,First Report of Symmetrical Drug-related Intertriginous and Flexural Exanthema (SDRIFE or Baboon Syndrome) After Erenumab Application for Migraine Prevention,PAIN AND THERAPY,2022,Web of Science Core Collection,TI04
FS-014238,Protective activity of purpurin against d-galactosamine and lipopolysaccharide-induced hepatorenal injury by upregulation of heme oxygenase-1 in the RBC degradation cycle,JOURNAL OF BIOCHEMICAL AND MOLECULAR TOXICOLOGY,2022,Web of Science Core Collection,TI04
FS-014239,Zinc Phthalocyanine Tetrasulfonate-Loaded Ag@mSiO<sub>2</sub> Nanoparticles for Active Targeted Photodynamic Therapy of Colorectal Cancer,FRONTIERS IN NANOTECHNOLOGY,2022,Web of Science Core Collection,TI04
FS-014240,Determination of effectiveness of photobiomodulation in the treatment of oral submucous fibrosis,JOURNAL OF PHARMACY AND BIOALLIED SCIENCES,2022,Web of Science Core Collection,TI04
FS-014242,Recruitment of the CoREST transcription repressor complexes by Nerve Growth factor IB-like receptor (Nurr1/NR4A2) mediates silencing of HIV in microglial cells,PLOS PATHOGENS,2022,Web of Science Core Collection,TI04
FS-014245,THE ASSESSMENT OF BLOOD CORTISOL AND CREATINE KINASE CONCENTRATION IN PERSONALIZING THE FOOTBALL PLAYERS TRAINING,ACTA KINESIOLOGICA,2022,Web of Science Core Collection,TI05
FS-014246,Regulation of extracellular matrix composition by fibroblasts during perinatal cardiac maturation,JOURNAL OF MOLECULAR AND CELLULAR CARDIOLOGY,2022,Web of Science Core Collection,TI04
FS-014248,Identification of metabolomics-based prognostic prediction models for ICU septic patients,INTERNATIONAL IMMUNOPHARMACOLOGY,2022,Web of Science Core Collection,TI04
FS-014250,"Chronic Supplementation of 2S-Hesperidin Improves Acid-Base Status and Decreases Lactate at FatMax, at Ventilatory Threshold 1 and 2 and after an Incremental Test in Amateur Cyclists",BIOLOGY-BASEL,2022,Web of Science Core Collection,TI05
FS-014251,"Dose-Escalating (50-500 mg) Gluten Administration Leads to Detectable Gluten-Immunogenic-Peptides in Urine of Patients with Coeliac Disease Which Is Unrelated to Symptoms, a Placebo Controlled Trial",NUTRIENTS,2022,Web of Science Core Collection,TI04
FS-014253,A prospective cohort study to evaluate the incidence of febrile neutropenia in patients receiving pegfilgrastim on-body injector versus other options for prophylaxis of febrile neutropenia: breast cancer subgroup analysis,SUPPORTIVE CARE IN CANCER,2022,Web of Science Core Collection,TI04
FS-014255,Evaluation of a novel medical device for pegfilgrastim administration,CANCER SCIENCE,2022,Web of Science Core Collection,TI04
FS-014257,"Development of a translational inflammation panel for the quantification of cerebrospinal fluid Pterin, Tryptophan-Kynurenine and Nitric oxide pathway metabolites",EBIOMEDICINE,2022,Web of Science Core Collection,TI04
FS-014258,<i>In vitro</i> Evaluation of Antiviral Efficacy of a Standardized Hydroalcoholic Extract of Poplar Type Propolis Against SARS-CoV-2,FRONTIERS IN MICROBIOLOGY,2022,Web of Science Core Collection,TI04
FS-014259,Extracorporeal circulation impairs microcirculation perfusion and organ function,JOURNAL OF APPLIED PHYSIOLOGY,2022,Web of Science Core Collection,TI04
FS-014260,"Emvododstat, a Potent Dihydroorotate Dehydrogenase Inhibitor, Is Effective in Preclinical Models of Acute Myeloid Leukemia",FRONTIERS IN ONCOLOGY,2022,Web of Science Core Collection,TI04
FS-014264,Hyperbaric Oxygen Therapy Combined with Immunosuppression for Acute Macular Neuroretinopathy in Systemic Lupus Erythematosus,OCULAR IMMUNOLOGY AND INFLAMMATION,2023,Web of Science Core Collection,TI04
FS-014265,Managing Food Allergy When the Patient Is Not Highly Allergic,JOURNAL OF ALLERGY AND CLINICAL IMMUNOLOGY-IN PRACTICE,2022,Web of Science Core Collection,TI04
FS-014268,Association Between Empirical Anti-Pseudomonal Antibiotics for Recurrent Lower Respiratory Tract Infections and Mortality: A Retrospective Cohort Study,INTERNATIONAL JOURNAL OF CHRONIC OBSTRUCTIVE PULMONARY DISEASE,2022,Web of Science Core Collection,TI04
FS-014271,Dissecting the <i>Mycobacterium bovis</i> BCG Response to Macrophage Infection to Help Prioritize Targets for Anti-Tuberculosis Drug and Vaccine Discovery,VACCINES,2022,Web of Science Core Collection,TI04
FS-014272,Minocycline-Loaded Poly(α-Lipoic Acid)-Methylprednisolone Prodrug Nanoparticles for the Combined Anti-Inflammatory Treatment of Spinal Cord Injury,INTERNATIONAL JOURNAL OF NANOMEDICINE,2022,Web of Science Core Collection,TI04
FS-014273,Rhinovirus C replication is associated with the endoplasmic reticulum and triggers cytopathic effects in an <i>in vitro</i> model of human airway epithelium,PLOS PATHOGENS,2022,Web of Science Core Collection,TI04
FS-014275,Transcriptomic profiling and pathway analysis of cultured human lung microvascular endothelial cells following ionizing radiation exposure,SCIENTIFIC REPORTS,2021,Web of Science Core Collection,TI04
FS-014277,"The Role of RIPC in Preventing Organ Damage, Inflammation, and Oxidative Stress during Lower Limb DSA: A Randomised Controlled Trial",OXIDATIVE MEDICINE AND CELLULAR LONGEVITY,2021,Web of Science Core Collection,TI04
FS-014278,Novel role of zonulin in the pathophysiology of gastro-duodenal transit: a clinical and translational study,SCIENTIFIC REPORTS,2021,Web of Science Core Collection,TI04
FS-014280,Cellular Proteo-Transcriptomic Changes in the Immediate Early-Phase of Lentiviral Transduction,MICROORGANISMS,2021,Web of Science Core Collection,TI04
FS-014282,US Construction Industry Managerial Strategies for Economic Recession and Recovery: A Delphi Study,JOURNAL OF CONSTRUCTION ENGINEERING AND MANAGEMENT,2021,Web of Science Core Collection,TI04
FS-014283,Microsporidia infection upregulates host energy metabolism but maintains ATP homeostasis,JOURNAL OF INVERTEBRATE PATHOLOGY,2021,Web of Science Core Collection,TI04
FS-014288,Effects of kefir consumption on carbohydrate profile of mother's milk,FUNCTIONAL FOODS IN HEALTH AND DISEASE,2021,Web of Science Core Collection,TI04
FS-014290,Possible protective effect of pantoprazole against cisplatin-induced nephrotoxicity in head and neck cancer patients: a randomized controlled trial,MEDICAL ONCOLOGY,2021,Web of Science Core Collection,TI04
FS-014291,"A Phase I Study of APX005M and Cabiralizumab with or without Nivolumab in Patients with Melanoma, Kidney Cancer, or Non-Small Cell Lung Cancer Resistant to Anti-PD-1/PD-L1",CLINICAL CANCER RESEARCH,2021,Web of Science Core Collection,TI04
FS-014294,Effect of intrauterine granulocyte-colony stimulating factor administration on in vitro fertilization outcome in women with moderate-to-severe endometriosis: An RCT,INTERNATIONAL JOURNAL OF REPRODUCTIVE BIOMEDICINE,2021,Web of Science Core Collection,TI04
FS-014298,A Boxed Warning for Montelukast: The FDA Perspective,JOURNAL OF ALLERGY AND CLINICAL IMMUNOLOGY-IN PRACTICE,2021,Web of Science Core Collection,TI04
FS-014299,Dynamic persistence of UPEC intracellular bacterial communities in a human bladder-chip model of urinary tract infection; Dynamic persistence of intracellular bacterial communities of uropathogenic Escherichia coli in a human bladder-chip model of urinary tract infections,ELIFE; ELIFE,2021,Web of Science Core Collection,TI04
FS-014301,Clinical efficacy and safety of mecapegfilgrastim in small cell lung cancer as primary prophylaxis of neutropenia post chemotherapy: a retrospective analysis,ANNALS OF PALLIATIVE MEDICINE,2021,Web of Science Core Collection,TI04
FS-014303,A phase I study of combined trabectedin and pegylated liposomal doxorubicin therapy for advanced relapsed ovarian cancer,INTERNATIONAL JOURNAL OF CLINICAL ONCOLOGY,2021,Web of Science Core Collection,TI04
FS-014304,Refined premature chromosome condensation (G<sub>0</sub>-PCC) with cryo-preserved mitotic cells for rapid radiation biodosimetry,SCIENTIFIC REPORTS,2021,Web of Science Core Collection,TI04
FS-014307,Phase I Study of Zotiraciclib in Combination with Temozolomide for Patients with Recurrent High-grade Astrocytomas,CLINICAL CANCER RESEARCH,2021,Web of Science Core Collection,TI04
FS-014308,Acute effects of inhaled iloprost on intracardiac conduction in patients with pulmonary arterial hypertension,HERZ,2022,Web of Science Core Collection,TI04
FS-014310,Serological and Molecular Evidence of Patients Infected with <i>Anaplasma phagocytophilum</i> in Mexico,DISEASES,2021,Web of Science Core Collection,TI04
FS-014311,Transcriptional and epi-transcriptional dynamics of SARS-CoV-2 during cellular infection; Transcriptional and epi-transcriptional dynamics of SARS-CoV-2 during cellular infection,CELL REPORTS; CELL REPORTS,2021,Web of Science Core Collection,TI04
FS-014314,Renal effect of severe hypoxia evaluated By NGAL measurements: An in vivo and in vitro study,UROLOGIA JOURNAL,2022,Web of Science Core Collection,TI04
FS-014315,Discovery of Novel CCR5 Ligands as Anticolorectal Cancer Agents by Sequential Virtual Screening,ACS OMEGA,2021,Web of Science Core Collection,TI04
FS-014319,Assessment of γ-H2AX and 53BP1 Foci in Peripheral Blood Lymphocytes to Predict Subclinical Hematotoxicity and Response in Somatostatin Receptor-Targeted Radionuclide Therapy for Advanced Gastroenteropancreatic Neuroendocrine Tumors,CANCERS,2021,Web of Science Core Collection,TI04
FS-014321,Predictive factors of poor blood collecting flow during leukocyte apheresis for cellular therapy,THERAPEUTIC APHERESIS AND DIALYSIS,2021,Web of Science Core Collection,TI04
FS-014324,Attritional evaluation of lipophilic and hydrophilic metallated phthalocyanines for oncological photodynamic therapy,JOURNAL OF PHOTOCHEMISTRY AND PHOTOBIOLOGY B-BIOLOGY,2021,Web of Science Core Collection,TI04
FS-014326,Pretreatment with melatonin improves ovarian tissue cryopreservation for transplantation,REPRODUCTIVE BIOLOGY AND ENDOCRINOLOGY,2021,Web of Science Core Collection,TI04
FS-014327,Mast cell proliferation in the cerebrospinal fluid after intraventricular administration of anti-B7H3 immunotherapy,CANCER IMMUNOLOGY IMMUNOTHERAPY,2021,Web of Science Core Collection,TI04
FS-014328,Regulatory effect and mechanism of APN gene on porcine epidemic diarrhea virus resistance,GENE,2021,Web of Science Core Collection,TI04
FS-014332,DNA methylation inhibition in myeloma: Experience from a phase 1b study of low-dose continuous azacitidine in combination with lenalidomide and low-dose dexamethasone in relapsed or refractory multiple myeloma,SEMINARS IN HEMATOLOGY,2021,Web of Science Core Collection,TI04
FS-014335,Dorsal root ganglia: fibromyalgia pain factory?,CLINICAL RHEUMATOLOGY,2021,Web of Science Core Collection,TI04
FS-014336,Limb Remote Ischemic Preconditioning Applied During Sevoflurane Anesthesia Does Not Protect the Lungs in Patients Undergoing Adult Heart Valve Surgery,HEART SURGERY FORUM,2021,Web of Science Core Collection,TI04
FS-014338,Integrated analysis of human influenza A (H1N1) virus infection-related genes to construct a suitable diagnostic model,BIOCELL,2021,Web of Science Core Collection,TI04
FS-014339,A new microtubule-stabilizing agent shows potent antiviral effects against African swine fever virus with no cytotoxicity,EMERGING MICROBES & INFECTIONS,2021,Web of Science Core Collection,TI04
FS-014341,Effects of remote ischemic preconditioning on platelet activation and reactivity in patients undergoing cardiac surgery using cardiopulmonary bypass: a randomized controlled trial,PLATELETS,2022,Web of Science Core Collection,TI04
FS-014342,Neutropenia resulting from high-dose intravenous immunoglobulin in dermatological patients,JOURNAL DER DEUTSCHEN DERMATOLOGISCHEN GESELLSCHAFT,2020,Web of Science Core Collection,TI04
FS-014344,CDK5RAP3 Deficiency Restrains Liver Regeneration after Partial Hepatectomy Triggering Endoplasmic Reticulum Stress,AMERICAN JOURNAL OF PATHOLOGY,2020,Web of Science Core Collection,TI04
FS-014349,Pharmacokinetics-based analysis of indomethacin's anti-tumor effect and drug efficacy,PAKISTAN JOURNAL OF PHARMACEUTICAL SCIENCES,2020,Web of Science Core Collection,TI04
FS-014352,Human umbilical cord-derived mesenchymal stem cell therapy in patients with COVID-19: a phase 1 clinical trial,SIGNAL TRANSDUCTION AND TARGETED THERAPY,2020,Web of Science Core Collection,TI04
FS-014353,"The spleen mediates chronic sleep restriction-mediated enhancement of LPS-induced neuroinflammation, cognitive deficits, and anxiety-like behavior",AGING-US,2020,Web of Science Core Collection,TI04
FS-014354,Simultaneous separation of naproxen and 6-O-desmethylnaproxen metabolite in saliva samples by liquid chromatography-tandem mass spectrometry: Pharmacokinetic study of naproxen alone and associated with esomeprazole,PLOS ONE,2020,Web of Science Core Collection,TI04
FS-014355,"Penetration of topical diclofenac into synovial tissue and fluid of osteoarthritic knees: a multicenter, randomized, placebo-controlled, pharmacokinetic study",THERAPEUTIC ADVANCES IN MUSCULOSKELETAL DISEASE,2020,Web of Science Core Collection,TI04
FS-014358,Mechanism of the effect of traditional Chinese medicine fumigation on blood lactic acid in exercise body,JOURNAL OF AMBIENT INTELLIGENCE AND HUMANIZED COMPUTING,2021,Web of Science Core Collection,TI05
FS-014360,Glucocorticoid-induced hyperglycemia in oncohematological patients,EGYPTIAN JOURNAL OF HAEMATOLOGY,2020,Web of Science Core Collection,TI04
FS-014362,High Estrogen Level Modifies Postoperative Hyperalgesia via GPR30 and MMP-9 in Dorsal Root Ganglia Neurons,NEUROCHEMICAL RESEARCH,2020,Web of Science Core Collection,TI04
FS-014363,TLR3 promotes hepatocyte proliferation after partial hepatectomy by stimulating uPA expression and the release of tissue-bound HGF,FASEB JOURNAL,2020,Web of Science Core Collection,TI04
FS-014364,Sildenafil Recovers Burn-Induced Cardiomyopathy,CELLS,2020,Web of Science Core Collection,TI04
FS-014367,Prolonged effect associated with inflammatory response observed after exposure to low dose of tritium β-rays,INTERNATIONAL JOURNAL OF RADIATION BIOLOGY,2020,Web of Science Core Collection,TI04
FS-014369,"Pomalidomide, dexamethasone, and daratumumab in relapsed refractory multiple myeloma after lenalidomide treatment",LEUKEMIA,2020,Web of Science Core Collection,TI04
FS-014370,Moxibustion Intervention Effect to Vertical Jump Performance,JOURNAL OF MEDICAL IMAGING AND HEALTH INFORMATICS,2020,Web of Science Core Collection,TI05
FS-014374,Effect of Montelukast on the Symptom Severity Score of Allergic Rhinitis,CUREUS JOURNAL OF MEDICAL SCIENCE,2020,Web of Science Core Collection,TI04
FS-014376,Clinical Characterization and Predictors of IOS-Defined Small-Airway Dysfunction in Asthma,JOURNAL OF ALLERGY AND CLINICAL IMMUNOLOGY-IN PRACTICE,2020,Web of Science Core Collection,TI05
FS-014381,The clinical utility of remote ischemic preconditioning in protecting against cardiac surgery-associated acute kidney injury: A pilot randomized clinical trial,ADVANCES IN CLINICAL AND EXPERIMENTAL MEDICINE,2020,Web of Science Core Collection,TI04
FS-014382,Cytotoxic and genotoxic potential of respirable fraction of composite dust on human bronchial cells,DENTAL MATERIALS,2020,Web of Science Core Collection,TI04
FS-014383,Intracellular cyclic AMP levels modulate differential adaptive responses on epimastigotes and cell culture trypomastigotes of <i>Trypanosoma cruzi</i>; Intracellular cyclic AMP levels modulate differential adaptive responses on epimastigotes and cell culture trypomastigotes of Trypanosoma cruzi,ACTA TROPICA; ACTA TROPICA,2020,Web of Science Core Collection,TI04
FS-014385,Remote Ischaemic Preconditioning Reduces Kidney Injury Biomarkers in Patients Undergoing Open Surgical Lower Limb Revascularisation: A Randomised Trial,OXIDATIVE MEDICINE AND CELLULAR LONGEVITY,2020,Web of Science Core Collection,TI04
FS-014386,Phase I study of vorinostat with gefitinib in BIM deletion polymorphism/epidermal growth factor receptor mutation double-pnositive lung cancer,CANCER SCIENCE,2020,Web of Science Core Collection,TI04
FS-014391,Acrylonitrile butadiene styrene (ABS) and polycarbonate (PC) filaments three-dimensional (3-D) printer emissions-induced cell toxicity,TOXICOLOGY LETTERS,2019,Web of Science Core Collection,TI04
FS-014396,Oxidative Stress Attenuates TLR3 Responsiveness and Impairs Anti-viral Mechanisms in Bronchial Epithelial Cells From COPD and Asthma Patients,FRONTIERS IN IMMUNOLOGY,2019,Web of Science Core Collection,TI04
FS-014398,Bovine Lactoferrin Pre-Treatment Induces Intracellular Killing of AIEC LF82 and Reduces Bacteria-Induced DNA Damage in Differentiated Human Enterocytes,INTERNATIONAL JOURNAL OF MOLECULAR SCIENCES,2019,Web of Science Core Collection,TI04
FS-014400,A chromosome folding intermediate at the condensin-to-cohesin transition during telophase; A chromosome folding intermediate at the condensin-to-cohesin transition during telophase,NATURE CELL BIOLOGY; NATURE CELL BIOLOGY,2019,Web of Science Core Collection,TI04
FS-014401,Early activation of fibroblasts is required for kidney repair and regeneration after injury,FASEB JOURNAL,2019,Web of Science Core Collection,TI04
FS-014404,Olaptesed pegol (NOX-A12) with bendamustine and rituximab: a phase IIa study in patients with relapsed/refractory chronic lymphocytic leukemia,HAEMATOLOGICA,2019,Web of Science Core Collection,TI04
FS-014406,Treatment of advanced gastrointestinal cancer with genetically modified autologous mesenchymal stem cells: Results from the phase 1/2 TREAT-ME-1 trial,INTERNATIONAL JOURNAL OF CANCER,2019,Web of Science Core Collection,TI04
FS-014410,"Significant, long-lasting pain relief in primary dysmenorrhea with low-dose naproxen sodium compared with acetaminophen: a double-blind, randomized, single-dose, crossover study",CURRENT MEDICAL RESEARCH AND OPINION,2019,Web of Science Core Collection,TI04
FS-014411,"Short-term high-fat meal intake alters the expression of circadian clock-, inflammation-, and oxidative stress-related genes in human skeletal muscle",INTERNATIONAL JOURNAL OF FOOD SCIENCES AND NUTRITION,2019,Web of Science Core Collection,TI04
FS-014413,Impact of pegfilgrastim as primary prophylaxis for metastatic castration-resistant prostate cancer patients undergoing cabazitaxel treatment: an open-label study in Japan,JAPANESE JOURNAL OF CLINICAL ONCOLOGY,2019,Web of Science Core Collection,TI04
FS-014420,Cardiac arrest following protamine administration: a case series,EUROPACE,2019,Web of Science Core Collection,TI04
FS-014421,Blockade of receptor for advanced glycation end products promotes oligodendrocyte autophagy in spinal cord injury,NEUROSCIENCE LETTERS,2019,Web of Science Core Collection,TI04
FS-014424,Febrile Hypotensive Reactions Following ABVD Chemotherapy in Patients With EBV-associated Classical Hodgkin Lymphoma,CLINICAL LYMPHOMA MYELOMA & LEUKEMIA,2019,Web of Science Core Collection,TI04
FS-014428,Evaluation of the Interaction of Amino Acid Infusion on <SUP>177</SUP>Lu-Dotatate Pharmacokinetics in Patients with Gastroenteropancreatic Neuroendocrine Tumors,CLINICAL PHARMACOKINETICS,2019,Web of Science Core Collection,TI04
FS-014430,Comparison of transcriptional profiles in human lymphocyte cells irradiated with<SUP> 12</SUP>C ion beams at 0-2.0 Gy,CANCER MANAGEMENT AND RESEARCH,2019,Web of Science Core Collection,TI04
FS-014433,<i>In Vivo</i> genotoxicity of a commercial CI Disperse Red 1 dye,ENVIRONMENTAL AND MOLECULAR MUTAGENESIS,2018,Web of Science Core Collection,TI04
FS-014437,Inflammation-induced Gro1 triggers senescence in neuronal progenitors: effects of estradiol,JOURNAL OF NEUROINFLAMMATION,2018,Web of Science Core Collection,TI04
FS-014439,Characterization of human-like menstruation in the spiny mouse: comparative studies with the human and induced mouse model,HUMAN REPRODUCTION,2018,Web of Science Core Collection,TI04
FS-014440,Impact of acute exposure to cigarette smoke on airway gene expression,PHYSIOLOGICAL GENOMICS,2018,Web of Science Core Collection,TI04
FS-014448,Continuous remote ischemic conditioning attenuates cognitive and motor deficits from moderate traumatic brain injury,JOURNAL OF TRAUMA AND ACUTE CARE SURGERY,2018,Web of Science Core Collection,TI04
FS-014450,Preclinical Testing of an Oncolytic Parvovirus in Ewing Sarcoma: Protoparvovirus H-1 Induces Apoptosis and Lytic Infection In Vitro but Fails to Improve Survival In Vivo,VIRUSES-BASEL,2018,Web of Science Core Collection,TI04
FS-014451,Analysis of Gene Expression Changes in PHA-M Stimulated Lymphocytes - Unraveling PHA Activity as Prerequisite for Dicentric Chromosome Analysis,RADIATION RESEARCH,2018,Web of Science Core Collection,TI04
FS-014452,Hepatitis B Virus DNA Integration Occurs Early in the Viral Life Cycle in an <i>In Vitro</i> Infection Model via Sodium Taurocholate Cotransporting Polypeptide-Dependent Uptake of Enveloped Virus Particles,JOURNAL OF VIROLOGY,2018,Web of Science Core Collection,TI04
FS-014453,Sub-cytotoxic concentrations of ionic silver promote the proliferation of human keratinocytes by inducing the production of reactive oxygen species,FRONTIERS OF MEDICINE,2018,Web of Science Core Collection,TI04
FS-014454,Locked nucleic acid -anti- let-7a induces apoptosis and necrosis in macrophages infected with <i>Leishmania major</i>,MICROBIAL PATHOGENESIS,2018,Web of Science Core Collection,TI04
FS-014456,Gene expression in retinal ischemic post-conditioning,GRAEFES ARCHIVE FOR CLINICAL AND EXPERIMENTAL OPHTHALMOLOGY,2018,Web of Science Core Collection,TI04
FS-014459,Comparison of disease activity between tacrolimus and mycophenolate mofetil in lupus nephritis: a randomized controlled trial,LUPUS,2018,Web of Science Core Collection,TI04
FS-014460,"Strong impact on plasma protein profiles by precentrifugation delay but not by repeated freeze-thaw cycles, as analyzed using multiplex proximity extension assays",CLINICAL CHEMISTRY AND LABORATORY MEDICINE,2018,Web of Science Core Collection,TI04
FS-014463,New Diagnosis of G6PD Deficiency Presenting as Severe Rhabdomyolysis,CUREUS JOURNAL OF MEDICAL SCIENCE,2018,Web of Science Core Collection,TI04
FS-014466,Development of Novel Photosensitizer Using the <i>Buddleja officinalis</i> Extract for Head and Neck Cancer,EVIDENCE-BASED COMPLEMENTARY AND ALTERNATIVE MEDICINE,2018,Web of Science Core Collection,TI04
FS-014471,Pembrolizumab for recurrent/metastatic head and neck squamous cell carcinoma in an Asian population,MEDICINE,2017,Web of Science Core Collection,TI04
FS-014472,Cough in exercise and athletes,PULMONARY PHARMACOLOGY & THERAPEUTICS,2017,Web of Science Core Collection,TI05
FS-014484,Hepatitis E Virus (HEV) egress: Role of BST2 (Tetherin) and interferon induced long non coding RNA (IncRNA) BISPR,PLOS ONE,2017,Web of Science Core Collection,TI04
FS-014486,Degradable bioadhesive nanoparticles for prolonged intravaginal delivery and retention of elvitegravir,BIOMATERIALS,2017,Web of Science Core Collection,TI04
FS-014487,A comparative phase III clinical study to evaluate efficacy and safety of TrastuRel™ (biosimilar trastuzumab) and innovator trastuzumab in patients with metastatic human epidermal growth factor receptor 2 (HER2)-overexpressing breast cancer,INDIAN JOURNAL OF CANCER,2017,Web of Science Core Collection,TI04
FS-014488,Effect of 8 weeks Rhythmic aerobic exercise on serum Resistin and Body Mass Index of overweight and obese women,WORLD FAMILY MEDICINE,2017,Web of Science Core Collection,TI05
FS-014490,Distinct Spatiotemporal Dynamics of Peptidoglycan Synthesis between <i>Mycobacterium</i> <i>smegmatis</i> and <i>Mycobacterium tuberculosis</i>,MBIO,2017,Web of Science Core Collection,TI04
FS-014492,"Effects of differential-phase remote ischemic preconditioning intervention in laparoscopic partial nephrectomy: A single blinded, randomized controlled trial in a parallel group design",JOURNAL OF CLINICAL ANESTHESIA,2017,Web of Science Core Collection,TI04
FS-014494,Is the 25-year hepatitis C marathon coming to an end to declare victory?; Is the 25 year hepatitis C marathon coming to an end to declare victory?,WORLD JOURNAL OF HEPATOLOGY; WORLD JOURNAL OF HEPATOLOGY,2017,Web of Science Core Collection,TI04
FS-014495,Overcoming the exacerbating effects of ranitidine on NSAID-induced small intestinal toxicity with quercetin: Providing a complete GI solution,CHEMICO-BIOLOGICAL INTERACTIONS,2017,Web of Science Core Collection,TI04
FS-014497,Chemotherapy-Induced Fatigue Correlates With Higher Fatigue Scores Before Treatment,AMERICAN JOURNAL OF HOSPICE & PALLIATIVE MEDICINE,2017,Web of Science Core Collection,TI04
FS-014499,Location and functional analysis of the <i>Aspergillus nidulans</i> Aurora kinase confirm mitotic functions and suggest non-mitotic roles,FUNGAL GENETICS AND BIOLOGY,2017,Web of Science Core Collection,TI04
FS-014500,Bovis Bacillus Calmette-Guerin (BCG) infection induces exosomal miRNA release by human macrophages,JOURNAL OF TRANSLATIONAL MEDICINE,2017,Web of Science Core Collection,TI04
FS-014502,Airway Hyperresponsiveness in Asthma: Measurement and Clinical Relevance,JOURNAL OF ALLERGY AND CLINICAL IMMUNOLOGY-IN PRACTICE,2017,Web of Science Core Collection,TI04
FS-014503,Pomegranate polyphenolics reduce inflammation and ulceration in intestinal colitis-involvement of the miR-145/p70S6K1/HIF1α axis <i>in vivo</i> and <i>in vitro</i>,JOURNAL OF NUTRITIONAL BIOCHEMISTRY,2017,Web of Science Core Collection,TI04
FS-014504,Novel antiviral activity and mechanism of bromocriptine as a Zika virus NS2B-NS3 protease inhibitor,ANTIVIRAL RESEARCH,2017,Web of Science Core Collection,TI04
FS-014505,Adverse drug reactions and kinetics of cisplatin excretion in urine of patients undergoing cisplatin chemotherapy and radiotherapy for head and neck cancer: a prospective study,DARU-JOURNAL OF PHARMACEUTICAL SCIENCES,2017,Web of Science Core Collection,TI04
FS-014506,<i>Listeria</i> <i>monocytogenes</i> infection associated with alemtuzumab - - a case for better preventive strategies,BMC NEUROLOGY,2017,Web of Science Core Collection,TI04
FS-014508,Phase 1 study of ixazomib alone or combined with lenalidomide-dexamethasone in Japanese patients with relapsed/refractory multiple myeloma,INTERNATIONAL JOURNAL OF HEMATOLOGY,2017,Web of Science Core Collection,TI04
FS-014509,"A comparison of caspase 3 expression in the endocrine and exocrine parts of the pancreas after cladribine application according to the ""leukemic"" schema",CURRENT ISSUES IN PHARMACY AND MEDICAL SCIENCES,2017,Web of Science Core Collection,TI04
FS-014511,Mesenchymal stem cells alleviate Japanese encephalitis virus-induced neuroinflammation and mortality,STEM CELL RESEARCH & THERAPY,2017,Web of Science Core Collection,TI04
FS-014513,Update of Nutritional Antioxidants and Antinociceptives on Improving Exercise-Induced Muscle Soreness,PHYSICAL ACTIVITY AND THE AGING BRAIN: EFFECTS OF EXERCISE ON NEUROLOGICAL FUNCTION,2017,Web of Science Core Collection,TI05
FS-014514,Renal sympathetic denervation increases renal blood volume per cardiac cycle: a serial magnetic resonance imaging study in resistant hypertension,INTERNATIONAL JOURNAL OF NEPHROLOGY AND RENOVASCULAR DISEASE,2017,Web of Science Core Collection,TI04
FS-014516,Leukotriene Receptor Antagonists and Antiallergy Drugs,Handbook of Experimental Pharmacology,2017,Web of Science Core Collection,TI04
FS-014521,Viperid Envenomation Wound Exudate Contributes to Increased Vascular Permeability via a DAMPs/TLR-4 Mediated Pathway,TOXINS,2016,Web of Science Core Collection,TI04
FS-014523,Protective Role for TWEAK/Fn14 in Regulating Acute Intestinal Inflammation and Colitis-Associated Tumorigenesis,CANCER RESEARCH,2016,Web of Science Core Collection,TI04
FS-014524,Efficacy of a Moisturizing Foam in Skin Barrier Regeneration and Itch Relief in Subjects Prone to Atopic Dermatitis,JOURNAL OF DRUGS IN DERMATOLOGY,2016,Web of Science Core Collection,TI04
FS-014525,Atherosclerotic renal artery stenosis is associated with elevated cell cycle arrest markers related to reduced renal blood flow and postcontrast hypoxia,NEPHROLOGY DIALYSIS TRANSPLANTATION,2016,Web of Science Core Collection,TI04
FS-014527,Gold nanostars for efficient <i>in vitro</i> and <i>in vivo</i> real-time SERS detection and drug delivery <i>via</i> plasmonic-tunable Raman/FTIR imaging,BIOMATERIALS,2016,Web of Science Core Collection,TI04
FS-014528,Severe motor aphasia after reinfusion of cryopreserved autologous stem cells after myeloablative conditioning,TRANSFUSION,2016,Web of Science Core Collection,TI04
FS-014530,Is Low Non-Lethal Concentration of Methylmercury Really Safe? A Report on Genotoxicity with Delayed Cell Proliferation,PLOS ONE,2016,Web of Science Core Collection,TI04
FS-014534,Sputum RNA signature in allergic asthmatics following allergen bronchoprovocation test,EUROPEAN CLINICAL RESPIRATORY JOURNAL,2016,Web of Science Core Collection,TI04
FS-014536,Effect of different activated coatings containing enterocin AS-48 against <i>Listeria monocytogenes</i> on apple cubes,INNOVATIVE FOOD SCIENCE & EMERGING TECHNOLOGIES,2016,Web of Science Core Collection,TI04
FS-014537,Sympathetic Release of Splenic Monocytes Promotes Recurring Anxiety Following Repeated Social Defeat,BIOLOGICAL PSYCHIATRY,2016,Web of Science Core Collection,TI04
FS-014538,Sepsis results in an altered renal metabolic and osmolyte profile,JOURNAL OF SURGICAL RESEARCH,2016,Web of Science Core Collection,TI04
FS-014540,Attenuation of Postischemic Genomic Alteration by Mesenchymal Stem Cells: a Microarray Study,MOLECULES AND CELLS,2016,Web of Science Core Collection,TI04
FS-014542,Stress-induced neuroinflammatory priming is time of day dependent,PSYCHONEUROENDOCRINOLOGY,2016,Web of Science Core Collection,TI04
FS-014544,"A first-in-human phase I study of the oral Notch inhibitor, LY900009, in patients with advanced cancer",EUROPEAN JOURNAL OF CANCER,2016,Web of Science Core Collection,TI04
FS-014549,"Effects of Antiseptic Solutions Commonly Used in Dentistry on Bone Viability, Bone Morphology, and Release of Growth Factors",JOURNAL OF ORAL AND MAXILLOFACIAL SURGERY,2016,Web of Science Core Collection,TI04
FS-014552,P53 inhibitor pifithrin-α prevents the renal tubular epithelial cells against injury,AMERICAN JOURNAL OF TRANSLATIONAL RESEARCH,2016,Web of Science Core Collection,TI04
FS-014553,Bioavailability of catechins from guarana (<i>Paullinia cupana</i>) and its effect on antioxidant enzymes and other oxidative stress markers in healthy human subjects,FOOD & FUNCTION,2016,Web of Science Core Collection,TI04
FS-014554,"A Plasma-Based, Amiodarone-Impregnated Material Decreases Susceptibility to Atrial Fibrillation in a Post-Cardiac Surgery Model",INNOVATIONS-TECHNOLOGY AND TECHNIQUES IN CARDIOTHORACIC AND VASCULAR SURGERY,2016,Web of Science Core Collection,TI04
FS-014555,Inability to sustain intraphagolysosomal killing of <i>Staphylococcus aureus</i> predisposes to bacterial persistence in macrophages,CELLULAR MICROBIOLOGY,2016,Web of Science Core Collection,TI04
FS-014556,Introduction of macarpine as a novel cell-permeant DNA dye for live cell imaging and flow cytometry sorting,BIOLOGY OF THE CELL,2016,Web of Science Core Collection,TI04
FS-014557,A Phase III Study of Balugrastim Versus Pegfilgrastim in Breast Cancer Patients Receiving Chemotherapy With Doxorubicin and Docetaxel,ONCOLOGIST,2016,Web of Science Core Collection,TI04
FS-014558,Expression analysis of radiation-responsive genes in human hematopoietic stem/progenitor cells,JOURNAL OF RADIATION RESEARCH,2016,Web of Science Core Collection,TI04
FS-014559,Multiorgan protection of remote ischemic perconditioning in valve replacement surgery,JOURNAL OF SURGICAL RESEARCH,2016,Web of Science Core Collection,TI04
FS-014561,"NOSH-sulindac (AVT-18A) is a novel nitric oxide- and hydrogen sulfide-releasing hybrid that is gastrointestinal safe and has potent anti-inflammatory, analgesic, antipyretic, anti-platelet, and anti-cancer properties",REDOX BIOLOGY,2015,Web of Science Core Collection,TI04
FS-014564,Investigating the cytotoxicity of iron oxide nanoparticles in in vivo and in vitro studies,EXPERIMENTAL AND TOXICOLOGIC PATHOLOGY,2015,Web of Science Core Collection,TI04
FS-014566,Clinical asthma phenotypes in the real world: opportunities and challenges,BREATHE,2015,Web of Science Core Collection,TI04
FS-014568,Minor burn management: potions and lotions,AUSTRALIAN PRESCRIBER,2015,Web of Science Core Collection,TI04
FS-014572,"Phase III, randomized, double-blind, placebo-controlled, multicenter study of lipegfilgrastim in patients with non-small cell lung cancer receiving myelosuppressive therapy",SPRINGERPLUS,2015,Web of Science Core Collection,TI04
FS-014573,"Pharmacokinetics, Safety, and Efficacy of Intravitreal Digoxin in Preclinical Models for Retinoblastoma",INVESTIGATIVE OPHTHALMOLOGY & VISUAL SCIENCE,2015,Web of Science Core Collection,TI04
FS-014574,A high-performance liquid chromatography - tandem mass spectrometry - based targeted metabolomics kidney dysfunction marker panel in human urine,CLINICA CHIMICA ACTA,2015,Web of Science Core Collection,TI04
FS-014577,Inflammatory Signalling in Fetal Membranes: Increased Expression Levels of TLR 1 in the Presence of Preterm Histological Chorioamnionitis,PLOS ONE,2015,Web of Science Core Collection,TI04
FS-014578,Phase I study of the safety and pharmacokinetics of trabectedin with docetaxel in patients with advanced malignancies,CANCER CHEMOTHERAPY AND PHARMACOLOGY,2015,Web of Science Core Collection,TI04
FS-014579,"An open-label, randomized, multicenter dose-finding study of once-per-cycle pegfilgrastim versus daily filgrastim in Chinese breast cancer patients receiving TAC chemotherapy",MEDICAL ONCOLOGY,2015,Web of Science Core Collection,TI04
FS-014581,"Preconditioning Strategies for Kidney Ischemia Reperfusion Injury: Implications of the ""Time-Window"" in Remote Ischemic Preconditioning",PLOS ONE,2015,Web of Science Core Collection,TI04
FS-014582,A Temporal Gate for Viral Enhancers to Co-opt Toll-Like-Receptor Transcriptional Activation Pathways upon Acute Infection,PLOS PATHOGENS,2015,Web of Science Core Collection,TI04
FS-014587,Effect of optical clearing agents on optical coherence tomography images of cervical epithelium,LASERS IN MEDICAL SCIENCE,2015,Web of Science Core Collection,TI04
FS-014589,Kinetics of TH2 biomarkers in sputum of asthmatics following inhaled allergen,EUROPEAN CLINICAL RESPIRATORY JOURNAL,2015,Web of Science Core Collection,TI04
FS-014590,EPIDEMIOLOGY OF ANGIOEDEMA WITHOUT WHEALS IN AN ALLERGY AND IMMUNOLOGY CENTER,MEDICINA-BUENOS AIRES,2015,Web of Science Core Collection,TI04
FS-014594,A phase IB trial of the oral MEK inhibitor trametinib (GSK1120212) in combination with everolimus in patients with advanced solid tumors,ANNALS OF ONCOLOGY,2015,Web of Science Core Collection,TI04
FS-014596,A feasibility study of the use of saliva as an alternative to leukocytes as a source of DNA for the study of Pt-DNA adducts in cancer patients receiving platinum-based chemotherapy,ANALYTICAL AND BIOANALYTICAL CHEMISTRY,2014,Web of Science Core Collection,TI04
FS-014598,Omega-3 Polyunsaturated Fatty Acids in the Optimization of Physical Performance,MILITARY MEDICINE,2014,Web of Science Core Collection,TI05
FS-014599,"Safety, feasibility, and effect of remote ischemic conditioning in patients undergoing Lung transplantation",JOURNAL OF HEART AND LUNG TRANSPLANTATION,2014,Web of Science Core Collection,TI04
FS-014603,The Proinflammatory RAGE/NF-κB Pathway Is Involved in Neuronal Damage and Reactive Gliosis in a Model of Sleep Apnea by Intermittent Hypoxia,PLOS ONE,2014,Web of Science Core Collection,TI04
FS-014604,"Novel 3,6-bis(imidazolidine)acridines as effective photosensitizers for photodynamic therapy",BIOORGANIC & MEDICINAL CHEMISTRY,2014,Web of Science Core Collection,TI04
FS-014605,The inhibitory effect of iridoid glycoside extracted from <i>Fructus Gardeniae</i> on intracellular acidification and extracellular Ca<SUP>2+</SUP> influx induced by influenza A virus,EXPERIMENTAL BIOLOGY AND MEDICINE,2014,Web of Science Core Collection,TI04
FS-014609,Antifibrotic properties of epigallocatechin-3-gallate in endometriosis,HUMAN REPRODUCTION,2014,Web of Science Core Collection,TI04
FS-014612,TYPE III CAWLEY ANDERSSON LESION IN A CASE OF ANKYLOSING SPONDYLITIS,NITTE UNIVERSITY JOURNAL OF HEALTH SCIENCE,2014,Web of Science Core Collection,TI04
FS-014614,"Anti-leukemic response of a NSAID, tolfenamic acid",TARGETED ONCOLOGY,2014,Web of Science Core Collection,TI04
FS-014615,Cytokinesis defines a spatial landmark for hepatocyte polarization and apical lumen formation,JOURNAL OF CELL SCIENCE,2014,Web of Science Core Collection,TI04
FS-014616,Gene expression changes after ionizing radiation in endothelial cells derived from human endometrial cancer-preliminary outcomes,ARCHIVES OF GYNECOLOGY AND OBSTETRICS,2014,Web of Science Core Collection,TI04
FS-014617,A Direct Method for the Measurement of Everolimus and Sirolimus in Whole Blood by LC-MS/MS Using an Isotopic Everolimus Internal Standard,THERAPEUTIC DRUG MONITORING,2014,Web of Science Core Collection,TI04
FS-014618,Feasibility of 4 Cycles of Docetaxel and Cyclophosphamide Every 14 Days as an Adjuvant Regimen for Breast Cancer: A Wisconsin Oncology Network Study,CLINICAL BREAST CANCER,2014,Web of Science Core Collection,TI04
FS-014619,"Diisopropylamine Dichloroacetate, a Novel Pyruvate Dehydrogenase Kinase 4 Inhibitor, as a Potential Therapeutic Agent for Metabolic Disorders and Multiorgan Failure in Severe Influenza",PLOS ONE,2014,Web of Science Core Collection,TI04
FS-014621,Identification of new ovulation-related genes in humans by comparing the transcriptome of granulosa cells before and after ovulation triggering in the same controlled ovarian stimulation cycle,HUMAN REPRODUCTION,2014,Web of Science Core Collection,TI04
FS-014622,Biological effects of space radiation and development of effective countermeasures,LIFE SCIENCES IN SPACE RESEARCH,2014,Web of Science Core Collection,TI04
FS-014623,Molecular determinants of susceptibility to oncolytic vesicular stomatitis virus in pancreatic adenocarcinoma,JOURNAL OF SURGICAL RESEARCH,2014,Web of Science Core Collection,TI04
FS-014624,Best Single Time Point Correlations With AUC for Cyclosporine and Tacrolimus in HIV-Infected Kidney and Liver Transplant Recipients,TRANSPLANTATION,2014,Web of Science Core Collection,TI04
FS-014625,Expression and Potential Roles of <i>HLA-G</i> in Human Spermatogenesis and Early Embryonic Development,PLOS ONE,2014,Web of Science Core Collection,TI04
FS-014627,Porcine epidemic diarrhea virus (PEDV) co-infection induced chlamydial persistence/stress does not require viral replication,FRONTIERS IN CELLULAR AND INFECTION MICROBIOLOGY,2014,Web of Science Core Collection,TI04
FS-014628,ERK pathway is activated in bare-FeNPs-induced autophagy,ARCHIVES OF TOXICOLOGY,2014,Web of Science Core Collection,TI04
FS-014632,Fish Oil Suppresses Cell Growth and Metastatic Potential by Regulating PTEN and NF-κB Signaling in Colorectal Cancer,PLOS ONE,2014,Web of Science Core Collection,TI04
FS-014634,Marathon County Community Response: Voluntary Services for Families Screened out of Child Protective Services,CHILD WELFARE,2014,Web of Science Core Collection,TI04
FS-014635,Wheat Varieties Suitable for Celiac Patients,CELIAC DISEASE AND NON-CELIAC GLUTEN SENSITIVITY,2014,Web of Science Core Collection,TI04
FS-014637,"Inflammation in Ischemic Stroke: Mechanisms, Consequences and Possible Drug Targets",CNS & NEUROLOGICAL DISORDERS-DRUG TARGETS,2014,Web of Science Core Collection,TI04
FS-014638,Cytotoxic effect of magnetic iron oxide nanoparticles synthesized via seaweed aqueous extract,INTERNATIONAL JOURNAL OF NANOMEDICINE,2014,Web of Science Core Collection,TI04
FS-014639,Control of <i>Listeria monocytogenes</i> growth in soft cheeses by bacteriophage P100,BRAZILIAN JOURNAL OF MICROBIOLOGY,2014,Web of Science Core Collection,TI04
FS-014644,A prospective observational study to evaluate G-CSF usage in patients with solid tumors receiving myelosuppressive chemotherapy in Italian clinical oncology practice,MEDICAL ONCOLOGY,2014,Web of Science Core Collection,TI04
FS-014645,"Ras and Rac1, Frequently Mutated in Melanomas, Are Activated by Superoxide Anion, Modulate Dnmt1 Level and Are Causally Related to Melanocyte Malignant Transformation",PLOS ONE,2013,Web of Science Core Collection,TI04
FS-014655,Involvement of lipid rafts in the budding-like exit of <i>Orientia tsutsugamushi</i>,MICROBIAL PATHOGENESIS,2013,Web of Science Core Collection,TI04
FS-014658,A novel bioactivity of andrographolide from <i>Andrographis paniculata</i> on cerebral ischemia/reperfusion-induced brain injury through induction of cerebral endothelial cell apoptosis,PHARMACEUTICAL BIOLOGY,2013,Web of Science Core Collection,TI04
FS-014659,Nrf2 signalling promotes <i>ex vivo</i> tubular epithelial cell survival and regeneration via murine double minute (MDM)-2,NEPHROLOGY DIALYSIS TRANSPLANTATION,2013,Web of Science Core Collection,TI04
FS-014662,"The influence of XPD, APE1, XRCC1, and NBS1 polymorphic variants on DNA repair in cells exposed to X-rays",MUTATION RESEARCH-GENETIC TOXICOLOGY AND ENVIRONMENTAL MUTAGENESIS,2013,Web of Science Core Collection,TI04
FS-014664,The Fall and Rise of Tear Albumin Levels: A Multifactorial Phenomenon,OCULAR SURFACE,2013,Web of Science Core Collection,TI04
FS-014667,Development of a multiplex phenotypic cell-based high throughput screening assay to identify novel hepatitis C virus antivirals,ANTIVIRAL RESEARCH,2013,Web of Science Core Collection,TI04
FS-014669,Tricarboxylic Acid Cycle and One-Carbon Metabolism Pathways Are Important in <i>Edwardsiella ictaluri</i> Virulence,PLOS ONE,2013,Web of Science Core Collection,TI04
FS-014670,A global toxicogenomic analysis investigating the mechanistic differences between tobacco and marijuana smoke condensates in vitro,TOXICOLOGY,2013,Web of Science Core Collection,TI04
FS-014671,Ischemic preconditioning attenuates lipid peroxidation and apoptosis in the cecal ligation and puncture model of sepsis,EXPERIMENTAL AND THERAPEUTIC MEDICINE,2013,Web of Science Core Collection,TI04
FS-014673,Effectiveness of daily versus non-daily granulocyte colony-stimulating factors in patients with solid tumours undergoing chemotherapy: a multivariate analysis of data from current practice,EUROPEAN JOURNAL OF CANCER CARE,2013,Web of Science Core Collection,TI04
FS-014675,Human bronchial epithelial cells exposed in vitro to cigarette smoke at the air-liquid interface resemble bronchial epithelium from human smokers,AMERICAN JOURNAL OF PHYSIOLOGY-LUNG CELLULAR AND MOLECULAR PHYSIOLOGY,2013,Web of Science Core Collection,TI04
FS-014676,Hepatic retinoid stores are required for normal liver regeneration,JOURNAL OF LIPID RESEARCH,2013,Web of Science Core Collection,TI04
FS-014677,Limb Remote Ischemic Preconditioning for Intestinal and Pulmonary Protection during Elective Open Infrarenal Abdominal Aortic Aneurysm Repair <i>A Randomized Controlled Trial</i>,ANESTHESIOLOGY,2013,Web of Science Core Collection,TI04
FS-014679,Remote ischemic postconditioning enhances cell retention in the myocardium after intravenous administration of bone marrow mesenchymal stromal cells,JOURNAL OF MOLECULAR AND CELLULAR CARDIOLOGY,2013,Web of Science Core Collection,TI04
FS-014681,γ-H2AX Foci Formation as a Pharmacodynamic Marker of DNA Damage Produced by DNA Cross-Linking Agents: Results from 2 Phase I Clinical Trials of SJG-136 (SG2000),CLINICAL CANCER RESEARCH,2013,Web of Science Core Collection,TI04
FS-014683,Comparing the Genotoxic Effects Induced by Folate Deficiency to Those Induced By Ionizing Radiation in Cultured Human Lymphocytes,ARAB JOURNAL OF NUCLEAR SCIENCES AND APPLICATIONS,2013,Web of Science Core Collection,TI04
FS-014684,THE EFFECTS OF OMEGA-3 INTAKE ON DELAYED ONSET MUSCLE SORNESS IN NON-ATHLET MEN,PEDAGOGICS PSYCHOLOGY MEDICAL-BIOLOGICAL PROBLEMS OF PHYSICAL TRAINING AND SPORTS,2013,Web of Science Core Collection,TI05
FS-014685,Early increased expression of a cyclin-dependant protein kinase (<i>LtCDKA1</i>;1) during inflorescence initiation of the long day grass <i>Lolium temulentum</i>,FUNCTIONAL PLANT BIOLOGY,2013,Web of Science Core Collection,TI04
FS-014686,Amelioration of Paraquat-Induced Pulmonary Injury by Mesenchymal Stem Cells,CELL TRANSPLANTATION,2013,Web of Science Core Collection,TI04
FS-014688,Sequence Dependence of MEK Inhibitor AZD6244 Combined with Gemcitabine for the Treatment of Biliary Cancer,CLINICAL CANCER RESEARCH,2013,Web of Science Core Collection,TI04
FS-014691,Macrophages Facilitate Coal Tar Pitch Extract-Induced Tumorigenic Transformation of Human Bronchial Epithelial Cells Mediated by NF-κB,PLOS ONE,2012,Web of Science Core Collection,TI04
FS-014696,"Phase I clinical, pharmacokinetic, and pharmacodynamic study of KOS-862 (Epothilone D) in patients with advanced solid tumors and lymphoma",INVESTIGATIONAL NEW DRUGS,2012,Web of Science Core Collection,TI04
FS-014699,Inflammatory and genotoxic effects of sanding dust generated from nanoparticle-containing paints and lacquers,NANOTOXICOLOGY,2012,Web of Science Core Collection,TI04
FS-014701,"How Can We Treat a Patient With Liver Cirrhosis (Hepatitis C Virus), Hepatocellular Carcinoma, and Synchronous Colon Cancer?",TRANSPLANTATION PROCEEDINGS,2012,Web of Science Core Collection,TI04
FS-014702,MiR-351 transiently increases during muscle regeneration and promotes progenitor cell proliferation and survival upon differentiation,PHYSIOLOGICAL GENOMICS,2012,Web of Science Core Collection,TI04
FS-014706,Cytokinesis-Based Constraints on Polarized Cell Growth in Fission Yeast,PLOS GENETICS,2012,Web of Science Core Collection,TI04
FS-014707,Overdose of pegfilgrastim: case report,INTERNATIONAL JOURNAL OF CLINICAL PHARMACY,2012,Web of Science Core Collection,TI04
FS-014709,"Pharmacokinetics, immunogenicity and anticancer efficiency of <i>Aspergillus flavipes</i> L-methioninase",ENZYME AND MICROBIAL TECHNOLOGY,2012,Web of Science Core Collection,TI04
FS-014710,Real-time Transcriptional Profiling of Cellular and Viral Gene Expression during Lytic Cytomegalovirus Infection,PLOS PATHOGENS,2012,Web of Science Core Collection,TI04
FS-014714,"Multicenter, randomized study of genetically modified recombinant human interleukin-11 to prevent chemotherapy-induced thrombocytopenia in cancer patients receiving chemotherapy",SUPPORTIVE CARE IN CANCER,2012,Web of Science Core Collection,TI04
FS-014715,Treatment of steroid-unresponsive optic neuritis with plasma exchange,ACTA NEUROLOGICA SCANDINAVICA,2012,Web of Science Core Collection,TI04
FS-014720,Sorafenib in combination with ionizing radiation has a greater anti-tumour activity in a breast cancer model,ANTI-CANCER DRUGS,2012,Web of Science Core Collection,TI04
FS-014721,Investigation of cytotoxic and mutagenic effects of <i>Malpighia glabra</i> L. (barbados cherry) fruit pulp and vitamin C on plant and animal test systems,CIENCIA E TECNOLOGIA DE ALIMENTOS,2012,Web of Science Core Collection,TI04
FS-014722,Effects of fresh and aged vehicular exhaust emissions on breathing pattern and cellular responses - pilot single vehicle study,INHALATION TOXICOLOGY,2012,Web of Science Core Collection,TI04
FS-014724,Critical Issues in Detecting Viable <i>Listeria monocytogenes</i> Cells by Real-Time Reverse Transcriptase PCR,JOURNAL OF FOOD PROTECTION,2012,Web of Science Core Collection,TI04
FS-014725,A frequency-based gene selection method to identify robust biomarkers for radiation dose prediction,INTERNATIONAL JOURNAL OF RADIATION BIOLOGY,2012,Web of Science Core Collection,TI04
FS-014728,Strategies for optimizing the serum persistence of engineered human arginase I for cancer therapy,JOURNAL OF CONTROLLED RELEASE,2012,Web of Science Core Collection,TI04
FS-014735,"EVALUATION OF THE MUTAGENIC ACTIVITY OF CHRYSIN, A FLAVONOID INHIBITOR OF THE AROMATIZATION PROCESS",JOURNAL OF TOXICOLOGY AND ENVIRONMENTAL HEALTH-PART A-CURRENT ISSUES,2012,Web of Science Core Collection,TI04
FS-014736,Evaluation of a Pharmacology-Driven Dosing Algorithm of 3-Weekly Paclitaxel Using Therapeutic Drug Monitoring A Pharmacokinetic-Pharmacodynamic Simulation Study,CLINICAL PHARMACOKINETICS,2012,Web of Science Core Collection,TI04
FS-014737,Application of Comet assay to assess the effects of white bean meal on DNA of human lymphocytes,BRAZILIAN JOURNAL OF PHARMACEUTICAL SCIENCES,2012,Web of Science Core Collection,TI04
FS-014738,Ethyl pyruvate reduces liver injury at early phase but impairs regeneration at late phase in acetaminophen overdose,CRITICAL CARE,2012,Web of Science Core Collection,TI04
FS-014739,THE IMPACT OF INDIVIDUAL <i>IN VIVO</i> REPAIR OF DNA DOUBLE-STRAND BREAKS ON ORAL MUCOSITIS IN ADJUVANT RADIOTHERAPY OF HEAD-AND-NECK CANCER,INTERNATIONAL JOURNAL OF RADIATION ONCOLOGY BIOLOGY PHYSICS,2011,Web of Science Core Collection,TI04
FS-014742,Gene transfer as a strategy to achieve permanent cardioprotection II: rAAV-mediated gene therapy with heme oxygenase-1 limits infarct size 1 year later without adverse functional consequences,BASIC RESEARCH IN CARDIOLOGY,2011,Web of Science Core Collection,TI04
FS-014743,"Effect of Vicriviroc With or Without Ritonavir on Oral Contraceptive Pharmacokinetics: A Randomized, Open-Label, Parallel-Group, Fixed-Sequence Crossover Trial in Healthy Women",CLINICAL THERAPEUTICS,2011,Web of Science Core Collection,TI04
FS-014744,<i>In Vivo</i> Ultrastructural Analysis of the Intimate Relationship between Polymorphonuclear Leukocytes and the Chlamydial Developmental Cycle,INFECTION AND IMMUNITY,2011,Web of Science Core Collection,TI04
FS-014747,Effect of remote ischemic preconditioning on renal dysfunction after complex valvular heart surgery: A randomized controlled trial,JOURNAL OF THORACIC AND CARDIOVASCULAR SURGERY,2011,Web of Science Core Collection,TI04
FS-014748,"A phase I study of ispinesib, a kinesin spindle protein inhibitor, administered weekly for three consecutive weeks of a 28-day cycle in patients with solid tumors",INVESTIGATIONAL NEW DRUGS,2011,Web of Science Core Collection,TI04
FS-014754,Clinical Presentations of Food Allergy,PEDIATRIC CLINICS OF NORTH AMERICA,2011,Web of Science Core Collection,TI04
FS-014757,Molecular alterations underlying epileptogenesis after prolonged febrile seizure and modulation by erythropoietin,EPILEPSIA,2011,Web of Science Core Collection,TI04
FS-014761,Radiation Rescue: Mesenchymal Stromal Cells Protect from Lethal Irradiation,PLOS ONE,2011,Web of Science Core Collection,TI04
FS-014762,Risk Factors for Oxaliplatin-Induced Hypersensitivity Reactions in Japanese Patients with Advanced Colorectal Cancer,INTERNATIONAL JOURNAL OF MEDICAL SCIENCES,2011,Web of Science Core Collection,TI04
FS-014763,Food-Induced Anaphylaxis,ANAPHYLAXIS AND HYPERSENSITIVITY REACTIONS,2011,Web of Science Core Collection,TI04
FS-014767,<i>Chlamydia</i> <i>trachomatis</i> Intercepts Golgi-Derived Sphingolipids through a Rab14-Mediated Transport Required for Bacterial Development and Replication,PLOS ONE,2010,Web of Science Core Collection,TI04
FS-014768,Human Immunodeficiency Virus Type 1 Protease Inhibitor Drug-Resistant Mutants Give Discordant Results When Compared in Single-Cycle and Multiple-Cycle Fitness Assays,JOURNAL OF CLINICAL MICROBIOLOGY,2010,Web of Science Core Collection,TI04
FS-014773,Mitochondrial fatty acid oxidation disorders: clinical presentation of long-chain fatty acid oxidation defects before and after newborn screening,JOURNAL OF INHERITED METABOLIC DISEASE,2010,Web of Science Core Collection,TI04
FS-014776,Modulation of gene expression in endothelial cells by hyperlipaemic postprandial serum from healthy volunteers,GENES AND NUTRITION,2010,Web of Science Core Collection,TI04
FS-014778,"Relation between DNA repair, apoptosis and chromosomal aberrations in presence of pifithrin-α, an inhibitor of p53",MUTATION RESEARCH-GENETIC TOXICOLOGY AND ENVIRONMENTAL MUTAGENESIS,2010,Web of Science Core Collection,TI04
FS-014779,"Cytotoxicity of Cu(II) and Zn(II) 2,2′-Bipyridyl Complexes: Dependence of IC<sub>50</sub> on Recovery Time",CHEMICAL RESEARCH IN TOXICOLOGY,2010,Web of Science Core Collection,TI04
FS-014780,"Determination of Cisplatin 1,2-Intrastrand Guanine-Guanine DNA Adducts in Human Leukocytes by High-Performance Liquid Chromatography Coupled to Inductively Coupled Plasma Mass Spectrometry",CHEMICAL RESEARCH IN TOXICOLOGY,2010,Web of Science Core Collection,TI04
FS-014781,Indirect Challenge Tests Airway Hyperresponsiveness in Asthma: Its Measurement and Clinical Significance,CHEST,2010,Web of Science Core Collection,TI04
FS-014782,"Preclinical activity of a novel multiple tyrosine kinase and aurora kinase inhibitor, ENMD-2076, against multiple myeloma",BRITISH JOURNAL OF HAEMATOLOGY,2010,Web of Science Core Collection,TI04
FS-014783,The roal of prostaglandin E<sub>2</sub> (PGE <sub>2</sub>) in toll-like receptor 4 (TLR4)-mediated colitis-associated neoplasia,BMC GASTROENTEROLOGY,2010,Web of Science Core Collection,TI04
FS-014785,Potential for Growth of <i>E</i>. <i>coli</i> In Aerobic Compost Extract,COMPOST SCIENCE & UTILIZATION,2010,Web of Science Core Collection,TI04
FS-014786,Role of p21 and oxidative stress on renal tubular resistance after acute ischaemic injury,NEPHROLOGY DIALYSIS TRANSPLANTATION,2010,Web of Science Core Collection,TI04
FS-014790,"Pegfilgrastim on the Same Day Versus Next Day of Chemotherapy in Patients With Breast Cancer, Non-Small-Cell Lung Cancer, Ovarian Cancer, and Non-Hodgkin's Lymphoma: Results of Four Multicenter, Double-Blind, Randomized Phase II Studies",JOURNAL OF ONCOLOGY PRACTICE,2010,Web of Science Core Collection,TI04
FS-014793,Treatment with calcimimetics in kidney transplantation,TRANSPLANTATION REVIEWS,2010,Web of Science Core Collection,TI04
FS-014795,Oxaliplatin Based Chemotherapy and Concomitant Highly Active Antiretroviral Therapy in the Treatment of 24 Patients with Colorectal Cancer and HIV Infection,CURRENT HIV RESEARCH,2010,Web of Science Core Collection,TI04
FS-014796,"A Phase I Pharmacologic Study of Necitumumab (IMC-11F8), a Fully Human IgG<sub>1</sub> Monoclonal Antibody Directed Against EGFR in Patients with Advanced Solid Malignancies",CLINICAL CANCER RESEARCH,2010,Web of Science Core Collection,TI04
FS-014798,Cytoplasmic inheritance of organelles in brown algae,JOURNAL OF PLANT RESEARCH,2010,Web of Science Core Collection,TI04
FS-014799,Global effects of BKV infection on gene expression in human primary kidney epithelial cells,VIROLOGY,2010,Web of Science Core Collection,TI04
FS-014802,Host kinase activity is required for <i>Coxiella burnetii</i> parasitophorous vacuole formation,FRONTIERS IN MICROBIOLOGY,2010,Web of Science Core Collection,TI04
FS-014804,An Innovative Approach in Training Health Care Workers to Diagnose and Manage Patients with CFS,Immunology and Immune System Disorders,2010,Web of Science Core Collection,TI04
FS-014807,Transcriptomic Analysis of Mild Hypothermia-dependent Alterations during Endothelial Reperfusion Injury,CELLULAR PHYSIOLOGY AND BIOCHEMISTRY,2010,Web of Science Core Collection,TI04
FS-014810,Association Between Renal Injury and Reduced Interleukin-15 and Interleukin-15 Receptor Levels in Acute Kidney Injury,JOURNAL OF INTERFERON AND CYTOKINE RESEARCH,2010,Web of Science Core Collection,TI04
FS-014811,Production of Reactive Oxygen Species Is Turned On and Rapidly Shut Down in Epithelial Cells Infected with <i>Chlamydia trachomatis</i>,INFECTION AND IMMUNITY,2010,Web of Science Core Collection,TI04
FS-014817,UroVysion™ Testing Can Lead to Early Identification of Intravesical Therapy Failure in Patients with High Risk Non-Muscle Invasive Bladder Cancer,INTERNATIONAL BRAZ J UROL,2009,Web of Science Core Collection,TI04
FS-014820,Can the use of creatine supplementation attenuate muscle loss in cachexia and wasting?,CURRENT OPINION IN CLINICAL NUTRITION AND METABOLIC CARE,2009,Web of Science Core Collection,TI04
FS-014821,Fat content increases the lethality of ultra-high-pressure homogenization on <i>Listeria monocytogenes</i> in milk,JOURNAL OF DAIRY SCIENCE,2009,Web of Science Core Collection,TI04
FS-014822,Distributions and activities of ammonia oxidizing bacteria and polyphosphate accumulating organisms in a pumped-flow biofilm reactor,WATER RESEARCH,2009,Web of Science Core Collection,TI04
FS-014823,Response of Serum Proteome in Patients Undergoing Infrarenal Aortic Aneurysm Repair,ANESTHESIOLOGY,2009,Web of Science Core Collection,TI04
FS-014825,Predictive Value of Hematological and Phenotypical Parameters on Postchemotherapy Leukocyte Recovery,CYTOMETRY PART B-CLINICAL CYTOMETRY,2009,Web of Science Core Collection,TI04
FS-014826,"Transcriptome analysis of Frog virus 3, the type species of the genus <i>Ranavirus</i>, family <i>Iridoviridae</i>",VIROLOGY,2009,Web of Science Core Collection,TI04
FS-014829,Analysis of the Mechanism for the Development of Allergic Skin Inflammation and the Application for Its Treatment: Aspirin Modulation of IgE-Dependent Mast Cell Activation: Role of Aspirin-Induced Exacerbation of Immediate Allergy,JOURNAL OF PHARMACOLOGICAL SCIENCES,2009,Web of Science Core Collection,TI04
FS-014830,Aqueous prostaglandin E<sub>2</sub> of cataract patients at trough ketorolac and bromfenac levels after 2 days dosing,ADVANCES IN THERAPY,2009,Web of Science Core Collection,TI04
FS-014831,Digital Titration: Automated Image Acquisition and Analysis of Load and Growth of <i>Chlamydophila psittaci</i>,MICROSCOPY RESEARCH AND TECHNIQUE,2009,Web of Science Core Collection,TI04
FS-014832,Phase I Study of Repeated Intraepithelial Delivery of Adenoviral p53 in Patients With Dysplastic Oral Leukoplakia,JOURNAL OF ORAL AND MAXILLOFACIAL SURGERY,2009,Web of Science Core Collection,TI04
FS-014833,"Analysis of <i>pmpD</i> Expression and PmpD Post-Translational Processing during the Life Cycle of <i>Chlamydia trachomatis</i> Serovars A, D, and L2",PLOS ONE,2009,Web of Science Core Collection,TI04
FS-014837,Impact of homologous recombination on individual cellular radiosensitivity,RADIOTHERAPY AND ONCOLOGY,2009,Web of Science Core Collection,TI04
FS-014838,Enhanced Expression of Radiation-induced Leukocyte <i>CDKN1A mRNA</i> in Multiple Primary Breast Cancer Patients: Potential New Marker of Cancer Susceptibility,BIOMARKER INSIGHTS,2009,Web of Science Core Collection,TI04
FS-014841,Ischemic Preconditioning Attenuates Renal Ischemia-Reperfusion Injury by Inhibiting Activation of IKKβ and Inflammatory Response,AMERICAN JOURNAL OF NEPHROLOGY,2009,Web of Science Core Collection,TI04
FS-014843,Pegfilgrastim Administered on the Same Day with Dose-Dense Adjuvant Chemotherapy for Breast Cancer Is Associated with a Higher Incidence of Febrile Neutropenia as Compared to Conventional Growth Factor Support: Matched Case-Control Study of the Hellenic Cooperative Oncology Group,ONCOLOGY,2009,Web of Science Core Collection,TI04
FS-014846,Imaging proliferation to monitor early response of lymphoma to cytotoxic treatment,MOLECULAR IMAGING AND BIOLOGY,2008,Web of Science Core Collection,TI04
FS-014847,Gene silencing for epidermal growth factor receptor variant III induces cell-specific cytotoxicity,MOLECULAR CANCER THERAPEUTICS,2008,Web of Science Core Collection,TI04
FS-014848,Phosphorylation of p53 on <i>Ser</i>15 during cell cycle caused by Topo I and Topo II inhibitors in relation to ATM and Chk2 activation,CELL CYCLE,2008,Web of Science Core Collection,TI04
FS-014850,Lactate stimulates vasculogenic stem cells via the thioredoxin system and engages an autocrine activation loop involving hypoxia-inducible factor 1,MOLECULAR AND CELLULAR BIOLOGY,2008,Web of Science Core Collection,TI04
FS-014851,Dichotomous metabolism of <i>Enterococcus faecalis</i> induced by haematin starvation modulates colonic gene expression,JOURNAL OF MEDICAL MICROBIOLOGY,2008,Web of Science Core Collection,TI04
FS-014852,Left posterior fascicular block due to high-dose interieukin-2,ANNALS OF PHARMACOTHERAPY,2008,Web of Science Core Collection,TI04
FS-014855,Genome damage in oropharyngeal cancer patients treated by radiotherapy,CROATIAN MEDICAL JOURNAL,2008,Web of Science Core Collection,TI04
FS-014864,"SURFIN<sub>4.1</sub>, a schizont-merozoite associated protein in the SURFIN family of <i>Plasmodium falciparum</i>",MALARIA JOURNAL,2008,Web of Science Core Collection,TI04
FS-014866,TREATMENT OF ACUTE ADHERED FLEXOR TENDONS FOLLOWING PROXIMAL PHALANGEAL FRACTURE: A CASE STUDY,HAND THERAPY,2008,Web of Science Core Collection,TI04
FS-014869,"P38 MAPK, but not ERK1/2, is critically involved in the cytotoxicity of the novel vascular disrupting agent combretastatin A4",INTERNATIONAL JOURNAL OF CANCER,2008,Web of Science Core Collection,TI04
FS-014873,Adenosine monophosphate-activated protein kinase modulates the activated phenotype of hepatic stellate cells,HEPATOLOGY,2008,Web of Science Core Collection,TI04
FS-014875,Medium-mediated bystander response of X-ray-irradiated normal human lymphocytes <i>in vitro</i>,NUKLEONIKA,2008,Web of Science Core Collection,TI04
FS-014878,A Phase II study of 3-aminopyridine-2-carboxaldehyde thiosemicarbazone (3-AP) and gemcitabine in advanced pancreatic carcinoma. A trial of the Princess Margaret Hospital Phase II consortium,INVESTIGATIONAL NEW DRUGS,2007,Web of Science Core Collection,TI04
FS-014879,Adenovirus expressing mutant p27<i><SUP>kip1</SUP></i> enhanced apoptosis and inhibited the growth of xenografted human breast cancer,SURGERY TODAY,2007,Web of Science Core Collection,TI04
FS-014880,Gene expression analysis of multiple gastrointestinal regions reveals activation of common cell regulatory pathways following cytotoxic chemotherapy,INTERNATIONAL JOURNAL OF CANCER,2007,Web of Science Core Collection,TI04
FS-014884,Antiproliferative activity of the human IFN-α- inducible protein IFI44,JOURNAL OF INTERFERON AND CYTOKINE RESEARCH,2007,Web of Science Core Collection,TI04
FS-014885,Involvement of Kupffer cell-dependent signaling in T<sub>3</sub>-induced hepatocyte proliferation <i>in vivo</i>,BIOLOGICAL CHEMISTRY,2007,Web of Science Core Collection,TI04
FS-014892,Differential sensitivity of viruses to the antiviral activity of Shiga toxin 1 A subunit,VIRUS RESEARCH,2007,Web of Science Core Collection,TI04
FS-014893,Cytogenetic observations in human peripheral blood leukocytes following in vitro exposure to THz radiation: A pilot study,HEALTH PHYSICS,2007,Web of Science Core Collection,TI04
FS-014894,14-3-3σ controls mitotic translation to facilitate cytokinesis,NATURE,2007,Web of Science Core Collection,TI04
FS-014897,Embryo morphology and development are dependent on the chromosomal complement,FERTILITY AND STERILITY,2007,Web of Science Core Collection,TI04
FS-014900,"Triple therapy for choroidal neovascularization due to agerelated macular degeneration - Verteporfin PDT, bevacimmab, and dexamethasone",RETINA-THE JOURNAL OF RETINAL AND VITREOUS DISEASES,2007,Web of Science Core Collection,TI04
FS-014903,"Role of oxidative stress and intracellular calcium in nickel carbonate hydroxide-induced sister-chromatid exchange, and alterations in replication index and mitotic index in cultured human peripheral blood lymphocytes",ARCHIVES OF TOXICOLOGY,2007,Web of Science Core Collection,TI04
FS-014905,Diagnosis of menstrual headache and an open-label study amoung those with previously undiagnosed menstrually related migraine to evaluate the efficacy of sumatriptan 100 mg,CLINICAL THERAPEUTICS,2007,Web of Science Core Collection,TI04
FS-014906,Episcleritis as a possible complication of lymphocyte immunotherapy - case report,CLINICAL AND EXPERIMENTAL OBSTETRICS & GYNECOLOGY,2007,Web of Science Core Collection,TI04
FS-014908,"Development of an ultra-performance liquid chromatography technique coupled with mass spectrometry for the measurement of tacrolimus in micro-samples of whole blood, and its application on a pharmacokinetic trial",ARZNEIMITTELFORSCHUNG-DRUG RESEARCH,2007,Web of Science Core Collection,TI04
FS-014909,Antileukotrienes as adjunctive therapy in acute asthma,DRUGS,2007,Web of Science Core Collection,TI04
FS-014913,"Binge drinking causes endothelial dysfunction, which is not prevented by wine polyphenols: a small trial in healthy volunteers",NETHERLANDS JOURNAL OF MEDICINE,2007,Web of Science Core Collection,TI04
FS-014914,Chromatid damage in human lymphocytes is not affected by 50 Hz electromagnetic fields,RADIATION PROTECTION DOSIMETRY,2006,Web of Science Core Collection,TI04
FS-014916,Radiation clastogenesis and cell cycle checkpoint function as functional markers of breast cancer risk,CARCINOGENESIS,2006,Web of Science Core Collection,TI04
FS-014918,Rapid detection of urinary tract infection -: evaluation of flow cytometry,CLINICAL NEPHROLOGY,2006,Web of Science Core Collection,TI04
FS-014919,Safety and efficacy of once-per-cycle pegfilgrastim in support of ABVD chemotherapy in patients with Hodgkin lymphoma,EUROPEAN JOURNAL OF CANCER,2006,Web of Science Core Collection,TI04
FS-014923,Montelukast treatment attenuates the increase in myofibroblasts following low-dose allergen challenge,CHEST,2006,Web of Science Core Collection,TI04
FS-014924,"A nonreplicating adenoviral vector that contains the wild-type <i>p53</i> transgene combined with chemotherapy for primary breast cancer -: Safety efficacy, and biologic activity of a novel gene-therapy approach",CANCER,2006,Web of Science Core Collection,TI04
FS-014925,Maintenance of lung myeloperoxidase activity in proestrus females after trauma-hemorrhage: upregulation of heme oxygenase-1,AMERICAN JOURNAL OF PHYSIOLOGY-LUNG CELLULAR AND MOLECULAR PHYSIOLOGY,2006,Web of Science Core Collection,TI04
FS-014926,Intravenous mesenchymal stem cell therapy early after reperfused acute myocardial infarction improves left ventricular function and alters electrophysiologic properties,INTERNATIONAL JOURNAL OF CARDIOLOGY,2006,Web of Science Core Collection,TI04
FS-014928,Safety and efficacy of intravesical. bacillus Calmette-Guerin instillations in steroid treated and immunocompromised patients,JOURNAL OF UROLOGY,2006,Web of Science Core Collection,TI04
FS-014929,Postconditioning in females depends on injury severity,JOURNAL OF SURGICAL RESEARCH,2006,Web of Science Core Collection,TI04
FS-014930,The hypothetical protein CT813 is localized in the <i>Chlamydia trachomatis</i> inclusion membrane and is immunogenic in women urogenitally infected with <i>C-trachomatis</i>,INFECTION AND IMMUNITY,2006,Web of Science Core Collection,TI04
FS-014933,DNA damage and repair in peripheral blood lymphocytes from healthy individuals and cancer patients: A pilot study on the implications in the clinical response to chemotherapy,CANCER LETTERS,2006,Web of Science Core Collection,TI04
FS-014934,Tumor selective replication of Newcastle Disease Virus: Association with defects of tumor cells in antiviral defence,INTERNATIONAL JOURNAL OF CANCER,2006,Web of Science Core Collection,TI04
FS-014935,Plasmapheresis for recurrent posttransplant focal segmental glomerulosclerosis,TRANSPLANTATION PROCEEDINGS,2006,Web of Science Core Collection,TI04
FS-014941,Chemical and cytotoxic constituents from the leaves of <i>Cinnamomum kotoense</i>,JOURNAL OF NATURAL PRODUCTS,2006,Web of Science Core Collection,TI04
FS-014946,Dynamic gene expression profiling of <i>Escherichia coli</i> in carbon source transition from glucose to acetate,JOURNAL OF MICROBIOLOGY AND BIOTECHNOLOGY,2006,Web of Science Core Collection,TI04
FS-014947,The fate of axons subjected to traumatic ultrastructural (neurofilament) compaction:: an electron-microscopic study,ACTA NEUROPATHOLOGICA,2006,Web of Science Core Collection,TI04
FS-014950,"Effect of valproic acid, a histone deacetylase inhibitor, on cell death and molecular changes caused by low-dose irradiation",Annals of the New York Academy of Sciences,2006,Web of Science Core Collection,TI04
FS-014951,Clinically masked increases in bronchial inflammation in guideline-treated persistent asthma,PULMONARY PHARMACOLOGY & THERAPEUTICS,2006,Web of Science Core Collection,TI04
FS-014952,Prospective study of empiric monotherapy with ceftazidime for low-risk grade IV febrile neutropenia after cytotoxic chemotherapy in cancer patients,CHEMOTHERAPY,2006,Web of Science Core Collection,TI04
FS-014953,Conditional expression of interferon-γ to enhance host responses to pulmonary bacterial infection,PULMONARY PHARMACOLOGY & THERAPEUTICS,2006,Web of Science Core Collection,TI04
FS-014954,Inhibition of chlamydiae by primary alcohols correlates with the strain-specific complement of plasticity zone phospholipase D genes,INFECTION AND IMMUNITY,2006,Web of Science Core Collection,TI04
FS-014955,Laboratory variability does not preclude identification of biological functions impacted by hydroxyurea,ENVIRONMENTAL AND MOLECULAR MUTAGENESIS,2005,Web of Science Core Collection,TI04
FS-014957,Inducing late phase of infarct protection in skeletal muscle by remote preconditioning: efficacy and mechanism,"AMERICAN JOURNAL OF PHYSIOLOGY-REGULATORY, INTEGRATIVE AND COMPARATIVE PHYSIOLOGY",2005,Web of Science Core Collection,TI04
FS-014960,Less efficient G<sub>2</sub>-M checkpoint is associated with an increased risk of lung cancer in African Americans,CANCER RESEARCH,2005,Web of Science Core Collection,TI04
FS-014961,Roflumilast: A selective phosphodiesterase 4 inhibitor,DRUGS OF TODAY,2005,Web of Science Core Collection,TI04
FS-014963,"Primary chemotherapy with gemcitabine as prolonged infusion, non-pegylated liposomal doxorubicin and docetaxel in patients with early breast cancer: final results of a phase II trial",ANNALS OF ONCOLOGY,2005,Web of Science Core Collection,TI04
FS-014964,Apoptosis of hepatocytes caused by Punta Toro virus (Bunyavifidae: Phlebovirus) and its implication for Phlebovirus pathogenesis,AMERICAN JOURNAL OF PATHOLOGY,2005,Web of Science Core Collection,TI04
FS-014966,Interaction of radiation- and bleomycin-induced lesions and influence of glutathione level on the interaction,MUTAGENESIS,2005,Web of Science Core Collection,TI04
FS-014972,Response of malignant B lymphocytes to ionizing radiation: Gene expression and genotype,INTERNATIONAL JOURNAL OF CANCER,2005,Web of Science Core Collection,TI04
FS-014973,Phase I trial combining gemcitabine and treosulfan in advanced cutaneous and uveal melanoma patients,BRITISH JOURNAL OF CANCER,2005,Web of Science Core Collection,TI04
FS-014974,"Effect of repeated cycles of acute esophagitis and healing on esophageal peristalsis, tone, and length",AMERICAN JOURNAL OF PHYSIOLOGY-GASTROINTESTINAL AND LIVER PHYSIOLOGY,2005,Web of Science Core Collection,TI04
FS-014992,Noninfectious pulmonary complications after organ transplantation,European Respiratory Monograph,2005,Web of Science Core Collection,TI04
FS-014993,Bronchial hyperresponsiveness in athletes: mechanisms for development,European Respiratory Monograph,2005,Web of Science Core Collection,TI05
FS-014996,Novel chemical class of pUL97 protein kinase-specific inhibitors with strong anticytomegaloviral activity,ANTIMICROBIAL AGENTS AND CHEMOTHERAPY,2004,Web of Science Core Collection,TI04
FS-015002,Phase II study of the farnesyl transferase inhibitor R115777 in patients with sensitive relapse small-cell lung cancer,ANNALS OF ONCOLOGY,2004,Web of Science Core Collection,TI04
FS-015003,Expression of sHLA-G in supernatants of individually cultured 46-h embryos: a potentially valuable indicator of 'embryo competency' and lVF outcome,REPRODUCTIVE BIOMEDICINE ONLINE,2004,Web of Science Core Collection,TI04
FS-015004,Phase II study of ifosfamide plus daily oral etoposide in previously treated ovarian cancer - A Hoosier Oncology Group (HOG) Study,AMERICAN JOURNAL OF CLINICAL ONCOLOGY-CANCER CLINICAL TRIALS,2004,Web of Science Core Collection,TI04
FS-015006,Combined use of erythropoietin and granulocyte colony-stimulating factor does not decrease blood transfusion requirements during induction therapy for high-risk neuroblastoma: A randomized controlled trial,JOURNAL OF CLINICAL ONCOLOGY,2004,Web of Science Core Collection,TI04
FS-015008,Sequential dose-dense doxorubicin and ifosfamide for advanced soft tissue sarcomas -: A phase II trial by the Spanish Group for Research on Sarcomas (GEIS),CANCER,2004,Web of Science Core Collection,TI04
FS-015009,Transcriptional response to circumscribed cortical brain ischemia: spatiotemporal patterns in ischemic vs. remote non-ischemic cortex,EUROPEAN JOURNAL OF NEUROSCIENCE,2004,Web of Science Core Collection,TI04
FS-015010,Ischemic preconditioning protects intestine from prolonged ischemia,TRANSPLANTATION PROCEEDINGS,2004,Web of Science Core Collection,TI04
FS-015012,Confocal analysis of chromosome behavior in wheat x maize zygotes,GENOME,2004,Web of Science Core Collection,TI04
FS-015013,Oxygen stress effects on proliferation rates and heat shock proteins in lymphocytes,AVIATION SPACE AND ENVIRONMENTAL MEDICINE,2004,Web of Science Core Collection,TI04
FS-015016,Capillary electrophoretic analysis of the stability of RNA-peptide complex in human blood plasma,CHEMIA ANALITYCZNA,2004,Web of Science Core Collection,TI04
FS-015017,Cytogenetic effects of densely ionising radiation in human lymphocytes: impact of cell cycle delays,CYTOGENETIC AND GENOME RESEARCH,2004,Web of Science Core Collection,TI04
FS-015018,Photochemical products in urban mixtures enhance inflammatory responses in lung cells,INHALATION TOXICOLOGY,2004,Web of Science Core Collection,TI04
FS-015021,Mild dehydration: a risk factor of broncho-pulmonary disorders?,EUROPEAN JOURNAL OF CLINICAL NUTRITION,2003,Web of Science Core Collection,TI04
FS-015022,A phase I trial of <SUP>90</SUP>Y-anti-carcinoembryonic antigen chimeric T84.66 radioimmunotherapy with 5-fluorouracil in patients with metastatic colorectal cancer,CLINICAL CANCER RESEARCH,2003,Web of Science Core Collection,TI04
FS-015024,Dose-dense vinorelbine and paclitaxel with granulocyte colony-stimulating factor in metastatic breast cancer patients: anti-tumor activity and peripheral blood progenitor cell mobilization capability,BREAST CANCER RESEARCH AND TREATMENT,2003,Web of Science Core Collection,TI04
FS-015025,Filgrastim-mediated neutrophil recovery in patients with breast cancer treated with docetaxel and doxorubicin,PHARMACOTHERAPY,2003,Web of Science Core Collection,TI04
FS-015026,Science and physicianly practice: Are they compatible?,CLINICAL AND EXPERIMENTAL PHARMACOLOGY AND PHYSIOLOGY,2003,Web of Science Core Collection,TI04
FS-015027,Seroepidemiology study of Japanese encephalitis neutralizing antibodies in southern Taiwan: A comparative study between urban city and country townships,AMERICAN JOURNAL OF INFECTION CONTROL,2003,Web of Science Core Collection,TI04
FS-015028,Pulmonary vascular involvement in chronic obstructive pulmonary disease,EUROPEAN RESPIRATORY JOURNAL,2003,Web of Science Core Collection,TI04
FS-015029,N-acetylcysteine induces beneficial changes in the acinar cell cycle progression in the course of acute pancreatitis,CELL PROLIFERATION,2003,Web of Science Core Collection,TI04
FS-015033,Docetaxel as salvage therapy in advanced gastric cancer: A phase II study of the Gruppo Oncologico Italia Meridionale (GOIM),ANTICANCER RESEARCH,2003,Web of Science Core Collection,TI04
FS-015036,Lymphocyte DNA damage precedes DNA repair or cell death after orthopaedic surgery under general anaesthesia,MUTAGENESIS,2003,Web of Science Core Collection,TI04
FS-015038,Fixed-dose pegfilgrastim is safe and allows neutrophil recovery in patients with non-Hodgkin's lymphoma,LEUKEMIA & LYMPHOMA,2003,Web of Science Core Collection,TI04
FS-015039,"ATM-dependent and -independent gene expression changes in response to oxidative stress, gamma irradiation, and UV irradiation",RADIATION RESEARCH,2003,Web of Science Core Collection,TI04
FS-015041,Combination of radiation and celebrex (celecoxib) reduce mammary and lung tumor growth,AMERICAN JOURNAL OF CLINICAL ONCOLOGY-CANCER CLINICAL TRIALS,2003,Web of Science Core Collection,TI04
FS-015043,TNF increases camptothecin-induced apoptosis by inhibition of NF-κB,EUROPEAN JOURNAL OF CANCER,2003,Web of Science Core Collection,TI04
FS-015050,Detection of <i>Ralstonia solanacearum</i> in soil and weeds from commercial tomato fields using immunocapture and the polymerase chain reaction,JOURNAL OF PHYTOPATHOLOGY-PHYTOPATHOLOGISCHE ZEITSCHRIFT,2003,Web of Science Core Collection,TI04
FS-015052,Strategic leukocyte depletion reduces pulmonary microvascular pressure and improves pulmonary status post-cardiopulmonary bypass,PERFUSION-UK,2003,Web of Science Core Collection,TI04
FS-015053,Secretory activity and cell cycle alteration of alveolar type II cells in the early and late phase after irradiation,INTERNATIONAL JOURNAL OF RADIATION ONCOLOGY BIOLOGY PHYSICS,2003,Web of Science Core Collection,TI04
FS-015054,Pharmacokinetics of gemcitabine in a patient with end-stage renal disease:: effective clearance of its main metabolite by standard hemodialysis treatment,CANCER CHEMOTHERAPY AND PHARMACOLOGY,2003,Web of Science Core Collection,TI04
FS-015056,Chlamydia trachomatis infection alters host cell transcription in diverse cellular pathways,JOURNAL OF INFECTIOUS DISEASES,2003,Web of Science Core Collection,TI04
FS-015062,Metvan: a novel oxovanadium(IV) complex with broad spectrum anticancer activity,EXPERT OPINION ON INVESTIGATIONAL DRUGS,2002,Web of Science Core Collection,TI04
FS-015066,Promising preclinical activity of 2-methoxyestradiol in multiple myeloma,CLINICAL CANCER RESEARCH,2002,Web of Science Core Collection,TI04
FS-015068,DNA damage and micronucleus induction in human leukocytes after acute <i>in vitro</i> exposure to a 1.9 GHz continuous-wave radiofrequency field,RADIATION RESEARCH,2002,Web of Science Core Collection,TI04
FS-015073,"A phase II study of the MDR inhibitor biricodar (INCEL, VX-710) and paclitaxel in women with advanced ovarian cancer refractory to paclitaxel therapy",GYNECOLOGIC ONCOLOGY,2002,Web of Science Core Collection,TI04
FS-015078,Post-treatment effects of DNA topoisomerase inhibitors on UVB- and X-ray-induced chromosomal aberration formations,MUTATION RESEARCH-FUNDAMENTAL AND MOLECULAR MECHANISMS OF MUTAGENESIS,2002,Web of Science Core Collection,TI04
FS-015080,Fatigue associated with cancer and its treatment,SUPPORTIVE CARE IN CANCER,2002,Web of Science Core Collection,TI04
FS-015081,"The expression of p53, p21, Bax and induction of apoptosis in normal volunteers in response to different doses of ultraviolet radiation",BRITISH JOURNAL OF DERMATOLOGY,2002,Web of Science Core Collection,TI04
FS-015084,Real-time polymerase chain reaction in multiple myeloma: Quantitative analysis of tumor contamination of stem cell harvests,EXPERIMENTAL HEMATOLOGY,2002,Web of Science Core Collection,TI04
FS-015085,Comparable efficacy and safety profiles of once-per-cycle pegfilgrastim and daily injection filgrastim in chemotherapy-induced neutropenia: a multicenter dose-finding study in women with breast cancer,ANNALS OF ONCOLOGY,2002,Web of Science Core Collection,TI04
FS-015087,Impact of the oxaliplatin-5 fluorouracil-folinic acid combination on respective intracellular determinants of drug activity,BRITISH JOURNAL OF CANCER,2002,Web of Science Core Collection,TI04
FS-015088,Premature chromosome condensation in humans associated with microcephaly and mental retardation:: A novel autosomal recessive condition,AMERICAN JOURNAL OF HUMAN GENETICS,2002,Web of Science Core Collection,TI04
FS-015092,"Phase I and Pharmacologic study of liposomal lurtotecan, NX 211: Urinary excretion predicts hematologic toxicity",JOURNAL OF CLINICAL ONCOLOGY,2002,Web of Science Core Collection,TI04
FS-015093,Rho-kinase as a novel therapeutic target in treatment of cardiovascular diseases,JOURNAL OF CARDIOVASCULAR PHARMACOLOGY,2002,Web of Science Core Collection,TI04
FS-015094,G-CSF administered in time-sequenced setting during remission induction and consolidation therapy of adult acute lymphoblastic leukemia has beneficial influence on early recovery and possibly improves long-term outcome: A Randomized multicenter study,LEUKEMIA & LYMPHOMA,2002,Web of Science Core Collection,TI04
FS-015096,<i>Chlamydia trachomatis</i> genes whose products are related to energy metabolism are expressed differentially in active vs. persistent infection,MICROBES AND INFECTION,2002,Web of Science Core Collection,TI04
FS-015101,Ischemic preconditioning upregulates inducible nitric oxide synthase in cardiac myocytes,JOURNAL OF MOLECULAR AND CELLULAR CARDIOLOGY,2002,Web of Science Core Collection,TI04
FS-015102,Phase I study of gemcitabine and liposomal doxorubicin in relapsed ovarian cancer,ONCOLOGY,2002,Web of Science Core Collection,TI04
FS-015104,Study of chromosome damage in patients with breast cancer treated by two antineoplastic treatments,TERATOGENESIS CARCINOGENESIS AND MUTAGENESIS,2002,Web of Science Core Collection,TI04
FS-015109,Effect of the dithiocarbamate pesticide zineb and its commercial formulation azzurro.: I.: Genotoxic evaluation on cultured human lymphocytes exposed <i>in vitro</i>,MUTAGENESIS,2001,Web of Science Core Collection,TI04
FS-015111,<i>Crotalus durissus terrificus</i> snake venom regulates macrophage metabolism and function,JOURNAL OF LEUKOCYTE BIOLOGY,2001,Web of Science Core Collection,TI04
FS-015114,Factors associated with response to high-dose interleukin-2 in patients with metastatic melanoma,JOURNAL OF CLINICAL ONCOLOGY,2001,Web of Science Core Collection,TI04
FS-015116,Accumulation and intranuclear distribution of unintegrated human immunodeficiency virus type 1 DNA,JOURNAL OF VIROLOGY,2001,Web of Science Core Collection,TI04
FS-015119,Contribution of cyclooxygenase-2 to liver regeneration after partial hepatectomy,FASEB JOURNAL,2001,Web of Science Core Collection,TI04
FS-015122,Targeting of the CD33-calicheamicin immunoconjugate Mylotarg (CMA-676) in acute myeloid leukemia: in vivo and in vitro saturation and internalization by leukemic and normal myeloid cells,BLOOD,2001,Web of Science Core Collection,TI04
FS-015126,Characterization of intracellular reverse transcription complexes of human immunodeficiency virus type 1,JOURNAL OF VIROLOGY,2001,Web of Science Core Collection,TI04
FS-015127,Fotemustine combined with procarbazine in recurrent malignant gliomas:: A phase I study with evaluation of lymphocyte <i>O</i><SUP>6</SUP>-alkylguanine-DNA alkyltransferase activity,JOURNAL OF NEURO-ONCOLOGY,2001,Web of Science Core Collection,TI04
FS-015129,A phase II study of dose-intense ifosfamide plus epirubicin with hematopoietic growth factors for the treatment of patients with advanced soft tissue sarcomas; a novel sequential schedule,CANCER CHEMOTHERAPY AND PHARMACOLOGY,2001,Web of Science Core Collection,TI04
FS-015130,The effects of leucodepletion in patients who develop the systemic inflammatory response syndrome following cardiopulmonary bypass,PERFUSION-UK,2001,Web of Science Core Collection,TI04
FS-015131,Expression of β<sub>2</sub>-microglobulin and c-fos mRNA:: Is there an influence of high- or low-flux dialyzer membranes?,KIDNEY INTERNATIONAL,2001,Web of Science Core Collection,TI04
FS-015132,Phase II and pharmacokinetic/pharmacodynamic trial of sequential topoisomerase I and II inhibition with topotecan and etoposide in advanced non-small-cell lung cancer,CANCER CHEMOTHERAPY AND PHARMACOLOGY,2001,Web of Science Core Collection,TI04
FS-015133,High- and low-LET induced chromosome damage in human lymphocytes: a time-course of aberrations in metaphase and interphase,INTERNATIONAL JOURNAL OF RADIATION BIOLOGY,2001,Web of Science Core Collection,TI04
FS-015139,Topotecan and gemcitabine in platinum/paclitaxel-resistant ovarian cancer,ONCOLOGY,2001,Web of Science Core Collection,TI04
FS-015141,"Gametogenesis, fertilization and ookinete differentiation of <i>Leucocytozoon smithi</i>",JOURNAL OF EUKARYOTIC MICROBIOLOGY,2001,Web of Science Core Collection,TI04
FS-015145,Early <i>Bacillus anthracis</i> macrophage interactions: intracellular survival and escape,CELLULAR MICROBIOLOGY,2000,Web of Science Core Collection,TI04
FS-015152,The preparation of copper-oxidized LDL for the measurement of oxidized LDL antibodies by EIA,ATHEROSCLEROSIS,2000,Web of Science Core Collection,TI04
FS-015155,"Combination regimen of cladribine (2-chlorodeoxyadenosine), cytarabine and G-CSF (CLAG) as induction therapy for patients with relapsed or refractory acute myeloid leukemia",LEUKEMIA & LYMPHOMA,2000,Web of Science Core Collection,TI04
FS-015161,Effects of adding a leukotriene antagonist or a long-acting beta<sub>2</sub>-agonist in asthmatic patients with the glycine-16 beta<sub>2</sub>-adrenoceptor genotype,AMERICAN JOURNAL OF MEDICINE,2000,Web of Science Core Collection,TI04
FS-015162,"Human chorionic gonadotropin (HCG)-like hormones (FSH, LH, TSH) in <i>Tetrahymena</i>. A confocal microscopic analysis",ACTA PROTOZOOLOGICA,2000,Web of Science Core Collection,TI04
FS-015166,Stimulatory effects of stress on gonadotropin secretion in estrogen-treated women,JOURNAL OF CLINICAL ENDOCRINOLOGY & METABOLISM,2000,Web of Science Core Collection,TI04
FS-015168,Captopril inhibits <i>in vitro</i> and <i>in vivo</i> the proliferation of primitive haematopoietic cells induced into cell cycle by cytotoxic drug administration or irradiation but has no effect on myeloid leukaemia cell proliferation,BRITISH JOURNAL OF HAEMATOLOGY,2000,Web of Science Core Collection,TI04
FS-015170,Induction of multinucleated cells caused by UVA exposure in different stages of the cell cycle,PHOTOCHEMISTRY AND PHOTOBIOLOGY,2000,Web of Science Core Collection,TI04
FS-015177,Use of sequence-specific antisense oligodeoxynucleotides to determine the protozoan parasite antigen recognized by nonspecific cytotoxic cells,CURRENT MICROBIOLOGY,2000,Web of Science Core Collection,TI04
FS-015181,Evaluation of the alkaline comet assay and urinary 3-methyladenine excretion for monitoring DNA damage in melanoma patients treated with dacarbazine and tamoxifen,CANCER CHEMOTHERAPY AND PHARMACOLOGY,2000,Web of Science Core Collection,TI04
FS-015183,"A phase I dose escalation study of multicyclic, dose-intensive chemotherapy with peripheral blood stem cell support for small cell lung cancer",BONE MARROW TRANSPLANTATION,2000,Web of Science Core Collection,TI04
FS-015184,Lymphocytic intracellular calcium in a patient with complicated verapamil overdose,AMERICAN JOURNAL OF THE MEDICAL SCIENCES,2000,Web of Science Core Collection,TI04
FS-015189,Use of enterocin CCM 4231 to control <i>Listeria monocytogenes</i> in experimentally contaminated dry fermented Hornad salami,INTERNATIONAL JOURNAL OF FOOD MICROBIOLOGY,1999,Web of Science Core Collection,TI04
FS-015190,Circulating progenitor cell release and functional characterization after Topotecan plus G-CSF and erythropoietin in small cell lung cancer patients,INTERNATIONAL JOURNAL OF ONCOLOGY,1999,Web of Science Core Collection,TI04
FS-015191,Modulation of the clastogenic activity of γ-irradiation in buthionine sulphoximine-mediated glutathione depleted mammalian cells,INTERNATIONAL JOURNAL OF RADIATION BIOLOGY,1999,Web of Science Core Collection,TI04
FS-015195,Radioimmunotherapy of acquired immunodeficiency syndrome (AIDS) associated lymphoma,CANCER BIOTHERAPY AND RADIOPHARMACEUTICALS,1999,Web of Science Core Collection,TI04
FS-015198,Combination interleukin-2 and doxorubicin in advanced adult solid tumors: Circumvention of doxorubicin resistance in soft-tissue sarcoma?,JOURNAL OF IMMUNOTHERAPY,1999,Web of Science Core Collection,TI04
FS-015200,Enhancement of UV-induced cytotoxicity by the adeno-associated virus replication proteins,BIOCHIMICA ET BIOPHYSICA ACTA-GENE STRUCTURE AND EXPRESSION,1999,Web of Science Core Collection,TI04
FS-015201,In vivo amifostine (WR-2721) prevents chemotherapy-induced apoptosis of peripheral blood lymphocytes from cancer patients,LIFE SCIENCES,1999,Web of Science Core Collection,TI04
FS-015203,A bolus of inhaled budesonide rapidly reverses airway subsensitivity and β<sub>2</sub>-adrenoceptor down-regulation after regular inhaled formoterol,CHEST,1999,Web of Science Core Collection,TI04
FS-015204,Kinetics of Kaposi's sarcoma-associated herpesvirus gene expression,JOURNAL OF VIROLOGY,1999,Web of Science Core Collection,TI04
FS-015205,Detection of chromosome aberrations by FISH as a function of cell division cycle (harlequin-FISH),BIOTECHNIQUES,1999,Web of Science Core Collection,TI04
FS-015206,Apoptosis of unstimulated human lymphocytes and DNA strand breaks induced by the topoisomerase II inhibitor etoposide (VP-16),BIOCHEMISTRY-MOSCOW,1999,Web of Science Core Collection,TI04
FS-015208,Herpes simplex virus type 1 infection stimulates p38/c-Jun N-terminal mitogen-activated protein kinase pathways and activates transcription factor AP-1,JOURNAL OF BIOLOGICAL CHEMISTRY,1999,Web of Science Core Collection,TI04
FS-015209,"Hodgkin's disease in 35 patients with HIV infection: An experience with epirubicin, bleomycin, vinblastine and prednisone chemotherapy in combination with antiretroviral therapy and primary use of G-CSF",ANNALS OF ONCOLOGY,1999,Web of Science Core Collection,TI04
FS-015211,"A phase II study of 5-fluorouracil, leucovorin, and interferon-α in the treatment of patients with metastatic or recurrent gastric carcinoma - <i>An Eastern Cooperative Oncology Group Study (E5292)</i>",CANCER,1999,Web of Science Core Collection,TI04
FS-015215,Use of low-dose oral prednisone to prevent paclitaxel-induced arthralgias and myalgias,GYNECOLOGIC ONCOLOGY,1999,Web of Science Core Collection,TI04
FS-015216,A <i>cis</i> repression sequence adjacent to the transcription start site of the human cytomegalovirus US3 gene is required to down regulate gene expression at early and late times after infection,JOURNAL OF VIROLOGY,1998,Web of Science Core Collection,TI04
FS-015218,Mass spectrometric characterization and HPLC determination of the main urinary metabolites of nimesulide in man,JOURNAL OF PHARMACEUTICAL AND BIOMEDICAL ANALYSIS,1998,Web of Science Core Collection,TI04
FS-015222,"Randomized phase-II study of BB-10010 (macrophage inflammatory protein-1α) in patients with advanced breast cancer receiving 5-fluorouracil, adriamycin, and cyclophosphamide chemotherapy",BLOOD,1998,Web of Science Core Collection,TI04
FS-015228,Gestodene and desogestrel do not have a different influence on concentration profiles of ethinylestradiol in women taking oral contraceptives - results of isotope dilution mass spectrometry measurements,EUROPEAN JOURNAL OF ENDOCRINOLOGY,1998,Web of Science Core Collection,TI04
FS-015229,Phase I multicenter study of combined high-dose ifosfamide and doxorubicin in the treatment of advanced sarcomas,ANNALS OF ONCOLOGY,1998,Web of Science Core Collection,TI04
FS-015231,Phase I trial of a 96 h paclitaxel infusion with filgrastim support in refractory solid tumor patients,ANTI-CANCER DRUGS,1998,Web of Science Core Collection,TI04
FS-015232,"Paclitaxel, carboplatin, and G-CSF in advanced non-small-cell lung cancer:: A phase I/II study",ONKOLOGIE,1998,Web of Science Core Collection,TI04
FS-015238,"A phase I/II study of multicyclic dose-intensive chemotherapy supported with G-CSF, or G-CSF and haematopoietic progenitor cells in whole blood, in two consecutive cohorts of patients",BRITISH JOURNAL OF CANCER,1998,Web of Science Core Collection,TI04
FS-015241,Phase I trial of subcutaneous recombinant human interleukin-12 in patients with advanced renal cell carcinoma,CLINICAL CANCER RESEARCH,1998,Web of Science Core Collection,TI04
FS-015242,Micronucleus analysis in peripheral blood lymphocytes from melanoma patients treated with dacarbazine,ANTICANCER RESEARCH,1998,Web of Science Core Collection,TI04
FS-015243,Glucocorticoids induce G1 as well as S-phase lengthening in normal human stimulated lymphocytes: Differential effects on cell cycle regulatory proteins,EXPERIMENTAL CELL RESEARCH,1998,Web of Science Core Collection,TI04
FS-015250,Effect of filgrastim on the pharmacokinetics of MX2 hydrochloride in patients with advanced malignant disease,CANCER CHEMOTHERAPY AND PHARMACOLOGY,1998,Web of Science Core Collection,TI04
FS-015252,Liver-type arginase in serum during and after liver transplantation: a novel index in monitoring conditions of the liver graft and its clinical significance,CLINICA CHIMICA ACTA,1998,Web of Science Core Collection,TI04
FS-015254,Phosphorylation of retinoblastoma susceptibility gene protein assayed in individual lymphocytes during their mitogenic stimulation,EXPERIMENTAL CELL RESEARCH,1998,Web of Science Core Collection,TI04
FS-015256,An inhibitor of glycinamide ribonucleotide formyltransferase is selectively cytotoxic to cells that lack a functional G1 checkpoint,CANCER CHEMOTHERAPY AND PHARMACOLOGY,1998,Web of Science Core Collection,TI04
FS-015257,Radiation induction of p53 in cells from Nijmegen breakage syndrome is defective but not similar to ataxia-telangiectasia,BIOCHEMICAL AND BIOPHYSICAL RESEARCH COMMUNICATIONS,1998,Web of Science Core Collection,TI04
FS-015258,"Peroxynitrite-mediated DNA strand breakage activates poly (ADP-ribose) synthetase and causes cellular energy depletion in carrageenan-induced pleurisy (Retracted article. See DEC, 2024); Peroxynitrite-mediated DNA Strand Breakage Activates Poly (ADP-ribose) Synthetase and Causes Cellular Energy Depletion in Carrageenan-induced Pleurisy",IMMUNOLOGY; IMMUNOLOGY,1998,Web of Science Core Collection,TI04
FS-015259,Mobilization of peripheral blood progenitor cells (PBPC) through a combination of chemotherapy and G-CSF in breast cancer patients and a possibility of unprocessed whole blood collection,BONE MARROW TRANSPLANTATION,1998,Web of Science Core Collection,TI04
FS-015261,"Immediate disruption of spindle poles and induction of additional microtubule-organizing centres by a phenylcarbamate, during plant mitosis",PROTOPLASMA,1998,Web of Science Core Collection,TI04
FS-015262,Disturbance of the reproductive axis induced by negative energy balance,REPRODUCTION FERTILITY AND DEVELOPMENT,1998,Web of Science Core Collection,TI05
FS-015263,"Broad phase II and pharmacokinetic study of methoxy-morpholino doxorubicin (FCE 23762-MMRDX) in non-small-cell lung cancer, renal cancer and other solid tumour patients",BRITISH JOURNAL OF CANCER,1998,Web of Science Core Collection,TI04
FS-015264,Genetic effects of petroleum fuels: II. Analysis of chromosome loss and hyperploidy in peripheral lymphocytes of gasoline station attendants,ENVIRONMENTAL AND MOLECULAR MUTAGENESIS,1998,Web of Science Core Collection,TI04
FS-015265,Alkaline single-cell gel electrophoresis and human biomonitoring for genotoxicity: a pilot study on breast cancer patients undergoing chemotherapy including cyclophosphamide,MUTATION RESEARCH-GENETIC TOXICOLOGY AND ENVIRONMENTAL MUTAGENESIS,1997,Web of Science Core Collection,TI04
FS-015267,Pharmacokinetics and effects on plasma retinol concentrations of 13-<i>cis</i>-retinoic acid in melanoma patients,BRITISH JOURNAL OF CANCER,1997,Web of Science Core Collection,TI04
FS-015268,A study of neurokinins and other oedema-inducing mediators and mechanisms in thermal injury,CLINICAL AND EXPERIMENTAL PHARMACOLOGY AND PHYSIOLOGY,1997,Web of Science Core Collection,TI04
FS-015269,"Effects of specimen collection, processing, and storage conditions on stability of human immunodeficiency virus type 1 RNA levels in plasma",JOURNAL OF CLINICAL MICROBIOLOGY,1997,Web of Science Core Collection,TI04
FS-015270,Complex regulation of CDK2 during phorbol ester-induced hematopoietic differentiation,BLOOD,1997,Web of Science Core Collection,TI04
FS-015271,Studies on the cytostatic and cytotoxic effects and mode of action of 8-nitro-7-hydroxycoumarin,CANCER LETTERS,1997,Web of Science Core Collection,TI04
FS-015272,"Early cytotoxic effects of mechlorethamine, a nitrogen mustard, on mammalian airway epithelium",TOXICOLOGY IN VITRO,1997,Web of Science Core Collection,TI04
FS-015274,Growth hormone attenuation of epidermal growth factor-induced mitogenesis,JOURNAL OF CELLULAR PHYSIOLOGY,1997,Web of Science Core Collection,TI04
FS-015276,Long-acting beta(2)-agonists - Role in primary care asthma treatment,CANADIAN FAMILY PHYSICIAN,1997,Web of Science Core Collection,TI04
FS-015280,Sequential interleukin-3 and granulocyte-colony stimulating factor prior to and following high-dose etoposide and cyclophosphamide: A phase I/II trial,CLINICAL CANCER RESEARCH,1997,Web of Science Core Collection,TI04
FS-015281,"Cytotoxic synergy between flavopiridol (NSC 649890, L86-8275) and various antineoplastic agents: The importance of sequence of administration",CANCER RESEARCH,1997,Web of Science Core Collection,TI04
FS-015282,"A novel mammalian, mitotic spindle-associated kinase is related to yeast and fly chromosome segregation regulators",JOURNAL OF CELL BIOLOGY,1997,Web of Science Core Collection,TI04
FS-015283,Salmeterol in the treatment of chronic asthma,AMERICAN FAMILY PHYSICIAN,1997,Web of Science Core Collection,TI04
FS-015284,Nitric oxide enhancement of melphalan-induced cytotoxicity,BRITISH JOURNAL OF CANCER,1997,Web of Science Core Collection,TI04
FS-015285,Differential involvement of chromosomes 1 and 4 in the formation of chromosomal aberrations in human lymphocytes after X-irradiation,INTERNATIONAL JOURNAL OF RADIATION BIOLOGY,1997,Web of Science Core Collection,TI04
FS-015287,Conversion of DNA damage into chromosome damage in response to cell cycle regulation of chromatin condensation after irradiation,MUTAGENESIS,1997,Web of Science Core Collection,TI04
FS-015289,"Standard-dose recombinant human granulocyte colony-stimulating factor (rhG-CSF) allows safe and repeated administration of high-dose cyclophosphamide, etoposide, and cisplatin (CEP)",AMERICAN JOURNAL OF CLINICAL ONCOLOGY-CANCER CLINICAL TRIALS,1997,Web of Science Core Collection,TI04
FS-015290,Reactive change in proliferative activity of the junctional epithelium after topical application of lipopolysaccharide,JOURNAL OF PERIODONTOLOGY,1997,Web of Science Core Collection,TI04
FS-015294,A novel high-dose chemotherapy protocol with autologous hematopoietic rescue in patients with metastatic breast cancer or recurrent non-Hodgkin's lymphoma,BONE MARROW TRANSPLANTATION,1997,Web of Science Core Collection,TI04
FS-015297,Factors responsible for peritoneal granulocyte apoptosis during sepsis,JOURNAL OF SURGICAL RESEARCH,1997,Web of Science Core Collection,TI04
FS-015299,"Soluble E-selectin in cancer patients as a marker of the therapeutic efficacy of CM101, a tumor-inhibiting anti-neovascularization agent, evaluated in phase I clinical trial",JOURNAL OF CANCER RESEARCH AND CLINICAL ONCOLOGY,1997,Web of Science Core Collection,TI04
FS-015304,High resolution immuno-scanning electron microscopy using a non-coating method: study of herpes simplex virus glycoproteins on the surface of virus particles and infected cells,JOURNAL OF ELECTRON MICROSCOPY,1997,Web of Science Core Collection,TI04
FS-015305,Cytotoxic interactions of 5-fluorouracil and nucleoside analogues in vitro,ANTICANCER RESEARCH,1997,Web of Science Core Collection,TI04
FS-015307,Centrosome and microtubule dynamics in apical cells of Sphacelaria rigidula (Phaeophyceae) treated with nocodazole,PROTOPLASMA,1997,Web of Science Core Collection,TI04
FS-015310,In vitro interaction of alveolar macrophages and Aspergillus fumigatus,ENVIRONMENTAL RESEARCH,1997,Web of Science Core Collection,TI04
FS-015313,Tolerability and efficacy of GM-CSF [Leucomax] in patients with small cell lung cancer treated with intensive chemotherapy,MEDICAL ONCOLOGY,1996,Web of Science Core Collection,TI04
FS-015317,Selective mitomycin C and cyclophosphamide induction of apoptosis in differentiating B lymphocytes compared to T lymphocytes in vivo,IMMUNOPHARMACOLOGY,1996,Web of Science Core Collection,TI04
FS-015318,Plasma nitrate plus nitrite changes during continuous intravenous infusion interleukin 2,BRITISH JOURNAL OF CANCER,1996,Web of Science Core Collection,TI04
FS-015319,Phase I clinical and pharmacokinetic study of carzelesin (U-80244) given daily for five consecutive days,CLINICAL CANCER RESEARCH,1996,Web of Science Core Collection,TI04
FS-015320,Prophylactic antibiotics eliminate bacteremia and allow safe outpatient management following high-dose chemotherapy and autologous stem cell rescue,SUPPORTIVE CARE IN CANCER,1996,Web of Science Core Collection,TI04
FS-015321,Continued malignant cell proliferation in head and neck tumors during cytotoxic therapy,CLINICAL CANCER RESEARCH,1996,Web of Science Core Collection,TI04
FS-015322,"prk, a cytokine-inducible human protein serine/threonine kinase whose expression appears to be down-regulated in lung carcinomas",JOURNAL OF BIOLOGICAL CHEMISTRY,1996,Web of Science Core Collection,TI04
FS-015331,Effects of low-dose (2 cGy) X-ray on cell-cycle kinetics and on induced mitotic delay in human lymphocyte,MUTATION RESEARCH-FUNDAMENTAL AND MOLECULAR MECHANISMS OF MUTAGENESIS,1996,Web of Science Core Collection,TI04
FS-015332,"Randomized placebo-controlled trial of granulocyte-macrophage colony-stimulating-factor support for dose-intensive cyclophosphamide, etoposide, and cisplatin",AMERICAN JOURNAL OF HEMATOLOGY,1996,Web of Science Core Collection,TI04
FS-015334,"DNA strand breakage, activation of poly(ADP-ribose) synthetase, and cellular energy depletion are involved in the cytotoxicity in macrophages and smooth muscle cells exposed to peroxynitrite",PROCEEDINGS OF THE NATIONAL ACADEMY OF SCIENCES OF THE UNITED STATES OF AMERICA,1996,Web of Science Core Collection,TI04
FS-015337,Challenge tests to assess airway hyperresponsiveness and efficacy of drugs used in the treatment of asthma,JOURNAL OF AEROSOL MEDICINE-DEPOSITION CLEARANCE AND EFFECTS IN THE LUNG,1996,Web of Science Core Collection,TI05
FS-015338,Phase I study of pharmacologically based dosing of carboplatin with filgrastim support in women with epithelial ovarian cancer,JOURNAL OF CLINICAL ONCOLOGY,1996,Web of Science Core Collection,TI04
FS-015341,Cyclosporin a does not reverse clinical resistance to paclitaxel in patients with relapsed non-Hodgkin's lymphoma,JOURNAL OF CLINICAL ONCOLOGY,1996,Web of Science Core Collection,TI04
FS-015345,Effect of cytokines on the toxicity of cytostatic drugs on leukemic cells in vitro and in vivo,EUROPEAN JOURNAL OF HAEMATOLOGY,1996,Web of Science Core Collection,TI04
FS-015346,Clinical pharmacology of chronic oral etoposide in patients with small cell and non-small cell lung cancer,CLINICAL CANCER RESEARCH,1995,Web of Science Core Collection,TI04
FS-015351,SERUM G-CSF LEVELS IN PATIENTS UNDERGOING G-CSF CHEMOTHERAPY MOBILIZED PERIPHERAL STEM-CELL HARVEST AND PREDICTORS OF NEUTROPHIL AND PLATELET RECOVERY,LEUKEMIA,1995,Web of Science Core Collection,TI04
FS-015355,AN EORTC PILOT-STUDY OF FILGRASTIM (RECOMBINANT HUMAN GRANULOCYTE-COLONY-STIMULATING FACTOR) AS SUPPORT TO A HIGH DOSE-INTENSIVE EPIADRIAMYCIN-CYCLOPHOSPHAMIDE REGIMEN IN CHEMOTHERAPY-NAIVE PATIENTS WITH LOCALLY ADVANCED OR METASTATIC BREAST-CANCER,ANNALS OF ONCOLOGY,1995,Web of Science Core Collection,TI04
FS-015357,AN INTERFERON-GAMMA ACTIVATION SEQUENCE MEDIATES THE TRANSCRIPTIONAL REGULATION OF THE IGG FC RECEPTOR-TYPE-IC GENE BY INTERFERON-GAMMA,MOLECULAR IMMUNOLOGY,1995,Web of Science Core Collection,TI04
FS-015359,EFFECT OF PACLITAXEL (TAXOL) ALONE AND IN COMBINATION WITH RADIATION ON THE GASTROINTESTINAL MUCOSA,INTERNATIONAL JOURNAL OF RADIATION ONCOLOGY BIOLOGY PHYSICS,1995,Web of Science Core Collection,TI04
FS-015360,BRONCHODILATOR SUBSENSITIVITY TO SALBUTAMOL AFTER TWICE-DAILY SALMETEROL IN ASTHMATIC-PATIENTS,LANCET,1995,Web of Science Core Collection,TI04
FS-015367,SUBSENSITIVITY OF BRONCHODILATOR AND SYSTEMIC BETA(2) ADRENOCEPTOR RESPONSES AFTER REGULAR TWICE-DAILY TREATMENT WITH EFORMOTEROL DRY POWDER IN ASTHMATIC-PATIENTS,THORAX,1995,Web of Science Core Collection,TI04
FS-015368,PLASMODIUM-YOELII - 17-KDA HEPATIC AND ERYTHROCYTIC STAGE PROTEIN IS THE TARGET OF AN INHIBITORY MONOCLONAL-ANTIBODY,EXPERIMENTAL PARASITOLOGY,1995,Web of Science Core Collection,TI04
FS-015369,GRANULOCYTE-MACROPHAGE COLONY-STIMULATING FACTOR (GM-CSF) PRIMING IN THE TREATMENT OF ELDERLY PATIENTS WITH ACUTE MYELOGENOUS LEUKEMIA,AMERICAN JOURNAL OF HEMATOLOGY,1995,Web of Science Core Collection,TI04
FS-015372,PHASE-I CLINICAL-TRIAL IN CANCER-PATIENTS OF A NEW MONOCLONAL-ANTIBODY FC-2.15 REACTING WITH TUMOR PROLIFERATING CELLS,JOURNAL OF IMMUNOTHERAPY,1995,Web of Science Core Collection,TI04
FS-015373,A NEW SCHEDULE OF INTERLEUKIN-2 FOR METASTATIC RENAL-CELL CARCINOMA - THE INSTITUT GUSTAVE-ROUSSY STUDY,BULLETIN DU CANCER,1995,Web of Science Core Collection,TI04
FS-015374,COMBINATION OF HIGHLY PURIFIED HUMAN-LEUKOCYTE INTERFERON-ALPHA AND 13-CIS-RETINOIC ACID FOR THE TREATMENT OF METASTATIC MELANOMA,CANCER IMMUNOLOGY IMMUNOTHERAPY,1995,Web of Science Core Collection,TI04
FS-015376,"CISPLATIN, VINCRISTINE AND IFOSPHAMIDE COMBINATION CHEMOTHERAPY OF METASTATIC SEMINOMA - RESULTS OF EORTC TRIAL-30874",BRITISH JOURNAL OF CANCER,1995,Web of Science Core Collection,TI04
FS-015377,A MULTICENTER PHASE-II CLINICAL-TRIAL USING DACARBAZINE AND CONTINUOUS-INFUSION INTERLEUKIN-2 FOR METASTATIC MELANOMA - CLINICAL-DATA AND IMMUNOMONITORING,CANCER,1995,Web of Science Core Collection,TI04
FS-015378,"MITOMYCIN, CISPLATIN, AND VINDESINE FOLLOWED BY RADIOTHERAPY COMBINED WITH CISPLATIN IN STAGE-III NONSMALL CELL LUNG-CANCER - LONG-TERM RESULTS",INTERNATIONAL JOURNAL OF RADIATION ONCOLOGY BIOLOGY PHYSICS,1995,Web of Science Core Collection,TI04
FS-015379,"EFFECTS OF INTERLEUKIN-3 FOLLOWING CHEMOTHERAPY OF NON-HODGKINS-LYMPHOMA - A PROSPECTIVE, CONTROLLED PHASE I/II STUDY",EUROPEAN JOURNAL OF HAEMATOLOGY,1995,Web of Science Core Collection,TI04
FS-015380,"MICHELLAMINE-B, A NOVEL PLANT ALKALOID, INHIBITS HUMAN IMMUNODEFICIENCY VIRUS-INDUCED CELL-KILLING BY AT LEAST 2 DISTINCT MECHANISMS",ANTIMICROBIAL AGENTS AND CHEMOTHERAPY,1995,Web of Science Core Collection,TI04
FS-015381,HIGH-DOSE EPIRUBICIN AND R-MET-HU G-CSF (FILGRASTIM) IN THE TREATMENT OF PATIENTS WITH ADVANCED BREAST-CANCER - A HELLENIC COOPERATIVE ONCOLOGY GROUP-STUDY,MEDICAL AND PEDIATRIC ONCOLOGY,1995,Web of Science Core Collection,TI04
FS-015385,IMPROVEMENT OF HEMATOLOGIC RECOVERY AFTER HIGH-DOSE INTENSIFICATION USING PERIPHERAL-BLOOD PROGENITOR CELLS (PBPC) MOBILIZED BY CHEMOTHERAPY AND GM-CSF,ANNALS OF HEMATOLOGY,1994,Web of Science Core Collection,TI04
FS-015388,PHASE-2 STUDY OF PROLONGED ADMINISTRATION OF ORAL ETOPOSIDE IN COMBINATION WITH WEEKLY CISPLATIN IN ADVANCED NONSMALL CELL LUNG-CANCER,AMERICAN JOURNAL OF CLINICAL ONCOLOGY-CANCER CLINICAL TRIALS,1994,Web of Science Core Collection,TI04
FS-015391,ADMINISTRATION OF THE BACTERIAL EXTRACT BRONCHO-VAXOM(R) ENHANCES RADIATION RECOVERY AND MYELOPOIETIC REGENERATION,IMMUNOPHARMACOLOGY,1994,Web of Science Core Collection,TI04
FS-015395,CHROMATID ABERRATION DOSE RESPONSES AND DISPERSAL IN HUMAN G(2) LYMPHOCYTES TREATED WITH BLEOMYCIN - COMPARISON WITH EQUIVALENT X-IRRADIATION REVEALS FORMATION OF A NOVEL CLASS OF HEAVILY DAMAGED CELLS,MUTATION RESEARCH-FUNDAMENTAL AND MOLECULAR MECHANISMS OF MUTAGENESIS,1994,Web of Science Core Collection,TI04
FS-015398,BRONCHODILATOR SUBSENSITIVITY AFTER CHRONIC DOSING WITH EFORMOTEROL IN PATIENTS WITH ASTHMA,AMERICAN JOURNAL OF MEDICINE,1994,Web of Science Core Collection,TI04
FS-015400,QUANTITATIVE DETECTION OF HEPATITIS-C VIRUS-RNA WITH A SOLID-PHASE SIGNAL AMPLIFICATION METHOD - DEFINITION OF OPTIMAL CONDITIONS FOR SPECIMEN COLLECTION AND CLINICAL-APPLICATION IN INTERFERON-TREATED PATIENTS,HEPATOLOGY,1994,Web of Science Core Collection,TI04
FS-015402,FORMATION AND LOSS OF O-6-METHYLDEOXYGUANOSINE IN HUMAN-LEUKOCYTE DNA FOLLOWING SEQUENTIAL DTIC AND FOTEMUSTINE CHEMOTHERAPY,BRITISH JOURNAL OF CANCER,1994,Web of Science Core Collection,TI04
FS-015404,THE KINETICS OF HUMAN-IMMUNODEFICIENCY-VIRUS REVERSE TRANSCRIPTION ARE SLOWER IN PRIMARY HUMAN MACROPHAGES THAN IN A LYMPHOID-CELL LINE,VIROLOGY,1994,Web of Science Core Collection,TI04
FS-015406,INTERFERON-GAMMA INDUCES THE SYNTHESIS AND ACTIVATION OF CYTOSOLIC PHOSPHOLIPASE A(2),JOURNAL OF CLINICAL INVESTIGATION,1994,Web of Science Core Collection,TI04
FS-015409,KINETIC-ANALYSIS OF HIV-1 EARLY REPLICATIVE STEPS IN A COCULTURE SYSTEM,AIDS RESEARCH AND HUMAN RETROVIRUSES,1994,Web of Science Core Collection,TI04
FS-015411,Growth of <i>Listeria monocytogenes</i> in Milk and its Control by Pediocin 5 Produced by <i>Pediococcus acidilactici</i> UL5,INTERNATIONAL DAIRY JOURNAL,1994,Web of Science Core Collection,TI04
FS-015415,ANGINA DURING HEMODIALYSIS .2.,SEMINARS IN DIALYSIS,1993,Web of Science Core Collection,TI04
FS-015417,"CGP-53437, AN ORALLY BIOAVAILABLE INHIBITOR OF HUMAN-IMMUNODEFICIENCY-VIRUS TYPE-1 PROTEASE WITH POTENT ANTIVIRAL ACTIVITY",ANTIMICROBIAL AGENTS AND CHEMOTHERAPY,1993,Web of Science Core Collection,TI04
FS-015419,HUMAN-IMMUNODEFICIENCY-VIRUS TYPE-1 INFECTION REQUIRES REVERSE TRANSCRIPTION OF NASCENT VIRAL-RNA,DNA AND CELL BIOLOGY,1993,Web of Science Core Collection,TI04
FS-015421,CYTOKINETIC DIFFERENCES IN THE ACTION OF N-[2-(DIMETHYLAMINO)ETHYL]ACRIDINE-4-CARBOXAMIDE AS COMPARED WITH THAT OF AMSACRINE AND DOXORUBICIN,CANCER CHEMOTHERAPY AND PHARMACOLOGY,1993,Web of Science Core Collection,TI04
FS-015422,PHASE-I TRIAL OF GRANULOCYTE-MACROPHAGE COLONY-STIMULATING FACTOR PLUS HIGH-DOSE CYCLOPHOSPHAMIDE GIVEN EVERY 2 WEEKS - A CANCER AND LEUKEMIA GROUP-B STUDY,JOURNAL OF THE NATIONAL CANCER INSTITUTE,1993,Web of Science Core Collection,TI04
FS-015424,EFFECT OF REGULATING CHOLESTEROL-BIOSYNTHESIS ON BREATH ISOPRENE EXCRETION IN MEN,LIPIDS,1993,Web of Science Core Collection,TI04
FS-015425,PLATINUM-DNA ADDUCT IN HEAD AND NECK-CANCER PATIENTS RECEIVING CISPLATIN AND CARBOPLATIN CHEMOTHERAPY,INTERNATIONAL JOURNAL OF ONCOLOGY,1993,Web of Science Core Collection,TI04
FS-015427,A PHASE-I STUDY OF INTRAVENOUS BRYOSTATIN-1 IN PATIENTS WITH ADVANCED CANCER,BRITISH JOURNAL OF CANCER,1993,Web of Science Core Collection,TI04
FS-015429,"CHRONIC NON-A, NON-B-HEPATITIS COMPLICATED BY END-STAGE RENAL-FAILURE TREATED WITH RECOMBINANT INTERFERON-ALPHA",JOURNAL OF HEPATOLOGY,1993,Web of Science Core Collection,TI04
FS-015431,SEQUENTIAL ADMINISTRATION OF VARYING DOSES OF DACARBAZINE AND FOTEMUSTINE IN ADVANCED MALIGNANT-MELANOMA,BRITISH JOURNAL OF CANCER,1993,Web of Science Core Collection,TI04
FS-015433,"INTRAUTERINE INSEMINATION WITH HUSBANDS SPERM - COMPARISON OF PREGNANCY RATES IN COUPLES WITH CERVICAL FACTOR, MALE FACTOR, IMMUNOLOGICAL FACTOR AND IDIOPATHIC INFERTILITY",AUSTRALIAN & NEW ZEALAND JOURNAL OF OBSTETRICS & GYNAECOLOGY,1993,Web of Science Core Collection,TI04
FS-015434,ADVERSE REACTIONS TO INTRAVENOUS CONTRAST-MEDIA IN PATIENTS TREATED WITH INTERLEUKIN-2,JOURNAL OF IMMUNOTHERAPY,1993,Web of Science Core Collection,TI04
FS-015441,FEASIBILITY STUDY OF POSTOPERATIVE ADJUVANT CHEMOTHERAPY AND RADIOTHERAPY FOR SOFT-TISSUE SARCOMA,CANCER CHEMOTHERAPY AND PHARMACOLOGY,1993,Web of Science Core Collection,TI04
FS-015443,ULTRASTRUCTURAL FEATURES OF FETAL ERYTHROID PRECURSORS INFECTED WITH PARVOVIRUS-B19 INVITRO - EVIDENCE OF CELL-DEATH BY APOPTOSIS,JOURNAL OF PATHOLOGY,1993,Web of Science Core Collection,TI04
FS-015444,MOTOR BEHAVIOR OF PREY DURING 1ST STEPS OF FOOD CAPTURE BY ACTINOPHRYS-SOL,ACTA PROTOZOOLOGICA,1993,Web of Science Core Collection,TI04
FS-015448,SERUM ALPHA-2-MACROGLOBULIN IN HEMODIALYSIS-PATIENTS - BASE-LINE AND KINETIC-STUDIES,NEPHROLOGY DIALYSIS TRANSPLANTATION,1993,Web of Science Core Collection,TI04
FS-015449,"INVIVO DEPLETION OF O-6-ALKYLGUANINE-DNA-ALKYLTRANSFERASE IN LYMPHOCYTES AND MELANOMA OF PATIENTS TREATED WITH CB10-277, A NEW DTIC ANALOG",CANCER CHEMOTHERAPY AND PHARMACOLOGY,1992,Web of Science Core Collection,TI04
FS-015451,BETA-ENDORPHIN INHIBITS INTERLEUKIN-2 RELEASE AND EXPRESSION OF INTERLEUKIN-2 RECEPTORS IN CONCANAVALIN A-STIMULATED SPLENIC LYMPHOCYTES,LYMPHOKINE AND CYTOKINE RESEARCH,1992,Web of Science Core Collection,TI04
FS-015454,GROWTH HORMONE-RELEASING HORMONE ANTIBODIES SUPPRESS SLEEP AND PREVENT ENHANCEMENT OF SLEEP AFTER SLEEP-DEPRIVATION,AMERICAN JOURNAL OF PHYSIOLOGY,1992,Web of Science Core Collection,TI04
FS-015455,HISTOLOGIC INVESTIGATION OF THE HUMAN PULP AFTER THERMODEBONDING OF METAL AND CERAMIC BRACKETS,AMERICAN JOURNAL OF ORTHODONTICS AND DENTOFACIAL ORTHOPEDICS,1992,Web of Science Core Collection,TI04
FS-015457,"THE YIELD OF FISSION NEUTRON-INDUCED CHROMATID ABERRATIONS IN G2-STAGE HUMAN-LYMPHOCYTES - EFFECT OF CAFFEINE, HYDROXYUREA AND CYTOSINE-ARABINOSIDE POSTIRRADIATION",INTERNATIONAL JOURNAL OF RADIATION BIOLOGY,1992,Web of Science Core Collection,TI04
FS-015458,APOPTOTIC CELL-DEATH TRIGGERED BY CAMPTOTHECIN OR TENIPOSIDE - THE CELL-CYCLE SPECIFICITY AND EFFECTS OF IONIZING-RADIATION,CELL PROLIFERATION,1992,Web of Science Core Collection,TI04
FS-015460,ASCORBATE TREATMENT PREVENTS ACCUMULATION OF PHAGOSOMES IN RPE IN LIGHT DAMAGE,INVESTIGATIVE OPHTHALMOLOGY & VISUAL SCIENCE,1992,Web of Science Core Collection,TI04
FS-015461,SULFONIC-ACID DYES - INHIBITION OF THE HUMAN-IMMUNODEFICIENCY-VIRUS AND MECHANISM OF ACTION,JOURNAL OF ACQUIRED IMMUNE DEFICIENCY SYNDROMES AND HUMAN RETROVIROLOGY,1992,Web of Science Core Collection,TI04
FS-015464,ORDERED APPEARANCE OF HUMAN-IMMUNODEFICIENCY-VIRUS TYPE-1 NUCLEIC-ACIDS FOLLOWING HIGH MULTIPLICITY INFECTION OF MACROPHAGES,JOURNAL OF GENERAL VIROLOGY,1992,Web of Science Core Collection,TI04
FS-015465,EFFECTS OF ADENINE-ARABINOSIDE AND COFORMYCIN ON THE KINETICS OF G2 CHROMATID ABERRATIONS IN X-IRRADIATED HUMAN-LYMPHOCYTES,MUTAGENESIS,1992,Web of Science Core Collection,TI04
FS-015473,LEUKOCYTES AND FREE-RADICALS IN STABLE ANGINA-PECTORIS,JAPANESE HEART JOURNAL,1992,Web of Science Core Collection,TI04
FS-015474,INITIAL FORMATION OF CELLULAR INTRINSIC FIBER CEMENTUM IN DEVELOPING HUMAN TEETH - A LIGHT-MICROSCOPIC AND ELECTRON-MICROSCOPIC STUDY,CELL AND TISSUE RESEARCH,1992,Web of Science Core Collection,TI04
FS-015475,A PHASE-II STUDY OF SEQUENTIAL RECOMBINANT INTERLEUKIN-2 FOLLOWED BY DACARBAZINE IN METASTATIC MELANOMA,EUROPEAN JOURNAL OF CANCER,1992,Web of Science Core Collection,TI04
FS-015476,EFFECT OF PROSTAGLANDIN-E(2) OR PROSTAGLANDIN SYNTHESIS INHIBITORS ON HUMAN GONADOTROPINS AND PROLACTIN,EICOSANOIDS,1992,Web of Science Core Collection,TI04
FS-015482,DEOXYGUANOSINE ENHANCES THE CYTOTOXICITY OF THE TOPOISOMERASE-I INHIBITOR CAMPTOTHECIN BY REDUCING THE REPAIR OF DOUBLE-STRAND BREAKS INDUCED IN REPLICATING DNA,JOURNAL OF CELL SCIENCE,1991,Web of Science Core Collection,TI04
FS-015484,ENHANCED SERUM LEVELS OF SOLUBLE HLA CLASS-I MOLECULES ARE INDUCED BY TREATMENT WITH RECOMBINANT INTERFERON-GAMMA (IFN-GAMMA),CLINICAL AND EXPERIMENTAL IMMUNOLOGY,1991,Web of Science Core Collection,TI04
FS-015486,INVIVO EFFECT OF GRANULOCYTE MACROPHAGE COLONY-STIMULATING FACTOR ON THE KINETICS OF HUMAN ACUTE MYELOID-LEUKEMIA CELLS,LEUKEMIA,1991,Web of Science Core Collection,TI04
FS-015490,A PHASE-II STUDY OF EPIDOXORUBICIN IN COLORECTAL-CANCER AND THE USE OF CYCLOSPORINE-A IN AN ATTEMPT TO REVERSE MULTIDRUG RESISTANCE,BRITISH JOURNAL OF CANCER,1991,Web of Science Core Collection,TI04
FS-015495,INDUCTION OF CHROMOSOMAL-ABERRATIONS AND SCE BY CHLORAMPHENICOL,MUTATION RESEARCH,1991,Web of Science Core Collection,TI04
FS-015496,DEXAMETHASONE INHIBITS HUMAN INTERLEUKIN-2 BUT NOT INTERLEUKIN-2 RECEPTOR GENE-EXPRESSION INVITRO AT THE LEVEL OF NUCLEAR TRANSCRIPTION,JOURNAL OF CLINICAL INVESTIGATION,1991,Web of Science Core Collection,TI04
FS-015497,MODIFICATION OF X-RAY-INDUCED CHROMOSOME ABERRATION FREQUENCY BY PREIRRADIATION AND POSTIRRADIATION HYPERTHERMIA OF HUMAN PERIPHERAL LYMPHOCYTES,INTERNATIONAL JOURNAL OF RADIATION BIOLOGY,1991,Web of Science Core Collection,TI04
FS-015502,ADAPTIVE RESPONSE TO CHROMOSOME-DAMAGE IN CULTURED HUMAN-LYMPHOCYTES PRIMED WITH LOW-DOSES OF X-RAYS,MUTATION RESEARCH,1991,Web of Science Core Collection,TI04
FS-015503,"KINETICS OF GRANULOCYTIC AND ERYTHROID PROGENITOR CELLS ARE AFFECTED DIFFERENTLY BY SHORT-TERM, LOW-LEVEL BENZENE EXPOSURE",ARCHIVES OF TOXICOLOGY,1991,Web of Science Core Collection,TI04
FS-015505,SEROLOGIC CHARACTERIZATION OF PARACOCCIDIOIDES-BRASILIENSIS E2 ANTIGEN,BRAZILIAN JOURNAL OF MEDICAL AND BIOLOGICAL RESEARCH,1991,Web of Science Core Collection,TI04
FS-015514,"RADIOCHEMICAL PURITY OF D,L-HEXAMETHYLPROPYLENE AMINE OXIME AND ANALYSIS OF URINE-EXCRETED HMPAO DECOMPOSITION SPECIES",EUROPEAN JOURNAL OF NUCLEAR MEDICINE,1990,Web of Science Core Collection,TI04
FS-015515,PHASE-I-II TRIAL ON NATURAL INTERFERON-BETA IN CHEMORESISTANT AND RELAPSING MULTIPLE-MYELOMA,HAEMATOLOGICA,1990,Web of Science Core Collection,TI04
FS-015518,EFFECT OF GRANULOCYTE-MACROPHAGE COLONY-STIMULATING FACTOR ON NEUTROPENIA AND RELATED MORBIDITY INDUCED BY MYELOTOXIC CHEMOTHERAPY,AMERICAN JOURNAL OF MEDICINE,1990,Web of Science Core Collection,TI04
FS-015520,CELLULAR EVENTS DURING SEXUAL DEVELOPMENT FROM AMEBA TO PLASMODIUM IN THE SLIME-MOLD PHYSARUM-POLYCEPHALUM,JOURNAL OF GENERAL MICROBIOLOGY,1990,Web of Science Core Collection,TI04
FS-015521,IMPROVED METHODS FOR OBTAINING COLONIES OF HUMAN PERIPHERAL-BLOOD LYMPHOCYTES INVITRO FOR RADIATION DOSE-SURVIVAL STUDIES,MUTATION RESEARCH,1990,Web of Science Core Collection,TI04
FS-015523,"GENOTOXICITY OF 1-NITROPYRENE AND 2,4,7-TRINITRO-9-FLUORENONE TO MAMMALIAN-CELLS",MUTATION RESEARCH,1990,Web of Science Core Collection,TI04
FS-015525,SENSITIVITY OF CULTURED LYMPHOCYTES FROM PATIENTS WITH NEVOID BASAL-CELL CARCINOMA SYNDROME TO ULTRAVIOLET-LIGHT AND PHYTOHEMAGGLUTININ STIMULATION,TERATOGENESIS CARCINOGENESIS AND MUTAGENESIS,1990,Web of Science Core Collection,TI04
FS-015526,CIRCULATING MYELOID PROGENITOR-CELL KINETICS DURING HEMATOLOGIC RECOVERY FROM CHEMOTHERAPY AND SUBSEQUENT RECOMBINANT HUMAN GRANULOCYTE-MACROPHAGE COLONY-STIMULATING FACTOR ADMINISTRATION,ACTA HAEMATOLOGICA,1990,Web of Science Core Collection,TI04
FS-015527,CARRIER DETECTION IN XERODERMA PIGMENTOSUM,JOURNAL OF CLINICAL INVESTIGATION,1990,Web of Science Core Collection,TI04
FS-015531,"ACTIN-FILAMENTS AND THE GROWTH, MOVEMENT, AND SPREAD OF THE INTRACELLULAR BACTERIAL PARASITE, LISTERIA-MONOCYTOGENES",JOURNAL OF CELL BIOLOGY,1989,Web of Science Core Collection,TI04
FS-015537,LENTIVIRUS-INDUCED INTERFERON INHIBITS MATURATION AND PROLIFERATION OF MONOCYTES AND RESTRICTS THE REPLICATION OF CAPRINE ARTHRITIS-ENCEPHALITIS VIRUS,JOURNAL OF VIROLOGY,1989,Web of Science Core Collection,TI04
FS-015538,REACTIVITY OF THE HUMAN MONOCLONAL-ANTIBODY 33G2 WITH REPEATED SEQUENCES OF 3 DISTINCT PLASMODIUM-FALCIPARUM ANTIGENS,JOURNAL OF IMMUNOLOGY,1989,Web of Science Core Collection,TI04
FS-015540,FATE AND THERMAL INACTIVATION OF LISTERIA-MONOCYTOGENES IN BEAKER SAUSAGE AND PEPPERONI,JOURNAL OF FOOD PROTECTION,1989,Web of Science Core Collection,TI04
FS-015543,CHLOROPLAST DIVISION WITHOUT DNA-SYNTHESIS DURING THE LIFE-CYCLE OF THE UNICELLULAR ALGA CYANIDIUM-CALDARIUM M-8 AS REVEALED BY QUANTITATIVE FLUORESCENCE MICROSCOPY,PROTOPLASMA,1989,Web of Science Core Collection,TI04
FS-015545,INDUCTION OF EXPRESSIONS OF C-FOS AND C-MYC PROTOONCOGENES BY BASIC CALCIUM-PHOSPHATE CRYSTAL - EFFECT OF BETA-INTERFERON,CANCER RESEARCH,1989,Web of Science Core Collection,TI04
FS-015546,RETINAL LIGHT DAMAGE REDUCES AUTO-FLUORESCENT PIGMENT DEPOSITION IN THE RETINAL-PIGMENT EPITHELIUM,INVESTIGATIVE OPHTHALMOLOGY & VISUAL SCIENCE,1989,Web of Science Core Collection,TI04
FS-015547,THE PRODUCTION OF CHROMOSOMAL ALTERATIONS IN HUMAN-LYMPHOCYTES BY DRUGS KNOWN TO INTERFERE WITH THE ACTIVITY OF DNA TOPOISOMERASE-II .1. M-AMSA,CARCINOGENESIS,1989,Web of Science Core Collection,TI04
FS-015554,TRANSCRIPTIONAL ACTIVATION OF HLA-DR-ALPHA BY INTERFERON-GAMMA REQUIRES A TRANS-ACTING PROTEIN,PROCEEDINGS OF THE NATIONAL ACADEMY OF SCIENCES OF THE UNITED STATES OF AMERICA,1988,Web of Science Core Collection,TI04
FS-015560,ERYTHROCYTIC SCHIZOGONY AND INVASION OF PLASMODIUM-VIVAX INVITRO,INTERNATIONAL JOURNAL FOR PARASITOLOGY,1988,Web of Science Core Collection,TI04
FS-015561,INVIVO EFFECTS OF HIGH-DOSE STEROIDS ON NUCLEIC-ACID CONTENT OF IMMUNOCOMPETENT CELLS OF RENAL-ALLOGRAFT RECIPIENTS,TRANSPLANTATION,1988,Web of Science Core Collection,TI04
FS-015562,INDUCTION OF CHROMOSOME-ABERRATIONS AND MITOTIC ARREST BY CYTOMEGALO-VIRUS IN HUMAN-CELLS,ENVIRONMENTAL AND MOLECULAR MUTAGENESIS,1988,Web of Science Core Collection,TI04
FS-015564,THE ACCUMULATION OF PLATELET ACTIVATING FACTOR IN THE INJURED CORNEA MAY BE INTERRELATED WITH THE SYNTHESIS OF LIPOXYGENASE PRODUCTS,BIOCHEMICAL AND BIOPHYSICAL RESEARCH COMMUNICATIONS,1987,Web of Science Core Collection,TI04
FS-015566,FATE OF GAMMA-INTERFERON-ACTIVATED KILLER BLOOD MONOCYTES ADOPTIVELY TRANSFERRED INTO THE ABDOMINAL-CAVITY OF PATIENTS WITH PERITONEAL CARCINOMATOSIS,CANCER RESEARCH,1987,Web of Science Core Collection,TI04
FS-015570,CHARACTERIZATION OF THE ADAPTIVE RESPONSE TO IONIZING-RADIATION INDUCED BY LOW-DOSES OF X-RAYS TO HUMAN-LYMPHOCYTES,RADIATION RESEARCH,1987,Web of Science Core Collection,TI04
FS-015572,MECHANISM OF ESCAPE OF EXOERYTHROCYTIC FORMS (EEF) OF MALARIA PARASITES FROM THE INHIBITORY EFFECTS OF INTERFERON-GAMMA,JOURNAL OF IMMUNOLOGY,1987,Web of Science Core Collection,TI04
FS-015573,THE EFFECTS OF AGING ON PHOSPHOFRUCTOKINASE INDUCTION DURING LYMPHOCYTE MITOGENESIS IN RELATION TO DNA AND PROTEIN-SYNTHESIS,MOLECULAR AND CELLULAR BIOCHEMISTRY,1987,Web of Science Core Collection,TI04
FS-015575,DETERGENT-TREATED NEWCASTLE-DISEASE VIRUS AS AN AGAR-GEL PRECIPITIN TEST ANTIGEN,POULTRY SCIENCE,1987,Web of Science Core Collection,TI04
FS-015582,COMMITMENT TO REPLICATION ACCOMPANIED BY EARLY NUCLEAR GROWTH AND PRECOCIOUS CHANGES IN CHROMATIN CYTOCHEMISTRY IN ALLIUM-CEPA MERISTEMS,CYTOBIOS,1987,Web of Science Core Collection,TI04
FS-015583,EFFECTS OF LIQUID HOLDING BY L-ETHIONINE ON THE SCE FREQUENCY INDUCED BY NITROGEN-MUSTARD IN HUMAN-LYMPHOCYTE CULTURES,MUTATION RESEARCH,1986,Web of Science Core Collection,TI04
FS-015587,EFFECT OF INTENSIFIED CHEMOTHERAPY ON THE PLURIPOTENT HEMATOPOIETIC PROGENITOR CELLS CFU-GEMM IN ADULT ACUTE LYMPHOBLASTIC-LEUKEMIA,BRITISH JOURNAL OF HAEMATOLOGY,1986,Web of Science Core Collection,TI04
FS-015588,INTERFERON INHIBITS THE ESTABLISHMENT OF COMPETENCE IN GO/S-PHASE TRANSITION,SCIENCE,1986,Web of Science Core Collection,TI04
FS-015592,THALIDOMIDE EFFECTS IN BEHCETS-SYNDROME AND PUSTULAR VASCULITIS,ARCHIVES OF INTERNAL MEDICINE,1986,Web of Science Core Collection,TI04
FS-015594,EFFECT OF DIFFERENT WAVE-FORMS ON ACUTE PLEURISY DURING ELECTRICAL ACUPUNCTURE,AMERICAN JOURNAL OF ACUPUNCTURE,1986,Web of Science Core Collection,TI04
FS-015595,ARABINOFURANOSYL-5-AZACYTOSINE - ANTITUMOR AND CYTOTOXIC PROPERTIES,CANCER RESEARCH,1986,Web of Science Core Collection,TI04
FS-015598,CORRELATION BETWEEN INTRACELLULAR NUCLEATION TEMPERATURES AND CELL-DAMAGE OF HUMAN-LYMPHOCYTES IN THE PRESENCE OF VARIOUS CONCENTRATIONS OF DIMETHYLSULFOXIDE DETERMINED BY CRYOMICROSCOPY,CRYOLETTERS,1986,Web of Science Core Collection,TI04
FS-015602,INTERLEUKIN-2 MESSENGER-RNA INDUCTION IN HUMAN-LYMPHOCYTES - ANALYSIS OF THE SYNERGISTIC EFFECT OF A PHORBOL ESTER AND PHYTOHEMAGGLUTININ,JOURNAL OF BIOCHEMISTRY,1985,Web of Science Core Collection,TI04
FS-015604,SISTER-CHROMATID EXCHANGES AND CELL-CYCLE KINETICS IN HUMAN-LYMPHOCYTE CULTURES EXPOSED TO ALKYLATING MUTAGENS - APPARENT DEFORMITY IN DOSE-RESPONSE RELATIONSHIPS,MUTATION RESEARCH,1985,Web of Science Core Collection,TI04
FS-015606,ANTIVIRAL ACTIVITY OF PROSTAGLANDIN-A ON ENCEPHALOMYOCARDITIS VIRUS-INFECTED CELLS - A UNIQUE EFFECT UNRELATED TO INTERFERON,JOURNAL OF GENERAL VIROLOGY,1985,Web of Science Core Collection,TI04
FS-015608,GROWTH-RELATED CHANGES IN SPECIFIC MESSENGER-RNAS UPON LECTIN ACTIVATION OF HUMAN-LYMPHOCYTES,DNA-A JOURNAL OF MOLECULAR & CELLULAR BIOLOGY,1985,Web of Science Core Collection,TI04
FS-015615,COMBINATION CHEMOTHERAPY FOR ADVANCED NON-HODGKINS LYMPHOMAS OTHER THAN DIFFUSE HISTIOCYTIC OR UNDIFFERENTIATED HISTOLOGIES,CANCER TREATMENT REPORTS,1984,Web of Science Core Collection,TI04
FS-015616,"IDIOPATHIC THROMBOCYTOPENIA, INITIAL ILLNESS AND LONG-TERM FOLLOW UP",ARCHIVES OF DISEASE IN CHILDHOOD,1984,Web of Science Core Collection,TI04
FS-015620,MORPHOMETRIC AND CHRONOBIOLOGICAL STUDIES ON THE DYNAMICS OF THE NUCLEAR-ENVELOPE AND THE NUCLEOLUS DURING MITOSIS OF THE COLORLESS PHYTOFLAGELLATE POLYTOMA-PAPILLATUM,PROTOPLASMA,1983,Web of Science Core Collection,TI04
FS-015623,CELL-SPECIFIC REGULATION OF THE C-MYC-GENE BY LYMPHOCYTE MITOGENS AND PLATELET-DERIVED GROWTH-FACTOR,CELL,1983,Web of Science Core Collection,TI04
FS-015628,THE INFLUENCE OF CELL-CYCLE KINETICS ON THE RADIOSENSITIVITY OF DOWNS-SYNDROME LYMPHOCYTES,MUTATION RESEARCH,1983,Web of Science Core Collection,TI04
FS-015631,"IMMUNOLOGICAL STABILITY OF AN ELAPID VENOM, TROPIDECHIS-CARINATUS, AND ITS RELEVANCE TO THE CLINICAL DETECTION OF SNAKE-VENOM",AUSTRALIAN JOURNAL OF EXPERIMENTAL BIOLOGY AND MEDICAL SCIENCE,1983,Web of Science Core Collection,TI04
FS-015632,PROLIFERATIVE KINETICS AND MITOMYCIN C-INDUCED CHROMOSOME-DAMAGE IN FANCONI ANEMIA LYMPHOCYTES,HUMAN GENETICS,1983,Web of Science Core Collection,TI04
FS-015636,INVESTIGATIONS ON THE BIPHASIC RESPONSE OF THE RETICULOENDOTHELIAL SYSTEM INDUCED BY THE LIPOPOLYSACCHARIDE OF SALMONELLA-ABORTUS-EQUI (PYREXAL),ACTA BIOLOGICA ACADEMIAE SCIENTIARUM HUNGARICAE,1982,Web of Science Core Collection,TI04
FS-015638,ROLE OF ANTIVIRAL ANTIBODIES IN RESISTANCE AGAINST COXSACKIEVIRUS-B3 INFECTION - INTERACTION BETWEEN PRE-EXISTING ANTIBODIES AND AN INTERFERON INDUCER,INFECTION AND IMMUNITY,1982,Web of Science Core Collection,TI04
FS-015639,EFFECT OF INTERFERON ON THE EXOGENOUS FRIEND MURINE LEUKEMIA-VIRUS INFECTION,VIROLOGY,1982,Web of Science Core Collection,TI04
FS-015640,REPLICATION OF LACTATE DEHYDROGENASE-ELEVATING VIRUS IN MACROPHAGES .1. EVIDENCE FOR CYTOCIDAL REPLICATION,JOURNAL OF GENERAL VIROLOGY,1982,Web of Science Core Collection,TI04
FS-015641,"CYTOKINETIC EVALUATION OF THE 4-DRUG COMBINATION OF BLEOMYCIN, VINCRISTINE, MITOMYCIN-C, AND METHOTREXATE (BOMM) IN CULTURED BURKITTS-LYMPHOMA CELLS AND HUMAN-BONE MARROW",CANCER,1982,Web of Science Core Collection,TI04
FS-015645,QUANTITATIVE-ANALYSIS OF THE CYTOKINETIC RESPONSE OF KHT TUMORS INVIVO TO 1-BETA-D-ARABINOFURANOSYLCYTOSINE,CANCER RESEARCH,1982,Web of Science Core Collection,TI04
FS-015646,ENZYME REGULATION IN C-4 PHOTOSYNTHESIS - PURIFICATION AND PROPERTIES OF THIOREDOXIN-LINKED FRUCTOSE BISPHOSPHATASE AND SEDOHEPTULOSE BISPHOSPHATASE FROM CORN LEAVES,JOURNAL OF BIOLOGICAL CHEMISTRY,1981,Web of Science Core Collection,TI04
FS-015647,"EFFECTS OF THE L ISOMER (+)-1,2-BIS(3,5-DIOXOPIPERAZINE-1-YL)PROPANE ON CELL-SURVIVAL AND CELL-CYCLE PROGRESSION OF CULTURED MAMMALIAN-CELLS",CANCER RESEARCH,1981,Web of Science Core Collection,TI04
FS-015649,ACTIVATED MACROPHAGES MEDIATE INTERFERON-INDEPENDENT INHIBITION OF HERPES-SIMPLEX VIRUS,CELLULAR IMMUNOLOGY,1981,Web of Science Core Collection,TI04
FS-015650,EFFECT OF INFLAMMATORY DISEASE ON PLASMA-CONCENTRATIONS OF 3 BETA-ADRENOCEPTOR BLOCKING-AGENTS,INTERNATIONAL JOURNAL OF CLINICAL PHARMACOLOGY AND THERAPEUTICS,1981,Web of Science Core Collection,TI04
FS-015652,ULTRASTRUCTURAL ANALYSIS OF THE LIFE-CYCLE OF AN APOMICTIC (APO) STRAIN OF SACCHAROMYCES-CEREVISIAE .2. MITOTIC REPRODUCTION,BIOLOGY OF THE CELL,1981,Web of Science Core Collection,TI04
FS-015653,ACID-PHOSPHATASE-ACTIVITY OF THE LYMPHOCYTES DURING POLYCHEMOTHERAPY OF LYMPHOPROLIFERATIVE DISEASES,ARCHIVUM IMMUNOLOGIAE ET THERAPIAE EXPERIMENTALIS,1981,Web of Science Core Collection,TI04
FS-015655,STUDIES ON ENDO-REDUPLICATION .2. SPONTANEOUS OCCURRENCE AND CELLULAR KINETICS OF ENDO-REDUPLICATION IN PHA-STIMULATED TONSILLAR LYMPHOCYTES,CYTOGENETICS AND CELL GENETICS,1981,Web of Science Core Collection,TI04
FS-015656,PNEUMOCYSTIS-CARINII PNEUMONIA - A LIGHT MICROSCOPICAL AND ULTRASTRUCTURAL-STUDY,JOURNAL OF CLINICAL PATHOLOGY,1981,Web of Science Core Collection,TI04
FS-015657,EFFECT OF VINCRISTINE ON BONE-MARROW CELLS OF PATIENTS WITH MULTIPLE-MYELOMA - A CYTOKINETIC STUDY,VIRCHOWS ARCHIV B-CELL PATHOLOGY INCLUDING MOLECULAR PATHOLOGY,1981,Web of Science Core Collection,TI04
FS-015658,"QUANTIFICATION AND INTRACELLULAR-DISTRIBUTION OF RIBULOSE-1,5-BISPHOSPHATE CARBOXYLASE IN THIOBACILLUS-NEAPOLITANUS, AS RELATED TO POSSIBLE FUNCTIONS OF CARBOXYSOMES",ARCHIVES OF MICROBIOLOGY,1981,Web of Science Core Collection,TI04
FS-015659,COLONY GROWTH OF HUMAN LYMPHOCYTE-T COLONY-FORMING-UNITS (TL-CFU) AFTER X-IRRADIATION,BIOMEDICINE,1981,Web of Science Core Collection,TI04
FS-015660,FINE-STRUCTURAL CHANGES DURING THE CELL-CYCLE OF PLATYMONAS-STRIATA BUTCHER,NOVA HEDWIGIA,1980,Web of Science Core Collection,TI04
FS-015662,CELLULAR RADIATION EFFECTS AND HYPERTHERMIA - CYTOKINETIC INVESTIGATIONS WITH STATIONARY PHASE YEAST-CELLS,RADIATION AND ENVIRONMENTAL BIOPHYSICS,1980,Web of Science Core Collection,TI04
FS-015664,INHIBITION OF HERPES-SIMPLEX VIRUS TYPE-1 SPECIFIC TRANSLATION IN CELLS TREATED WITH POLY(RI).POLY(RC),JOURNAL OF GENERAL VIROLOGY,1980,Web of Science Core Collection,TI04
FS-015666,MITOTIC EBNA-POSITIVE LYMPHOCYTES IN PERIPHERAL-BLOOD DURING INFECTIOUS MONONUCLEOSIS,NATURE,1980,Web of Science Core Collection,TI04
FS-015667,USE OF HARLEQUIN STAINING TO MEASURE DELAY IN THE HUMAN-LYMPHOCYTE CELL-CYCLE INDUCED BY INVITRO X-IRRADIATION,MUTATION RESEARCH,1980,Web of Science Core Collection,TI04
FS-015670,BACILLUS-CALMETTE-GUERIN ENHANCEMENT OF COLONY-STIMULATING ACTIVITY AND MYELOID COLONY FORMATION FOLLOWING ADMINISTRATION OF CYCLOPHOSPHAMIDE,CANCER RESEARCH,1979,Web of Science Core Collection,TI04
FS-015671,RELATION BETWEEN CELL-CYCLE AND YIELD OF ABERRATIONS OBSERVED IN IRRADIATED HUMAN-LYMPHOCYTES,CANADIAN JOURNAL OF GENETICS AND CYTOLOGY,1979,Web of Science Core Collection,TI04
FS-015672,CELL-PROLIFERATION AND DNA-DEPENDENT DNA-POLYMERASE ESTIMATION IN ACUTE LYMPHOBLASTIC LEUKEMIA DURING TREATMENT WITH PREDNISONE AND VINCRISTINE,SCANDINAVIAN JOURNAL OF HAEMATOLOGY,1979,Web of Science Core Collection,TI04
FS-015673,HIGH-DOSE CYTOSINE-ARABINOSIDE (HDARAC) IN REFRACTORY ACUTE-LEUKEMIA,CANCER,1979,Web of Science Core Collection,TI04
FS-015674,EFFECT OF URETERAL LIGATION AND NEPHRECTOMY ON GRANULOCYTE-MACROPHAGE PROGENITOR CELLS AND AZATHIOPRINE TOXICITY,TRANSPLANTATION,1979,Web of Science Core Collection,TI04
FS-015680,EFFECT OF CORYNEBACTERIUM-PARVUM ON PROLIFERATIVE RATE OF GRANULOCYTE-MACROPHAGE PROGENITOR CELLS AND TOXICITY OF CHEMOTHERAPY,CANCER RESEARCH,1978,Web of Science Core Collection,TI04
FS-015681,INDUCTION OF EBNA PRECEDES 1ST CELLULAR S-PHASE AFTER EBV-INFECTION OF HUMAN LYMPHOCYTES,INTERNATIONAL JOURNAL OF CANCER,1978,Web of Science Core Collection,TI04
FS-015687,"TYPE-COMMON CP-1 ANTIGEN OF HERPES-SIMPLEX VIRUS IS ASSOCIATED WITH A 59,000-MOLECULAR-WEIGHT ENVELOPE GLYCOPROTEIN",JOURNAL OF VIROLOGY,1978,Web of Science Core Collection,TI04
FS-015688,CYTOKINETIC ANALYSIS AT VARIOUS AGES OF AN ASCITES TUMOR AFTER RADIATION,TUMORI JOURNAL,1978,Web of Science Core Collection,TI04
FS-015689,SYNCHRONIZATION OF DESMID STAURASTRUM-GRACILE,PROTOPLASMA,1978,Web of Science Core Collection,TI04
FS-015690,INCREASED OUABAIN-SENSITIVE GLYCOLYSIS OF LYMPHOCYTES TREATED WITH PHYTOHEMAGGLUTININ - RELATIONSHIP TO POTASSIUM-TRANSPORT,JOURNAL OF CELLULAR PHYSIOLOGY,1978,Web of Science Core Collection,TI04
FS-015694,BIOLOGICAL CHARACTERIZATION OF A PROLONGED ANTILEUKEMIC EFFECT OF 5-AZACYTIDINE,CANCER RESEARCH,1977,Web of Science Core Collection,TI04
FS-015697,"CROMOLYN SODIUM, 5 TO 6 YEARS LATER",ANNALS OF ALLERGY,1977,Web of Science Core Collection,TI04
FS-015699,COMPLEMENT-FIXING ANTIGEN OF HUMAN CYTO-MEGALO-VIRUSES,JOURNAL OF INFECTIOUS DISEASES,1977,Web of Science Core Collection,TI04
FS-015702,VISUAL PIGMENT LOSS AFTER LIGHT-INDUCED SHEDDING OF ROD OUTER SEGMENTS,EXPERIMENTAL EYE RESEARCH,1976,Web of Science Core Collection,TI04
FS-015704,"BLEOMYCIN, ADRIAMYCIN, CYCLOPHOSPHAMIDE, VINCRISTINE, AND PREDNISONE (BACOP) COMBINATION CHEMOTHERAPY IN TREATMENT OF ADVANCED DIFFUSE HISTIOCYTIC LYMPHOMA",ANNALS OF INTERNAL MEDICINE,1976,Web of Science Core Collection,TI04
FS-015706,HUMAN LEUKOCYTE TEST SYSTEM .10. HIGHER SENSITIVITY TO X-IRRADIATION IN G0 STAGE OF CELL-CYCLE OF EARLY AS COMPARED TO LATE REPLICATING CELLS,HUMAN GENETICS,1976,Web of Science Core Collection,TI04
FS-015708,"CHARACTERIZATION OF A TEMPERATURE-SENSITIVE, HEXON TRANSPORT MUTANT OF TYPE-5 ADENOVIRUS",JOURNAL OF VIROLOGY,1976,Web of Science Core Collection,TI04
FS-015709,IMMUNOLOGICAL PHENOMENA INDUCED BY UV RAYS,ACTA DERMATO-VENEREOLOGICA,1976,Web of Science Core Collection,TI04
FS-015710,COMBINATION OF FEULGEN NUCLEAR-REACTION WITH IMMUNOFLUORESCENT STAINING FOR PHOTOPRODUCTS OF DNA AFTER UV-IRRADIATION,ACTA HISTOCHEMICA ET CYTOCHEMICA,1976,Web of Science Core Collection,TI04
FS-015711,VIRION HEAT-SENSITIVITY OF ADENOVIRUS TYPE-5 TEMPERATURE-SENSITIVE MUTANTS AND INTERFERON INDUCTION,ACTA VIROLOGICA,1976,Web of Science Core Collection,TI04
FS-015713,EFFECT OF ACTINOMYCIN-D ON PLAQUE-FORMATION BY MENGOVIRUS,MICROBIOS,1976,Web of Science Core Collection,TI04
FS-015715,LUNG-FUNCTION IN ACUTE PARAQUAT INTOXICATION,PHYSIOLOGIA BOHEMOSLOVACA,1975,Web of Science Core Collection,TI04
FS-015717,INHIBITION OF MENGO VIRUS BY INTERFERON,JOURNAL OF BACTERIOLOGY,1966,Web of Science Core Collection,TI04
FS-015721,STUDIES ON SYNCHRONIZED CELLS - RADIATION-INDUCED DIVISION DELAY IN FLAGELLATE ASTASIA LONGA,RADIATION RESEARCH,1966,Web of Science Core Collection,TI04
FS-015723,KOFFEIN- UND THEOPHYLLINMUTAGENESE BEI ZELL- UND LEUKOZYTENKULTUREN DES MENSCHEN,MUTATION RESEARCH,1966,Web of Science Core Collection,TI04
FS-015724,HISTOLOGIC CHANGES PRODUCED BY ENDOTRACHEAL INTUBATION,ANNALS OF OTOLOGY RHINOLOGY AND LARYNGOLOGY,1965,Web of Science Core Collection,TI04
FS-015728,ZUR FRAGE DER BEZIEHUNG ZWISCHEN MILZ UND KNOCHENMARK NACH EINER GANZKORPERBESTRAHLUNG,NATURWISSENSCHAFTEN,1963,Web of Science Core Collection,TI04
FS-015730,FORMATION OF VACCINIA VIRUS PROTEIN IN PRESENCE OF 5-FLUORODEOXYURIDINE,VIROLOGY,1963,Web of Science Core Collection,TI04
FS-015732,STRAHLENBEDINGTE FRUHVERANDERUNGEN AN ZELLKERN-PROTEINEN .2. VERGLEICHENDE UNTERSUCHUNGEN UBER DIE KONZENTRATION NUCLEARER GLOBULINE UND HISTONE IN LYMPHATISCHEN UND PARENCHYMATISCHEN GEWEBEN,ZEITSCHRIFT FUR NATURFORSCHUNG PART B-CHEMIE BIOCHEMIE BIOPHYSIK BIOLOGIE UND VERWANDTEN GEBIETE,1962,Web of Science Core Collection,TI04
FS-015735,INDUCTION BY SENDAI VIRUS OF NON-TRANSMISSIBLE CYTOPATHIC CHANGES ASSOCIATED WITH RAPID AND MARKED PRODUCTION OF INTERFERON,PROCEEDINGS OF THE SOCIETY FOR EXPERIMENTAL BIOLOGY AND MEDICINE,1961,Web of Science Core Collection,TI04
FS-015739,SEQUENCE OF MORPHOLOGICAL CHANGES IN EPITHELIAL CELL CULTURES INFECTED WITH POLIOVIRUS,JOURNAL OF EXPERIMENTAL MEDICINE,1956,Web of Science Core Collection,TI04
FS-015740,"DIURNAL VARIATION OF PLASMA LEVELS AND URINARY EXCRETION OF 17-HYDROXY-CORTICOSTEROIDS IN NORMAL SUBJECTS, NIGHT WORKERS AND BLIND SUBJECTS",JOURNAL OF CLINICAL ENDOCRINOLOGY & METABOLISM,1956,Web of Science Core Collection,TI04
FS-015741,HORMONE-INDUCED SEXUAL CYCLES OF FLAGELLATES .4. MEIOSIS AFTER SYNGAMY AND BEFORE NUCLEAR FUSION IN NOTILA,JOURNAL OF MORPHOLOGY,1950,Web of Science Core Collection,TI04
FS-015744,ROLE OF HISTAMINE AND ACETYLCHOLINE IN THE MECHANISM OF HEAT ALLERGY - REPORT OF STUDIES ON A SOLDIER,ARCHIVES OF INTERNAL MEDICINE,1946,Web of Science Core Collection,TI04
FS-015745,TYPING GROUP A HEMOLYTIC STREPTOCOCCI BY M PRECIPITIN REACTIONS IN CAPILLARY PIPETTES,JOURNAL OF EXPERIMENTAL MEDICINE,1943,Web of Science Core Collection,TI04
FS-015748,The cytological relationship between the hypophysis and the germinal epithelium of the testis,ANATOMICAL RECORD,1938,Web of Science Core Collection,TI04
