request_id,stage,reference_id,pilot_item,first_author_year,title,journal,doi,pmid,what_is_needed,save_as,reason,priority,status,oa_group
FTR-001,charting_pilot_2026-10-05,R62,pilot_04,"Plaza-Florido A, 2026",Endurance training attenuates acute exercise-induced monocyte transcriptomic responses (adolescent cohort; population boundary case),Journal of Applied Physiology,10.1152/japplphysiol.00282.2026,42545855,full-text PDF + all supplements,05_extraction/pilot_2026-10-05/fulltexts/R62_japplphysiol.00282.2026.pdf (supplements: R62_supp_<original name>),"no PMC/OA version; publisher access required | received: publisher PDF (J Appl Physiol 141:873-887, 2026); supplements not included — check publisher page",必需,hashed_2026-10-05,
FTR-002,charting_pilot_2026-10-05,R01,pilot_09,"Song X, 2026 (bioRxiv v1, Jan 2026)",CIMA multiomics preprint version of the Science Advances paper,bioRxiv,10.64898/2026.01.13.699221,,preprint PDF v1 (browser download; bioRxiv blocks scripts),05_extraction/pilot_2026-10-05/fulltexts/R01_preprint_v1_2026.01.13.699221.pdf,needed only to test preprint-to-published version linking rules | received: bioRxiv preprint v2 posted 2026-03-06 (v1 requested; v2 accepted for version-linking test),可选,hashed_2026-10-05,
FTR-003,charting_pilot_2026-10-05,R42,pilot_06,"Xu G, 2020",Identification of urinary biomarkers for exercise-induced immunosuppression (check publisher page for supplementary tables not in PMC),BioMed Research International,10.1155/2020/3030793,32047808,"supplementary files from publisher page, if any",05_extraction/pilot_2026-10-05/fulltexts/R42_supp_<original name>,PMC package contains no supplements | received: publisher PDF (Hindawi); no supplementary files supplied,建议,hashed_2026-10-05,
FTR-004,charting_pilot_2026-10-05,R03,pilot_08,"Schenk A, 2019",Impact of acute aerobic exercise on genome-wide DNA methylation in natural killer cells (check publisher page for supplementary tables not in PMC),Genes,10.3390/genes10050380,31109152,"supplementary files from publisher page, if any",05_extraction/pilot_2026-10-05/fulltexts/R03_supp_<original name>,PMC package contains no supplements | received: publisher PDF (MDPI); no supplementary files supplied,建议,hashed_2026-10-05,
FTR-005,fulltext_V,FS-000059,,"Hooper SL, 1999",Physiological and psychometric variables for monitoring recovery during tapering for major competition.,Medicine and science in sports and exercise,10.1097/00005768-199908000-00019,10449025,full-text PDF (no open-access copy found by script; needs institutional access),fulltexts/V/FS-000059.pdf,no_usable_identifier_or_no_oa_location_found,normal,requested,
FTR-006,fulltext_V,FS-000076,,"Suzuki K, 1999","Endurance exercise causes interaction among stress hormones, cytokines, neutrophil dynamics, and muscle damage.","Journal of applied physiology (Bethesda, Md. : 1985)",10.1152/jappl.1999.87.4.1360,10517764,full-text PDF (no open-access copy found by script; needs institutional access),fulltexts/V/FS-000076.pdf,no_usable_identifier_or_no_oa_location_found,normal,requested,
FTR-007,fulltext_V,FS-000102,,"Nehlsen-Cannarella SL, 2000",Saliva immunoglobulins in elite women rowers.,European journal of applied physiology,10.1007/s004210050034,10638381,full-text PDF (no open-access copy found by script; needs institutional access),fulltexts/V/FS-000102.pdf,no_usable_identifier_or_no_oa_location_found,normal,requested,
FTR-008,fulltext_V,FS-000124,,"Upham JW, 2000",Simplified quantitation of myeloid dendritic cells in peripheral blood using flow cytometry.,Cytometry,10.1002/(sici)1097-0320(20000501)40:1<50::aid-cyto7>3.0.co;2-p,10754517,full-text PDF (no open-access copy found by script; needs institutional access),fulltexts/V/FS-000124.pdf,openalex:download_failed:http_403,high,requested,
FTR-009,fulltext_V,FS-000131,,"Neidhart M, 2000",Increased serum levels of non-collagenous matrix proteins (cartilage oligomeric matrix protein and melanoma inhibitory activity) in marathon runners.,Osteoarthritis and cartilage,10.1053/joca.1999.0293,10806050,full-text PDF (no open-access copy found by script; needs institutional access),fulltexts/V/FS-000131.pdf,no_usable_identifier_or_no_oa_location_found,high,requested,
FTR-010,fulltext_V,FS-000142,,"Gleeson M, 2000",Immune status and respiratory illness for elite swimmers during a 12-week training cycle.,International journal of sports medicine,10.1055/s-2000-313,10853703,full-text PDF (no open-access copy found by script; needs institutional access),fulltexts/V/FS-000142.pdf,no_usable_identifier_or_no_oa_location_found,normal,requested,
FTR-011,fulltext_V,FS-000156,,"Bassit RA, 2000",The effect of BCAA supplementation upon the immune response of triathletes.,Medicine and science in sports and exercise,10.1097/00005768-200007000-00005,10912884,full-text PDF (no open-access copy found by script; needs institutional access),fulltexts/V/FS-000156.pdf,no_usable_identifier_or_no_oa_location_found,normal,requested,
FTR-012,fulltext_V,FS-000182,,"Jozsi AC, 2000",Aged human muscle demonstrates an altered gene expression profile consistent with an impaired response to exercise.,Mechanisms of ageing and development,10.1016/s0047-6374(00)00178-0,11087903,full-text PDF (no open-access copy found by script; needs institutional access),fulltexts/V/FS-000182.pdf,no_usable_identifier_or_no_oa_location_found,normal,requested,
FTR-013,fulltext_V,FS-000190,,"Gallagher PM, 2000","Beta-hydroxy-beta-methylbutyrate ingestion, part II: effects on hematology, hepatic and renal function.",Medicine and science in sports and exercise,10.1097/00005768-200012000-00023,11128860,full-text PDF (no open-access copy found by script; needs institutional access),fulltexts/V/FS-000190.pdf,no_usable_identifier_or_no_oa_location_found,normal,requested,
FTR-014,fulltext_V,FS-000210,,"Krause R, 2001",Effect of vitamin C on neutrophil function after high-intensity exercise.,European journal of clinical investigation,10.1046/j.1365-2362.2001.00797.x,11264655,full-text PDF (no open-access copy found by script; needs institutional access),fulltexts/V/FS-000210.pdf,openalex:download_failed:http_403,normal,requested,
FTR-015,fulltext_V,FS-000212,,"Fahlman MM, 2001",Mucosal IgA response to repeated wingate tests in females.,International journal of sports medicine,10.1055/s-2001-11339,11281615,full-text PDF (no open-access copy found by script; needs institutional access),fulltexts/V/FS-000212.pdf,no_usable_identifier_or_no_oa_location_found,normal,requested,
FTR-016,fulltext_V,FS-000213,,"Reid MR, 2001",The effect of moderate aerobic exercise and relaxation on secretory immunoglobulin A.,International journal of sports medicine,10.1055/s-2001-11347,11281616,full-text PDF (no open-access copy found by script; needs institutional access),fulltexts/V/FS-000213.pdf,no_usable_identifier_or_no_oa_location_found,normal,requested,
FTR-017,fulltext_V,FS-000242,,"Pizza FX, 2001",Adaptation to eccentric exercise: neutrophils and E-selectin during early recovery.,Canadian journal of applied physiology = Revue canadienne de physiologie appliquee,10.1139/h01-015,11441228,full-text PDF (no open-access copy found by script; needs institutional access),fulltexts/V/FS-000242.pdf,no_usable_identifier_or_no_oa_location_found,normal,requested,
FTR-018,fulltext_V,FS-000287,,"Kimura H, 2001","Highly sensitive determination of plasma cytokines by time-resolved fluoroimmunoassay; effect of bicycle exercise on plasma level of interleukin-1 alpha (IL-1 alpha), tumor necrosis factor alpha (TNF alpha), and interferon gamma (IFN gamma).",Analytical sciences : the international journal of the Japan Society for Analytical Chemistry,10.2116/analsci.17.593,11708138,full-text PDF (no open-access copy found by script; needs institutional access),fulltexts/V/FS-000287.pdf,no_usable_identifier_or_no_oa_location_found,high,requested,
FTR-019,fulltext_V,FS-000297,,"Nieman DC, 2002",Change in salivary IgA following a competitive marathon race.,International journal of sports medicine,10.1055/s-2002-19375,11774070,full-text PDF (no open-access copy found by script; needs institutional access),fulltexts/V/FS-000297.pdf,no_usable_identifier_or_no_oa_location_found,normal,requested,
FTR-020,fulltext_V,FS-000319,,"Jozsi AC, 2001",Molecular characteristics of aged muscle reflect an altered ability to respond to exercise.,International journal of sport nutrition and exercise metabolism,10.1123/ijsnem.11.s1.s9,11915934,full-text PDF (no open-access copy found by script; needs institutional access),fulltexts/V/FS-000319.pdf,no_usable_identifier_or_no_oa_location_found,normal,requested,
FTR-021,fulltext_V,FS-000389,,"Dressendorfer RH, 2002",Performance enhancement with maintenance of resting immune status after intensified cycle training.,Clinical journal of sport medicine : official journal of the Canadian Academy of Sport Medicine,10.1097/00042752-200209000-00008,12394203,full-text PDF (no open-access copy found by script; needs institutional access),fulltexts/V/FS-000389.pdf,no_usable_identifier_or_no_oa_location_found,normal,requested,
FTR-022,fulltext_V,FS-000404,,"Kratz A, 2002","Effect of marathon running on hematologic and biochemical laboratory parameters, including cardiac markers.",American journal of clinical pathology,10.1309/14ty-2tdj-1x0y-1v6v,12472278,full-text PDF (no open-access copy found by script; needs institutional access),fulltexts/V/FS-000404.pdf,no_usable_identifier_or_no_oa_location_found,high,requested,
FTR-023,fulltext_V,FS-000425,,"Petibois C, 2003",The biological and metabolic adaptations to 12 months training in elite rowers.,International journal of sports medicine,10.1055/s-2003-37194,12582950,full-text PDF (no open-access copy found by script; needs institutional access),fulltexts/V/FS-000425.pdf,no_usable_identifier_or_no_oa_location_found,normal,requested,
FTR-024,fulltext_V,FS-000439,,"Saito D, 2003",Effects of long-distance running on serum opsonic activity measured by chemiluminescence.,Luminescence : the journal of biological and chemical luminescence,10.1002/bio.438,12687633,full-text PDF (no open-access copy found by script; needs institutional access),fulltexts/V/FS-000439.pdf,no_usable_identifier_or_no_oa_location_found,normal,requested,
FTR-025,fulltext_V,FS-000445,,"Lee MS, 2003",Qi-training enhances respiratory burst function and adhesive capacity of neutrophils in young adults: a preliminary study.,The American journal of Chinese medicine,10.1142/s0192415x03000679,12723764,full-text PDF (no open-access copy found by script; needs institutional access),fulltexts/V/FS-000445.pdf,no_usable_identifier_or_no_oa_location_found,normal,requested,
FTR-026,fulltext_V,FS-000450,,"Flynn MG, 2003",Influence of iron status and iron supplements on natural killer cell activity in trained women runners.,International journal of sports medicine,10.1055/s-2003-39095,12740743,full-text PDF (no open-access copy found by script; needs institutional access),fulltexts/V/FS-000450.pdf,no_usable_identifier_or_no_oa_location_found,normal,requested,
FTR-027,fulltext_V,FS-000451,,"Novas AM, 2003","Tennis, incidence of URTI and salivary IgA.",International journal of sports medicine,10.1055/s-2003-39096,12740744,full-text PDF (no open-access copy found by script; needs institutional access),fulltexts/V/FS-000451.pdf,no_usable_identifier_or_no_oa_location_found,normal,requested,
FTR-028,fulltext_V,FS-000460,,"Miles MP, 2003","Strength, workload, anaerobic intensity and the immune response to resistance exercise in women.",Acta physiologica Scandinavica,10.1046/j.1365-201x.2003.01124.x,12780390,full-text PDF (no open-access copy found by script; needs institutional access),fulltexts/V/FS-000460.pdf,openalex:download_failed:http_403,normal,requested,
FTR-029,fulltext_V,FS-000472,,"Raastad T, 2003",Temporal relation between leukocyte accumulation in muscles and halted recovery 10-20 h after strength exercise.,"Journal of applied physiology (Bethesda, Md. : 1985)",10.1152/japplphysiol.01064.2002,12832432,full-text PDF (no open-access copy found by script; needs institutional access),fulltexts/V/FS-000472.pdf,no_usable_identifier_or_no_oa_location_found,normal,requested,
FTR-030,fulltext_V,FS-000498,,"McDowell SL, 1992",The effect of exhaustive exercise on salivary immunoglobulin A.,The Journal of sports medicine and physical fitness,,1293425,full-text PDF (no open-access copy found by script; needs institutional access),fulltexts/V/FS-000498.pdf,no_usable_identifier_or_no_oa_location_found | wos_ut=WOS:A1992KL91100011,high,requested,
FTR-031,fulltext_V,FS-000504,,"Nieman DC, 2003",Immune and oxidative changes during and following the Western States Endurance Run.,International journal of sports medicine,10.1055/s-2003-42018,12968214,full-text PDF (no open-access copy found by script; needs institutional access),fulltexts/V/FS-000504.pdf,openalex:not_pdf_or_too_small bytes=4767 ctype='text/html;charset=UTF-8',high,requested,
FTR-032,fulltext_V,FS-000526,,"Verde T, 1992",Potential markers of heavy training in highly trained distance runners.,British journal of sports medicine,10.1136/bjsm.26.3.167,1422653,full-text PDF (no open-access copy found by script; needs institutional access),fulltexts/V/FS-000526.pdf,openalex:download_failed:http_403,normal,requested,
FTR-033,fulltext_V,FS-000533,,"Heinemeier K, 2003",Exercise-induced changes in circulating levels of transforming growth factor-beta-1 in humans: methodological considerations.,European journal of applied physiology,10.1007/s00421-003-0881-8,14504950,full-text PDF (no open-access copy found by script; needs institutional access),fulltexts/V/FS-000533.pdf,no_usable_identifier_or_no_oa_location_found,high,requested,
FTR-034,fulltext_V,FS-000573,,"Parry-Billings M, 1992",Plasma amino acid concentrations in the overtraining syndrome: possible effects on the immune system.,Medicine and science in sports and exercise,10.1249/00005768-199212000-00008,1470018,full-text PDF (no open-access copy found by script; needs institutional access),fulltexts/V/FS-000573.pdf,no_usable_identifier_or_no_oa_location_found | wos_ut=WOS:A1992KD07900008 | scopus_eid=2-s2.0-0027076825,normal,requested,
FTR-035,fulltext_V,FS-000574,,"Nielsen HG, 2004",Marathon running leads to partial exhaustion of ROS-generating capacity in leukocytes.,Medicine and science in sports and exercise,10.1249/01.mss.0000106168.12113.95,14707770,full-text PDF (no open-access copy found by script; needs institutional access),fulltexts/V/FS-000574.pdf,no_usable_identifier_or_no_oa_location_found,normal,requested,
FTR-036,fulltext_V,FS-000608,,"Schmolz M, 2004","Validation of a new highly standardised, lab-independent whole-blood leukocyte function assay for clinical trials (ILCS).",Experimental gerontology,10.1016/j.exger.2003.09.029,15050304,full-text PDF (no open-access copy found by script; needs institutional access),fulltexts/V/FS-000608.pdf,no_usable_identifier_or_no_oa_location_found,high,requested,
FTR-037,fulltext_V,FS-000645,,"Connolly PH, 2004",Effects of exercise on gene expression in human peripheral blood mononuclear cells.,"Journal of applied physiology (Bethesda, Md. : 1985)",10.1152/japplphysiol.00316.2004,15194674,full-text PDF (no open-access copy found by script; needs institutional access),fulltexts/V/FS-000645.pdf,no_usable_identifier_or_no_oa_location_found,normal,requested,
FTR-038,fulltext_V,FS-000674,,"Dennis RA, 2004",Interleukin-1 polymorphisms are associated with the inflammatory response in human muscle to acute resistance exercise.,The Journal of physiology,10.1113/jphysiol.2004.067876,15331687,full-text PDF (no open-access copy found by script; needs institutional access),fulltexts/V/FS-000674.pdf,no_usable_identifier_or_no_oa_location_found,high,requested,
FTR-039,fulltext_V,FS-000679,,"Lee MS, 2004",Effect of qi training on neutrophil function in young and elderly males.,"Journal of alternative and complementary medicine (New York, N.Y.)",10.1089/acm.2004.10.681,15353026,full-text PDF (no open-access copy found by script; needs institutional access),fulltexts/V/FS-000679.pdf,no_usable_identifier_or_no_oa_location_found,normal,requested,
FTR-040,fulltext_V,FS-000681,,"Roberts C, 2004",CD94 expression and natural killer cell activity after acute exercise.,Journal of science and medicine in sport,10.1016/s1440-2440(04)80015-x,15362321,full-text PDF (no open-access copy found by script; needs institutional access),fulltexts/V/FS-000681.pdf,no_usable_identifier_or_no_oa_location_found,normal,requested,
FTR-041,fulltext_V,FS-000684,,"Nielsen HG, 2004",Long-distance running modulates the expression of leucocyte and endothelial adhesion molecules.,Scandinavian journal of immunology,10.1111/j.0300-9475.2004.01486.x,15379860,full-text PDF (no open-access copy found by script; needs institutional access),fulltexts/V/FS-000684.pdf,no_usable_identifier_or_no_oa_location_found,normal,requested,
FTR-042,fulltext_V,FS-000693,,"Whitham M, 2004",Leukocyte heat shock protein expression before and after intensified training.,International journal of sports medicine,10.1055/s-2004-820953,15459833,full-text PDF (no open-access copy found by script; needs institutional access),fulltexts/V/FS-000693.pdf,no_usable_identifier_or_no_oa_location_found,normal,requested,
FTR-043,fulltext_V,FS-000719,,"Ndon JA, 1992",Effects of chronic intense exercise training on the leukocyte response to acute exercise.,International journal of sports medicine,10.1055/s-2007-1021252,1555910,full-text PDF (no open-access copy found by script; needs institutional access),fulltexts/V/FS-000719.pdf,no_usable_identifier_or_no_oa_location_found,normal,requested,
FTR-044,fulltext_V,FS-000726,,"Banfi G, 2004",Behaviour of haematological parameters in athletes performing marathons and ultramarathons in altitude ('skyrunners').,Clinical and laboratory haematology,10.1111/j.1365-2257.2004.00642.x,15595993,full-text PDF (no open-access copy found by script; needs institutional access),fulltexts/V/FS-000726.pdf,no_usable_identifier_or_no_oa_location_found,normal,requested,
FTR-045,fulltext_V,FS-000731,,"Lancaster GI, 2004",Effects of acute exhaustive exercise and chronic exercise training on type 1 and type 2 T lymphocytes.,Exercise immunology review,10.22029/eir.2004.1608,15633589,full-text PDF (no open-access copy found by script; needs institutional access),fulltexts/V/FS-000731.pdf,no_usable_identifier_or_no_oa_location_found | scopus_eid=2-s2.0-13744252784,normal,requested,
FTR-046,fulltext_V,FS-000749,,"Navalta JW, 2005",Blood treatment influences the yield of apoptotic lymphocytes after maximal exercise.,Medicine and science in sports and exercise,10.1249/01.mss.0000155433.08698.c1,15741833,full-text PDF (no open-access copy found by script; needs institutional access),fulltexts/V/FS-000749.pdf,no_usable_identifier_or_no_oa_location_found,high,requested,
FTR-047,fulltext_V,FS-000751,,"Peters EM, 2004",Hematological recovery in male ultramarathon runners: the effect of variations in training load and running time.,The Journal of sports medicine and physical fitness,,15756172,full-text PDF (no open-access copy found by script; needs institutional access),fulltexts/V/FS-000751.pdf,no_usable_identifier_or_no_oa_location_found | wos_ut=WOS:000226165900015 | scopus_eid=2-s2.0-11144286643,normal,requested,
FTR-048,fulltext_V,FS-000760,,"Minetto M, 2005",Differential responses of serum and salivary interleukin-6 to acute strenuous exercise.,European journal of applied physiology,10.1007/s00421-004-1241-z,15778897,full-text PDF (no open-access copy found by script; needs institutional access),fulltexts/V/FS-000760.pdf,no_usable_identifier_or_no_oa_location_found,high,requested,
FTR-049,fulltext_V,FS-000816,,"Hilberg T, 2005",Transcription in response to physical stress--clues to the molecular mechanisms of exercise-induced asthma.,FASEB journal : official publication of the Federation of American Societies for Experimental Biology,10.1096/fj.04-3063fje,16027142,full-text PDF (no open-access copy found by script; needs institutional access),fulltexts/V/FS-000816.pdf,no_usable_identifier_or_no_oa_location_found,normal,requested,
FTR-050,fulltext_V,FS-000829,,"Fagerhol MK, 2005",Increase in plasma calprotectin during long-distance running.,Scandinavian journal of clinical and laboratory investigation,10.1080/00365510510013587,16095050,full-text PDF (no open-access copy found by script; needs institutional access),fulltexts/V/FS-000829.pdf,no_usable_identifier_or_no_oa_location_found,high,requested,
FTR-051,fulltext_V,FS-000837,,"Zieker D, 2005",cDNA microarray analysis reveals novel candidate genes expressed in human peripheral blood following exhaustive exercise.,Physiological genomics,10.1152/physiolgenomics.00096.2005,16118270,full-text PDF (no open-access copy found by script; needs institutional access),fulltexts/V/FS-000837.pdf,no_usable_identifier_or_no_oa_location_found,high,requested,
FTR-052,fulltext_V,FS-000873,,"Paulsen G, 2005",Delayed leukocytosis and cytokine response to high-force eccentric exercise.,Medicine and science in sports and exercise,10.1249/01.mss.0000177064.65927.98,16286856,full-text PDF (no open-access copy found by script; needs institutional access),fulltexts/V/FS-000873.pdf,no_usable_identifier_or_no_oa_location_found,normal,requested,
FTR-053,fulltext_V,FS-000884,,"Neumayr G, 2005",The impact of prolonged strenuous endurance exercise on interleukin 18 and interleukin 18 binding protein in recreational cyclists.,International journal of sports medicine,10.1055/s-2005-837466,16320167,full-text PDF (no open-access copy found by script; needs institutional access),fulltexts/V/FS-000884.pdf,no_usable_identifier_or_no_oa_location_found,normal,requested,
FTR-054,fulltext_V,FS-000885,,"Costa RJ, 2005",The effects of a high carbohydrate diet on cortisol and salivary immunoglobulin A (s-IgA) during a period of increase exercise workload amongst Olympic and Ironman triathletes.,International journal of sports medicine,10.1055/s-2005-837467,16320174,full-text PDF (no open-access copy found by script; needs institutional access),fulltexts/V/FS-000885.pdf,no_usable_identifier_or_no_oa_location_found,normal,requested,
FTR-055,fulltext_V,FS-000901,,"Zieker D, 2005",CDNA-microarray analysis as a research tool for expression profiling in human peripheral blood following exercise.,Exercise immunology review,10.22029/eir.2005.1617,16385846,full-text PDF (no open-access copy found by script; needs institutional access),fulltexts/V/FS-000901.pdf,no_usable_identifier_or_no_oa_location_found | scopus_eid=2-s2.0-33646369182,normal,requested,
FTR-056,fulltext_V,FS-000912,,"Semple SJ, 2006","Serum concentrations of C reactive protein, alpha1 antitrypsin, and complement (C3, C4, C1 esterase inhibitor) before and during the Vuelta a Espańa.",British journal of sports medicine,10.1136/bjsm.2005.019489,16431998,full-text PDF (no open-access copy found by script; needs institutional access),fulltexts/V/FS-000912.pdf,no_usable_identifier_or_no_oa_location_found,normal,requested,
FTR-057,fulltext_V,FS-000925,,"Finaud J, 2006",Antioxidant status and oxidative stress in professional rugby players: evolution throughout a season.,International journal of sports medicine,10.1055/s-2005-837489,16475052,full-text PDF (no open-access copy found by script; needs institutional access),fulltexts/V/FS-000925.pdf,no_usable_identifier_or_no_oa_location_found,normal,requested,
FTR-058,fulltext_V,FS-000951,,"Nieman DC, 2006",Relationship between salivary IgA secretion and upper respiratory tract infection following a 160-km race.,The Journal of sports medicine and physical fitness,,16596116,full-text PDF (no open-access copy found by script; needs institutional access),fulltexts/V/FS-000951.pdf,no_usable_identifier_or_no_oa_location_found | wos_ut=WOS:000237695300024 | scopus_eid=2-s2.0-33646687289,normal,requested,
FTR-059,fulltext_V,FS-000953,,"Cordova A, 2006",Effects of AM3 (Inmunoferon) on increased serum concentrations of interleukin-6 and tumour necrosis factor receptors I and II in cyclists.,Journal of sports sciences,10.1080/02640410500141158,16608770,full-text PDF (no open-access copy found by script; needs institutional access),fulltexts/V/FS-000953.pdf,no_usable_identifier_or_no_oa_location_found,normal,requested,
FTR-060,fulltext_V,FS-000972,,"Libicz S, 2006",Salivary IgA response of triathletes participating in the French Iron Tour.,International journal of sports medicine,10.1055/s-2005-865747,16729381,full-text PDF (no open-access copy found by script; needs institutional access),fulltexts/V/FS-000972.pdf,no_usable_identifier_or_no_oa_location_found,normal,requested,
FTR-061,fulltext_V,FS-000974,,"Pittaluga M, 2006",Cellular and biochemical parameters of exercise-induced oxidative stress: relationship with training levels.,Free radical research,10.1080/10715760600623015,16753838,full-text PDF (no open-access copy found by script; needs institutional access),fulltexts/V/FS-000974.pdf,no_usable_identifier_or_no_oa_location_found,high,requested,
FTR-062,fulltext_V,FS-000983,,"McKune AJ, 2006",Changes in mucosal and humoral atopic-related markers and immunoglobulins in elite cyclists participating in the Vuelta a España.,International journal of sports medicine,10.1055/s-2005-865858,16802252,full-text PDF (no open-access copy found by script; needs institutional access),fulltexts/V/FS-000983.pdf,no_usable_identifier_or_no_oa_location_found,normal,requested,
FTR-063,fulltext_V,FS-000990,,"Fatouros IG, 2006",Cell-free plasma DNA as a novel marker of aseptic inflammation severity related to exercise overtraining.,Clinical chemistry,10.1373/clinchem.2006.070417,16840584,full-text PDF (no open-access copy found by script; needs institutional access),fulltexts/V/FS-000990.pdf,no_usable_identifier_or_no_oa_location_found,normal,requested,
FTR-064,fulltext_V,FS-000995,,"Mochida, Noriko, 2007",The main neutrophil and neutrophil-related functions may compensate for each other following exercise - A finding from training in university judoists,Luminescence,10.1002/bio.922,16871524,full-text PDF (no open-access copy found by script; needs institutional access),fulltexts/V/FS-000995.pdf,no_usable_identifier_or_no_oa_location_found,normal,requested,
FTR-065,fulltext_V,FS-001024,,"Büttner P, 2007",Exercise affects the gene expression profiles of human white blood cells.,"Journal of applied physiology (Bethesda, Md. : 1985)",10.1152/japplphysiol.00066.2006,16990507,full-text PDF (no open-access copy found by script; needs institutional access),fulltexts/V/FS-001024.pdf,no_usable_identifier_or_no_oa_location_found,normal,requested,
FTR-066,fulltext_V,FS-001039,,"Melanson SE, 2006",Elevation of myeloperoxidase in conjunction with cardiac-specific markers after marathon running.,American journal of clinical pathology,10.1309/1d62h6krftvqrj0a,17074690,full-text PDF (no open-access copy found by script; needs institutional access),fulltexts/V/FS-001039.pdf,no_usable_identifier_or_no_oa_location_found,high,requested,
FTR-067,fulltext_V,FS-001044,,"Shing CM, 2007",Effects of bovine colostrum supplementation on immune variables in highly trained cyclists.,"Journal of applied physiology (Bethesda, Md. : 1985)",10.1152/japplphysiol.00553.2006,17095643,full-text PDF (no open-access copy found by script; needs institutional access),fulltexts/V/FS-001044.pdf,no_usable_identifier_or_no_oa_location_found,normal,requested,
FTR-068,fulltext_V,FS-001117,,"Dousset E, 2007",Bimodal recovery pattern in human skeletal muscle induced by exhaustive stretch-shortening cycle exercise.,Medicine and science in sports and exercise,10.1249/mss.0b013e31802dd74e,17473771,full-text PDF (no open-access copy found by script; needs institutional access),fulltexts/V/FS-001117.pdf,no_usable_identifier_or_no_oa_location_found,normal,requested,
FTR-069,fulltext_V,FS-001124,,"Tuan TC, 2008","Deleterious effects of short-term, high-intensity exercise on immune function: evidence from leucocyte mitochondrial alterations and apoptosis.",British journal of sports medicine,10.1136/bjsm.2006.029314,17504785,full-text PDF (no open-access copy found by script; needs institutional access),fulltexts/V/FS-001124.pdf,openalex:download_failed:http_403,normal,requested,
FTR-070,fulltext_V,FS-001129,,"Housh TJ, 1991",The effect of exercise at various temperatures on salivary levels of immunoglobulin A.,International journal of sports medicine,10.1055/s-2007-1024722,1752720,full-text PDF (no open-access copy found by script; needs institutional access),fulltexts/V/FS-001129.pdf,no_usable_identifier_or_no_oa_location_found,normal,requested,
FTR-071,fulltext_V,FS-001140,,"Minetto MA, 2007",Influence of the sample collection method on salivary interleukin-6 levels in resting and post-exercise conditions.,European journal of applied physiology,10.1007/s00421-007-0484-x,17569075,full-text PDF (no open-access copy found by script; needs institutional access),fulltexts/V/FS-001140.pdf,no_usable_identifier_or_no_oa_location_found,high,requested,
FTR-072,fulltext_V,FS-001146,,"Yamada PM, 2007",Effect of heat acclimation on heat shock protein 72 and interleukin-10 in humans.,"Journal of applied physiology (Bethesda, Md. : 1985)",10.1152/japplphysiol.00242.2007,17615280,full-text PDF (no open-access copy found by script; needs institutional access),fulltexts/V/FS-001146.pdf,no_usable_identifier_or_no_oa_location_found,normal,requested,
FTR-073,fulltext_V,FS-001172,,"Nieman DC, 2007",Quercetin's influence on exercise-induced changes in plasma cytokines and muscle and leukocyte cytokine mRNA.,"Journal of applied physiology (Bethesda, Md. : 1985)",10.1152/japplphysiol.00707.2007,17717114,full-text PDF (no open-access copy found by script; needs institutional access),fulltexts/V/FS-001172.pdf,no_usable_identifier_or_no_oa_location_found,normal,requested,
FTR-074,fulltext_V,FS-001176,,"Nieman DC, 2007",Quercetin reduces illness but not immune perturbations after intensive exercise.,Medicine and science in sports and exercise,10.1249/mss.0b013e318076b566,17805089,full-text PDF (no open-access copy found by script; needs institutional access),fulltexts/V/FS-001176.pdf,no_usable_identifier_or_no_oa_location_found,normal,requested,
FTR-075,fulltext_V,FS-001180,,"Markovitch D, 2007",The effect of prior exercise on ex vivo induction of heme oxygenase-1 in human lymphocytes.,Free radical research,10.1080/10715760701589230,17886034,full-text PDF (no open-access copy found by script; needs institutional access),fulltexts/V/FS-001180.pdf,no_usable_identifier_or_no_oa_location_found,high,requested,
FTR-076,fulltext_V,FS-001197,,"Campbell JP, 2008",Total lymphocyte CD8 expression is not a reliable marker of cytotoxic T-cell populations in human peripheral blood following an acute bout of high-intensity exercise.,"Brain, behavior, and immunity",10.1016/j.bbi.2007.09.001,17949944,full-text PDF (no open-access copy found by script; needs institutional access),fulltexts/V/FS-001197.pdf,no_usable_identifier_or_no_oa_location_found,high,requested,
FTR-077,fulltext_V,FS-001207,,"Cox AJ, 2007",Cytokine responses to treadmill running in healthy and illness-prone athletes.,Medicine and science in sports and exercise,10.1249/mss.0b013e318149f2aa,17986898,full-text PDF (no open-access copy found by script; needs institutional access),fulltexts/V/FS-001207.pdf,no_usable_identifier_or_no_oa_location_found,normal,requested,
FTR-078,fulltext_V,FS-001211,,"Radom-Aizik S, 2008",Effects of 30 min of aerobic exercise on gene expression in human neutrophils.,"Journal of applied physiology (Bethesda, Md. : 1985)",10.1152/japplphysiol.00872.2007,18006867,full-text PDF (no open-access copy found by script; needs institutional access),fulltexts/V/FS-001211.pdf,no_usable_identifier_or_no_oa_location_found,normal,requested,
FTR-079,fulltext_V,FS-001226,,"Pacque PF, 2007",The effect of an ultra-endurance running race on mucosal and humoral immune function.,The Journal of sports medicine and physical fitness,,18091693,full-text PDF (no open-access copy found by script; needs institutional access),fulltexts/V/FS-001226.pdf,no_usable_identifier_or_no_oa_location_found | wos_ut=WOS:000253222000019 | scopus_eid=2-s2.0-38849209941,normal,requested,
FTR-080,fulltext_V,FS-001248,,"Henson D, 2008",Post-160-km race illness rates and decreases in granulocyte respiratory burst and salivary IgA output are not countered by quercetin ingestion.,International journal of sports medicine,10.1055/s-2007-989424,18213545,full-text PDF (no open-access copy found by script; needs institutional access),fulltexts/V/FS-001248.pdf,no_usable_identifier_or_no_oa_location_found,normal,requested,
FTR-081,fulltext_V,FS-001280,,"McAnulty SR, 2008",Chronic quercetin ingestion and exercise-induced oxidative damage and inflammation.,"Applied physiology, nutrition, and metabolism = Physiologie appliquee, nutrition et metabolisme",10.1139/h07-177,18347680,full-text PDF (no open-access copy found by script; needs institutional access),fulltexts/V/FS-001280.pdf,no_usable_identifier_or_no_oa_location_found,normal,requested,
FTR-082,fulltext_V,FS-001310,,"Tripette J, 2010",Patterns of exercise-related inflammatory response in sickle cell trait carriers.,British journal of sports medicine,10.1136/bjsm.2008.047530,18499764,full-text PDF (no open-access copy found by script; needs institutional access),fulltexts/V/FS-001310.pdf,no_usable_identifier_or_no_oa_location_found,normal,requested,
FTR-083,fulltext_V,FS-001311,,"West NP, 2010",The effect of exercise on innate mucosal immunity.,British journal of sports medicine,10.1136/bjsm.2008.046532,18499767,full-text PDF (no open-access copy found by script; needs institutional access),fulltexts/V/FS-001311.pdf,openalex:download_failed:http_403,normal,requested,
FTR-084,fulltext_V,FS-001324,,"Neville V, 2008",Salivary IgA as a risk factor for upper respiratory infections in elite professional athletes.,Medicine and science in sports and exercise,10.1249/mss.0b013e31816be9c3,18580401,full-text PDF (no open-access copy found by script; needs institutional access),fulltexts/V/FS-001324.pdf,no_usable_identifier_or_no_oa_location_found,high,requested,
FTR-085,fulltext_V,FS-001339,,"Rämson R, 2008",The influence of increased training volume on cytokines and ghrelin concentration in college level male rowers.,European journal of applied physiology,10.1007/s00421-008-0839-y,18665387,full-text PDF (no open-access copy found by script; needs institutional access),fulltexts/V/FS-001339.pdf,no_usable_identifier_or_no_oa_location_found,normal,requested,
FTR-086,fulltext_V,FS-001364,,"Timmons BW, 2009",Two methods for determining plasma IL-6 in humans at rest and following exercise.,European journal of applied physiology,10.1007/s00421-008-0866-8,18797920,full-text PDF (no open-access copy found by script; needs institutional access),fulltexts/V/FS-001364.pdf,no_usable_identifier_or_no_oa_location_found,high,requested,
FTR-087,fulltext_V,FS-001370,,"Moreira A, 2008",The impact of a 17-day training period for an international championship on mucosal immune parameters in top-level basketball players and staff members.,European journal of oral sciences,10.1111/j.1600-0722.2008.00558.x,18821985,full-text PDF (no open-access copy found by script; needs institutional access),fulltexts/V/FS-001370.pdf,no_usable_identifier_or_no_oa_location_found,normal,requested,
FTR-088,fulltext_V,FS-001372,,"Denguezli M, 2008",One-year endurance training: effects on lung function and airway inflammation.,Journal of sports sciences,10.1080/02640410802123177,18828030,full-text PDF (no open-access copy found by script; needs institutional access),fulltexts/V/FS-001372.pdf,no_usable_identifier_or_no_oa_location_found,normal,requested,
FTR-089,fulltext_V,FS-001424,,"Biondi R, 2003",Changes in plasma level of human leukocyte elastase during leukocytosis from physical effort.,Immunopharmacology and immunotoxicology,10.1081/iph-120024506,19180801,full-text PDF (no open-access copy found by script; needs institutional access),fulltexts/V/FS-001424.pdf,no_usable_identifier_or_no_oa_location_found,high,requested,
FTR-090,fulltext_V,FS-001489,,"Hoegh SV, 2010",Long-term stability and circadian variation in circulating levels of surfactant protein D.,Immunobiology,10.1016/j.imbio.2009.05.001,19540617,full-text PDF (no open-access copy found by script; needs institutional access),fulltexts/V/FS-001489.pdf,no_usable_identifier_or_no_oa_location_found,high,requested,
FTR-091,fulltext_V,FS-001505,,"Chimenti L, 2009","Environmental conditions, air pollutants, and airway cells in runners: a longitudinal field study.",Journal of sports sciences,10.1080/02640410902946493,19629842,full-text PDF (no open-access copy found by script; needs institutional access),fulltexts/V/FS-001505.pdf,no_usable_identifier_or_no_oa_location_found,normal,requested,
FTR-092,fulltext_V,FS-001536,,"Cox AJ, 2009",Relationship between C-reactive protein concentration and cytokine responses to exercise in healthy and illness-prone runners.,European journal of applied physiology,10.1007/s00421-009-1160-0,19693532,full-text PDF (no open-access copy found by script; needs institutional access),fulltexts/V/FS-001536.pdf,no_usable_identifier_or_no_oa_location_found,high,requested,
FTR-093,fulltext_V,FS-001539,,"Moreira A, 2009",Salivary immunoglobulin a response to a match in top-level brazilian soccer players.,Journal of strength and conditioning research,10.1519/jsc.0b013e3181b3dd7a,19704379,full-text PDF (no open-access copy found by script; needs institutional access),fulltexts/V/FS-001539.pdf,no_usable_identifier_or_no_oa_location_found,high,requested,
FTR-094,fulltext_V,FS-001575,,"Tsai ML, 2011",Changes of mucosal immunity and antioxidation activity in elite male Taiwanese taekwondo athletes associated with intensive training and rapid weight loss.,British journal of sports medicine,10.1136/bjsm.2009.062497,19846424,full-text PDF (no open-access copy found by script; needs institutional access),fulltexts/V/FS-001575.pdf,no_usable_identifier_or_no_oa_location_found,normal,requested,
FTR-095,fulltext_V,FS-001584,,"Thalacker-Mercer AE, 2010",Differential genomic responses in old vs. young humans despite similar levels of modest muscle damage after resistance loading.,Physiological genomics,10.1152/physiolgenomics.00151.2009,19903761,full-text PDF (no open-access copy found by script; needs institutional access),fulltexts/V/FS-001584.pdf,no_usable_identifier_or_no_oa_location_found,normal,requested,
FTR-096,fulltext_V,FS-001589,,"Kon M, 2010",Salivary secretory immunoglobulin a response of elite speed skaters during a competition period.,Journal of strength and conditioning research,10.1519/jsc.0b013e3181aff28b,19918193,full-text PDF (no open-access copy found by script; needs institutional access),fulltexts/V/FS-001589.pdf,no_usable_identifier_or_no_oa_location_found,normal,requested,
FTR-097,fulltext_V,FS-001595,,"Nakamura S, 2010",Effect of exercise on gene expression profile in unfractionated peripheral blood leukocytes.,Biochemical and biophysical research communications,10.1016/j.bbrc.2009.11.150,19945435,full-text PDF (no open-access copy found by script; needs institutional access),fulltexts/V/FS-001595.pdf,no_usable_identifier_or_no_oa_location_found,normal,requested,
FTR-098,fulltext_V,FS-001598,,"Andersson J, 2010",Effects of heavy endurance physical exercise on inflammatory markers in non-athletes.,Atherosclerosis,10.1016/j.atherosclerosis.2009.10.025,19954777,full-text PDF (no open-access copy found by script; needs institutional access),fulltexts/V/FS-001598.pdf,no_usable_identifier_or_no_oa_location_found,normal,requested,
FTR-099,fulltext_V,FS-001612,,"Paulsen G, 2010",Time course of leukocyte accumulation in human muscle after eccentric exercise.,Medicine and science in sports and exercise,10.1249/mss.0b013e3181ac7adb,20010127,full-text PDF (no open-access copy found by script; needs institutional access),fulltexts/V/FS-001612.pdf,no_usable_identifier_or_no_oa_location_found,normal,requested,
FTR-100,fulltext_V,FS-001615,,"Sietsema KE, 2010",Potential biomarkers of muscle injury after eccentric exercise.,"Biomarkers : biochemical indicators of exposure, response, and susceptibility to chemicals",10.3109/13547500903502802,20028270,full-text PDF (no open-access copy found by script; needs institutional access),fulltexts/V/FS-001615.pdf,no_usable_identifier_or_no_oa_location_found,normal,requested,
FTR-101,fulltext_V,FS-001622,,"Peters EM, 2010",Upper respiratory tract infection symptoms in ultramarathon runners not related to immunoglobulin status.,Clinical journal of sport medicine : official journal of the Canadian Academy of Sport Medicine,10.1097/jsm.0b013e3181cb4086,20051733,full-text PDF (no open-access copy found by script; needs institutional access),fulltexts/V/FS-001622.pdf,no_usable_identifier_or_no_oa_location_found,normal,requested,
FTR-102,fulltext_V,FS-001625,,"Oliveira M, 2010",The influence of prolonged cycling on monocyte Toll-like receptor 2 and 4 expression in healthy men.,European journal of applied physiology,10.1007/s00421-009-1350-9,20063104,full-text PDF (no open-access copy found by script; needs institutional access),fulltexts/V/FS-001625.pdf,no_usable_identifier_or_no_oa_location_found,high,requested,
FTR-103,fulltext_V,FS-001635,,"Radom-Aizik S, 2010",Evidence for microRNA involvement in exercise-associated neutrophil gene expression changes.,"Journal of applied physiology (Bethesda, Md. : 1985)",10.1152/japplphysiol.01291.2009,20110541,full-text PDF (no open-access copy found by script; needs institutional access),fulltexts/V/FS-001635.pdf,no_usable_identifier_or_no_oa_location_found,normal,requested,
FTR-104,fulltext_V,FS-001733,,"Walshe I, 2010","The reliability of the IL-6, sIL-6R and sgp130 response to a preloaded time trial.",European journal of applied physiology,10.1007/s00421-010-1548-x,20574676,full-text PDF (no open-access copy found by script; needs institutional access),fulltexts/V/FS-001733.pdf,no_usable_identifier_or_no_oa_location_found,high,requested,
FTR-105,fulltext_V,FS-001787,,"Robson-Ansley P, 2010",The effect of exercise on plasma soluble IL-6 receptor concentration: a dichotomous response.,Exercise immunology review,10.22029/eir.2010.1651,20839491,full-text PDF (no open-access copy found by script; needs institutional access),fulltexts/V/FS-001787.pdf,no_usable_identifier_or_no_oa_location_found,normal,requested,
FTR-106,fulltext_V,FS-001788,,"Kakanis MW, 2010",The open window of susceptibility to infection after acute exercise in healthy young male elite athletes.,Exercise immunology review,10.1016/j.jsams.2010.10.642,20839496,full-text PDF (no open-access copy found by script; needs institutional access),fulltexts/V/FS-001788.pdf,openalex:download_failed:http_403 | scopus_eid=2-s2.0-77957956798,normal,requested,
FTR-107,fulltext_V,FS-001833,,"Fisher G, 2011",Lymphocyte enzymatic antioxidant responses to oxidative stress following high-intensity interval exercise.,"Journal of applied physiology (Bethesda, Md. : 1985)",10.1152/japplphysiol.00575.2010,21127208,full-text PDF (no open-access copy found by script; needs institutional access),fulltexts/V/FS-001833.pdf,no_usable_identifier_or_no_oa_location_found,normal,requested,
FTR-108,fulltext_V,FS-001835,,"Pournot H, 2011",Short term effects of various water immersions on recovery from exhaustive intermittent exercise.,European journal of applied physiology,10.1007/s00421-010-1754-6,21132438,full-text PDF (no open-access copy found by script; needs institutional access),fulltexts/V/FS-001835.pdf,no_usable_identifier_or_no_oa_location_found,normal,requested,
FTR-109,fulltext_V,FS-001850,,"Mäestu, J., 2010",Performance improvement is associated with higher postexercise responses in interleukin-6 and tumor necrosis factor α concentrations,Journal of Sports Medicine and Physical Fitness,,21178941,full-text PDF (no open-access copy found by script; needs institutional access),fulltexts/V/FS-001850.pdf,no_usable_identifier_or_no_oa_location_found | wos_ut=WOS:000288046300021 | scopus_eid=2-s2.0-79952583016,normal,requested,
FTR-110,fulltext_V,FS-001904,,"Ricken KH, 1990",Changes in lymphocyte subpopulations after prolonged exercise.,International journal of sports medicine,10.1055/s-2007-1024777,2140110,full-text PDF (no open-access copy found by script; needs institutional access),fulltexts/V/FS-001904.pdf,no_usable_identifier_or_no_oa_location_found,high,requested,
FTR-111,fulltext_V,FS-001905,,"Hoffman-Goetz L, 1990",Lymphocyte subset responses to repeated submaximal exercise in men.,"Journal of applied physiology (Bethesda, Md. : 1985)",10.1152/jappl.1990.68.3.1069,2140346,full-text PDF (no open-access copy found by script; needs institutional access),fulltexts/V/FS-001905.pdf,no_usable_identifier_or_no_oa_location_found,normal,requested,
FTR-112,fulltext_V,FS-001918,,"Carlson LA, 2011",Changes in transcriptional output of human peripheral blood mononuclear cells following resistance exercise.,European journal of applied physiology,10.1007/s00421-011-1923-2,21437602,full-text PDF (no open-access copy found by script; needs institutional access),fulltexts/V/FS-001918.pdf,no_usable_identifier_or_no_oa_location_found,normal,requested,
FTR-113,fulltext_V,FS-001935,,"Moreira A, 2011",Salivary immunoglobulin A responses in professional top-level futsal players.,Journal of strength and conditioning research,10.1519/jsc.0b013e3181e7fbc0,21490511,full-text PDF (no open-access copy found by script; needs institutional access),fulltexts/V/FS-001935.pdf,no_usable_identifier_or_no_oa_location_found,normal,requested,
FTR-114,fulltext_V,FS-001987,,"Baggish AL, 2011",Dynamic regulation of circulating microRNA during acute exhaustive exercise and sustained aerobic exercise training.,The Journal of physiology,10.1113/jphysiol.2011.213363,21690193,full-text PDF (no open-access copy found by script; needs institutional access),fulltexts/V/FS-001987.pdf,no_usable_identifier_or_no_oa_location_found,normal,requested,
FTR-115,fulltext_V,FS-001994,,"Sakharov DA, 2012",Passing the anaerobic threshold is associated with substantial changes in the gene expression profile in white blood cells.,European journal of applied physiology,10.1007/s00421-011-2048-3,21717121,full-text PDF (no open-access copy found by script; needs institutional access),fulltexts/V/FS-001994.pdf,no_usable_identifier_or_no_oa_location_found,normal,requested,
FTR-116,fulltext_V,FS-002014,,"Hom LL, 2012",Eleven days of moderate exercise and heat exposure induces acclimation without significant HSP70 and apoptosis responses of lymphocytes in college-aged males.,Cell stress & chaperones,10.1007/s12192-011-0283-5,21796498,full-text PDF (no open-access copy found by script; needs institutional access),fulltexts/V/FS-002014.pdf,openalex:not_pdf_or_too_small bytes=371453 ctype='text/html; charset=utf-8'; crossref:not_pdf_or_too_small bytes=371419 ctype='text/html; charset=utf-8',normal,requested,
FTR-117,fulltext_V,FS-002021,,"Oberbach A, 2011",Combined proteomic and metabolomic profiling of serum reveals association of the complement system with obesity and identifies novel markers of body fat mass changes.,Journal of proteome research,10.1021/pr2005555,21823675,full-text PDF (no open-access copy found by script; needs institutional access),fulltexts/V/FS-002021.pdf,no_usable_identifier_or_no_oa_location_found,high,requested,
FTR-118,fulltext_V,FS-002034,,"Nieman DC, 2012",Variance in the acute inflammatory response to prolonged cycling is linked to exercise intensity.,Journal of interferon & cytokine research : the official journal of the International Society for Interferon and Cytokine Research,10.1089/jir.2011.0038,21916608,full-text PDF (no open-access copy found by script; needs institutional access),fulltexts/V/FS-002034.pdf,openalex:download_failed:conn_err:<urlopen error timed out>,high,requested,
FTR-119,fulltext_V,FS-002046,,"Hillman AR, 2011",Exercise-induced dehydration with and without environmental heat stress results in increased oxidative stress.,"Applied physiology, nutrition, and metabolism = Physiologie appliquee, nutrition et metabolisme",10.1139/h11-080,21980993,full-text PDF (no open-access copy found by script; needs institutional access),fulltexts/V/FS-002046.pdf,no_usable_identifier_or_no_oa_location_found,normal,requested,
FTR-120,fulltext_V,FS-002054,,"Schönfelder M, 2011",Gene expression profiling in human whole blood samples after controlled testosterone application and exercise.,Drug testing and analysis,10.1002/dta.360,22031502,full-text PDF (no open-access copy found by script; needs institutional access),fulltexts/V/FS-002054.pdf,no_usable_identifier_or_no_oa_location_found,normal,requested,
FTR-121,fulltext_V,FS-002059,,"Gordon PM, 2012",Resistance exercise training influences skeletal muscle immune activation: a microarray analysis.,"Journal of applied physiology (Bethesda, Md. : 1985)",10.1152/japplphysiol.00860.2011,22052873,full-text PDF (no open-access copy found by script; needs institutional access),fulltexts/V/FS-002059.pdf,no_usable_identifier_or_no_oa_location_found,normal,requested,
FTR-122,fulltext_V,FS-002071,,"Syu GD, 2012",Differential effects of acute and chronic exercise on human neutrophil functions.,Medicine and science in sports and exercise,10.1249/mss.0b013e3182408639,22130467,full-text PDF (no open-access copy found by script; needs institutional access),fulltexts/V/FS-002071.pdf,no_usable_identifier_or_no_oa_location_found,normal,requested,
FTR-123,fulltext_V,FS-002077,,"Cosgrove C, 2012","The impact of 6-month training preparation for an Ironman triathlon on the proportions of naïve, memory and senescent T cells in resting blood.",European journal of applied physiology,10.1007/s00421-011-2273-9,22170013,full-text PDF (no open-access copy found by script; needs institutional access),fulltexts/V/FS-002077.pdf,no_usable_identifier_or_no_oa_location_found,normal,requested,
FTR-124,fulltext_V,FS-002079,,"Thomas AW, 2012",Exercise-associated generation of PPARγ ligands activates PPARγ signaling events and upregulates genes related to lipid metabolism.,"Journal of applied physiology (Bethesda, Md. : 1985)",10.1152/japplphysiol.00864.2011,22174394,full-text PDF (no open-access copy found by script; needs institutional access),fulltexts/V/FS-002079.pdf,no_usable_identifier_or_no_oa_location_found,normal,requested,
FTR-125,fulltext_V,FS-002088,,"Azarbayjani M, 2011",The effect of preseason training on mucosal immunity in male basketball players.,The Journal of sports medicine and physical fitness,,22212276,full-text PDF (no open-access copy found by script; needs institutional access),fulltexts/V/FS-002088.pdf,no_usable_identifier_or_no_oa_location_found | wos_ut=WOS:000300036200023 | scopus_eid=2-s2.0-84856867058,normal,requested,
FTR-126,fulltext_V,FS-002117,,"Shantsila E, 2012",The effects of exercise and diurnal variation on monocyte subsets and monocyte-platelet aggregates.,European journal of clinical investigation,10.1111/j.1365-2362.2012.02656.x,22356533,full-text PDF (no open-access copy found by script; needs institutional access),fulltexts/V/FS-002117.pdf,openalex:download_failed:http_403,high,requested,
FTR-127,fulltext_V,FS-002123,,"Radom-Aizik S, 2012",Effects of exercise on microRNA expression in young males peripheral blood mononuclear cells.,Clinical and translational science,10.1111/j.1752-8062.2011.00384.x,22376254,full-text PDF (no open-access copy found by script; needs institutional access),fulltexts/V/FS-002123.pdf,openalex:download_failed:http_403,normal,requested,
FTR-128,fulltext_V,FS-002144,,"Wright HE, 2012",Cortisol and interleukin-6 responses during intermittent exercise in two different hot environments with equivalent WBGT.,Journal of occupational and environmental hygiene,10.1080/15459624.2012.666467,22482790,full-text PDF (no open-access copy found by script; needs institutional access),fulltexts/V/FS-002144.pdf,no_usable_identifier_or_no_oa_location_found,normal,requested,
FTR-129,fulltext_V,FS-002156,,"Frankenberger M, 2012",Transcript profiling of CD16-positive monocytes reveals a unique molecular fingerprint.,European journal of immunology,10.1002/eji.201141907,22531920,full-text PDF (no open-access copy found by script; needs institutional access),fulltexts/V/FS-002156.pdf,no_usable_identifier_or_no_oa_location_found,normal,requested,
FTR-130,fulltext_V,FS-002172,,"Robson-Ansley P, 2012",Prevalence of allergy and upper respiratory tract symptoms in runners of the London marathon.,Medicine and science in sports and exercise,10.1249/mss.0b013e318243253d,22595981,full-text PDF (no open-access copy found by script; needs institutional access),fulltexts/V/FS-002172.pdf,no_usable_identifier_or_no_oa_location_found,normal,requested,
FTR-131,fulltext_V,FS-002180,,"Corsetti R, 2012",Haematological and iron metabolism parameters in professional cyclists during the Giro d'Italia 3-weeks stage race.,Clinical chemistry and laboratory medicine,10.1515/cclm-2011-0857,22628339,full-text PDF (no open-access copy found by script; needs institutional access),fulltexts/V/FS-002180.pdf,no_usable_identifier_or_no_oa_location_found,normal,requested,
FTR-132,fulltext_V,FS-002241,,"Kimsa M, 2012",Expression pattern of the transforming growth factor β signaling genes in human peripheral blood mononuclear cells after exercise-inflammatory aspects.,American journal of human biology : the official journal of the Human Biology Council,10.1002/ajhb.22311,22915245,full-text PDF (no open-access copy found by script; needs institutional access),fulltexts/V/FS-002241.pdf,no_usable_identifier_or_no_oa_location_found,normal,requested,
FTR-133,fulltext_V,FS-002265,,"Rama L, 2013",Changes in natural killer cell subpopulations over a winter training season in elite swimmers.,European journal of applied physiology,10.1007/s00421-012-2490-x,22990626,full-text PDF (no open-access copy found by script; needs institutional access),fulltexts/V/FS-002265.pdf,no_usable_identifier_or_no_oa_location_found,normal,requested,
FTR-134,fulltext_V,FS-002273,,"LaVoy EC, 2013",Acute aerobic exercise in humans increases cytokine expression in CD27(-) but not CD27(+) CD8(+) T-cells.,"Brain, behavior, and immunity",10.1016/j.bbi.2012.09.006,23017234,full-text PDF (no open-access copy found by script; needs institutional access),fulltexts/V/FS-002273.pdf,no_usable_identifier_or_no_oa_location_found,high,requested,
FTR-135,fulltext_V,FS-002276,,"Pinching AJ, 1990",Quantification of radiolabelled granulocyte migration in vivo.,Journal of immunological methods,10.1016/0022-1759(90)90005-g,2303726,full-text PDF (no open-access copy found by script; needs institutional access),fulltexts/V/FS-002276.pdf,no_usable_identifier_or_no_oa_location_found,high,requested,
FTR-136,fulltext_V,FS-002283,,"Knab AM, 2013","Effects of a flavonoid-rich juice on inflammation, oxidative stress, and immunity in elite swimmers: a metabolomics-based approach.",International journal of sport nutrition and exercise metabolism,10.1123/ijsnem.23.2.150,23070789,full-text PDF (no open-access copy found by script; needs institutional access),fulltexts/V/FS-002283.pdf,openalex:download_failed:conn_err:<urlopen error timed out>,normal,requested,
FTR-137,fulltext_V,FS-002301,,"Tharp GD, 1990",Reduction of saliva immunoglobulin levels by swim training.,European journal of applied physiology and occupational physiology,10.1007/bf00572187,2311596,full-text PDF (no open-access copy found by script; needs institutional access),fulltexts/V/FS-002301.pdf,no_usable_identifier_or_no_oa_location_found,normal,requested,
FTR-138,fulltext_V,FS-002317,,"Junglee NA, 2012",Does proteinuria-inducing physical activity increase biomarkers of acute kidney injury?,Kidney & blood pressure research,10.1159/000343417,23182776,full-text PDF (no open-access copy found by script; needs institutional access),fulltexts/V/FS-002317.pdf,openalex:download_failed:http_403,high,requested,
FTR-139,fulltext_V,FS-002327,,"Paulsen G, 2013","Inflammatory markers CD11b, CD16, CD66b, CD68, myeloperoxidase and neutrophil elastase in eccentric exercised human skeletal muscles.",Histochemistry and cell biology,10.1007/s00418-012-1061-x,23224298,full-text PDF (no open-access copy found by script; needs institutional access),fulltexts/V/FS-002327.pdf,no_usable_identifier_or_no_oa_location_found,high,requested,
FTR-140,fulltext_V,FS-002331,,"Eda N, 2013",Altered secretory immunoglobulin A on skin surface after intensive exercise.,Journal of strength and conditioning research,10.1519/jsc.0b013e31827fd5ec,23249819,full-text PDF (no open-access copy found by script; needs institutional access),fulltexts/V/FS-002331.pdf,no_usable_identifier_or_no_oa_location_found,normal,requested,
FTR-141,fulltext_V,FS-002346,,"Radom-Aizik S, 2013",Impact of brief exercise on peripheral blood NK cell gene and microRNA expression in young adults.,"Journal of applied physiology (Bethesda, Md. : 1985)",10.1152/japplphysiol.01341.2012,23288554,full-text PDF (no open-access copy found by script; needs institutional access),fulltexts/V/FS-002346.pdf,no_usable_identifier_or_no_oa_location_found,normal,requested,
FTR-142,fulltext_V,FS-002374,,"Neme Ide B, 2013",Time course of muscle damage and inflammatory responses to resistance training with eccentric overload in trained individuals.,Mediators of inflammation,10.1155/2013/204942,23401642,full-text PDF (no open-access copy found by script; needs institutional access),fulltexts/V/FS-002374.pdf,europepmc:download_failed:http_403; openalex:download_failed:http_403,high,requested,
FTR-143,fulltext_V,FS-002421,,"Neubauer O, 2013",Transcriptome analysis of neutrophils after endurance exercise reveals novel signaling mechanisms in the immune response to physiological stress.,"Journal of applied physiology (Bethesda, Md. : 1985)",10.1152/japplphysiol.00143.2013,23580600,full-text PDF (no open-access copy found by script; needs institutional access),fulltexts/V/FS-002421.pdf,no_usable_identifier_or_no_oa_location_found,normal,requested,
FTR-144,fulltext_V,FS-002435,,"Nelson AR, 2013","Effect of post-exercise protein-leucine feeding on neutrophil function, immunomodulatory plasma metabolites and cortisol during a 6-day block of intense cycling.",European journal of applied physiology,10.1007/s00421-013-2650-7,23624785,full-text PDF (no open-access copy found by script; needs institutional access),fulltexts/V/FS-002435.pdf,no_usable_identifier_or_no_oa_location_found,normal,requested,
FTR-145,fulltext_V,FS-002448,,"Spielmann G, 2014",The effects of age and latent cytomegalovirus infection on the redeployment of CD8+ T cell subsets in response to acute exercise in humans.,"Brain, behavior, and immunity",10.1016/j.bbi.2013.05.003,23684819,full-text PDF (no open-access copy found by script; needs institutional access),fulltexts/V/FS-002448.pdf,no_usable_identifier_or_no_oa_location_found,normal,requested,
FTR-146,fulltext_V,FS-002501,,"Crystal NJ, 2013",Effect of cryotherapy on muscle recovery and inflammation following a bout of damaging exercise.,European journal of applied physiology,10.1007/s00421-013-2693-9,23873339,full-text PDF (no open-access copy found by script; needs institutional access),fulltexts/V/FS-002501.pdf,no_usable_identifier_or_no_oa_location_found,high,requested,
FTR-147,fulltext_V,FS-002511,,"Gill SK, 2013",Salivary antimicrobial protein responses during multistage ultramarathon competition conducted in hot environmental conditions.,"Applied physiology, nutrition, and metabolism = Physiologie appliquee, nutrition et metabolisme",10.1139/apnm-2013-0005,23905664,full-text PDF (no open-access copy found by script; needs institutional access),fulltexts/V/FS-002511.pdf,no_usable_identifier_or_no_oa_location_found,normal,requested,
FTR-148,fulltext_V,FS-002515,,"McFarlin BK, 2013",Baker's yeast beta glucan supplementation increases salivary IgA and decreases cold/flu symptomatic days after intense exercise.,Journal of dietary supplements,10.3109/19390211.2013.820248,23927572,full-text PDF (no open-access copy found by script; needs institutional access),fulltexts/V/FS-002515.pdf,europepmc:download_failed:http_403; openalex:download_failed:http_403,normal,requested,
FTR-149,fulltext_V,FS-002536,,"Vaisberg M, 2013",Cytokine kinetics in nasal mucosa and sera: new insights in understanding upper-airway disease of marathon runners.,Exercise immunology review,10.22029/eir.2013.1677,23977719,full-text PDF (no open-access copy found by script; needs institutional access),fulltexts/V/FS-002536.pdf,no_usable_identifier_or_no_oa_location_found,normal,requested,
FTR-150,fulltext_V,FS-002552,,"Nieman DC, 2014",Immune and inflammation responses to a 3-day period of intensified running versus cycling.,"Brain, behavior, and immunity",10.1016/j.bbi.2013.09.004,24055861,full-text PDF (no open-access copy found by script; needs institutional access),fulltexts/V/FS-002552.pdf,openalex:download_failed:conn_err:<urlopen error timed out>,normal,requested,
FTR-151,fulltext_V,FS-002554,,"Markworth JF, 2013",Human inflammatory and resolving lipid mediator responses to resistance exercise and ibuprofen treatment.,"American journal of physiology. Regulatory, integrative and comparative physiology",10.1152/ajpregu.00128.2013,24089379,full-text PDF (no open-access copy found by script; needs institutional access),fulltexts/V/FS-002554.pdf,no_usable_identifier_or_no_oa_location_found,normal,requested,
FTR-152,fulltext_V,FS-002562,,"Witard OC, 2014",High dietary protein restores overreaching induced impairments in leukocyte trafficking and reduces the incidence of upper respiratory tract infection in elite cyclists.,"Brain, behavior, and immunity",10.1016/j.bbi.2013.10.002,24120932,full-text PDF (no open-access copy found by script; needs institutional access),fulltexts/V/FS-002562.pdf,no_usable_identifier_or_no_oa_location_found,normal,requested,
FTR-153,fulltext_V,FS-002569,,"Kiwata J, 2014",Effects of aerobic exercise on lipid-effector molecules of the innate immune response.,Medicine and science in sports and exercise,10.1249/mss.0000000000000137,24145722,full-text PDF (no open-access copy found by script; needs institutional access),fulltexts/V/FS-002569.pdf,no_usable_identifier_or_no_oa_location_found,normal,requested,
FTR-154,fulltext_V,FS-002573,,"Huuskonen A, 2009",A common variation in the promoter region of interleukin-6 gene shows association with exercise performance.,Journal of sports science & medicine,,24149537,full-text PDF (no open-access copy found by script; needs institutional access),fulltexts/V/FS-002573.pdf,no_usable_identifier_or_no_oa_location_found | wos_ut=WOS:000266494600016 | scopus_eid=2-s2.0-67650075567,normal,requested,
FTR-155,fulltext_V,FS-002578,,"Farhangimaleki N, 2009",The effect of tapering period on plasma pro-inflammatory cytokine levels and performance in elite male cyclists.,Journal of sports science & medicine,,24149602,full-text PDF (no open-access copy found by script; needs institutional access),fulltexts/V/FS-002578.pdf,no_usable_identifier_or_no_oa_location_found | wos_ut=WOS:000273388800016 | scopus_eid=2-s2.0-72249098952,normal,requested,
FTR-156,fulltext_V,FS-002581,,"Eda N, 2013",Effects of High-Intensity Endurance Exercise on Epidermal Barriers against Microbial Invasion.,Journal of sports science & medicine,,24149724,full-text PDF (no open-access copy found by script; needs institutional access),fulltexts/V/FS-002581.pdf,no_usable_identifier_or_no_oa_location_found | wos_ut=WOS:000315497200006 | scopus_eid=2-s2.0-84877316594,normal,requested,
FTR-157,fulltext_V,FS-002589,,"Tajra V, 2014",Identification of high responders for interleukin-6 and creatine kinase following acute eccentric resistance exercise in elderly obese women.,Journal of science and medicine in sport,10.1016/j.jsams.2013.09.012,24189370,full-text PDF (no open-access copy found by script; needs institutional access),fulltexts/V/FS-002589.pdf,no_usable_identifier_or_no_oa_location_found,high,requested,
FTR-158,fulltext_V,FS-002618,,"Neubauer O, 2014",Time course-dependent changes in the transcriptome of human skeletal muscle during recovery from endurance exercise: from inflammation to adaptive remodeling.,"Journal of applied physiology (Bethesda, Md. : 1985)",10.1152/japplphysiol.00909.2013,24311745,full-text PDF (no open-access copy found by script; needs institutional access),fulltexts/V/FS-002618.pdf,no_usable_identifier_or_no_oa_location_found,normal,requested,
FTR-159,fulltext_V,FS-002619,,"Balfoussia E, 2014",A proteomic study of plasma protein changes under extreme physical stress.,Journal of proteomics,10.1016/j.jprot.2013.12.004,24345577,full-text PDF (no open-access copy found by script; needs institutional access),fulltexts/V/FS-002619.pdf,no_usable_identifier_or_no_oa_location_found,normal,requested,
FTR-160,fulltext_V,FS-002635,,"Radom-Aizik S, 2014",Impact of brief exercise on circulating monocyte gene and microRNA expression: implications for atherosclerotic vascular disease.,"Brain, behavior, and immunity",10.1016/j.bbi.2014.01.003,24423463,full-text PDF (no open-access copy found by script; needs institutional access),fulltexts/V/FS-002635.pdf,openalex:download_failed:http_403,normal,requested,
FTR-161,fulltext_V,FS-002638,,"Baggish AL, 2014",Rapid upregulation and clearance of distinct circulating microRNAs after prolonged aerobic exercise.,"Journal of applied physiology (Bethesda, Md. : 1985)",10.1152/japplphysiol.01141.2013,24436293,full-text PDF (no open-access copy found by script; needs institutional access),fulltexts/V/FS-002638.pdf,no_usable_identifier_or_no_oa_location_found,normal,requested,
FTR-162,fulltext_V,FS-002641,,"Owen AL, 2016",High-Intensity Training and Salivary Immunoglobulin A Responses in Professional Top-Level Soccer Players: Effect of Training Intensity.,Journal of strength and conditioning research,10.1519/jsc.0000000000000380,24448005,full-text PDF (no open-access copy found by script; needs institutional access),fulltexts/V/FS-002641.pdf,no_usable_identifier_or_no_oa_location_found,normal,requested,
FTR-163,fulltext_V,FS-002651,,"Chatzinikolaou A, 2014",The microcycle of inflammation and performance changes after a basketball match.,Journal of sports sciences,10.1080/02640414.2013.865251,24479464,full-text PDF (no open-access copy found by script; needs institutional access),fulltexts/V/FS-002651.pdf,no_usable_identifier_or_no_oa_location_found,normal,requested,
FTR-164,fulltext_V,FS-002652,,"Romagnoli M, 2014","Influence of training and a maximal exercise test in analytical variability of muscular, hepatic, and cardiovascular biochemical variables.",Scandinavian journal of clinical and laboratory investigation,10.3109/00365513.2013.873948,24484196,full-text PDF (no open-access copy found by script; needs institutional access),fulltexts/V/FS-002652.pdf,no_usable_identifier_or_no_oa_location_found,high,requested,
FTR-165,fulltext_V,FS-002666,,"Abbasi A, 2014",Exhaustive exercise modifies different gene expression profiles and pathways in LPS-stimulated and un-stimulated whole blood cultures.,"Brain, behavior, and immunity",10.1016/j.bbi.2013.10.023,24513876,full-text PDF (no open-access copy found by script; needs institutional access),fulltexts/V/FS-002666.pdf,no_usable_identifier_or_no_oa_location_found,normal,requested,
FTR-166,fulltext_V,FS-002669,,"Catoire M, 2014",Identification of human exercise-induced myokines using secretome analysis.,Physiological genomics,10.1152/physiolgenomics.00174.2013,24520153,full-text PDF (no open-access copy found by script; needs institutional access),fulltexts/V/FS-002669.pdf,no_usable_identifier_or_no_oa_location_found,normal,requested,
FTR-167,fulltext_V,FS-002674,,"Knab AM, 2014","Effects of a freeze-dried juice blend powder on exercise-induced inflammation, oxidative stress, and immune function in cyclists.","Applied physiology, nutrition, and metabolism = Physiologie appliquee, nutrition et metabolisme",10.1139/apnm-2013-0338,24552382,full-text PDF (no open-access copy found by script; needs institutional access),fulltexts/V/FS-002674.pdf,no_usable_identifier_or_no_oa_location_found,normal,requested,
FTR-168,fulltext_V,FS-002678,,"Bell PG, 2014",Montmorency cherries reduce the oxidative stress and inflammatory responses to repeated days high-intensity stochastic cycling.,Nutrients,10.3390/nu6020829,24566440,full-text PDF (no open-access copy found by script; needs institutional access),fulltexts/V/FS-002678.pdf,europepmc:download_failed:http_403; openalex:download_failed:http_403,normal,requested,
FTR-169,fulltext_V,FS-002684,,"Faulkner SH, 2014","The detection and measurement of interleukin-6 in venous and capillary blood samples, and in sweat collected at rest and during exercise.",European journal of applied physiology,10.1007/s00421-014-2851-8,24577845,full-text PDF (no open-access copy found by script; needs institutional access),fulltexts/V/FS-002684.pdf,no_usable_identifier_or_no_oa_location_found,high,requested,
FTR-170,fulltext_V,FS-002742,,"Nieman DC, 2014",Metabolomics approach to assessing plasma 13- and 9-hydroxy-octadecadienoic acid and linoleic acid metabolite responses to 75-km cycling.,"American journal of physiology. Regulatory, integrative and comparative physiology",10.1152/ajpregu.00092.2014,24760997,full-text PDF (no open-access copy found by script; needs institutional access),fulltexts/V/FS-002742.pdf,openalex:download_failed:conn_err:<urlopen error timed out>,normal,requested,
FTR-171,fulltext_V,FS-002754,,"Cornish SM, 2014",Systemic cytokine response to three bouts of eccentric exercise.,Results in immunology,10.1016/j.rinim.2014.04.002,24809007,full-text PDF (no open-access copy found by script; needs institutional access),fulltexts/V/FS-002754.pdf,openalex:download_failed:http_403,normal,requested,
FTR-172,fulltext_V,FS-002764,,"Xiang L, 2014",Effects of strenuous exercise on Th1/Th2 gene expression from human peripheral blood mononuclear cells of marathon participants.,Molecular immunology,10.1016/j.molimm.2014.03.004,24853398,full-text PDF (no open-access copy found by script; needs institutional access),fulltexts/V/FS-002764.pdf,no_usable_identifier_or_no_oa_location_found,normal,requested,
FTR-173,fulltext_V,FS-002798,,"Svendsen IS, 2014","Influence of Hydration Status on Changes in Plasma Cortisol, Leukocytes, and Antigen-Stimulated Cytokine Production by Whole Blood Culture following Prolonged Exercise.",ISRN nutrition,10.1155/2014/561401,24967270,full-text PDF (no open-access copy found by script; needs institutional access),fulltexts/V/FS-002798.pdf,europepmc:download_failed:http_403; openalex:download_failed:http_403; crossref:download_failed:http_403,normal,requested,
FTR-174,fulltext_V,FS-002801,,"Kanda K, 2014",Evaluation of serum leaking enzymes and investigation into new biomarkers for exercise-induced muscle damage.,Exercise immunology review,10.22029/eir.2014.1687,24974720,full-text PDF (no open-access copy found by script; needs institutional access),fulltexts/V/FS-002801.pdf,no_usable_identifier_or_no_oa_location_found | scopus_eid=2-s2.0-84904401570,high,requested,
FTR-175,fulltext_V,FS-002803,,"Hajizadeh Maleki B, 2015",Long-term Low-to-Intensive Cycling Training: Impact on Semen Parameters and Seminal Cytokines.,Clinical journal of sport medicine : official journal of the Canadian Academy of Sport Medicine,10.1097/jsm.0000000000000122,24977955,full-text PDF (no open-access copy found by script; needs institutional access),fulltexts/V/FS-002803.pdf,no_usable_identifier_or_no_oa_location_found,normal,requested,
FTR-176,fulltext_V,FS-002824,,"Del Giacco SR, 2014","Exercise training, lymphocyte subsets and their cytokines production: experience of an Italian professional football team and their impact on allergy.",BioMed research international,10.1155/2014/429248,25050349,full-text PDF (no open-access copy found by script; needs institutional access),fulltexts/V/FS-002824.pdf,europepmc:download_failed:http_403; openalex:download_failed:http_403; crossref:download_failed:http_403,normal,requested,
FTR-177,fulltext_V,FS-002831,,"Ahmed M, 2014",The protective effects of a polyphenol-enriched protein powder on exercise-induced susceptibility to virus infection.,Phytotherapy research : PTR,10.1002/ptr.5208,25088029,full-text PDF (no open-access copy found by script; needs institutional access),fulltexts/V/FS-002831.pdf,no_usable_identifier_or_no_oa_location_found,normal,requested,
FTR-178,fulltext_V,FS-002832,,"Peake JM, 2014",Metabolic and hormonal responses to isoenergetic high-intensity interval exercise and continuous moderate-intensity exercise.,American journal of physiology. Endocrinology and metabolism,10.1152/ajpendo.00276.2014,25096178,full-text PDF (no open-access copy found by script; needs institutional access),fulltexts/V/FS-002832.pdf,no_usable_identifier_or_no_oa_location_found,normal,requested,
FTR-179,fulltext_V,FS-002841,,"Kraemer WJ, 2014",Influence of HMB supplementation and resistance training on cytokine responses to resistance exercise.,Journal of the American College of Nutrition,10.1080/07315724.2014.911669,25140763,full-text PDF (no open-access copy found by script; needs institutional access),fulltexts/V/FS-002841.pdf,no_usable_identifier_or_no_oa_location_found,normal,requested,
FTR-180,fulltext_V,FS-002852,,"Morgado JP, 2014",Sex-based effects on immune changes induced by a maximal incremental exercise test in well-trained swimmers.,Journal of sports science & medicine,,25177203,full-text PDF (no open-access copy found by script; needs institutional access),fulltexts/V/FS-002852.pdf,no_usable_identifier_or_no_oa_location_found | wos_ut=WOS:000340753400035 | scopus_eid=2-s2.0-84905749686,normal,requested,
FTR-181,fulltext_V,FS-002878,,"Robson-Ansley PJ, 2014",Dynamic changes in dna methylation status in peripheral blood Mononuclear cells following an acute bout of exercise: Potential impact of exercise-induced elevations in interleukin-6 concentration.,Journal of biological regulators and homeostatic agents,,25316129,full-text PDF (no open-access copy found by script; needs institutional access),fulltexts/V/FS-002878.pdf,no_usable_identifier_or_no_oa_location_found | wos_ut=WOS:000343609200006 | scopus_eid=2-s2.0-84921880399,normal,requested,
FTR-182,fulltext_V,FS-002940,,"Barberio MD, 2015",Systemic LPS and inflammatory response during consecutive days of exercise in heat.,International journal of sports medicine,10.1055/s-0034-1389904,25525952,full-text PDF (no open-access copy found by script; needs institutional access),fulltexts/V/FS-002940.pdf,no_usable_identifier_or_no_oa_location_found,normal,requested,
FTR-183,fulltext_V,FS-002947,,"Kunz H, 2015",Fitness level impacts salivary antimicrobial protein responses to a single bout of cycling exercise.,European journal of applied physiology,10.1007/s00421-014-3082-8,25557386,full-text PDF (no open-access copy found by script; needs institutional access),fulltexts/V/FS-002947.pdf,openalex:not_pdf_or_too_small bytes=0 ctype='text/html; charset=UTF-8',normal,requested,
FTR-184,fulltext_V,FS-002948,,"Coad S, 2015",Physical demands and salivary immunoglobulin A responses of elite Australian rules football athletes to match play.,International journal of sports physiology and performance,10.1123/ijspp.2014-0493,25561572,full-text PDF (no open-access copy found by script; needs institutional access),fulltexts/V/FS-002948.pdf,no_usable_identifier_or_no_oa_location_found,normal,requested,
FTR-185,fulltext_V,FS-002979,,"Davison G, 2015",Oral neutrophil responses to acute prolonged exercise may not be representative of blood neutrophil responses.,"Applied physiology, nutrition, and metabolism = Physiologie appliquee, nutrition et metabolisme",10.1139/apnm-2014-0396,25668058,full-text PDF (no open-access copy found by script; needs institutional access),fulltexts/V/FS-002979.pdf,no_usable_identifier_or_no_oa_location_found,high,requested,
FTR-186,fulltext_V,FS-003019,,"Sugama K, 2015","Changes of thioredoxin, oxidative stress markers, inflammation and muscle/renal damage following intensive endurance exercise.",Exercise immunology review,10.22029/eir.2015.1700,25826051,full-text PDF (no open-access copy found by script; needs institutional access),fulltexts/V/FS-003019.pdf,no_usable_identifier_or_no_oa_location_found | scopus_eid=2-s2.0-84928706248,high,requested,
FTR-187,fulltext_V,FS-003022,,"Gill SK, 2015",Circulatory endotoxin concentration and cytokine profile in response to exertional-heat stress during a multi-stage ultra-marathon competition.,Exercise immunology review,10.22029/eir.2015.1699,25830597,full-text PDF (no open-access copy found by script; needs institutional access),fulltexts/V/FS-003022.pdf,no_usable_identifier_or_no_oa_location_found | scopus_eid=2-s2.0-84928705149,normal,requested,
FTR-188,fulltext_V,FS-003030,,"Lindsay A, 2015",Effect of varied recovery interventions on markers of psychophysiological stress in professional rugby union.,European journal of sport science,10.1080/17461391.2015.1029982,25854282,full-text PDF (no open-access copy found by script; needs institutional access),fulltexts/V/FS-003030.pdf,no_usable_identifier_or_no_oa_location_found,normal,requested,
FTR-189,fulltext_V,FS-003073,,"de Gonzalo-Calvo D, 2015",Circulating inflammatory miRNA signature in response to different doses of aerobic exercise.,"Journal of applied physiology (Bethesda, Md. : 1985)",10.1152/japplphysiol.00077.2015,25997943,full-text PDF (no open-access copy found by script; needs institutional access),fulltexts/V/FS-003073.pdf,no_usable_identifier_or_no_oa_location_found,normal,requested,
FTR-190,fulltext_V,FS-003108,,"Lechner R, 2015","Injuries, Medical Conditions, and Changes in Blood Levels in German Special Operations Forces Selection.",Journal of special operations medicine : a peer reviewed journal for SOF medical professionals,10.55460/rrpw-rtln,26125166,full-text PDF (no open-access copy found by script; needs institutional access),fulltexts/V/FS-003108.pdf,no_usable_identifier_or_no_oa_location_found,normal,requested,
FTR-191,fulltext_V,FS-003173,,"Mohr M, 2016","Muscle damage, inflammatory, immune and performance responses to three football games in 1 week in competitive male players.",European journal of applied physiology,10.1007/s00421-015-3245-2,26377004,full-text PDF (no open-access copy found by script; needs institutional access),fulltexts/V/FS-003173.pdf,no_usable_identifier_or_no_oa_location_found,normal,requested,
FTR-192,fulltext_V,FS-003209,,"Rowlands DS, 2016",Protein-leucine ingestion activates a regenerative inflammo-myogenic transcriptome in skeletal muscle following intense endurance exercise.,Physiological genomics,10.1152/physiolgenomics.00068.2015,26508702,full-text PDF (no open-access copy found by script; needs institutional access),fulltexts/V/FS-003209.pdf,no_usable_identifier_or_no_oa_location_found,normal,requested,
FTR-193,fulltext_V,FS-003210,,"Rama LM, 2016",Changes of Hematological Markers during a Multi-stage Ultra-marathon Competition in the Heat.,International journal of sports medicine,10.1055/s-0035-1555929,26509375,full-text PDF (no open-access copy found by script; needs institutional access),fulltexts/V/FS-003210.pdf,no_usable_identifier_or_no_oa_location_found,normal,requested,
FTR-194,fulltext_V,FS-003224,,"Baur DA, 2016","Fluid retention, muscle damage, and altered body composition at the Ultraman triathlon.",European journal of applied physiology,10.1007/s00421-015-3291-9,26560107,full-text PDF (no open-access copy found by script; needs institutional access),fulltexts/V/FS-003224.pdf,no_usable_identifier_or_no_oa_location_found,normal,requested,
FTR-195,fulltext_V,FS-003225,,"Nieman DC, 2015",Metabolomics-Based Analysis of Banana and Pear Ingestion on Exercise Performance and Recovery.,Journal of proteome research,10.1021/acs.jproteome.5b00909,26561314,full-text PDF (no open-access copy found by script; needs institutional access),fulltexts/V/FS-003225.pdf,no_usable_identifier_or_no_oa_location_found,normal,requested,
FTR-196,fulltext_V,FS-003242,,"Inoue DS, 2016",Immunometabolic Responses to Concurrent Training: The Effects of Exercise Order in Recreational Weightlifters.,Journal of strength and conditioning research,10.1519/jsc.0000000000001281,26626027,full-text PDF (no open-access copy found by script; needs institutional access),fulltexts/V/FS-003242.pdf,no_usable_identifier_or_no_oa_location_found,normal,requested,
FTR-197,fulltext_V,FS-003254,,"Boos CJ, 2016","High Altitude and Acute Mountain Sickness and Changes in Circulating Endothelin-1, Interleukin-6, and Interleukin-17a.",High altitude medicine & biology,10.1089/ham.2015.0098,26680502,full-text PDF (no open-access copy found by script; needs institutional access),fulltexts/V/FS-003254.pdf,no_usable_identifier_or_no_oa_location_found,normal,requested,
FTR-198,fulltext_V,FS-003274,,"Sikkeland L, 2016",Inflammation in induced sputum after aluminium oxide exposure: an experimental chamber study.,Occupational and environmental medicine,10.1136/oemed-2015-103254,26786756,full-text PDF (no open-access copy found by script; needs institutional access),fulltexts/V/FS-003274.pdf,no_usable_identifier_or_no_oa_location_found,normal,requested,
FTR-199,fulltext_V,FS-003289,,"Yoon JH, 2016",Changes in the markers of cardiac damage in men following long-distance and ultra-long-distance running races.,The Journal of sports medicine and physical fitness,,26853451,full-text PDF (no open-access copy found by script; needs institutional access),fulltexts/V/FS-003289.pdf,no_usable_identifier_or_no_oa_location_found | wos_ut=WOS:000375357200017 | scopus_eid=2-s2.0-84964918001,high,requested,
FTR-200,fulltext_V,FS-003290,,"Heaney JL, 2016",Salivary immunoglobulin free light chains: reference ranges and responses to exercise in young and older adults.,Exercise immunology review,10.22029/eir.2016.1707,26853488,full-text PDF (no open-access copy found by script; needs institutional access),fulltexts/V/FS-003290.pdf,no_usable_identifier_or_no_oa_location_found | scopus_eid=2-s2.0-84977927434,high,requested,
FTR-201,fulltext_V,FS-003334,,"Lindsay A, 2016",Repetitive cryotherapy attenuates the in vitro and in vivo mononuclear cell activation response.,Experimental physiology,10.1113/ep085795,27094349,full-text PDF (no open-access copy found by script; needs institutional access),fulltexts/V/FS-003334.pdf,no_usable_identifier_or_no_oa_location_found,normal,requested,
FTR-202,fulltext_V,FS-003468,,"Guy JH, 2017",Short-term reliability of inflammatory mediators and response to exercise in the heat.,Journal of sports sciences,10.1080/02640414.2016.1227464,27594321,full-text PDF (no open-access copy found by script; needs institutional access),fulltexts/V/FS-003468.pdf,no_usable_identifier_or_no_oa_location_found,high,requested,
FTR-203,fulltext_V,FS-003475,,"Eftedal I, 2016",Immune and inflammatory responses to freediving calculated from leukocyte gene expression profiles.,Physiological genomics,10.1152/physiolgenomics.00048.2016,27614202,full-text PDF (no open-access copy found by script; needs institutional access),fulltexts/V/FS-003475.pdf,openalex:download_failed:http_403,normal,requested,
FTR-204,fulltext_V,FS-003517,,"JanssenDuijghuijsen LM, 2017",Adaptation of exercise-induced stress in well-trained healthy young men.,Experimental physiology,10.1113/ep086025,27808433,full-text PDF (no open-access copy found by script; needs institutional access),fulltexts/V/FS-003517.pdf,no_usable_identifier_or_no_oa_location_found,high,requested,
FTR-205,fulltext_V,FS-003532,,"Macdonald LA, 2017",Reliability of salivary cortisol and immunoglobulin-A measurements from the IPRO® before and after sprint cycling exercise.,The Journal of sports medicine and physical fitness,10.23736/s0022-4707.16.06785-2,27849116,full-text PDF (no open-access copy found by script; needs institutional access),fulltexts/V/FS-003532.pdf,no_usable_identifier_or_no_oa_location_found,high,requested,
FTR-206,fulltext_V,FS-003536,,"Pilat C, 2017",Exercise-induced cytokine changes in antigen stimulated whole-blood cultures compared to serum.,Journal of immunological methods,10.1016/j.jim.2016.11.007,27876507,full-text PDF (no open-access copy found by script; needs institutional access),fulltexts/V/FS-003536.pdf,no_usable_identifier_or_no_oa_location_found,high,requested,
FTR-207,fulltext_V,FS-003556,,"Nieman DC, 2017",IL-6 Linkage to Exercise-Induced Shifts in Lipid-Related Metabolites: A Metabolomics-Based Analysis.,Journal of proteome research,10.1021/acs.jproteome.6b00892,27996272,full-text PDF (no open-access copy found by script; needs institutional access),fulltexts/V/FS-003556.pdf,openalex:download_failed:conn_err:<urlopen error timed out>,normal,requested,
FTR-208,fulltext_V,FS-003581,,"Broadbent J, 2017",Gene networks in skeletal muscle following endurance exercise are coexpressed in blood neutrophils and linked with blood inflammation markers.,"Journal of applied physiology (Bethesda, Md. : 1985)",10.1152/japplphysiol.00114.2016,28104750,full-text PDF (no open-access copy found by script; needs institutional access),fulltexts/V/FS-003581.pdf,no_usable_identifier_or_no_oa_location_found,normal,requested,
FTR-209,fulltext_V,FS-003615,,"Bellar D, 2017",The Effects of a 36-Hour Mixed Task Ultraendurance Race on Mucosal Immunity Markers and Pulmonary Function.,Wilderness & environmental medicine,10.1016/j.wem.2016.12.001,28257712,full-text PDF (no open-access copy found by script; needs institutional access),fulltexts/V/FS-003615.pdf,no_usable_identifier_or_no_oa_location_found,normal,requested,
FTR-210,fulltext_V,FS-003642,,"Becatti M, 2017",Redox status alterations during the competitive season in élite soccer players: focus on peripheral leukocyte-derived ROS.,Internal and emergency medicine,10.1007/s11739-017-1653-5,28361355,full-text PDF (no open-access copy found by script; needs institutional access),fulltexts/V/FS-003642.pdf,no_usable_identifier_or_no_oa_location_found,normal,requested,
FTR-211,fulltext_V,FS-003646,,"Siedlik JA, 2017",T cell activation and proliferation following acute exercise in human subjects is altered by storage conditions and mitogen selection.,Journal of immunological methods,10.1016/j.jim.2017.03.017,28366645,full-text PDF (no open-access copy found by script; needs institutional access),fulltexts/V/FS-003646.pdf,no_usable_identifier_or_no_oa_location_found,high,requested,
FTR-212,fulltext_V,FS-003691,,"Verbickas V, 2018",Serum brain-derived neurotrophic factor and interleukin-6 response to high-volume mechanically demanding exercise.,Muscle & nerve,10.1002/mus.25687,28500647,full-text PDF (no open-access copy found by script; needs institutional access),fulltexts/V/FS-003691.pdf,no_usable_identifier_or_no_oa_location_found,normal,requested,
FTR-213,fulltext_V,FS-003713,,"Lackermair K, 2017",Influence of polyphenol-rich diet on exercise-induced immunomodulation in male endurance athletes.,"Applied physiology, nutrition, and metabolism = Physiologie appliquee, nutrition et metabolisme",10.1139/apnm-2017-0063,28591543,full-text PDF (no open-access copy found by script; needs institutional access),fulltexts/V/FS-003713.pdf,no_usable_identifier_or_no_oa_location_found,normal,requested,
FTR-214,fulltext_V,FS-003728,,"Zhang R, 2017",Measurement of the Phagocytic Activity of Human Peripheral Blood Using a Highly Sensitive Fluorometric Detection Device Without Hemolysis.,Anticancer research,10.21873/anticanres.11771,28668892,full-text PDF (no open-access copy found by script; needs institutional access),fulltexts/V/FS-003728.pdf,no_usable_identifier_or_no_oa_location_found,high,requested,
FTR-215,fulltext_V,FS-003773,,"Ackland GL, 2018","Autonomic regulation of systemic inflammation in humans: A multi-center, blinded observational cohort study.","Brain, behavior, and immunity",10.1016/j.bbi.2017.08.010,28807718,full-text PDF (no open-access copy found by script; needs institutional access),fulltexts/V/FS-003773.pdf,no_usable_identifier_or_no_oa_location_found,high,requested,
FTR-216,fulltext_V,FS-003783,,"Jafariyan S, 2017",Inflammatory and immune responses to a 3-day period of downhill running in active females.,"Cellular and molecular biology (Noisy-le-Grand, France)",10.14715/cmb/2017.63.7.13,28838344,full-text PDF (no open-access copy found by script; needs institutional access),fulltexts/V/FS-003783.pdf,no_usable_identifier_or_no_oa_location_found,normal,requested,
FTR-217,fulltext_V,FS-003794,,"Dalle Carbonare L, 2018",Can half-marathon affect overall health? The yin-yang of sport.,Journal of proteomics,10.1016/j.jprot.2017.09.004,28887210,full-text PDF (no open-access copy found by script; needs institutional access),fulltexts/V/FS-003794.pdf,no_usable_identifier_or_no_oa_location_found,normal,requested,
FTR-218,fulltext_V,FS-003797,,"Tug S, 2017",Acute effects of strength exercises and effects of regular strength training on cell free DNA concentrations in blood plasma.,PloS one,10.1371/journal.pone.0184668,28910365,full-text PDF (no open-access copy found by script; needs institutional access),fulltexts/V/FS-003797.pdf,europepmc:download_failed:http_403,normal,requested,
FTR-219,fulltext_V,FS-003800,,"Shah R, 2017",Small RNA-seq during acute maximal exercise reveal RNAs involved in vascular inflammation and cardiometabolic health: brief report.,American journal of physiology. Heart and circulatory physiology,10.1152/ajpheart.00500.2017,28916639,full-text PDF (no open-access copy found by script; needs institutional access),fulltexts/V/FS-003800.pdf,no_usable_identifier_or_no_oa_location_found,high,requested,
FTR-220,fulltext_V,FS-003808,,"Žákovská A, 2017",The Effect of a 100-km Ultra-Marathon under Freezing Conditions on Selected Immunological and Hematological Parameters.,Frontiers in physiology,10.3389/fphys.2017.00638,28955243,full-text PDF (no open-access copy found by script; needs institutional access),fulltexts/V/FS-003808.pdf,europepmc:download_failed:http_403,normal,requested,
FTR-221,fulltext_V,FS-003815,,"Patiño PJ, 2018",Aerobic physical training does not condition against strenuous exercise-induced changes in immune function but modulates T cell proliferative responses.,The Journal of sports medicine and physical fitness,10.23736/s0022-4707.17.06943-2,28967237,full-text PDF (no open-access copy found by script; needs institutional access),fulltexts/V/FS-003815.pdf,no_usable_identifier_or_no_oa_location_found,normal,requested,
FTR-222,fulltext_V,FS-003838,,"Janikowska G, 2017","Differences in echocardiography, blood pressure, stroke volume, maximal power and profile of genes related to cardiac hypertrophy in elite road cyclists.",Advances in clinical and experimental medicine : official organ Wroclaw Medical University,10.17219/acem/63031,29068603,full-text PDF (no open-access copy found by script; needs institutional access),fulltexts/V/FS-003838.pdf,no_usable_identifier_or_no_oa_location_found,normal,requested,
FTR-223,fulltext_V,FS-003851,,"McFarlin BK, 2017","Oral Supplementation with Baker's Yeast Beta Glucan Is Associated with Altered Monocytes, T Cells and Cytokines following a Bout of Strenuous Exercise.",Frontiers in physiology,10.3389/fphys.2017.00786,29104540,full-text PDF (no open-access copy found by script; needs institutional access),fulltexts/V/FS-003851.pdf,europepmc:download_failed:http_403,normal,requested,
FTR-224,fulltext_V,FS-003879,,"Sinnott-O'Connor C, 2018",Salivary Biomarkers and Training Load During Training and Competition in Paralympic Swimmers.,International journal of sports physiology and performance,10.1123/ijspp.2017-0683,29182422,full-text PDF (no open-access copy found by script; needs institutional access),fulltexts/V/FS-003879.pdf,no_usable_identifier_or_no_oa_location_found,normal,requested,
FTR-225,fulltext_V,FS-003901,,"Vassalle C, 2018","Traditional and new candidate cardiac biomarkers assessed before, early, and late after half marathon in trained subjects.",European journal of applied physiology,10.1007/s00421-017-3783-x,29256048,full-text PDF (no open-access copy found by script; needs institutional access),fulltexts/V/FS-003901.pdf,no_usable_identifier_or_no_oa_location_found,high,requested,
FTR-226,fulltext_V,FS-003943,,"Costello JT, 2018","Effects of acute or chronic heat exposure, exercise and dehydration on plasma cortisol, IL-6 and CRP levels in trained males.",Cytokine,10.1016/j.cyto.2018.01.018,29402724,full-text PDF (no open-access copy found by script; needs institutional access),fulltexts/V/FS-003943.pdf,no_usable_identifier_or_no_oa_location_found,normal,requested,
FTR-227,fulltext_V,FS-003994,,"Nieman DC, 2018","Metabolic recovery from heavy exertion following banana compared to sugar beverage or water only ingestion: A randomized, crossover trial.",PloS one,10.1371/journal.pone.0194843,29566095,full-text PDF (no open-access copy found by script; needs institutional access),fulltexts/V/FS-003994.pdf,europepmc:download_failed:http_403,normal,requested,
FTR-228,fulltext_V,FS-004039,,"Slusher AL, 2018",Aerobic fitness alters the capacity of mononuclear cells to produce pentraxin 3 following maximal exercise.,European journal of applied physiology,10.1007/s00421-018-3882-3,29748720,full-text PDF (no open-access copy found by script; needs institutional access),fulltexts/V/FS-004039.pdf,no_usable_identifier_or_no_oa_location_found,high,requested,
FTR-229,fulltext_V,FS-004049,,"Carter SJ, 2018",Serum Tumor Necrosis Factor-alpha associates with Myocardial Oxygen Demand and Exercise Tolerance in Postmenopausal Women.,International journal of exercise science,10.70252/prws2257,29795723,full-text PDF (no open-access copy found by script; needs institutional access),fulltexts/V/FS-004049.pdf,europepmc:download_failed:http_403,normal,requested,
FTR-230,fulltext_V,FS-004070,,"Tanner A, 2017","The Effects of a 4-Week, Intensified Training, and Competition Period on Salivary Hormones, Immunoglobulin A, Illness Symptoms, and Mood State in Elite Synchronised Swimmers.","Sports (Basel, Switzerland)",10.3390/sports5030064,29910424,full-text PDF (no open-access copy found by script; needs institutional access),fulltexts/V/FS-004070.pdf,europepmc:download_failed:http_403,normal,requested,
FTR-231,fulltext_V,FS-004083,,"Tavares F, 2019",Effects of Chronic Cold-Water Immersion in Elite Rugby Players.,International journal of sports physiology and performance,10.1123/ijspp.2018-0313,29952675,full-text PDF (no open-access copy found by script; needs institutional access),fulltexts/V/FS-004083.pdf,no_usable_identifier_or_no_oa_location_found,normal,requested,
FTR-232,fulltext_V,FS-004098,,"Rodrigues de Araujo V, 2018",Acute high-intensity exercise test in soccer athletes affects salivary biochemical markers.,Free radical research,10.1080/10715762.2018.1481288,30027785,full-text PDF (no open-access copy found by script; needs institutional access),fulltexts/V/FS-004098.pdf,no_usable_identifier_or_no_oa_location_found,high,requested,
FTR-233,fulltext_V,FS-004116,,"Kobos LM, 2018",Altered formation of the iron oxide nanoparticle-biocorona due to individual variability and exercise.,Environmental toxicology and pharmacology,10.1016/j.etap.2018.07.014,30096581,full-text PDF (no open-access copy found by script; needs institutional access),fulltexts/V/FS-004116.pdf,no_usable_identifier_or_no_oa_location_found,normal,requested,
FTR-234,fulltext_V,FS-004138,,"Verheggen RJHM, 2019","Cytokine responses to repeated, prolonged walking in lean versus overweight/obese individuals.",Journal of science and medicine in sport,10.1016/j.jsams.2018.07.019,30172615,full-text PDF (no open-access copy found by script; needs institutional access),fulltexts/V/FS-004138.pdf,no_usable_identifier_or_no_oa_location_found,normal,requested,
FTR-235,fulltext_V,FS-004147,,"Jackman JS, 2019","Assessing the usefulness of acute physiological responses following resistance exercise: sensitivity, magnitude of change, and time course of measures.","Applied physiology, nutrition, and metabolism = Physiologie appliquee, nutrition et metabolisme",10.1139/apnm-2018-0200,30189146,full-text PDF (no open-access copy found by script; needs institutional access),fulltexts/V/FS-004147.pdf,no_usable_identifier_or_no_oa_location_found,high,requested,
FTR-236,fulltext_V,FS-004154,,"McKay AKA, 2019",The impact of chronic carbohydrate manipulation on mucosal immunity in elite endurance athletes.,Journal of sports sciences,10.1080/02640414.2018.1521712,30207506,full-text PDF (no open-access copy found by script; needs institutional access),fulltexts/V/FS-004154.pdf,no_usable_identifier_or_no_oa_location_found,normal,requested,
FTR-237,fulltext_V,FS-004179,,"Stephenson BT, 2019","Brief Report: Training Load, Salivary Immunoglobulin A, and Illness Incidence in Elite Paratriathletes.",International journal of sports physiology and performance,10.1123/ijspp.2018-0439,30300038,full-text PDF (no open-access copy found by script; needs institutional access),fulltexts/V/FS-004179.pdf,no_usable_identifier_or_no_oa_location_found,normal,requested,
FTR-238,fulltext_V,FS-004193,,"Aengevaeren VL, 2019",Exercise-induced Changes in Soluble ST2 Concentrations in Marathon Runners.,Medicine and science in sports and exercise,10.1249/mss.0000000000001806,30339660,full-text PDF (no open-access copy found by script; needs institutional access),fulltexts/V/FS-004193.pdf,europepmc:download_failed:http_403,high,requested,
FTR-239,fulltext_V,FS-004230,,"Tanner EA, 2019",Combining single molecule counting with bead-based multiplexing to quantify biological inflammation time course following skeletal muscle injury.,"Methods (San Diego, Calif.)",10.1016/j.ymeth.2018.11.013,30472249,full-text PDF (no open-access copy found by script; needs institutional access),fulltexts/V/FS-004230.pdf,no_usable_identifier_or_no_oa_location_found,high,requested,
FTR-240,fulltext_V,FS-004231,,"Gary MA, 2019",Combined bead-based multiplex detection of RNA and protein biomarkers: Implications for understanding the time course of skeletal muscle injury and repair.,"Methods (San Diego, Calif.)",10.1016/j.ymeth.2018.11.012,30472250,full-text PDF (no open-access copy found by script; needs institutional access),fulltexts/V/FS-004231.pdf,no_usable_identifier_or_no_oa_location_found,normal,requested,
FTR-241,fulltext_V,FS-004269,,"Stevens CJ, 2018",Long-Haul Northeast Travel Disrupts Sleep and Induces Perceived Fatigue in Endurance Athletes.,Frontiers in physiology,10.3389/fphys.2018.01826,30618835,full-text PDF (no open-access copy found by script; needs institutional access),fulltexts/V/FS-004269.pdf,europepmc:download_failed:http_403,normal,requested,
FTR-242,fulltext_V,FS-004303,,"Danielsson T, 2019",Two-peaked increase of serum myosin heavy chain-α after triathlon suggests heart muscle cell death.,BMJ open sport & exercise medicine,10.1136/bmjsem-2018-000486,30740234,full-text PDF (no open-access copy found by script; needs institutional access),fulltexts/V/FS-004303.pdf,europepmc:download_failed:http_403,high,requested,
FTR-243,fulltext_V,FS-004310,,"Hunter DJ, 2019",Impact of aerobic exercise and fatty acid supplementation on global and gene-specific DNA methylation.,Epigenetics,10.1080/15592294.2019.1582276,30764736,full-text PDF (no open-access copy found by script; needs institutional access),fulltexts/V/FS-004310.pdf,no_usable_identifier_or_no_oa_location_found,normal,requested,
FTR-244,fulltext_V,FS-004341,,"Highton PJ, 2019",Microparticle Responses to Aerobic Exercise and Meal Consumption in Healthy Men.,Medicine and science in sports and exercise,10.1249/mss.0000000000001985,30889043,full-text PDF (no open-access copy found by script; needs institutional access),fulltexts/V/FS-004341.pdf,no_usable_identifier_or_no_oa_location_found,normal,requested,
FTR-245,fulltext_V,FS-004349,,"Sierra AP, 2019",Impairment on Cardiopulmonary Function after Marathon: Role of Exhaled Nitric Oxide.,Oxidative medicine and cellular longevity,10.1155/2019/5134360,30911346,full-text PDF (no open-access copy found by script; needs institutional access),fulltexts/V/FS-004349.pdf,europepmc:download_failed:http_403; crossref:download_failed:http_403,normal,requested,
FTR-246,fulltext_V,FS-004361,,"Leeder JDC, 2019",Cold water immersion improves recovery of sprint speed following a simulated tournament.,European journal of sport science,10.1080/17461391.2019.1585478,30957673,full-text PDF (no open-access copy found by script; needs institutional access),fulltexts/V/FS-004361.pdf,no_usable_identifier_or_no_oa_location_found,normal,requested,
FTR-247,fulltext_V,FS-004364,,"Kraemer RR, 1986",Alterations in plasma-volume-corrected blood components of marathon runners and concomitant relationship to performance.,European journal of applied physiology and occupational physiology,10.1007/bf00423200,3096725,full-text PDF (no open-access copy found by script; needs institutional access),fulltexts/V/FS-004364.pdf,no_usable_identifier_or_no_oa_location_found,normal,requested,
FTR-248,fulltext_V,FS-004374,,"Kurgan N, 2019",Changes to the Human Serum Proteome in Response to High Intensity Interval Exercise: A Sequential Top-Down Proteomic Analysis.,Frontiers in physiology,10.3389/fphys.2019.00362,31001142,full-text PDF (no open-access copy found by script; needs institutional access),fulltexts/V/FS-004374.pdf,europepmc:download_failed:http_403,normal,requested,
FTR-249,fulltext_V,FS-004390,,"Omassoli J, 2019",Variation in renal responses to exercise in the heat with progressive acclimatisation.,Journal of science and medicine in sport,10.1016/j.jsams.2019.04.010,31085130,full-text PDF (no open-access copy found by script; needs institutional access),fulltexts/V/FS-004390.pdf,no_usable_identifier_or_no_oa_location_found,high,requested,
FTR-250,fulltext_V,FS-004392,,"Schenk A, 2019",Impact of Acute Aerobic Exercise on Genome-Wide DNA-Methylation in Natural Killer Cells-A Pilot Study.,Genes,10.3390/genes10050380,31109152,full-text PDF (no open-access copy found by script; needs institutional access),fulltexts/V/FS-004392.pdf,europepmc:download_failed:http_403,normal,requested,
FTR-251,fulltext_V,FS-004406,,"Cummins P, 1987","Comparison of serum cardiac specific troponin-I with creatine kinase, creatine kinase-MB isoenzyme, tropomyosin, myoglobin and C-reactive protein release in marathon runners: cardiac or skeletal muscle trauma?",European journal of clinical investigation,10.1111/j.1365-2362.1987.tb02194.x,3117569,full-text PDF (no open-access copy found by script; needs institutional access),fulltexts/V/FS-004406.pdf,no_usable_identifier_or_no_oa_location_found,high,requested,
FTR-252,fulltext_V,FS-004509,,"Rigamonti AE, 2020","Effects of an acute bout of exercise on circulating extracellular vesicles: tissue-, sex-, and BMI-related differences.",International journal of obesity (2005),10.1038/s41366-019-0460-7,31578459,full-text PDF (no open-access copy found by script; needs institutional access),fulltexts/V/FS-004509.pdf,no_usable_identifier_or_no_oa_location_found,normal,requested,
FTR-253,fulltext_V,FS-004518,,"Le Goff C, 2020",Evolution of the slopes of ST2 and galectin-3 during marathon and ultratrail running compared to a control group.,Clinical chemistry and laboratory medicine,10.1515/cclm-2019-0555,31622239,full-text PDF (no open-access copy found by script; needs institutional access),fulltexts/V/FS-004518.pdf,no_usable_identifier_or_no_oa_location_found,high,requested,
FTR-254,fulltext_V,FS-004520,,"McKay AKA, 2020",Influence of Periodizing Dietary Carbohydrate on Iron Regulation and Immune Function in Elite Triathletes.,International journal of sport nutrition and exercise metabolism,10.1123/ijsnem.2019-0131,31629353,full-text PDF (no open-access copy found by script; needs institutional access),fulltexts/V/FS-004520.pdf,no_usable_identifier_or_no_oa_location_found,normal,requested,
FTR-255,fulltext_V,FS-004537,,"Smith S, 2020",Hepcidin and iron: novel findings for elite female rugby Sevens players.,The Journal of sports medicine and physical fitness,10.23736/s0022-4707.19.10096-5,31665878,full-text PDF (no open-access copy found by script; needs institutional access),fulltexts/V/FS-004537.pdf,no_usable_identifier_or_no_oa_location_found,normal,requested,
FTR-256,fulltext_V,FS-004568,,"Demirhan B, 2020",Seasonal evaluation of skeletal muscle damage and hematological and biochemical parameters of Greco-Roman wrestlers from the Kyrgyzstan National Team before the 2016 Summer Olympic Games.,Journal of back and musculoskeletal rehabilitation,10.3233/bmr-181363,31743985,full-text PDF (no open-access copy found by script; needs institutional access),fulltexts/V/FS-004568.pdf,no_usable_identifier_or_no_oa_location_found,normal,requested,
FTR-257,fulltext_V,FS-004580,,"Theall B, 2020",Allostatic stress load and CMV serostatus impact immune response to maximal exercise in collegiate swimmers.,"Journal of applied physiology (Bethesda, Md. : 1985)",10.1152/japplphysiol.00646.2019,31774356,full-text PDF (no open-access copy found by script; needs institutional access),fulltexts/V/FS-004580.pdf,no_usable_identifier_or_no_oa_location_found,normal,requested,
FTR-258,fulltext_V,FS-004593,,"Smith KA, 2020",Ultra-endurance triathlon performance and markers of whole-body and gut-specific inflammation.,European journal of applied physiology,10.1007/s00421-019-04279-3,31828478,full-text PDF (no open-access copy found by script; needs institutional access),fulltexts/V/FS-004593.pdf,no_usable_identifier_or_no_oa_location_found,normal,requested,
FTR-259,fulltext_V,FS-004624,,"Kim J, 2020","Plasma MMP-9, TIMP-1, and TGF-β1 Responses to Exercise-Induced Muscle Injury.",International journal of environmental research and public health,10.3390/ijerph17020566,31963105,full-text PDF (no open-access copy found by script; needs institutional access),fulltexts/V/FS-004624.pdf,europepmc:download_failed:http_403,normal,requested,
FTR-260,fulltext_V,FS-004640,,"Kammerer T, 2020",Hypoxic-inflammatory responses under acute hypoxia: In Vitro experiments and prospective observational expedition trial.,International journal of molecular sciences,10.3390/ijms21031034,32033172,full-text PDF (no open-access copy found by script; needs institutional access),fulltexts/V/FS-004640.pdf,europepmc:download_failed:http_403,normal,requested,
FTR-261,fulltext_V,FS-004666,,"Posnakidis G, 2022",High-Intensity Functional Training Improves Cardiorespiratory Fitness and Neuromuscular Performance Without Inflammation or Muscle Damage.,Journal of strength and conditioning research,10.1519/jsc.0000000000003516,32108722,full-text PDF (no open-access copy found by script; needs institutional access),fulltexts/V/FS-004666.pdf,no_usable_identifier_or_no_oa_location_found,normal,requested,
FTR-262,fulltext_V,FS-004718,,"Tarperi C, 2020",Effects of endurance exercise on serum concentration of calcitonin gene-related peptide (CGRP): a potential link between exercise intensity and headache.,Clinical chemistry and laboratory medicine,10.1515/cclm-2019-1337,32286239,full-text PDF (no open-access copy found by script; needs institutional access),fulltexts/V/FS-004718.pdf,no_usable_identifier_or_no_oa_location_found,normal,requested,
FTR-263,fulltext_V,FS-004719,,"Santos JMBD, 2020",The Relationship of IL-8 and IL-10 Myokines and Performance in Male Marathon Runners Presenting Exercise-Induced Bronchoconstriction.,International journal of environmental research and public health,10.3390/ijerph17082622,32290385,full-text PDF (no open-access copy found by script; needs institutional access),fulltexts/V/FS-004719.pdf,europepmc:download_failed:http_403,normal,requested,
FTR-264,fulltext_V,FS-004724,,"Li ZB, 2020",Early Warning of Acute Altitude Sickness by Physiological Variables and Noninvasive Cardiovascular Indicators.,Chinese medical sciences journal = Chung-kuo i hsueh k'o hsueh tsa chih,10.24920/003552,32299534,full-text PDF (no open-access copy found by script; needs institutional access),fulltexts/V/FS-004724.pdf,no_usable_identifier_or_no_oa_location_found,normal,requested,
FTR-265,fulltext_V,FS-004759,,"Nescolarde L, 2020",Relationship Between Bioimpedance Vector Displacement and Renal Function After a Marathon in Non-elite Runners.,Frontiers in physiology,10.3389/fphys.2020.00352,32435201,full-text PDF (no open-access copy found by script; needs institutional access),fulltexts/V/FS-004759.pdf,europepmc:download_failed:http_403,high,requested,
FTR-266,fulltext_V,FS-004764,,"Bagley JR, 2020",Epigenetic Responses to Acute Resistance Exercise in Trained vs. Sedentary Men.,Journal of strength and conditioning research,10.1519/jsc.0000000000003185,32459413,full-text PDF (no open-access copy found by script; needs institutional access),fulltexts/V/FS-004764.pdf,no_usable_identifier_or_no_oa_location_found,normal,requested,
FTR-267,fulltext_V,FS-004769,,"Contrepois K, 2020",Molecular Choreography of Acute Exercise.,Cell,10.1016/j.cell.2020.04.043,32470399,full-text PDF (no open-access copy found by script; needs institutional access),fulltexts/V/FS-004769.pdf,no_usable_identifier_or_no_oa_location_found,high,requested,
FTR-268,fulltext_V,FS-004798,,"Boukhris O, 2020","Effects of the 5-m Shuttle Run Test on Markers of Muscle Damage, Inflammation, and Fatigue in Healthy Male Athletes.",International journal of environmental research and public health,10.3390/ijerph17124375,32570815,full-text PDF (no open-access copy found by script; needs institutional access),fulltexts/V/FS-004798.pdf,europepmc:download_failed:circuit_broken,normal,requested,
FTR-269,fulltext_V,FS-004809,,"Tanner EA, 2022","Optimized Curcumin, Pomegranate Extract, and Methylsulfonylmethane Reduce Acute, Systemic Inflammatory Response to a Half-marathon Race.",Alternative therapies in health and medicine,,32619204,full-text PDF (no open-access copy found by script; needs institutional access),fulltexts/V/FS-004809.pdf,no_usable_identifier_or_no_oa_location_found | wos_ut=WOS:000853910200011 | scopus_eid=2-s2.0-85138126126,normal,requested,
FTR-270,fulltext_V,FS-004819,,"Tanner EA, 2021",Alterations in Systemic Inflammatory Response Following a Half-Marathon Race with a Combined Curcumin and Pomegranate Supplement: A Feasibility Study.,Journal of dietary supplements,10.1080/19390211.2020.1786206,32657201,full-text PDF (no open-access copy found by script; needs institutional access),fulltexts/V/FS-004819.pdf,no_usable_identifier_or_no_oa_location_found,normal,requested,
FTR-271,fulltext_V,FS-004825,,"Hedderson WC, 2020",Plasma Concentrations of Select Inflammatory Cytokines Predicts Pain Intensity 48 Hours Post-Shoulder Muscle Injury.,The Clinical journal of pain,10.1097/ajp.0000000000000861,32675582,full-text PDF (no open-access copy found by script; needs institutional access),fulltexts/V/FS-004825.pdf,no_usable_identifier_or_no_oa_location_found,high,requested,
FTR-272,fulltext_V,FS-004839,,"de Castro DLS, 2020",Effect of high-velocity and traditional resistance exercise on serum antioxidants and inflammation biomarkers in older women: A randomized crossover trial.,Experimental gerontology,10.1016/j.exger.2020.111026,32717273,full-text PDF (no open-access copy found by script; needs institutional access),fulltexts/V/FS-004839.pdf,no_usable_identifier_or_no_oa_location_found,high,requested,
FTR-273,fulltext_V,FS-004853,,"Paronetto MP, 2020",Exercise-mediated downregulation of MALAT1 expression and implications in primary and secondary cancer prevention.,Free radical biology & medicine,10.1016/j.freeradbiomed.2020.06.037,32768573,full-text PDF (no open-access copy found by script; needs institutional access),fulltexts/V/FS-004853.pdf,no_usable_identifier_or_no_oa_location_found,normal,requested,
FTR-274,fulltext_V,FS-004889,,"Spijkerman R, 2021",Analysis of human neutrophil phenotypes as biomarker to monitor exercise-induced immune changes.,Journal of leukocyte biology,10.1002/jlb.5a0820-436r,32893357,full-text PDF (no open-access copy found by script; needs institutional access),fulltexts/V/FS-004889.pdf,europepmc:download_failed:http_403; crossref:download_failed:http_400,normal,requested,
FTR-275,fulltext_V,FS-004954,,"Margaritelis NV, 2021",Eccentric exercise per se does not affect muscle damage biomarkers: early and late phase adaptations.,European journal of applied physiology,10.1007/s00421-020-04528-w,33156414,full-text PDF (no open-access copy found by script; needs institutional access),fulltexts/V/FS-004954.pdf,no_usable_identifier_or_no_oa_location_found,normal,requested,
FTR-276,fulltext_V,FS-004989,,"Pavis GF, 2021",Improved recovery from skeletal muscle damage is largely unexplained by myofibrillar protein synthesis or inflammatory and regenerative gene expression pathways.,American journal of physiology. Endocrinology and metabolism,10.1152/ajpendo.00454.2020,33284089,full-text PDF (no open-access copy found by script; needs institutional access),fulltexts/V/FS-004989.pdf,no_usable_identifier_or_no_oa_location_found,normal,requested,
FTR-277,fulltext_V,FS-005046,,"White GE, 2020",Massage Therapy Modulates Inflammatory Mediators Following Sprint Exercise in Healthy Male Athletes.,Journal of functional morphology and kinesiology,10.3390/jfmk5010009,33467225,full-text PDF (no open-access copy found by script; needs institutional access),fulltexts/V/FS-005046.pdf,europepmc:download_failed:circuit_broken,normal,requested,
FTR-278,fulltext_V,FS-005118,,"Brock-Utne JG, 1988",Endotoxaemia in exhausted runners after a long-distance race.,South African medical journal = Suid-Afrikaanse tydskrif vir geneeskunde,,3375945,full-text PDF (no open-access copy found by script; needs institutional access),fulltexts/V/FS-005118.pdf,no_usable_identifier_or_no_oa_location_found,high,requested,
FTR-279,fulltext_V,FS-005129,,"Stawski R, 2021",Increased Circulating H3 Histone in Response to Repeated Bouts of Exercise Does Not Associate with Parallel Alterations of Cell-Free DNA.,Biology,10.3390/biology10030181,33801313,full-text PDF (no open-access copy found by script; needs institutional access),fulltexts/V/FS-005129.pdf,europepmc:download_failed:circuit_broken,normal,requested,
FTR-280,fulltext_V,FS-005160,,"Esquius L, 2021",Impact of Olive Oil Supplement Intake on Dendritic Cell Maturation after Strenuous Physical Exercise: A Preliminary Study.,International journal of environmental research and public health,10.3390/ijerph18084128,33919722,full-text PDF (no open-access copy found by script; needs institutional access),fulltexts/V/FS-005160.pdf,europepmc:download_failed:circuit_broken,high,requested,
FTR-281,fulltext_V,FS-005163,,"Tavares-Silva E, 2021","Effect of Multi-Strain Probiotic Supplementation on URTI Symptoms and Cytokine Production by Monocytes after a Marathon Race: A Randomized, Double-Blind, Placebo Study.",Nutrients,10.3390/nu13051478,33925633,full-text PDF (no open-access copy found by script; needs institutional access),fulltexts/V/FS-005163.pdf,europepmc:download_failed:circuit_broken,normal,requested,
FTR-282,fulltext_V,FS-005169,,"Bjørnsen T, 2021",High-frequency blood flow-restricted resistance exercise results in acute and prolonged cellular stress more pronounced in type I than in type II fibers.,"Journal of applied physiology (Bethesda, Md. : 1985)",10.1152/japplphysiol.00115.2020,33955259,full-text PDF (no open-access copy found by script; needs institutional access),fulltexts/V/FS-005169.pdf,no_usable_identifier_or_no_oa_location_found,normal,requested,
FTR-283,fulltext_V,FS-005183,,"Hashida R, 2021","Effects of a low-intensity resistance exercise program on serum miR-630, miR-5703, and Fractalkine/CX3CL1 expressions in subjects with No exercise habits: A preliminary study.",Hepatology research : the official journal of the Japan Society of Hepatology,10.1111/hepr.13670,34014020,full-text PDF (no open-access copy found by script; needs institutional access),fulltexts/V/FS-005183.pdf,no_usable_identifier_or_no_oa_location_found,normal,requested,
FTR-284,fulltext_V,FS-005253,,"Mendes BC, 2021",Effects of Euterpe edulis Martius on inflammatory responses to high-intensity intermittent exercise: Crossover randomized trial.,"Nutrition (Burbank, Los Angeles County, Calif.)",10.1016/j.nut.2021.111344,34273682,full-text PDF (no open-access copy found by script; needs institutional access),fulltexts/V/FS-005253.pdf,no_usable_identifier_or_no_oa_location_found,normal,requested,
FTR-285,fulltext_V,FS-005301,,"McFarlin BK, 2021","Dietary Polyphenol and Methylsulfonylmethane Supplementation Improves Immune, DAMP Signaling, and Inflammatory Responses During Recovery From All-Out Running Efforts.",Frontiers in physiology,10.3389/fphys.2021.712731,34531760,full-text PDF (no open-access copy found by script; needs institutional access),fulltexts/V/FS-005301.pdf,europepmc:download_failed:http_403,normal,requested,
FTR-286,fulltext_V,FS-005304,,"Özdemir Ç, 2021",Effect of Regular Aerobic Training on Serum C-Reactive Protein and IL-6 Levels in Obese Women.,Puerto Rico health sciences journal,,34543566,full-text PDF (no open-access copy found by script; needs institutional access),fulltexts/V/FS-005304.pdf,no_usable_identifier_or_no_oa_location_found | wos_ut=WOS:000659897500004 | scopus_eid=2-s2.0-85109476415,normal,requested,
FTR-287,fulltext_V,FS-005334,,"Cruz R, 2022","Air pollution and high-intensity interval exercise: Implications to anti-inflammatory balance, metabolome and cardiovascular responses.",The Science of the total environment,10.1016/j.scitotenv.2021.151094,34688752,full-text PDF (no open-access copy found by script; needs institutional access),fulltexts/V/FS-005334.pdf,no_usable_identifier_or_no_oa_location_found,normal,requested,
FTR-288,fulltext_V,FS-005434,,"Heiston EM, 2023",Acute exercise decreases insulin-stimulated extracellular vesicles in conjunction with augmentation index in adults with obesity.,The Journal of physiology,10.1113/jp282274,35081660,full-text PDF (no open-access copy found by script; needs institutional access),fulltexts/V/FS-005434.pdf,no_usable_identifier_or_no_oa_location_found,normal,requested,
FTR-289,fulltext_V,FS-005486,,"Engel T, 2022",Feasability of An Eccentric Isokinetic Protocol to Induce Trunk Muscle Damage: A Pilot Study.,Sports medicine international open,10.1055/a-1757-6724,35313534,full-text PDF (no open-access copy found by script; needs institutional access),fulltexts/V/FS-005486.pdf,europepmc:download_failed:http_403,high,requested,
FTR-290,fulltext_V,FS-005508,,"Duarte W, 2022",C-Reactive Protein and Skin Temperature of the lower limbs of Brazilian elite soccer players like load markers following three consecutive games.,Journal of thermal biology,10.1016/j.jtherbio.2022.103188,35393043,full-text PDF (no open-access copy found by script; needs institutional access),fulltexts/V/FS-005508.pdf,no_usable_identifier_or_no_oa_location_found,normal,requested,
FTR-291,fulltext_V,FS-005528,,"Glotov AS, 2022",RNA Sequencing of Whole Blood Defines the Signature of High Intensity Exercise at Altitude in Elite Speed Skaters.,Genes,10.3390/genes13040574,35456380,full-text PDF (no open-access copy found by script; needs institutional access),fulltexts/V/FS-005528.pdf,europepmc:download_failed:circuit_broken,normal,requested,
FTR-292,fulltext_V,FS-005607,,"Snape D, 2023",Reliability of Biomarkers of Physiological Stress at Rest and Post-exertional Heat Stress.,International journal of sports medicine,10.1055/a-1890-0993,35777726,full-text PDF (no open-access copy found by script; needs institutional access),fulltexts/V/FS-005607.pdf,no_usable_identifier_or_no_oa_location_found,high,requested,
FTR-293,fulltext_V,FS-005701,,"Morgans R, 2022",The Immunological and Hormonal Responses to Competitive Match-Play in Elite Soccer Players.,International journal of environmental research and public health,10.3390/ijerph191811784,36142056,full-text PDF (no open-access copy found by script; needs institutional access),fulltexts/V/FS-005701.pdf,europepmc:download_failed:circuit_broken,normal,requested,
FTR-294,fulltext_V,FS-005741,,"Goj T, 2023",The Acute Cytokine Response to 30-Minute Exercise Bouts Before and After 8-Week Endurance Training in Individuals With Obesity.,The Journal of clinical endocrinology and metabolism,10.1210/clinem/dgac623,36285617,full-text PDF (no open-access copy found by script; needs institutional access),fulltexts/V/FS-005741.pdf,europepmc:download_failed:http_404; crossref:download_failed:http_403,normal,requested,
FTR-295,fulltext_V,FS-005770,,"Jurado-Fasoli L, 2022","Acute and long-term exercise differently modulate plasma levels of oxylipins, endocannabinoids, and their analogues in young sedentary adults: A sub-study and secondary analyses from the ACTIBATE randomized controlled-trial.",EBioMedicine,10.1016/j.ebiom.2022.104313,36374769,full-text PDF (no open-access copy found by script; needs institutional access),fulltexts/V/FS-005770.pdf,europepmc:download_failed:http_403,normal,requested,
FTR-296,fulltext_V,FS-005856,,"Zúñiga TM, 2023",Clonal Kinetics and Single-Cell Transcriptional Profiles of T Cells Mobilized to Blood by Acute Exercise.,Medicine and science in sports and exercise,10.1249/mss.0000000000003130,36719647,full-text PDF (no open-access copy found by script; needs institutional access),fulltexts/V/FS-005856.pdf,no_usable_identifier_or_no_oa_location_found,normal,requested,
FTR-297,fulltext_V,FS-005864,,"Baker FL, 2023",Exercise mobilizes diverse antigen specific T-cells and elevates neutralizing antibodies in humans with natural immunity to SARS CoV-2.,"Brain, behavior, & immunity - health",10.1016/j.bbih.2023.100600,36743994,full-text PDF (no open-access copy found by script; needs institutional access),fulltexts/V/FS-005864.pdf,europepmc:download_failed:http_403,normal,requested,
FTR-298,fulltext_V,FS-005870,,"Maggio S, 2023",Modulation of the Circulating Extracellular Vesicles in Response to Different Exercise Regimens and Study of Their Inflammatory Effects.,International journal of molecular sciences,10.3390/ijms24033039,36769362,full-text PDF (no open-access copy found by script; needs institutional access),fulltexts/V/FS-005870.pdf,europepmc:download_failed:circuit_broken,normal,requested,
FTR-299,fulltext_V,FS-005877,,"Lewicki R, 1987",Effect of physical exercise on some parameters of immunity in conditioned sportsmen.,International journal of sports medicine,10.1055/s-2008-1025675,3679644,full-text PDF (no open-access copy found by script; needs institutional access),fulltexts/V/FS-005877.pdf,no_usable_identifier_or_no_oa_location_found,normal,requested,
FTR-300,fulltext_V,FS-005884,,"Malsagova KA, 2023",Molecular Profiling of Athletes Performing High-Intensity Exercises in Extreme Environments.,"Sports (Basel, Switzerland)",10.3390/sports11020036,36828321,full-text PDF (no open-access copy found by script; needs institutional access),fulltexts/V/FS-005884.pdf,europepmc:download_failed:circuit_broken,normal,requested,
FTR-301,fulltext_V,FS-005887,,"Hunter DJ, 2023",Impacts of Eccentric Resistance Exercise on DNA Methylation of Candidate Genes for Inflammatory Cytokines in Skeletal Muscle and Leukocytes of Healthy Males.,Genes,10.3390/genes14020478,36833405,full-text PDF (no open-access copy found by script; needs institutional access),fulltexts/V/FS-005887.pdf,europepmc:download_failed:circuit_broken,normal,requested,
FTR-302,fulltext_V,FS-005899,,"Mackinnon LT, 1987",The effect of exercise on secretory and natural immunity.,Advances in experimental medicine and biology,10.1007/978-1-4684-5344-7_102,3687561,full-text PDF (no open-access copy found by script; needs institutional access),fulltexts/V/FS-005899.pdf,no_usable_identifier_or_no_oa_location_found,normal,requested,
FTR-303,fulltext_V,FS-005990,,"Fridlich O, 2023","Elevated cfDNA after exercise is derived primarily from mature polymorphonuclear neutrophils, with a minor contribution of cardiomyocytes.",Cell reports. Medicine,10.1016/j.xcrm.2023.101074,37290439,full-text PDF (no open-access copy found by script; needs institutional access),fulltexts/V/FS-005990.pdf,europepmc:download_failed:http_403,normal,requested,
FTR-304,fulltext_V,FS-006008,,"Otocka-Kmiecik A, 2023",Effect of Exercise Repetitions on Arylesterase Activity of PON1 in Plasma of Average-Trained Men-The Dissociation between Activity and Concentration.,"Antioxidants (Basel, Switzerland)",10.3390/antiox12061296,37372026,full-text PDF (no open-access copy found by script; needs institutional access),fulltexts/V/FS-006008.pdf,europepmc:download_failed:circuit_broken,normal,requested,
FTR-305,fulltext_V,FS-006114,,"Beckner ME, 2024","Sex differences in mood, hormone and immune response to combatives training in West Point Cadets.",Psychoneuroendocrinology,10.1016/j.psyneuen.2023.106656,37918137,full-text PDF (no open-access copy found by script; needs institutional access),fulltexts/V/FS-006114.pdf,no_usable_identifier_or_no_oa_location_found,normal,requested,
FTR-306,fulltext_V,FS-006136,,"Cieślicka M, 2023",Long-Term Bovine Colostrum Supplementation in Football Players.,Nutrients,10.3390/nu15224779,38004173,full-text PDF (no open-access copy found by script; needs institutional access),fulltexts/V/FS-006136.pdf,europepmc:download_failed:circuit_broken,normal,requested,
FTR-307,fulltext_V,FS-006154,,"Nogiec CD, 2024",Exercise-Induced Cell-Free DNA Correlates with Energy Expenditure in Multiple Exercise Protocols.,Medicine and science in sports and exercise,10.1249/mss.0000000000003363,38109167,full-text PDF (no open-access copy found by script; needs institutional access),fulltexts/V/FS-006154.pdf,no_usable_identifier_or_no_oa_location_found,normal,requested,
FTR-308,fulltext_V,FS-006184,,"Chong MC, 2024",Acute exercise-induced release of innate immune proteins via small extracellular vesicles changes with aerobic fitness and age.,"Acta physiologica (Oxford, England)",10.1111/apha.14095,38243724,full-text PDF (no open-access copy found by script; needs institutional access),fulltexts/V/FS-006184.pdf,no_usable_identifier_or_no_oa_location_found,normal,requested,
FTR-309,fulltext_V,FS-006191,,"Clayton DJ, 2024","Combined Turmeric, Vitamin C, and Vitamin D Ready-to-Drink Supplements Reduce Upper Respiratory Illness Symptoms and Gastrointestinal Discomfort in Elite Male Football Players.",Nutrients,10.3390/nu16020243,38257136,full-text PDF (no open-access copy found by script; needs institutional access),fulltexts/V/FS-006191.pdf,europepmc:download_failed:circuit_broken,normal,requested,
FTR-310,fulltext_V,FS-006214,,"Lang HM, 2024",The Relationship Between Cell-Free DNA and Resistance Training Volume Load.,Journal of strength and conditioning research,10.1519/jsc.0000000000004751,38373069,full-text PDF (no open-access copy found by script; needs institutional access),fulltexts/V/FS-006214.pdf,no_usable_identifier_or_no_oa_location_found,high,requested,
FTR-311,fulltext_V,FS-006215,,"Conkright WR, 2024",Acute Resistance Exercise Modifies Extracellular Vesicle miRNAs Targeting Anabolic Gene Pathways: A Prospective Cohort Study.,Medicine and science in sports and exercise,10.1249/mss.0000000000003408,38377006,full-text PDF (no open-access copy found by script; needs institutional access),fulltexts/V/FS-006215.pdf,no_usable_identifier_or_no_oa_location_found,normal,requested,
FTR-312,fulltext_V,FS-006247,,"Ryningen A, 2024",Acute response in circulating microRNAs following a single bout of short-sprint and heavy strength training in well-trained cyclists.,Frontiers in physiology,10.3389/fphys.2024.1365357,38532845,full-text PDF (no open-access copy found by script; needs institutional access),fulltexts/V/FS-006247.pdf,europepmc:download_failed:http_403,normal,requested,
FTR-313,fulltext_V,FS-006259,,"Henningsen K, 2024",The increase in core body temperature in response to exertional-heat stress can predict exercise-induced gastrointestinal syndrome.,"Temperature (Austin, Tex.)",10.1080/23328940.2023.2213625,38577295,full-text PDF (no open-access copy found by script; needs institutional access),fulltexts/V/FS-006259.pdf,europepmc:download_failed:http_403,high,requested,
FTR-314,fulltext_V,FS-006260,,"Castrogiovanni P, 2024",Skeletal muscle of young females under resistance exercise exhibits a unique innate immune cell infiltration profile compared to males and elderly individuals.,Journal of muscle research and cell motility,10.1007/s10974-024-09668-6,38578562,full-text PDF (no open-access copy found by script; needs institutional access),fulltexts/V/FS-006260.pdf,no_usable_identifier_or_no_oa_location_found,normal,requested,
FTR-315,fulltext_V,FS-006296,,"Gebhardt K, 2024",Respiratory and Metabolic Responses of CD4 + T Cells to Acute Exercise and Their Association with Cardiorespiratory Fitness.,Medicine and science in sports and exercise,10.1249/mss.0000000000003483,38768035,full-text PDF (no open-access copy found by script; needs institutional access),fulltexts/V/FS-006296.pdf,no_usable_identifier_or_no_oa_location_found,normal,requested,
FTR-316,fulltext_V,FS-006366,,"Biagini D, 2024",A MEPS-UHPLC-MS/MS analytical platform to detect isoprostanoids and specialized pro-resolving mediators in the urinary extracellular vesicles of mountain ultramarathon runners.,Talanta,10.1016/j.talanta.2024.126619,39067203,full-text PDF (no open-access copy found by script; needs institutional access),fulltexts/V/FS-006366.pdf,no_usable_identifier_or_no_oa_location_found,high,requested,
FTR-317,fulltext_V,FS-006373,,"McFarlin BK, 2024",Baker's yeast beta glucan supplementation was associated with an improved innate immune mRNA expression response after exercise.,"Methods (San Diego, Calif.)",10.1016/j.ymeth.2024.07.013,39097177,full-text PDF (no open-access copy found by script; needs institutional access),fulltexts/V/FS-006373.pdf,no_usable_identifier_or_no_oa_location_found,normal,requested,
FTR-318,fulltext_V,FS-006389,,"Cui X, 2024",Deciphering Blood Flow Restriction Training to Aid Lipid Lowering in Obese College Students through Untargeted Metabolomics.,Metabolites,10.3390/metabo14080433,39195529,full-text PDF (no open-access copy found by script; needs institutional access),fulltexts/V/FS-006389.pdf,europepmc:download_failed:http_403,normal,requested,
FTR-319,fulltext_V,FS-006410,,"Günaştı Ö, 2024",Changes in hematopoietic stem cell numbers following acute exercise in non-athlete marathon runners.,Advances in medical sciences,10.1016/j.advms.2024.09.003,39284497,full-text PDF (no open-access copy found by script; needs institutional access),fulltexts/V/FS-006410.pdf,no_usable_identifier_or_no_oa_location_found,high,requested,
FTR-320,fulltext_V,FS-006424,,"Righetti S, 2024",Effects of Maltodextrin-Fructose Supplementation on Inflammatory Biomarkers and Lipidomic Profile Following Endurance Running: A Randomized Placebo-Controlled Cross-Over Trial.,Nutrients,10.3390/nu16183078,39339678,full-text PDF (no open-access copy found by script; needs institutional access),fulltexts/V/FS-006424.pdf,europepmc:download_failed:http_403,normal,requested,
FTR-321,fulltext_V,FS-006499,,"Tamai S, 2025","Variabilities of salivary human herpesvirus 6, 7, and secretory immunoglobulin A levels from pre- to post-competition periods in baseball players.",The Journal of sports medicine and physical fitness,10.23736/s0022-4707.24.16227-5,39652048,full-text PDF (no open-access copy found by script; needs institutional access),fulltexts/V/FS-006499.pdf,no_usable_identifier_or_no_oa_location_found,normal,requested,
FTR-322,fulltext_V,FS-006501,,"Drummer DJ, 2025",Low carbohydrate availability promotes a distinct circulating microRNA profile 24 h following aerobic exercise.,Physiological genomics,10.1152/physiolgenomics.00107.2024,39662484,full-text PDF (no open-access copy found by script; needs institutional access),fulltexts/V/FS-006501.pdf,no_usable_identifier_or_no_oa_location_found,normal,requested,
FTR-323,fulltext_V,FS-006563,,"Van der Stede T, 2025",Cellular deconstruction of the human skeletal muscle microenvironment identifies an exercise-induced histaminergic crosstalk.,Cell metabolism,10.1016/j.cmet.2024.12.011,39919738,full-text PDF (no open-access copy found by script; needs institutional access),fulltexts/V/FS-006563.pdf,no_usable_identifier_or_no_oa_location_found,normal,requested,
FTR-324,fulltext_V,FS-006651,,"Smith KA, 2025",Exercise-induced β2-adrenergic receptor activation enhances effector lymphocyte mobilization in humans and suppresses lymphoma growth in mice through NK-cells.,"Brain, behavior, and immunity",10.1016/j.bbi.2025.04.040,40311885,full-text PDF (no open-access copy found by script; needs institutional access),fulltexts/V/FS-006651.pdf,no_usable_identifier_or_no_oa_location_found,normal,requested,
FTR-325,fulltext_V,FS-006662,,"Gunasekara N, 2025",The Influence of an Acute Endurance Intervention on Breast Cancer Cell Growth-A Pilot Study.,International journal of molecular sciences,10.3390/ijms26093976,40362215,full-text PDF (no open-access copy found by script; needs institutional access),fulltexts/V/FS-006662.pdf,europepmc:download_failed:circuit_broken,normal,requested,
FTR-326,fulltext_V,FS-006685,,"Muniz-Santos R, 2025",The Influence of Competition Day Loads on the Metabolic and Immune Response of Olympic Female Beach Volleyball Athletes: A Sportomics Analysis.,Nutrients,10.3390/nu17111924,40507193,full-text PDF (no open-access copy found by script; needs institutional access),fulltexts/V/FS-006685.pdf,europepmc:download_failed:http_403,high,requested,
FTR-327,fulltext_V,FS-006706,,"Geng L, 2025",Systematic profiling reveals betaine as an exercise mimetic for geroprotection.,Cell,10.1016/j.cell.2025.06.001,40570836,full-text PDF (no open-access copy found by script; needs institutional access),fulltexts/V/FS-006706.pdf,no_usable_identifier_or_no_oa_location_found,normal,requested,
FTR-328,fulltext_V,FS-006734,,"Ruple BA, 2025",Transcriptomic analyses of peripheral blood mononuclear cells reveal age-specific basal and acute exercise responsiveness differences in humans.,American journal of physiology. Endocrinology and metabolism,10.1152/ajpendo.00169.2025,40695537,full-text PDF (no open-access copy found by script; needs institutional access),fulltexts/V/FS-006734.pdf,no_usable_identifier_or_no_oa_location_found,normal,requested,
FTR-329,fulltext_V,FS-006745,,"Lingitz MT, 2025",Circulating Antimicrobial Peptides as Biomarkers of Inflammation and Airway Dysfunction After Marathon Running.,Biology,10.3390/biology14070825,40723384,full-text PDF (no open-access copy found by script; needs institutional access),fulltexts/V/FS-006745.pdf,europepmc:download_failed:http_403,normal,requested,
FTR-330,fulltext_V,FS-006828,,"Harrison SE, 2025",Anxiety and Mood Disturbance Are Prospectively Associated With Respiratory Infection Risk and the Mucosal Immune Response to Exercise.,European journal of sport science,10.1002/ejsc.70058,41024702,full-text PDF (no open-access copy found by script; needs institutional access),fulltexts/V/FS-006828.pdf,europepmc:download_failed:http_403,normal,requested,
FTR-331,fulltext_V,FS-006881,,"Garza AP, 2025","Acute exercise alters immune responses in older adults, with extracellular vesicle changes observed in a high-intensity intervention.",Frontiers in immunology,10.3389/fimmu.2025.1661161,41208983,full-text PDF (no open-access copy found by script; needs institutional access),fulltexts/V/FS-006881.pdf,europepmc:download_failed:http_403,normal,requested,
FTR-332,fulltext_V,FS-006885,,"Leveque C, 2026",Cumulative oxidative and inflammatory responses to repeated depth training in breath-hold divers: a multiparametric field study.,European journal of applied physiology,10.1007/s00421-025-06040-5,41222681,full-text PDF (no open-access copy found by script; needs institutional access),fulltexts/V/FS-006885.pdf,no_usable_identifier_or_no_oa_location_found,normal,requested,
FTR-333,fulltext_V,FS-006949,,"Alencar GZ, 2026",Salivary proteomics and metabolic responses to resistance training with and without blood flow restriction in young adults.,Journal of proteomics,10.1016/j.jprot.2025.105587,41453684,full-text PDF (no open-access copy found by script; needs institutional access),fulltexts/V/FS-006949.pdf,no_usable_identifier_or_no_oa_location_found,normal,requested,
FTR-334,fulltext_V,FS-006965,,"Coker RH, 2026",Oxylipin Responses during the Yukon Arctic Ultra: The Longest and Coldest Ultramarathon in the World.,Military medicine,10.1093/milmed/usaf622,41525801,full-text PDF (no open-access copy found by script; needs institutional access),fulltexts/V/FS-006965.pdf,no_usable_identifier_or_no_oa_location_found,normal,requested,
FTR-335,fulltext_V,FS-006985,,"Ji Y, 2026",Wearable Lateral Flow Patch for Noninvasive Sweat Protein Monitoring.,ACS sensors,10.1021/acssensors.5c03500,41603421,full-text PDF (no open-access copy found by script; needs institutional access),fulltexts/V/FS-006985.pdf,no_usable_identifier_or_no_oa_location_found,high,requested,
FTR-336,fulltext_V,FS-007033,,"Zabara D, 2026","Lymphocyte subpopulations in healthy Ukrainian men: local reference ranges, long temporal stability, and exercise-induced variability.",Immunobiology,10.1016/j.imbio.2026.153170,41740469,full-text PDF (no open-access copy found by script; needs institutional access),fulltexts/V/FS-007033.pdf,no_usable_identifier_or_no_oa_location_found,high,requested,
FTR-337,fulltext_V,FS-007094,,"Lanfranchi C, 2026",Oleuropein-based olive leaf extract enhances muscle mitochondrial bioenergetics response to moderate - but not maximal - intensity exercise in humans.,The Journal of physiology,10.1113/jp290316,41979147,full-text PDF (no open-access copy found by script; needs institutional access),fulltexts/V/FS-007094.pdf,europepmc:download_failed:http_403; crossref:download_failed:http_403,normal,requested,
FTR-338,fulltext_V,FS-007097,,"Selleri V, 2026",Cumulative increases in circulating mtDNA as a potential biomarker of brain injury in rugby union: a pilot study.,Journal of science and medicine in sport,10.1016/j.jsams.2026.03.024,41991430,full-text PDF (no open-access copy found by script; needs institutional access),fulltexts/V/FS-007097.pdf,no_usable_identifier_or_no_oa_location_found,normal,requested,
FTR-339,fulltext_V,FS-007158,,"Mrakic-Sposta S, 2026",Oxy-Inflammatory Profile of Finishers and No-Finishers in an Extreme Ultra-Endurance Trail Race: The 866 km Transpyrénéa.,International journal of molecular sciences,10.3390/ijms27104295,42196277,full-text PDF (no open-access copy found by script; needs institutional access),fulltexts/V/FS-007158.pdf,europepmc:download_failed:http_403,normal,requested,
FTR-340,fulltext_V,FS-007188,,"Nemkov T, 2026","Long-Distance Trail Running Induces Inflammatory-Associated Protein, Lipid, and Purine Oxidation in Red Blood Cells.",Blood red cells & iron,10.1016/j.brci.2026.100055,42273167,full-text PDF (no open-access copy found by script; needs institutional access),fulltexts/V/FS-007188.pdf,no_usable_identifier_or_no_oa_location_found,normal,requested,
FTR-341,fulltext_V,FS-007236,,"Janssens GE, 2026","Delayed molecular aging, preservation of energy metabolism and enhanced exercise response in exercise-trained human muscle.",Nature aging,10.1038/s43587-026-01150-x,42399371,full-text PDF (no open-access copy found by script; needs institutional access),fulltexts/V/FS-007236.pdf,no_usable_identifier_or_no_oa_location_found,normal,requested,
FTR-342,fulltext_V,FS-007241,,"Androulakis N, 2026",Leukocyte Morphology Changes during Preseason in Elite Soccer Players: A Pilot Study.,International journal of sports medicine,10.1055/a-2899-8817,42413512,full-text PDF (no open-access copy found by script; needs institutional access),fulltexts/V/FS-007241.pdf,no_usable_identifier_or_no_oa_location_found,normal,requested,
FTR-343,fulltext_V,FS-007251,,"Rhi S, 2026","Integrated Multi-Sensor Assessment System for Objective Muscle Recovery Monitoring: Application of Isokinetic Dynamometry, Infrared Thermometry, and Multi-Biomarker ELISA in Exercise-Induced Muscle Damage Surveillance.","Sensors (Basel, Switzerland)",10.3390/s26134215,42451454,full-text PDF (no open-access copy found by script; needs institutional access),fulltexts/V/FS-007251.pdf,europepmc:download_failed:http_403,high,requested,
FTR-344,fulltext_V,FS-007259,,"Wen H, 2026","Passive, Electromagnetic-Responsive Hydrogel Immunosensor for Exercise Intensity Monitoring Based on Sweat C-Reactive Protein.",Advanced healthcare materials,10.1002/adhm.71454,42494155,full-text PDF (no open-access copy found by script; needs institutional access),fulltexts/V/FS-007259.pdf,no_usable_identifier_or_no_oa_location_found,high,requested,
FTR-345,fulltext_V,FS-007308,,"Schouten M, 2026",Palmitoylethanolamide supplementation partly modulates eccentric exercise-induced changes in the bioactive lipid profile of skeletal muscle tissue.,Pflugers Archiv : European journal of physiology,10.1007/s00424-026-03208-6,42661049,full-text PDF (no open-access copy found by script; needs institutional access),fulltexts/V/FS-007308.pdf,no_usable_identifier_or_no_oa_location_found,normal,requested,
FTR-346,fulltext_V,FS-007433,,"Tomasi TB, 1982",Immune parameters in athletes before and after strenuous exercise.,Journal of clinical immunology,10.1007/bf00915219,6981653,full-text PDF (no open-access copy found by script; needs institutional access),fulltexts/V/FS-007433.pdf,no_usable_identifier_or_no_oa_location_found,normal,requested,
FTR-347,fulltext_V,FS-007440,,"Priest JB, 1982",Exercise-induced changes in common laboratory tests.,American journal of clinical pathology,10.1093/ajcp/77.3.285,7072633,full-text PDF (no open-access copy found by script; needs institutional access),fulltexts/V/FS-007440.pdf,no_usable_identifier_or_no_oa_location_found,high,requested,
FTR-348,fulltext_V,FS-007467,,"Kajiura, Jason S., 1995",Immune response to changes in training intensity and volume in runners,Medicine and Science in Sports and Exercise,10.1249/00005768-199508000-00002,7476053,full-text PDF (no open-access copy found by script; needs institutional access),fulltexts/V/FS-007467.pdf,no_usable_identifier_or_no_oa_location_found,normal,requested,
FTR-349,fulltext_V,FS-007479,,"Gleeson M, 1995",The effect on immunity of long-term intensive training in elite swimmers.,Clinical and experimental immunology,10.1111/j.1365-2249.1995.tb06658.x,7554392,full-text PDF (no open-access copy found by script; needs institutional access),fulltexts/V/FS-007479.pdf,no_usable_identifier_or_no_oa_location_found,normal,requested,
FTR-350,fulltext_V,FS-007501,,"Kayashima S, 1995",Leucocytosis as a marker of organ damage induced by chronic strenuous physical exercise.,European journal of applied physiology and occupational physiology,10.1007/bf00618492,7671876,full-text PDF (no open-access copy found by script; needs institutional access),fulltexts/V/FS-007501.pdf,no_usable_identifier_or_no_oa_location_found,high,requested,
FTR-351,fulltext_V,FS-007508,,"Greenleaf JE, 1995",CD4+/CD8+ T-lymphocyte ratio: effects of rehydration before exercise in dehydrated men.,Medicine and science in sports and exercise,10.1249/00005768-199502000-00008,7723642,full-text PDF (no open-access copy found by script; needs institutional access),fulltexts/V/FS-007508.pdf,no_usable_identifier_or_no_oa_location_found | wos_ut=WOS:A1995QF64000008 | scopus_eid=2-s2.0-0028967340,high,requested,
FTR-352,fulltext_V,FS-007524,,"Hack V, 1994",PMN cell counts and phagocytic activity of highly trained athletes depend on training period.,"Journal of applied physiology (Bethesda, Md. : 1985)",10.1152/jappl.1994.77.4.1731,7836192,full-text PDF (no open-access copy found by script; needs institutional access),fulltexts/V/FS-007524.pdf,no_usable_identifier_or_no_oa_location_found,normal,requested,
FTR-353,fulltext_V,FS-007528,,"Baum M, 1994","Leucocytes, lymphocytes, activation parameters and cell adhesion molecules in middle-distance runners under different training conditions.",International journal of sports medicine,10.1055/s-2007-1021126,7883393,full-text PDF (no open-access copy found by script; needs institutional access),fulltexts/V/FS-007528.pdf,no_usable_identifier_or_no_oa_location_found,normal,requested,
FTR-354,fulltext_V,FS-007530,,"Mackinnon LT, 1994",Mucosal (secretory) immune system responses to exercise of varying intensity and during overtraining.,International journal of sports medicine,10.1055/s-2007-1021134,7883401,full-text PDF (no open-access copy found by script; needs institutional access),fulltexts/V/FS-007530.pdf,no_usable_identifier_or_no_oa_location_found,normal,requested,
FTR-355,fulltext_V,FS-007547,,"Gabriel H, 1994",Suppressed PMA-induced oxidative burst and unimpaired phagocytosis of circulating granulocytes one week after a long endurance exercise.,International journal of sports medicine,10.1055/s-2007-1021085,8002126,full-text PDF (no open-access copy found by script; needs institutional access),fulltexts/V/FS-007547.pdf,no_usable_identifier_or_no_oa_location_found,normal,requested,
FTR-356,fulltext_V,FS-007568,,"Müns G, 1994",Effect of long-distance running on polymorphonuclear neutrophil phagocytic function of the upper airways.,International journal of sports medicine,10.1055/s-2007-1021027,8157376,full-text PDF (no open-access copy found by script; needs institutional access),fulltexts/V/FS-007568.pdf,no_usable_identifier_or_no_oa_location_found,normal,requested,
FTR-357,fulltext_V,FS-007578,,"Mackinnon LT, 1993",Decreased salivary immunoglobulin A secretion rate after intense interval exercise in elite kayakers.,European journal of applied physiology and occupational physiology,10.1007/bf00376664,8223526,full-text PDF (no open-access copy found by script; needs institutional access),fulltexts/V/FS-007578.pdf,no_usable_identifier_or_no_oa_location_found,normal,requested,
FTR-358,fulltext_V,FS-007602,,"Grazzi L, 1993",Short and medium-term influence of physical activity on immune parameters.,The International journal of neuroscience,10.3109/00207459309000609,8407151,full-text PDF (no open-access copy found by script; needs institutional access),fulltexts/V/FS-007602.pdf,no_usable_identifier_or_no_oa_location_found,normal,requested,
FTR-359,fulltext_V,FS-007617,,"DeRijk RH, 1996",Changes in corticosteroid sensitivity of peripheral blood lymphocytes after strenuous exercise in humans.,The Journal of clinical endocrinology and metabolism,10.1210/jcem.81.1.8550757,8550757,full-text PDF (no open-access copy found by script; needs institutional access),fulltexts/V/FS-007617.pdf,no_usable_identifier_or_no_oa_location_found,high,requested,
FTR-360,fulltext_V,FS-007637,,"Rincón HG, 1996",Exercise in frail elderly men decreases natural killer cell activity.,"Aging (Milan, Italy)",10.1007/bf03339564,8737609,full-text PDF (no open-access copy found by script; needs institutional access),fulltexts/V/FS-007637.pdf,no_usable_identifier_or_no_oa_location_found,normal,requested,
FTR-361,fulltext_V,FS-007639,,"Suzuki K, 1996",Effects of exhaustive endurance exercise and its one-week daily repetition on neutrophil count and functional status in untrained men.,International journal of sports medicine,10.1055/s-2007-972833,8739575,full-text PDF (no open-access copy found by script; needs institutional access),fulltexts/V/FS-007639.pdf,no_usable_identifier_or_no_oa_location_found,normal,requested,
FTR-362,fulltext_V,FS-007641,,"Brutsche M, 1995",Exercise-induced bronchospasm (EIB) in relation to seasonal and perennial specific IgE in young adults.,Allergy,10.1111/j.1398-9995.1995.tb02497.x,8748723,full-text PDF (no open-access copy found by script; needs institutional access),fulltexts/V/FS-007641.pdf,no_usable_identifier_or_no_oa_location_found,normal,requested,
FTR-363,fulltext_V,FS-007642,,"Nielsen HB, 1996",Lymphocytes and NK cell activity during repeated bouts of maximal exercise.,The American journal of physiology,10.1152/ajpregu.1996.271.1.r222,8760224,full-text PDF (no open-access copy found by script; needs institutional access),fulltexts/V/FS-007642.pdf,no_usable_identifier_or_no_oa_location_found,normal,requested,
FTR-364,fulltext_V,FS-007646,,"Host CR, 1995",The effects of altered exercise distribution on lymphocyte subpopulations.,European journal of applied physiology and occupational physiology,10.1007/bf00964131,8789587,full-text PDF (no open-access copy found by script; needs institutional access),fulltexts/V/FS-007646.pdf,no_usable_identifier_or_no_oa_location_found,normal,requested,
FTR-365,fulltext_V,FS-007647,,"Croisier JL, 1996","Myocellular enzyme leakage, polymorphonuclear neutrophil activation and delayed onset muscle soreness induced by isokinetic eccentric exercise.",Archives of physiology and biochemistry,10.1076/apab.104.3.322.12904,8793024,full-text PDF (no open-access copy found by script; needs institutional access),fulltexts/V/FS-007647.pdf,no_usable_identifier_or_no_oa_location_found,normal,requested,
FTR-366,fulltext_V,FS-007649,,"Blannin AK, 1996",Effects of submaximal cycling and long-term endurance training on neutrophil phagocytic activity in middle aged men.,British journal of sports medicine,10.1136/bjsm.30.2.125,8799596,full-text PDF (no open-access copy found by script; needs institutional access),fulltexts/V/FS-007649.pdf,no_usable_identifier_or_no_oa_location_found,normal,requested,
FTR-367,fulltext_V,FS-007695,,"Pyne DB, 1996",Exercise and the neutrophil oxidative burst: biological and experimental variability.,European journal of applied physiology and occupational physiology,10.1007/bf02376774,8971500,full-text PDF (no open-access copy found by script; needs institutional access),fulltexts/V/FS-007695.pdf,no_usable_identifier_or_no_oa_location_found,high,requested,
FTR-368,fulltext_V,FS-007742,,"Castell LM, 1997","The effects of oral glutamine supplementation on athletes after prolonged, exhaustive exercise.","Nutrition (Burbank, Los Angeles County, Calif.)",10.1016/s0899-9007(97)83036-5,9263279,full-text PDF (no open-access copy found by script; needs institutional access),fulltexts/V/FS-007742.pdf,no_usable_identifier_or_no_oa_location_found,normal,requested,
FTR-369,fulltext_V,FS-007747,,"Steerenberg PA, 1997",Salivary levels of immunoglobulin A in triathletes.,European journal of oral sciences,10.1111/j.1600-0722.1997.tb00245.x,9298361,full-text PDF (no open-access copy found by script; needs institutional access),fulltexts/V/FS-007747.pdf,no_usable_identifier_or_no_oa_location_found,normal,requested,
FTR-370,fulltext_V,FS-007778,,"Hayward R, 1998",Response of serum indicators of myocardial infarction following exercise-induced muscle injury.,The American journal of emergency medicine,10.1016/s0735-6757(98)90023-7,9517680,full-text PDF (no open-access copy found by script; needs institutional access),fulltexts/V/FS-007778.pdf,no_usable_identifier_or_no_oa_location_found,high,requested,
FTR-371,fulltext_V,FS-007801,,"Gabriel HH, 1998",Overtraining and immune system: a prospective longitudinal study in endurance athletes.,Medicine and science in sports and exercise,10.1097/00005768-199807000-00021,9662688,full-text PDF (no open-access copy found by script; needs institutional access),fulltexts/V/FS-007801.pdf,no_usable_identifier_or_no_oa_location_found,high,requested,
FTR-372,fulltext_V,FS-007894,,"Małkowska, Paulina, 2026",Differential Inflammatory Response to Exhaustive Exercise in Trained and Untrained Individuals: Potential Biomarkers of Training Adaptation,Applied Sciences (Switzerland),10.3390/app16062643,,full-text PDF (no open-access copy found by script; needs institutional access),fulltexts/V/FS-007894.pdf,no_usable_identifier_or_no_oa_location_found | wos_ut=WOS:001725543600001 | scopus_eid=2-s2.0-105034271591,normal,requested,
FTR-373,fulltext_V,FS-007905,,"Islemeh, Mohammed I., 2026",Training Status Modifies Muscle-Damage and Inflammatory Biomarker Responses During a 6-Week Moderate-Intensity Treadmill-Running Programme in Healthy Young Men: A Non-Randomised Controlled Study.,Natural Resources for Human Health,10.53365/nrfhh.1118,,full-text PDF (no open-access copy found by script; needs institutional access),fulltexts/V/FS-007905.pdf,no_usable_identifier_or_no_oa_location_found | scopus_eid=2-s2.0-105049670089,normal,requested,
FTR-374,fulltext_V,FS-007953,,"Hefny, Nana EL Dawy Ahmed, 2026",Machine Learning-based Classification of Exercise Status Using miR-21 Expression and Multivariable Participant Profiles,Biomedical and Biotechnology Research Journal,10.4103/bbrj.bbrj_72_26,,full-text PDF (no open-access copy found by script; needs institutional access),fulltexts/V/FS-007953.pdf,no_usable_identifier_or_no_oa_location_found | wos_ut=WOS:001805718600010 | scopus_eid=2-s2.0-105042748801,high,requested,
FTR-375,fulltext_V,FS-007992,,"Chernov, Oleksandr, 2026",Sex-specific features of neuroendocrine and immune responses in women and men during the Ukrainian Antarctic Expedition; [Статево-специфічні особливості нейроендокринних та імунних реакцій у жінок та чоловіків під час Української антарктичної експедиції],Ukrainian Antarctic Journal,10.33275/1727-7485.1.2026.762,,full-text PDF (no open-access copy found by script; needs institutional access),fulltexts/V/FS-007992.pdf,no_usable_identifier_or_no_oa_location_found | scopus_eid=2-s2.0-105047732610,normal,requested,
FTR-376,fulltext_V,FS-007993,,"Costa, Crislane de Moura, 2026","Neuromuscular Performance, Cardiovascular Characteristics, and Hematological Responses in Mountain Bike Athletes",Translational Journal of the American College of Sports Medicine,10.1249/TJX.0000000000000376,,full-text PDF (no open-access copy found by script; needs institutional access),fulltexts/V/FS-007993.pdf,no_usable_identifier_or_no_oa_location_found | wos_ut=WOS:001796604000001 | scopus_eid=2-s2.0-105042510365,normal,requested,
FTR-377,fulltext_V,FS-008227,,"Soler-López, Alejandro, 2024",Effects of Congested Matches and Training Schedules on Salivary Markers in Elite Futsal Players,Applied Sciences (Switzerland),10.3390/app14124968,,full-text PDF (no open-access copy found by script; needs institutional access),fulltexts/V/FS-008227.pdf,no_usable_identifier_or_no_oa_location_found | wos_ut=WOS:001254955100001 | scopus_eid=2-s2.0-85197237898,normal,requested,
FTR-378,fulltext_V,FS-008228,,"Lopes, Charles Ricardo, 2025",Monitoring training loads in an elite sprint swimmer: a case report; [Monitoramento das cargas de treinamento em nadador de velocidade de elite: relato de caso],Revista Brasileira de Cineantropometria e Desempenho Humano,10.1590/1980-0037.2025v27e99591,,full-text PDF (no open-access copy found by script; needs institutional access),fulltexts/V/FS-008228.pdf,no_usable_identifier_or_no_oa_location_found | scopus_eid=2-s2.0-105039031960,normal,requested,
FTR-379,fulltext_V,FS-008442,,"Ušaj, Anton, 2023",Recovery after Running an “Everesting” Mountain Ultramarathon,Life,10.3390/life13101946,37895328,full-text PDF (no open-access copy found by script; needs institutional access),fulltexts/V/FS-008442.pdf,europepmc:download_failed:http_403,normal,requested,
FTR-380,fulltext_V,FS-008737,,"McKenna, Zachary J., 2023",Circulating markers of intestinal barrier injury and inflammation following exertion in hypobaric hypoxia,European Journal of Sport Science,10.1080/17461391.2023.2203107,37051668,full-text PDF (no open-access copy found by script; needs institutional access),fulltexts/V/FS-008737.pdf,no_usable_identifier_or_no_oa_location_found,normal,requested,
FTR-381,fulltext_V,FS-008738,,"Sarkar, Surojit, 2023","Prediction of Aerobic and Anaerobic Capacity from Selected Oxidative Stress Parameters, Muscle Damage Indices and Inflammatory Markers in Soccer and Hockey Players",Polish Journal of Sport and Tourism,10.2478/pjst-2023-0001,,full-text PDF (no open-access copy found by script; needs institutional access),fulltexts/V/FS-008738.pdf,no_usable_identifier_or_no_oa_location_found | scopus_eid=2-s2.0-85151530570,high,requested,
FTR-382,fulltext_V,FS-008838,,"Hammad, R., 2022","Maximal Aerobic Effort Increases Genetic Expression of HSP90AA1, HSP90AB1, and PTGES3 in Elite Taekwondo Athletes",Human Physiology,10.1134/S0362119722030070,,full-text PDF (no open-access copy found by script; needs institutional access),fulltexts/V/FS-008838.pdf,no_usable_identifier_or_no_oa_location_found | scopus_eid=2-s2.0-85131189206,high,requested,
FTR-383,fulltext_V,FS-008929,,"Moya-Amaya, Heliodoro, 2021","Bioelectrical Phase Angle, Muscle Damage Markers and Inflammatory Response after a Competitive Match in Professional Soccer Players",Polish Journal of Sport and Tourism,10.2478/pjst-2021-0014,,full-text PDF (no open-access copy found by script; needs institutional access),fulltexts/V/FS-008929.pdf,no_usable_identifier_or_no_oa_location_found | scopus_eid=2-s2.0-85119478856,high,requested,
FTR-384,fulltext_V,FS-009093,,"Kisadere, Ihsan, 2021",Seasonal analysis (Six-Months) of blood parameters of Kyrgyz elite athletics athletes before 2016 Rio Olympics Games,Acta Medica Mediterranea,10.19193/0393-6384_2021_2_168,,full-text PDF (no open-access copy found by script; needs institutional access),fulltexts/V/FS-009093.pdf,no_usable_identifier_or_no_oa_location_found | wos_ut=WOS:000640492300053 | scopus_eid=2-s2.0-85104697017,normal,requested,
FTR-385,fulltext_V,FS-009203,,"Nieman, David C., 2020","Blueberry and/or Banana Consumption Mitigate Arachidonic, Cytochrome P450 Oxylipin Generation During Recovery From 75-Km Cycling: A Randomized Trial",Frontiers in Nutrition,10.3389/fnut.2020.00121,,full-text PDF (no open-access copy found by script; needs institutional access),fulltexts/V/FS-009203.pdf,no_usable_identifier_or_no_oa_location_found | wos_ut=WOS:000565491100001 | scopus_eid=2-s2.0-85089850108,normal,requested,
FTR-386,fulltext_V,FS-009320,,"Alves, Ragami Chaves, 2019",The acute effect of multiple-sets and drop-set systems on the hormonal and immunological responses,Journal of Physical Education and Sport,10.7752/jpes.2019.s4191,,full-text PDF (no open-access copy found by script; needs institutional access),fulltexts/V/FS-009320.pdf,no_usable_identifier_or_no_oa_location_found | scopus_eid=2-s2.0-85071757058,high,requested,
FTR-387,fulltext_V,FS-009338,,"Myagkova, M.A., 2019",Effects of Exercise on the Level of Antibodies against Endogenous Bioregulators in the Serum of Athletes,Human Physiology,10.1134/S0362119719030137,,full-text PDF (no open-access copy found by script; needs institutional access),fulltexts/V/FS-009338.pdf,no_usable_identifier_or_no_oa_location_found | scopus_eid=2-s2.0-85068541053,high,requested,
FTR-388,fulltext_V,FS-009341,,"Owen, Adam L, 2018",Salivary IgA and pre-training wellness status across an international soccer qualifying and finals campaign (Euro 2016),International Journal of Sports Science and Coaching,10.1177/1747954118779656,,full-text PDF (no open-access copy found by script; needs institutional access),fulltexts/V/FS-009341.pdf,no_usable_identifier_or_no_oa_location_found | wos_ut=WOS:000446857400022 | scopus_eid=2-s2.0-85047900759,normal,requested,
FTR-389,fulltext_V,FS-009343,,"Alcock, Rebekah, 2018",Case Study: Providing Nutritional Support to an Ultraendurance Runner in Preparation for a Self-Sufficient Multistage Ultramarathon: Rationed Versus Full Energy Provisions,Wilderness and Environmental Medicine,10.1016/j.wem.2018.06.004,30249353,full-text PDF (no open-access copy found by script; needs institutional access),fulltexts/V/FS-009343.pdf,no_usable_identifier_or_no_oa_location_found,normal,requested,
FTR-390,fulltext_V,FS-009344,,"Hammouda, Omar, 2018",Diurnal napping after partial sleep deprivation affected hematological and biochemical responses during repeated sprint,Biological Rhythm Research,10.1080/09291016.2018.1429553,,full-text PDF (no open-access copy found by script; needs institutional access),fulltexts/V/FS-009344.pdf,no_usable_identifier_or_no_oa_location_found | wos_ut=WOS:000447228600012 | scopus_eid=2-s2.0-85041195394,normal,requested,
FTR-391,fulltext_V,FS-009361,,"Nosek, Martin, 2019",Changes of cardiac biomarkers in ultramarathon runners,Physical Activity Review,10.16926/par.2019.07.11,,full-text PDF (no open-access copy found by script; needs institutional access),fulltexts/V/FS-009361.pdf,no_usable_identifier_or_no_oa_location_found | wos_ut=WOS:000478771200011 | scopus_eid=2-s2.0-85070957251,normal,requested,
FTR-392,fulltext_V,FS-009373,,"Sawada, Daisuke, 2019","Daily intake of <i>Lactobacillus gasseri</i> CP2305 relieves fatigue and stress-related symptoms in male university Ekiden runners: A double-blind, randomized, and placebo-controlled clinical trial",JOURNAL OF FUNCTIONAL FOODS,10.1016/j.jff.2019.04.022,,full-text PDF (no open-access copy found by script; needs institutional access),fulltexts/V/FS-009373.pdf,no_usable_identifier_or_no_oa_location_found | wos_ut=WOS:000470053800048 | scopus_eid=2-s2.0-85064575794,normal,requested,
FTR-393,fulltext_V,FS-009411,,"Baxter-Parker, Gregory, 2019","Simultaneous analysis of neopterin, kynurenine and tryptophan by amine-HPLC shows minor oxidative stress from short-term exhaustion exercise",Pteridines,10.1515/pteridines-2019-0003,,full-text PDF (no open-access copy found by script; needs institutional access),fulltexts/V/FS-009411.pdf,no_usable_identifier_or_no_oa_location_found | wos_ut=WOS:000465625400004 | scopus_eid=2-s2.0-85063916773,high,requested,
FTR-394,fulltext_V,FS-009447,,"Azam, Mahalul, 2019",Baseline and post-exercise high-sensitivity c-reactive protein levels in endurance cyclists: The Indonesian North Coast and Tour de Borobudur 2017 study,Indonesian Biomedical Journal,10.18585/inabj.v11i1.560,,full-text PDF (no open-access copy found by script; needs institutional access),fulltexts/V/FS-009447.pdf,no_usable_identifier_or_no_oa_location_found | wos_ut=WOS:000468732800013 | scopus_eid=2-s2.0-85065959866,high,requested,
FTR-395,fulltext_V,FS-009498,,"Affonso, Helvio Oliveira, 2018",Nonconventional and conventional biomarkers evaluated in gold medalists beach volleyball players during the 2015 and 2016 seasons (Pre-olympic and olympic years),Journal of Physical Education and Sport,10.7752/jpes.2018.03259,,full-text PDF (no open-access copy found by script; needs institutional access),fulltexts/V/FS-009498.pdf,no_usable_identifier_or_no_oa_location_found | scopus_eid=2-s2.0-85054977279,normal,requested,
FTR-396,fulltext_V,FS-009509,,"Ashrafi, Nadia, 2017","High performance liquid chromatography coupled to electrospray ionisation mass spectrometry method for the detection of salivary human neutrophil alpha defensins HNP1, HNP2, HNP3 and HNP4",Analytical Methods,10.1039/c7ay01676j,,full-text PDF (no open-access copy found by script; needs institutional access),fulltexts/V/FS-009509.pdf,no_usable_identifier_or_no_oa_location_found | wos_ut=WOS:000416947700004 | scopus_eid=2-s2.0-85037537899,high,requested,
FTR-397,fulltext_V,FS-009520,,"Minuzzi, Luciele Guerra, 2018",Daily hematologic assessment during a 230-km multistage ultramarathon; [Avaliação hematológica diária durante uma ultramaratona de múltiplos estágios de 230 km]; [Evaluación hematológica diaria durante una ultramaratón de múltiples etapas de 230 km],Revista Brasileira de Medicina do Esporte,10.1590/1517-869220182403171999,,full-text PDF (no open-access copy found by script; needs institutional access),fulltexts/V/FS-009520.pdf,no_usable_identifier_or_no_oa_location_found | wos_ut=WOS:000436367900007 | scopus_eid=2-s2.0-85049169939,normal,requested,
FTR-398,fulltext_V,FS-009525,,"Mujika, Iñigo, 2017",Blood markers of recovery from Ironman distance races in an elite triathlete,Journal of Sports Medicine and Physical Fitness,10.23736/s0022-4707.16.06390-8,27139796,full-text PDF (no open-access copy found by script; needs institutional access),fulltexts/V/FS-009525.pdf,no_usable_identifier_or_no_oa_location_found,normal,requested,
FTR-399,fulltext_V,FS-009547,,"Franchini, Emerson, 2018","Cytokine, physiological, technical–tactical and time structure responses in simulated judo competition",International Journal of Performance Analysis in Sport,10.1080/24748668.2018.1501993,,full-text PDF (no open-access copy found by script; needs institutional access),fulltexts/V/FS-009547.pdf,no_usable_identifier_or_no_oa_location_found | wos_ut=WOS:000443883100009 | scopus_eid=2-s2.0-85052859456,normal,requested,
FTR-400,fulltext_V,FS-009622,,"Mendes, E.L., 2018",Carbohydrate intake results in lower suppression of salivary immunoglobulin A in judokas; [La ingesta de carbohidratos induce una menor supresión de la inmunoglobulina A salival en yudocas]; [Ingestão de carboidrato resulta em menor supressão da imunoglobulina A salivar em judocas],Revista Andaluza de Medicina del Deporte,10.1016/j.ramd.2016.02.012,,full-text PDF (no open-access copy found by script; needs institutional access),fulltexts/V/FS-009622.pdf,no_usable_identifier_or_no_oa_location_found | scopus_eid=2-s2.0-84970028863,normal,requested,
FTR-401,fulltext_V,FS-009633,,"Khani, Ali Hossein, 2018",The <i>Bifidobacterim bifidum</i> (BIB2) Probiotic Increased Immune System Factors in Men Sprint Athletes,CURRENT NUTRITION & FOOD SCIENCE,10.2174/1573401313666170725114130,,full-text PDF (no open-access copy found by script; needs institutional access),fulltexts/V/FS-009633.pdf,no_usable_identifier_or_no_oa_location_found | wos_ut=WOS:000437944400007 | scopus_eid=2-s2.0-85049921167,normal,requested,
FTR-402,fulltext_V,FS-009645,,"Terink, R., 2018",Changes in cytokine levels after prolonged and repeated moderate intensity exercise in middle-aged men and women,Translational Sports Medicine,10.1002/tsm2.23,,full-text PDF (no open-access copy found by script; needs institutional access),fulltexts/V/FS-009645.pdf,crossref:download_failed:http_400 | wos_ut=WOS:000648706900003 | scopus_eid=2-s2.0-85084054613,normal,requested,
FTR-403,fulltext_V,FS-009854,,"Luna Junior, Luiz Antonio, 2016",Relationship between cytokines and running economy in marathon runners,Open Life Sciences,10.1515/biol-2016-0041,,full-text PDF (no open-access copy found by script; needs institutional access),fulltexts/V/FS-009854.pdf,no_usable_identifier_or_no_oa_location_found | wos_ut=WOS:000392499400006 | scopus_eid=2-s2.0-84995947879,normal,requested,
FTR-404,fulltext_V,FS-009959,,"Lindsay, Angus, 2015",The physiological and mononuclear cell activation response to cryotherapy following a mixed martial arts contest: A pilot study,Pteridines,10.1515/pterid-2015-0010,,full-text PDF (no open-access copy found by script; needs institutional access),fulltexts/V/FS-009959.pdf,no_usable_identifier_or_no_oa_location_found | wos_ut=WOS:000366526800002 | scopus_eid=2-s2.0-84948761378,high,requested,
FTR-405,fulltext_V,FS-009966,,"Born, Dennis-Peter, 2016","Circadian variation of salivary immunoglobin A, alpha-amylase activity and mood in response to repeated double-poling sprints in hypoxia",European Journal of Applied Physiology,10.1007/s00421-015-3236-3,26269448,full-text PDF (no open-access copy found by script; needs institutional access),fulltexts/V/FS-009966.pdf,no_usable_identifier_or_no_oa_location_found,normal,requested,
FTR-406,fulltext_V,FS-010114,,"Teixeira, Ana Maria, 2014",Changes in naïve and memory T-cells in elite swimmers during a winter training season,"Brain, Behavior, and Immunity",10.1016/j.bbi.2014.01.002,24412212,full-text PDF (no open-access copy found by script; needs institutional access),fulltexts/V/FS-010114.pdf,no_usable_identifier_or_no_oa_location_found,normal,requested,
FTR-407,fulltext_V,FS-010146,,"Navalta, James W., 2014",Three consecutive days of interval runs to exhaustion affects lymphocyte subset apoptosis and migration,BioMed Research International,10.1155/2014/694801,24895602,full-text PDF (no open-access copy found by script; needs institutional access),fulltexts/V/FS-010146.pdf,europepmc:download_failed:circuit_broken; crossref:download_failed:circuit_broken,normal,requested,
FTR-408,fulltext_V,FS-010165,,"Chiba, Yoshinobu, 2014",Evaluation of 6-month periodisation in male ekiden runners by assessment of muscle fatigue and immune function,Hirosaki Medical Journal,,,full-text PDF (no open-access copy found by script; needs institutional access),fulltexts/V/FS-010165.pdf,no_usable_identifier_or_no_oa_location_found | scopus_eid=2-s2.0-84901319671,normal,requested,
FTR-409,fulltext_V,FS-010242,,"Moreira, Alexandre, 2012",Salivary cortisol and immunoglobulin a responses to simulated and official jiu-jitsu matches,Journal of Strength and Conditioning Research,10.1519/jsc.0b013e31823b8702,22027851,full-text PDF (no open-access copy found by script; needs institutional access),fulltexts/V/FS-010242.pdf,no_usable_identifier_or_no_oa_location_found,normal,requested,
FTR-410,fulltext_V,FS-010351,,"Kumae, Takashi, 2013",Effects of 6 months of endurance training on neutrophil functions to produce reactive oxygen species and mental states in male long-distance runners,Luminescence,10.1002/bio.1390,22259071,full-text PDF (no open-access copy found by script; needs institutional access),fulltexts/V/FS-010351.pdf,no_usable_identifier_or_no_oa_location_found,normal,requested,
FTR-411,fulltext_V,FS-010457,,"Navalta, J.W., 2011",Intra- and interrater reliability of morphologically evaluated lymphocyte apoptosis in trained and untrained observers,Biology of Sport,10.5604/965481,,full-text PDF (no open-access copy found by script; needs institutional access),fulltexts/V/FS-010457.pdf,no_usable_identifier_or_no_oa_location_found | wos_ut=WOS:000298904200002 | scopus_eid=2-s2.0-84855403381,high,requested,
FTR-412,fulltext_V,FS-010465,,"Morgado, José Mário, 2012","Cytokine production by monocytes, neutrophils, and dendritic cells is hampered by long-term intensive training in elite swimmers",European Journal of Applied Physiology,10.1007/s00421-011-1966-4,21584686,full-text PDF (no open-access copy found by script; needs institutional access),fulltexts/V/FS-010465.pdf,no_usable_identifier_or_no_oa_location_found,normal,requested,
FTR-413,fulltext_V,FS-010516,,"Murphy, M.H., 2012","The biochemical, physiological and psychological consequences of a ""1,000 miles in 1,000 hours"" walking challenge",European Journal of Applied Physiology,10.1007/s00421-011-2003-3,21603997,full-text PDF (no open-access copy found by script; needs institutional access),fulltexts/V/FS-010516.pdf,no_usable_identifier_or_no_oa_location_found,normal,requested,
FTR-414,fulltext_V,FS-010564,,"Li, Hongtao, 2012",A pilot study on the effect of acute Tai Chi practice on peripheral blood cytokine expression in healthy volunteers,Biomedical Sciences Instrumentation,,22846291,full-text PDF (no open-access copy found by script; needs institutional access),fulltexts/V/FS-010564.pdf,no_usable_identifier_or_no_oa_location_found | scopus_eid=2-s2.0-84883350706,normal,requested,
FTR-415,fulltext_V,FS-010649,,"Bresciani, Guilherme, 2010",Monitoring biological and psychological measures throughout an entire season in male handball players,European Journal of Sport Science,10.1080/17461391003699070,,full-text PDF (no open-access copy found by script; needs institutional access),fulltexts/V/FS-010649.pdf,no_usable_identifier_or_no_oa_location_found | scopus_eid=2-s2.0-78149455428,normal,requested,
FTR-416,fulltext_V,FS-010740,,"Baralic, I., 2010",Effect of sensory stimulation on salivary IgA secretion rate in karate players,Biology of Sport,10.5604/20831862.927493,,full-text PDF (no open-access copy found by script; needs institutional access),fulltexts/V/FS-010740.pdf,no_usable_identifier_or_no_oa_location_found | wos_ut=WOS:000286037300007 | scopus_eid=2-s2.0-79951650682,normal,requested,
FTR-417,fulltext_V,FS-010763,,"Weimann, Andreas, 2010","Leukocyte, neutrophil, immature granulocyte counts and interleukin-6 are superior to procalcitonin, C-reactive protein and delta-He for detection of mild inflammation: Data from marathon runners producing mild systemic inflammation visible immediately after the run",LaboratoriumsMedizin,10.1515/JLM.2010.005,,full-text PDF (no open-access copy found by script; needs institutional access),fulltexts/V/FS-010763.pdf,no_usable_identifier_or_no_oa_location_found | scopus_eid=2-s2.0-77649309961,high,requested,
FTR-418,fulltext_V,FS-010779,,"Kamiński, Karol A., 2009",Short period of exercise causes rapid increase of serum interleukin 6 with no effect on its soluble receptor,Archives of Medical Science,,,full-text PDF (no open-access copy found by script; needs institutional access),fulltexts/V/FS-010779.pdf,no_usable_identifier_or_no_oa_location_found | wos_ut=WOS:000271668400011 | scopus_eid=2-s2.0-73449114960,high,requested,
FTR-419,fulltext_V,FS-010790,,"Ganzit, G.P., 2010",Biomedical aspects of 51 consecutive marathons; [Aspetti biomedici di 51 maratone consecutive],Medicina dello Sport,,,full-text PDF (no open-access copy found by script; needs institutional access),fulltexts/V/FS-010790.pdf,no_usable_identifier_or_no_oa_location_found | scopus_eid=2-s2.0-78751470001,normal,requested,
FTR-420,fulltext_V,FS-010827,,"Shing, Cecilia M., 2007",Reduction in resting plasma granulysin as a marker of increased training load,Exercise Immunology Review,10.22029/eir.2007.1633,18198663,full-text PDF (no open-access copy found by script; needs institutional access),fulltexts/V/FS-010827.pdf,no_usable_identifier_or_no_oa_location_found | scopus_eid=2-s2.0-38949149407,normal,requested,
FTR-421,fulltext_V,FS-010849,,"Montgomery, Paul G., 2008","Muscle damage, inflammation, and recovery interventions during a 3-day basketball tournament",European Journal of Sport Science,10.1080/17461390802251844,,full-text PDF (no open-access copy found by script; needs institutional access),fulltexts/V/FS-010849.pdf,no_usable_identifier_or_no_oa_location_found | wos_ut=WOS:000259762400002 | scopus_eid=2-s2.0-53749084131,normal,requested,
FTR-422,fulltext_V,FS-010873,,"Denguezli-Bouzgarrou, M., 2007",Role of lung inflammatory mediators as a cause of training-induced lung function changes in runners,Science and Sports,10.1016/j.scispo.2006.09.005,,full-text PDF (no open-access copy found by script; needs institutional access),fulltexts/V/FS-010873.pdf,no_usable_identifier_or_no_oa_location_found | scopus_eid=2-s2.0-33847251123,normal,requested,
FTR-423,fulltext_V,FS-011033,,"Schobersberger, Wolfgang, 2006",Muscle trauma and immune activation after a downhill marathon (Tyrolean Speed Marathon),Pteridines,10.1515/pteridines.2006.17.4.121,,full-text PDF (no open-access copy found by script; needs institutional access),fulltexts/V/FS-011033.pdf,no_usable_identifier_or_no_oa_location_found | wos_ut=WOS:000245287400006 | scopus_eid=2-s2.0-33947394878,normal,requested,
FTR-424,fulltext_V,FS-011064,,"Engels, Hermann-J., 2004",Mucosal IgA response to intense intermittent exercise in healthy male and female adults,Journal of Exercise Physiology Online,,,full-text PDF (no open-access copy found by script; needs institutional access),fulltexts/V/FS-011064.pdf,no_usable_identifier_or_no_oa_location_found | scopus_eid=2-s2.0-14644406281,normal,requested,
FTR-425,fulltext_V,FS-011327,,"Halson, Shona L., 2003",Immunological responses to overreaching in cyclists,Medicine and Science in Sports and Exercise,10.1249/01.mss.0000064964.80040.e9,12750597,full-text PDF (no open-access copy found by script; needs institutional access),fulltexts/V/FS-011327.pdf,no_usable_identifier_or_no_oa_location_found,normal,requested,
FTR-426,fulltext_V,FS-011375,,"Berg, A., 1998",Influence of Echinacin (EC31) treatment on the exercise-induced immune response in athletes,Journal of Clinical Research,,,full-text PDF (no open-access copy found by script; needs institutional access),fulltexts/V/FS-011375.pdf,no_usable_identifier_or_no_oa_location_found | scopus_eid=2-s2.0-0032441426,normal,requested,
FTR-427,fulltext_V,FS-011432,,"Seiler, Michael, 1997",Acute phase response and stress related hormones after repeated endurance exercise,Clinical Laboratory,,,full-text PDF (no open-access copy found by script; needs institutional access),fulltexts/V/FS-011432.pdf,no_usable_identifier_or_no_oa_location_found | scopus_eid=2-s2.0-0031446754,normal,requested,
FTR-428,fulltext_V,FS-011580,,"Junyang, W., 2001",The adaptable change of the function of T lymphocytes for physical exercise with oxygen,"Journal of Xi'an Medical University, English Edition",,,full-text PDF (no open-access copy found by script; needs institutional access),fulltexts/V/FS-011580.pdf,no_usable_identifier_or_no_oa_location_found | scopus_eid=2-s2.0-0034983633,normal,requested,
FTR-429,fulltext_V,FS-011687,,"Mackinnon, L.T., 1993",Temporal relationship between decreased salivary IgA and upper respiratory tract infection in elite athletes,Australian Journal of Science and Medicine in Sport,,,full-text PDF (no open-access copy found by script; needs institutional access),fulltexts/V/FS-011687.pdf,no_usable_identifier_or_no_oa_location_found | scopus_eid=2-s2.0-0027737833,normal,requested,
FTR-430,fulltext_V,FS-011807,,"Mertens, D.J., 1996","Nutritional, immunologic and psychological responses to a 7250 km run",Journal of Sports Medicine and Physical Fitness,,8898521,full-text PDF (no open-access copy found by script; needs institutional access),fulltexts/V/FS-011807.pdf,no_usable_identifier_or_no_oa_location_found | wos_ut=WOS:A1996VG38900011 | scopus_eid=2-s2.0-0029792479,normal,requested,
FTR-431,fulltext_V,FS-012001,,"Kumae, Takashi, 1987",Changes in Serum Immunoglobulin Levels and Neutrophilic Phagocytosis After Exercise,Japanese Journal of Physical Fitness and Sports Medicine,10.7600/jspfsm1949.36.61,,full-text PDF (no open-access copy found by script; needs institutional access),fulltexts/V/FS-012001.pdf,no_usable_identifier_or_no_oa_location_found | scopus_eid=2-s2.0-84996015767,high,requested,
FTR-432,fulltext_V,FS-012652,,"Suzuki, K, 2002",Systemic inflammatory response to exhaustive exercise. Cytokine kinetics,EXERCISE IMMUNOLOGY REVIEW,,,full-text PDF (no open-access copy found by script; needs institutional access),fulltexts/V/FS-012652.pdf,no_usable_identifier_or_no_oa_location_found | wos_ut=WOS:000202836400001,high,requested,
FTR-433,fulltext_V,FS-013023,,"Zeller, M, 1937",The leukopenic index - With reference to normal white blood cell variations,AMERICAN JOURNAL OF THE MEDICAL SCIENCES,10.1016/s0021-8707(37)90440-4,,full-text PDF (no open-access copy found by script; needs institutional access),fulltexts/V/FS-013023.pdf,no_usable_identifier_or_no_oa_location_found | wos_ut=WOS:000188479700008,high,requested,
FTR-434,fulltext_V,FS-013198,,"Malsagova, Kristina A., 2023",Pilot Study of the Metabolomic Profile of an Athlete after Short-Term Physical Activity,DATA,10.3390/data8010003,,full-text PDF (no open-access copy found by script; needs institutional access),fulltexts/V/FS-013198.pdf,no_usable_identifier_or_no_oa_location_found | wos_ut=WOS:000916838100001,normal,requested,
FTR-435,fulltext_V,FS-013314,,"Aslant, Alper, 2019",Acute effects of recreational soccer on inflammatory response and cardiac and skeletal muscle damage indicators,REVISTA ROMANA DE MEDICINA DE LABORATOR,10.2478/rrlm-2019-0037,,full-text PDF (no open-access copy found by script; needs institutional access),fulltexts/V/FS-013314.pdf,no_usable_identifier_or_no_oa_location_found | wos_ut=WOS:000492691800005,high,requested,
FTR-436,fulltext_V,FS-013408,,"Barmaki, Sara, 2016",The Responses of Physiological Stress during Table Tennis Competition in Elite Female Players,ANNALS OF APPLIED SPORT SCIENCE,10.18869/acadpub.aassjournal.4.2.17,,full-text PDF (no open-access copy found by script; needs institutional access),fulltexts/V/FS-013408.pdf,no_usable_identifier_or_no_oa_location_found | wos_ut=WOS:000390877100003,normal,requested,
FTR-437,fulltext_V,FS-013573,,"Ganzit, G. P., 2010",Biomedical aspects of 51 consecutive marathons,MEDICINA DELLO SPORT,,,full-text PDF (no open-access copy found by script; needs institutional access),fulltexts/V/FS-013573.pdf,no_usable_identifier_or_no_oa_location_found | wos_ut=WOS:000287618300007,normal,requested,
FTR-438,fulltext_V,FS-013731,,"Kratz, A, 2002","Effect of marathon running on hematologic and biochemical laboratory parameters, including cardiac markers",AMERICAN JOURNAL OF CLINICAL PATHOLOGY,10.1092/BTWQ5YMYVQ67QK9L,,full-text PDF (no open-access copy found by script; needs institutional access),fulltexts/V/FS-013731.pdf,no_usable_identifier_or_no_oa_location_found | wos_ut=WOS:000179471800006,high,requested,
FTR-439,fulltext_V,FS-013794,,"Mochizuki, M, 1999",Effects of maximal exercise on nonspecific immunity in athletes under trained and detrained conditions,JAPANESE JOURNAL OF PHYSICAL FITNESS AND SPORTS MEDICINE,10.7600/jspfsm1949.48.147,,full-text PDF (no open-access copy found by script; needs institutional access),fulltexts/V/FS-013794.pdf,no_usable_identifier_or_no_oa_location_found | wos_ut=WOS:000079771700009,normal,requested,
FTR-440,fulltext_V,FS-013865,,"KEEN, P, 1995",LEUKOCYTE AND ERYTHROCYTE COUNTS DURING A MULTISTAGE CYCLING RACE (THE MILK-RACE),BRITISH JOURNAL OF SPORTS MEDICINE,10.1136/bjsm.29.1.61,,full-text PDF (no open-access copy found by script; needs institutional access),fulltexts/V/FS-013865.pdf,no_usable_identifier_or_no_oa_location_found | wos_ut=WOS:A1995QT06600016,high,requested,
FTR-441,fulltext_V,FS-011224,,"Suzuki, K., 2003",Effects of a competitive marathon race on systemic neutrophil mobilization and activation,Japanese Journal of Physical Fitness and Sports Medicine,,,full-text PDF (no open-access copy found by script; needs institutional access),fulltexts/V/FS-011224.pdf,no_usable_identifier_or_no_oa_location_found | wos_ut=WOS:000182055000003 | scopus_eid=2-s2.0-0037311280,high,requested,
FTR-442,fulltext_V,FS-000059,,"Hooper SL, 1999",Physiological and psychometric variables for monitoring recovery during tapering for major competition.,Medicine and science in sports and exercise,10.1097/00005768-199908000-00019,10449025,full-text PDF (no open-access copy found by script; needs institutional access),fulltexts/V/FS-000059.pdf,no_usable_identifier_or_no_oa_location_found,normal,requested,
FTR-443,fulltext_V,FS-000076,,"Suzuki K, 1999","Endurance exercise causes interaction among stress hormones, cytokines, neutrophil dynamics, and muscle damage.","Journal of applied physiology (Bethesda, Md. : 1985)",10.1152/jappl.1999.87.4.1360,10517764,full-text PDF (no open-access copy found by script; needs institutional access),fulltexts/V/FS-000076.pdf,no_usable_identifier_or_no_oa_location_found,normal,requested,
FTR-444,fulltext_V,FS-000102,,"Nehlsen-Cannarella SL, 2000",Saliva immunoglobulins in elite women rowers.,European journal of applied physiology,10.1007/s004210050034,10638381,full-text PDF (no open-access copy found by script; needs institutional access),fulltexts/V/FS-000102.pdf,no_usable_identifier_or_no_oa_location_found,normal,requested,
FTR-445,fulltext_V,FS-000124,,"Upham JW, 2000",Simplified quantitation of myeloid dendritic cells in peripheral blood using flow cytometry.,Cytometry,10.1002/(sici)1097-0320(20000501)40:1<50::aid-cyto7>3.0.co;2-p,10754517,full-text PDF (no open-access copy found by script; needs institutional access),fulltexts/V/FS-000124.pdf,openalex:download_failed:http_403,high,requested,
FTR-446,fulltext_V,FS-000131,,"Neidhart M, 2000",Increased serum levels of non-collagenous matrix proteins (cartilage oligomeric matrix protein and melanoma inhibitory activity) in marathon runners.,Osteoarthritis and cartilage,10.1053/joca.1999.0293,10806050,full-text PDF (no open-access copy found by script; needs institutional access),fulltexts/V/FS-000131.pdf,no_usable_identifier_or_no_oa_location_found,high,requested,
FTR-447,fulltext_V,FS-000142,,"Gleeson M, 2000",Immune status and respiratory illness for elite swimmers during a 12-week training cycle.,International journal of sports medicine,10.1055/s-2000-313,10853703,full-text PDF (no open-access copy found by script; needs institutional access),fulltexts/V/FS-000142.pdf,no_usable_identifier_or_no_oa_location_found,normal,requested,
FTR-448,fulltext_V,FS-000156,,"Bassit RA, 2000",The effect of BCAA supplementation upon the immune response of triathletes.,Medicine and science in sports and exercise,10.1097/00005768-200007000-00005,10912884,full-text PDF (no open-access copy found by script; needs institutional access),fulltexts/V/FS-000156.pdf,no_usable_identifier_or_no_oa_location_found,normal,requested,
FTR-449,fulltext_V,FS-000182,,"Jozsi AC, 2000",Aged human muscle demonstrates an altered gene expression profile consistent with an impaired response to exercise.,Mechanisms of ageing and development,10.1016/s0047-6374(00)00178-0,11087903,full-text PDF (no open-access copy found by script; needs institutional access),fulltexts/V/FS-000182.pdf,no_usable_identifier_or_no_oa_location_found,normal,requested,
FTR-450,fulltext_V,FS-000190,,"Gallagher PM, 2000","Beta-hydroxy-beta-methylbutyrate ingestion, part II: effects on hematology, hepatic and renal function.",Medicine and science in sports and exercise,10.1097/00005768-200012000-00023,11128860,full-text PDF (no open-access copy found by script; needs institutional access),fulltexts/V/FS-000190.pdf,no_usable_identifier_or_no_oa_location_found,normal,requested,
FTR-451,fulltext_V,FS-000210,,"Krause R, 2001",Effect of vitamin C on neutrophil function after high-intensity exercise.,European journal of clinical investigation,10.1046/j.1365-2362.2001.00797.x,11264655,full-text PDF (no open-access copy found by script; needs institutional access),fulltexts/V/FS-000210.pdf,openalex:download_failed:http_403,normal,requested,
FTR-452,fulltext_V,FS-000212,,"Fahlman MM, 2001",Mucosal IgA response to repeated wingate tests in females.,International journal of sports medicine,10.1055/s-2001-11339,11281615,full-text PDF (no open-access copy found by script; needs institutional access),fulltexts/V/FS-000212.pdf,no_usable_identifier_or_no_oa_location_found,normal,requested,
FTR-453,fulltext_V,FS-000213,,"Reid MR, 2001",The effect of moderate aerobic exercise and relaxation on secretory immunoglobulin A.,International journal of sports medicine,10.1055/s-2001-11347,11281616,full-text PDF (no open-access copy found by script; needs institutional access),fulltexts/V/FS-000213.pdf,no_usable_identifier_or_no_oa_location_found,normal,requested,
FTR-454,fulltext_V,FS-000242,,"Pizza FX, 2001",Adaptation to eccentric exercise: neutrophils and E-selectin during early recovery.,Canadian journal of applied physiology = Revue canadienne de physiologie appliquee,10.1139/h01-015,11441228,full-text PDF (no open-access copy found by script; needs institutional access),fulltexts/V/FS-000242.pdf,no_usable_identifier_or_no_oa_location_found,normal,requested,
FTR-455,fulltext_V,FS-000287,,"Kimura H, 2001","Highly sensitive determination of plasma cytokines by time-resolved fluoroimmunoassay; effect of bicycle exercise on plasma level of interleukin-1 alpha (IL-1 alpha), tumor necrosis factor alpha (TNF alpha), and interferon gamma (IFN gamma).",Analytical sciences : the international journal of the Japan Society for Analytical Chemistry,10.2116/analsci.17.593,11708138,full-text PDF (no open-access copy found by script; needs institutional access),fulltexts/V/FS-000287.pdf,no_usable_identifier_or_no_oa_location_found,high,requested,
FTR-456,fulltext_V,FS-000297,,"Nieman DC, 2002",Change in salivary IgA following a competitive marathon race.,International journal of sports medicine,10.1055/s-2002-19375,11774070,full-text PDF (no open-access copy found by script; needs institutional access),fulltexts/V/FS-000297.pdf,no_usable_identifier_or_no_oa_location_found,normal,requested,
FTR-457,fulltext_V,FS-000319,,"Jozsi AC, 2001",Molecular characteristics of aged muscle reflect an altered ability to respond to exercise.,International journal of sport nutrition and exercise metabolism,10.1123/ijsnem.11.s1.s9,11915934,full-text PDF (no open-access copy found by script; needs institutional access),fulltexts/V/FS-000319.pdf,no_usable_identifier_or_no_oa_location_found,normal,requested,
FTR-458,fulltext_V,FS-000389,,"Dressendorfer RH, 2002",Performance enhancement with maintenance of resting immune status after intensified cycle training.,Clinical journal of sport medicine : official journal of the Canadian Academy of Sport Medicine,10.1097/00042752-200209000-00008,12394203,full-text PDF (no open-access copy found by script; needs institutional access),fulltexts/V/FS-000389.pdf,no_usable_identifier_or_no_oa_location_found,normal,requested,
FTR-459,fulltext_V,FS-000404,,"Kratz A, 2002","Effect of marathon running on hematologic and biochemical laboratory parameters, including cardiac markers.",American journal of clinical pathology,10.1309/14ty-2tdj-1x0y-1v6v,12472278,full-text PDF (no open-access copy found by script; needs institutional access),fulltexts/V/FS-000404.pdf,no_usable_identifier_or_no_oa_location_found,high,requested,
FTR-460,fulltext_V,FS-000425,,"Petibois C, 2003",The biological and metabolic adaptations to 12 months training in elite rowers.,International journal of sports medicine,10.1055/s-2003-37194,12582950,full-text PDF (no open-access copy found by script; needs institutional access),fulltexts/V/FS-000425.pdf,no_usable_identifier_or_no_oa_location_found,normal,requested,
FTR-461,fulltext_V,FS-000439,,"Saito D, 2003",Effects of long-distance running on serum opsonic activity measured by chemiluminescence.,Luminescence : the journal of biological and chemical luminescence,10.1002/bio.438,12687633,full-text PDF (no open-access copy found by script; needs institutional access),fulltexts/V/FS-000439.pdf,no_usable_identifier_or_no_oa_location_found,normal,requested,
FTR-462,fulltext_V,FS-000445,,"Lee MS, 2003",Qi-training enhances respiratory burst function and adhesive capacity of neutrophils in young adults: a preliminary study.,The American journal of Chinese medicine,10.1142/s0192415x03000679,12723764,full-text PDF (no open-access copy found by script; needs institutional access),fulltexts/V/FS-000445.pdf,no_usable_identifier_or_no_oa_location_found,normal,requested,
FTR-463,fulltext_V,FS-000450,,"Flynn MG, 2003",Influence of iron status and iron supplements on natural killer cell activity in trained women runners.,International journal of sports medicine,10.1055/s-2003-39095,12740743,full-text PDF (no open-access copy found by script; needs institutional access),fulltexts/V/FS-000450.pdf,no_usable_identifier_or_no_oa_location_found,normal,requested,
FTR-464,fulltext_V,FS-000451,,"Novas AM, 2003","Tennis, incidence of URTI and salivary IgA.",International journal of sports medicine,10.1055/s-2003-39096,12740744,full-text PDF (no open-access copy found by script; needs institutional access),fulltexts/V/FS-000451.pdf,no_usable_identifier_or_no_oa_location_found,normal,requested,
FTR-465,fulltext_V,FS-000460,,"Miles MP, 2003","Strength, workload, anaerobic intensity and the immune response to resistance exercise in women.",Acta physiologica Scandinavica,10.1046/j.1365-201x.2003.01124.x,12780390,full-text PDF (no open-access copy found by script; needs institutional access),fulltexts/V/FS-000460.pdf,openalex:download_failed:http_403,normal,requested,
FTR-466,fulltext_V,FS-000472,,"Raastad T, 2003",Temporal relation between leukocyte accumulation in muscles and halted recovery 10-20 h after strength exercise.,"Journal of applied physiology (Bethesda, Md. : 1985)",10.1152/japplphysiol.01064.2002,12832432,full-text PDF (no open-access copy found by script; needs institutional access),fulltexts/V/FS-000472.pdf,no_usable_identifier_or_no_oa_location_found,normal,requested,
FTR-467,fulltext_V,FS-000498,,"McDowell SL, 1992",The effect of exhaustive exercise on salivary immunoglobulin A.,The Journal of sports medicine and physical fitness,,1293425,full-text PDF (no open-access copy found by script; needs institutional access),fulltexts/V/FS-000498.pdf,no_usable_identifier_or_no_oa_location_found | wos_ut=WOS:A1992KL91100011,high,requested,
FTR-468,fulltext_V,FS-000504,,"Nieman DC, 2003",Immune and oxidative changes during and following the Western States Endurance Run.,International journal of sports medicine,10.1055/s-2003-42018,12968214,full-text PDF (no open-access copy found by script; needs institutional access),fulltexts/V/FS-000504.pdf,openalex:not_pdf_or_too_small bytes=4767 ctype='text/html;charset=UTF-8',high,requested,
FTR-469,fulltext_V,FS-000526,,"Verde T, 1992",Potential markers of heavy training in highly trained distance runners.,British journal of sports medicine,10.1136/bjsm.26.3.167,1422653,full-text PDF (no open-access copy found by script; needs institutional access),fulltexts/V/FS-000526.pdf,openalex:download_failed:http_403,normal,requested,
FTR-470,fulltext_V,FS-000533,,"Heinemeier K, 2003",Exercise-induced changes in circulating levels of transforming growth factor-beta-1 in humans: methodological considerations.,European journal of applied physiology,10.1007/s00421-003-0881-8,14504950,full-text PDF (no open-access copy found by script; needs institutional access),fulltexts/V/FS-000533.pdf,no_usable_identifier_or_no_oa_location_found,high,requested,
FTR-471,fulltext_V,FS-000573,,"Parry-Billings M, 1992",Plasma amino acid concentrations in the overtraining syndrome: possible effects on the immune system.,Medicine and science in sports and exercise,10.1249/00005768-199212000-00008,1470018,full-text PDF (no open-access copy found by script; needs institutional access),fulltexts/V/FS-000573.pdf,no_usable_identifier_or_no_oa_location_found | wos_ut=WOS:A1992KD07900008 | scopus_eid=2-s2.0-0027076825,normal,requested,
FTR-472,fulltext_V,FS-000574,,"Nielsen HG, 2004",Marathon running leads to partial exhaustion of ROS-generating capacity in leukocytes.,Medicine and science in sports and exercise,10.1249/01.mss.0000106168.12113.95,14707770,full-text PDF (no open-access copy found by script; needs institutional access),fulltexts/V/FS-000574.pdf,no_usable_identifier_or_no_oa_location_found,normal,requested,
FTR-473,fulltext_V,FS-000608,,"Schmolz M, 2004","Validation of a new highly standardised, lab-independent whole-blood leukocyte function assay for clinical trials (ILCS).",Experimental gerontology,10.1016/j.exger.2003.09.029,15050304,full-text PDF (no open-access copy found by script; needs institutional access),fulltexts/V/FS-000608.pdf,no_usable_identifier_or_no_oa_location_found,high,requested,
FTR-474,fulltext_V,FS-000645,,"Connolly PH, 2004",Effects of exercise on gene expression in human peripheral blood mononuclear cells.,"Journal of applied physiology (Bethesda, Md. : 1985)",10.1152/japplphysiol.00316.2004,15194674,full-text PDF (no open-access copy found by script; needs institutional access),fulltexts/V/FS-000645.pdf,no_usable_identifier_or_no_oa_location_found,normal,requested,
FTR-475,fulltext_V,FS-000674,,"Dennis RA, 2004",Interleukin-1 polymorphisms are associated with the inflammatory response in human muscle to acute resistance exercise.,The Journal of physiology,10.1113/jphysiol.2004.067876,15331687,full-text PDF (no open-access copy found by script; needs institutional access),fulltexts/V/FS-000674.pdf,no_usable_identifier_or_no_oa_location_found,high,requested,
FTR-476,fulltext_V,FS-000679,,"Lee MS, 2004",Effect of qi training on neutrophil function in young and elderly males.,"Journal of alternative and complementary medicine (New York, N.Y.)",10.1089/acm.2004.10.681,15353026,full-text PDF (no open-access copy found by script; needs institutional access),fulltexts/V/FS-000679.pdf,no_usable_identifier_or_no_oa_location_found,normal,requested,
FTR-477,fulltext_V,FS-000681,,"Roberts C, 2004",CD94 expression and natural killer cell activity after acute exercise.,Journal of science and medicine in sport,10.1016/s1440-2440(04)80015-x,15362321,full-text PDF (no open-access copy found by script; needs institutional access),fulltexts/V/FS-000681.pdf,no_usable_identifier_or_no_oa_location_found,normal,requested,
FTR-478,fulltext_V,FS-000684,,"Nielsen HG, 2004",Long-distance running modulates the expression of leucocyte and endothelial adhesion molecules.,Scandinavian journal of immunology,10.1111/j.0300-9475.2004.01486.x,15379860,full-text PDF (no open-access copy found by script; needs institutional access),fulltexts/V/FS-000684.pdf,no_usable_identifier_or_no_oa_location_found,normal,requested,
FTR-479,fulltext_V,FS-000693,,"Whitham M, 2004",Leukocyte heat shock protein expression before and after intensified training.,International journal of sports medicine,10.1055/s-2004-820953,15459833,full-text PDF (no open-access copy found by script; needs institutional access),fulltexts/V/FS-000693.pdf,no_usable_identifier_or_no_oa_location_found,normal,requested,
FTR-480,fulltext_V,FS-000719,,"Ndon JA, 1992",Effects of chronic intense exercise training on the leukocyte response to acute exercise.,International journal of sports medicine,10.1055/s-2007-1021252,1555910,full-text PDF (no open-access copy found by script; needs institutional access),fulltexts/V/FS-000719.pdf,no_usable_identifier_or_no_oa_location_found,normal,requested,
FTR-481,fulltext_V,FS-000726,,"Banfi G, 2004",Behaviour of haematological parameters in athletes performing marathons and ultramarathons in altitude ('skyrunners').,Clinical and laboratory haematology,10.1111/j.1365-2257.2004.00642.x,15595993,full-text PDF (no open-access copy found by script; needs institutional access),fulltexts/V/FS-000726.pdf,no_usable_identifier_or_no_oa_location_found,normal,requested,
FTR-482,fulltext_V,FS-000731,,"Lancaster GI, 2004",Effects of acute exhaustive exercise and chronic exercise training on type 1 and type 2 T lymphocytes.,Exercise immunology review,10.22029/eir.2004.1608,15633589,full-text PDF (no open-access copy found by script; needs institutional access),fulltexts/V/FS-000731.pdf,no_usable_identifier_or_no_oa_location_found | scopus_eid=2-s2.0-13744252784,normal,requested,
FTR-483,fulltext_V,FS-000749,,"Navalta JW, 2005",Blood treatment influences the yield of apoptotic lymphocytes after maximal exercise.,Medicine and science in sports and exercise,10.1249/01.mss.0000155433.08698.c1,15741833,full-text PDF (no open-access copy found by script; needs institutional access),fulltexts/V/FS-000749.pdf,no_usable_identifier_or_no_oa_location_found,high,requested,
FTR-484,fulltext_V,FS-000751,,"Peters EM, 2004",Hematological recovery in male ultramarathon runners: the effect of variations in training load and running time.,The Journal of sports medicine and physical fitness,,15756172,full-text PDF (no open-access copy found by script; needs institutional access),fulltexts/V/FS-000751.pdf,no_usable_identifier_or_no_oa_location_found | wos_ut=WOS:000226165900015 | scopus_eid=2-s2.0-11144286643,normal,requested,
FTR-485,fulltext_V,FS-000760,,"Minetto M, 2005",Differential responses of serum and salivary interleukin-6 to acute strenuous exercise.,European journal of applied physiology,10.1007/s00421-004-1241-z,15778897,full-text PDF (no open-access copy found by script; needs institutional access),fulltexts/V/FS-000760.pdf,no_usable_identifier_or_no_oa_location_found,high,requested,
FTR-486,fulltext_V,FS-000816,,"Hilberg T, 2005",Transcription in response to physical stress--clues to the molecular mechanisms of exercise-induced asthma.,FASEB journal : official publication of the Federation of American Societies for Experimental Biology,10.1096/fj.04-3063fje,16027142,full-text PDF (no open-access copy found by script; needs institutional access),fulltexts/V/FS-000816.pdf,no_usable_identifier_or_no_oa_location_found,normal,requested,
FTR-487,fulltext_V,FS-000829,,"Fagerhol MK, 2005",Increase in plasma calprotectin during long-distance running.,Scandinavian journal of clinical and laboratory investigation,10.1080/00365510510013587,16095050,full-text PDF (no open-access copy found by script; needs institutional access),fulltexts/V/FS-000829.pdf,no_usable_identifier_or_no_oa_location_found,high,requested,
FTR-488,fulltext_V,FS-000837,,"Zieker D, 2005",cDNA microarray analysis reveals novel candidate genes expressed in human peripheral blood following exhaustive exercise.,Physiological genomics,10.1152/physiolgenomics.00096.2005,16118270,full-text PDF (no open-access copy found by script; needs institutional access),fulltexts/V/FS-000837.pdf,no_usable_identifier_or_no_oa_location_found,high,requested,
FTR-489,fulltext_V,FS-000873,,"Paulsen G, 2005",Delayed leukocytosis and cytokine response to high-force eccentric exercise.,Medicine and science in sports and exercise,10.1249/01.mss.0000177064.65927.98,16286856,full-text PDF (no open-access copy found by script; needs institutional access),fulltexts/V/FS-000873.pdf,no_usable_identifier_or_no_oa_location_found,normal,requested,
FTR-490,fulltext_V,FS-000884,,"Neumayr G, 2005",The impact of prolonged strenuous endurance exercise on interleukin 18 and interleukin 18 binding protein in recreational cyclists.,International journal of sports medicine,10.1055/s-2005-837466,16320167,full-text PDF (no open-access copy found by script; needs institutional access),fulltexts/V/FS-000884.pdf,no_usable_identifier_or_no_oa_location_found,normal,requested,
FTR-491,fulltext_V,FS-000885,,"Costa RJ, 2005",The effects of a high carbohydrate diet on cortisol and salivary immunoglobulin A (s-IgA) during a period of increase exercise workload amongst Olympic and Ironman triathletes.,International journal of sports medicine,10.1055/s-2005-837467,16320174,full-text PDF (no open-access copy found by script; needs institutional access),fulltexts/V/FS-000885.pdf,no_usable_identifier_or_no_oa_location_found,normal,requested,
FTR-492,fulltext_V,FS-000901,,"Zieker D, 2005",CDNA-microarray analysis as a research tool for expression profiling in human peripheral blood following exercise.,Exercise immunology review,10.22029/eir.2005.1617,16385846,full-text PDF (no open-access copy found by script; needs institutional access),fulltexts/V/FS-000901.pdf,no_usable_identifier_or_no_oa_location_found | scopus_eid=2-s2.0-33646369182,normal,requested,
FTR-493,fulltext_V,FS-000912,,"Semple SJ, 2006","Serum concentrations of C reactive protein, alpha1 antitrypsin, and complement (C3, C4, C1 esterase inhibitor) before and during the Vuelta a Espańa.",British journal of sports medicine,10.1136/bjsm.2005.019489,16431998,full-text PDF (no open-access copy found by script; needs institutional access),fulltexts/V/FS-000912.pdf,no_usable_identifier_or_no_oa_location_found,normal,requested,
FTR-494,fulltext_V,FS-000925,,"Finaud J, 2006",Antioxidant status and oxidative stress in professional rugby players: evolution throughout a season.,International journal of sports medicine,10.1055/s-2005-837489,16475052,full-text PDF (no open-access copy found by script; needs institutional access),fulltexts/V/FS-000925.pdf,no_usable_identifier_or_no_oa_location_found,normal,requested,
FTR-495,fulltext_V,FS-000951,,"Nieman DC, 2006",Relationship between salivary IgA secretion and upper respiratory tract infection following a 160-km race.,The Journal of sports medicine and physical fitness,,16596116,full-text PDF (no open-access copy found by script; needs institutional access),fulltexts/V/FS-000951.pdf,no_usable_identifier_or_no_oa_location_found | wos_ut=WOS:000237695300024 | scopus_eid=2-s2.0-33646687289,normal,requested,
FTR-496,fulltext_V,FS-000953,,"Cordova A, 2006",Effects of AM3 (Inmunoferon) on increased serum concentrations of interleukin-6 and tumour necrosis factor receptors I and II in cyclists.,Journal of sports sciences,10.1080/02640410500141158,16608770,full-text PDF (no open-access copy found by script; needs institutional access),fulltexts/V/FS-000953.pdf,no_usable_identifier_or_no_oa_location_found,normal,requested,
FTR-497,fulltext_V,FS-000972,,"Libicz S, 2006",Salivary IgA response of triathletes participating in the French Iron Tour.,International journal of sports medicine,10.1055/s-2005-865747,16729381,full-text PDF (no open-access copy found by script; needs institutional access),fulltexts/V/FS-000972.pdf,no_usable_identifier_or_no_oa_location_found,normal,requested,
FTR-498,fulltext_V,FS-000974,,"Pittaluga M, 2006",Cellular and biochemical parameters of exercise-induced oxidative stress: relationship with training levels.,Free radical research,10.1080/10715760600623015,16753838,full-text PDF (no open-access copy found by script; needs institutional access),fulltexts/V/FS-000974.pdf,no_usable_identifier_or_no_oa_location_found,high,requested,
FTR-499,fulltext_V,FS-000983,,"McKune AJ, 2006",Changes in mucosal and humoral atopic-related markers and immunoglobulins in elite cyclists participating in the Vuelta a España.,International journal of sports medicine,10.1055/s-2005-865858,16802252,full-text PDF (no open-access copy found by script; needs institutional access),fulltexts/V/FS-000983.pdf,no_usable_identifier_or_no_oa_location_found,normal,requested,
FTR-500,fulltext_V,FS-000990,,"Fatouros IG, 2006",Cell-free plasma DNA as a novel marker of aseptic inflammation severity related to exercise overtraining.,Clinical chemistry,10.1373/clinchem.2006.070417,16840584,full-text PDF (no open-access copy found by script; needs institutional access),fulltexts/V/FS-000990.pdf,no_usable_identifier_or_no_oa_location_found,normal,requested,
FTR-501,fulltext_V,FS-000995,,"Mochida, Noriko, 2007",The main neutrophil and neutrophil-related functions may compensate for each other following exercise - A finding from training in university judoists,Luminescence,10.1002/bio.922,16871524,full-text PDF (no open-access copy found by script; needs institutional access),fulltexts/V/FS-000995.pdf,no_usable_identifier_or_no_oa_location_found,normal,requested,
FTR-502,fulltext_V,FS-001024,,"Büttner P, 2007",Exercise affects the gene expression profiles of human white blood cells.,"Journal of applied physiology (Bethesda, Md. : 1985)",10.1152/japplphysiol.00066.2006,16990507,full-text PDF (no open-access copy found by script; needs institutional access),fulltexts/V/FS-001024.pdf,no_usable_identifier_or_no_oa_location_found,normal,requested,
FTR-503,fulltext_V,FS-001039,,"Melanson SE, 2006",Elevation of myeloperoxidase in conjunction with cardiac-specific markers after marathon running.,American journal of clinical pathology,10.1309/1d62h6krftvqrj0a,17074690,full-text PDF (no open-access copy found by script; needs institutional access),fulltexts/V/FS-001039.pdf,no_usable_identifier_or_no_oa_location_found,high,requested,
FTR-504,fulltext_V,FS-001044,,"Shing CM, 2007",Effects of bovine colostrum supplementation on immune variables in highly trained cyclists.,"Journal of applied physiology (Bethesda, Md. : 1985)",10.1152/japplphysiol.00553.2006,17095643,full-text PDF (no open-access copy found by script; needs institutional access),fulltexts/V/FS-001044.pdf,no_usable_identifier_or_no_oa_location_found,normal,requested,
FTR-505,fulltext_V,FS-001117,,"Dousset E, 2007",Bimodal recovery pattern in human skeletal muscle induced by exhaustive stretch-shortening cycle exercise.,Medicine and science in sports and exercise,10.1249/mss.0b013e31802dd74e,17473771,full-text PDF (no open-access copy found by script; needs institutional access),fulltexts/V/FS-001117.pdf,no_usable_identifier_or_no_oa_location_found,normal,requested,
FTR-506,fulltext_V,FS-001124,,"Tuan TC, 2008","Deleterious effects of short-term, high-intensity exercise on immune function: evidence from leucocyte mitochondrial alterations and apoptosis.",British journal of sports medicine,10.1136/bjsm.2006.029314,17504785,full-text PDF (no open-access copy found by script; needs institutional access),fulltexts/V/FS-001124.pdf,openalex:download_failed:http_403,normal,requested,
FTR-507,fulltext_V,FS-001129,,"Housh TJ, 1991",The effect of exercise at various temperatures on salivary levels of immunoglobulin A.,International journal of sports medicine,10.1055/s-2007-1024722,1752720,full-text PDF (no open-access copy found by script; needs institutional access),fulltexts/V/FS-001129.pdf,no_usable_identifier_or_no_oa_location_found,normal,requested,
FTR-508,fulltext_V,FS-001140,,"Minetto MA, 2007",Influence of the sample collection method on salivary interleukin-6 levels in resting and post-exercise conditions.,European journal of applied physiology,10.1007/s00421-007-0484-x,17569075,full-text PDF (no open-access copy found by script; needs institutional access),fulltexts/V/FS-001140.pdf,no_usable_identifier_or_no_oa_location_found,high,requested,
FTR-509,fulltext_V,FS-001146,,"Yamada PM, 2007",Effect of heat acclimation on heat shock protein 72 and interleukin-10 in humans.,"Journal of applied physiology (Bethesda, Md. : 1985)",10.1152/japplphysiol.00242.2007,17615280,full-text PDF (no open-access copy found by script; needs institutional access),fulltexts/V/FS-001146.pdf,no_usable_identifier_or_no_oa_location_found,normal,requested,
FTR-510,fulltext_V,FS-001172,,"Nieman DC, 2007",Quercetin's influence on exercise-induced changes in plasma cytokines and muscle and leukocyte cytokine mRNA.,"Journal of applied physiology (Bethesda, Md. : 1985)",10.1152/japplphysiol.00707.2007,17717114,full-text PDF (no open-access copy found by script; needs institutional access),fulltexts/V/FS-001172.pdf,no_usable_identifier_or_no_oa_location_found,normal,requested,
FTR-511,fulltext_V,FS-001176,,"Nieman DC, 2007",Quercetin reduces illness but not immune perturbations after intensive exercise.,Medicine and science in sports and exercise,10.1249/mss.0b013e318076b566,17805089,full-text PDF (no open-access copy found by script; needs institutional access),fulltexts/V/FS-001176.pdf,no_usable_identifier_or_no_oa_location_found,normal,requested,
FTR-512,fulltext_V,FS-001180,,"Markovitch D, 2007",The effect of prior exercise on ex vivo induction of heme oxygenase-1 in human lymphocytes.,Free radical research,10.1080/10715760701589230,17886034,full-text PDF (no open-access copy found by script; needs institutional access),fulltexts/V/FS-001180.pdf,no_usable_identifier_or_no_oa_location_found,high,requested,
FTR-513,fulltext_V,FS-001197,,"Campbell JP, 2008",Total lymphocyte CD8 expression is not a reliable marker of cytotoxic T-cell populations in human peripheral blood following an acute bout of high-intensity exercise.,"Brain, behavior, and immunity",10.1016/j.bbi.2007.09.001,17949944,full-text PDF (no open-access copy found by script; needs institutional access),fulltexts/V/FS-001197.pdf,no_usable_identifier_or_no_oa_location_found,high,requested,
FTR-514,fulltext_V,FS-001207,,"Cox AJ, 2007",Cytokine responses to treadmill running in healthy and illness-prone athletes.,Medicine and science in sports and exercise,10.1249/mss.0b013e318149f2aa,17986898,full-text PDF (no open-access copy found by script; needs institutional access),fulltexts/V/FS-001207.pdf,no_usable_identifier_or_no_oa_location_found,normal,requested,
FTR-515,fulltext_V,FS-001211,,"Radom-Aizik S, 2008",Effects of 30 min of aerobic exercise on gene expression in human neutrophils.,"Journal of applied physiology (Bethesda, Md. : 1985)",10.1152/japplphysiol.00872.2007,18006867,full-text PDF (no open-access copy found by script; needs institutional access),fulltexts/V/FS-001211.pdf,no_usable_identifier_or_no_oa_location_found,normal,requested,
FTR-516,fulltext_V,FS-001226,,"Pacque PF, 2007",The effect of an ultra-endurance running race on mucosal and humoral immune function.,The Journal of sports medicine and physical fitness,,18091693,full-text PDF (no open-access copy found by script; needs institutional access),fulltexts/V/FS-001226.pdf,no_usable_identifier_or_no_oa_location_found | wos_ut=WOS:000253222000019 | scopus_eid=2-s2.0-38849209941,normal,requested,
FTR-517,fulltext_V,FS-001248,,"Henson D, 2008",Post-160-km race illness rates and decreases in granulocyte respiratory burst and salivary IgA output are not countered by quercetin ingestion.,International journal of sports medicine,10.1055/s-2007-989424,18213545,full-text PDF (no open-access copy found by script; needs institutional access),fulltexts/V/FS-001248.pdf,no_usable_identifier_or_no_oa_location_found,normal,requested,
FTR-518,fulltext_V,FS-001280,,"McAnulty SR, 2008",Chronic quercetin ingestion and exercise-induced oxidative damage and inflammation.,"Applied physiology, nutrition, and metabolism = Physiologie appliquee, nutrition et metabolisme",10.1139/h07-177,18347680,full-text PDF (no open-access copy found by script; needs institutional access),fulltexts/V/FS-001280.pdf,no_usable_identifier_or_no_oa_location_found,normal,requested,
FTR-519,fulltext_V,FS-001310,,"Tripette J, 2010",Patterns of exercise-related inflammatory response in sickle cell trait carriers.,British journal of sports medicine,10.1136/bjsm.2008.047530,18499764,full-text PDF (no open-access copy found by script; needs institutional access),fulltexts/V/FS-001310.pdf,no_usable_identifier_or_no_oa_location_found,normal,requested,
FTR-520,fulltext_V,FS-001311,,"West NP, 2010",The effect of exercise on innate mucosal immunity.,British journal of sports medicine,10.1136/bjsm.2008.046532,18499767,full-text PDF (no open-access copy found by script; needs institutional access),fulltexts/V/FS-001311.pdf,openalex:download_failed:http_403,normal,requested,
FTR-521,fulltext_V,FS-001324,,"Neville V, 2008",Salivary IgA as a risk factor for upper respiratory infections in elite professional athletes.,Medicine and science in sports and exercise,10.1249/mss.0b013e31816be9c3,18580401,full-text PDF (no open-access copy found by script; needs institutional access),fulltexts/V/FS-001324.pdf,no_usable_identifier_or_no_oa_location_found,high,requested,
FTR-522,fulltext_V,FS-001339,,"Rämson R, 2008",The influence of increased training volume on cytokines and ghrelin concentration in college level male rowers.,European journal of applied physiology,10.1007/s00421-008-0839-y,18665387,full-text PDF (no open-access copy found by script; needs institutional access),fulltexts/V/FS-001339.pdf,no_usable_identifier_or_no_oa_location_found,normal,requested,
FTR-523,fulltext_V,FS-001364,,"Timmons BW, 2009",Two methods for determining plasma IL-6 in humans at rest and following exercise.,European journal of applied physiology,10.1007/s00421-008-0866-8,18797920,full-text PDF (no open-access copy found by script; needs institutional access),fulltexts/V/FS-001364.pdf,no_usable_identifier_or_no_oa_location_found,high,requested,
FTR-524,fulltext_V,FS-001370,,"Moreira A, 2008",The impact of a 17-day training period for an international championship on mucosal immune parameters in top-level basketball players and staff members.,European journal of oral sciences,10.1111/j.1600-0722.2008.00558.x,18821985,full-text PDF (no open-access copy found by script; needs institutional access),fulltexts/V/FS-001370.pdf,no_usable_identifier_or_no_oa_location_found,normal,requested,
FTR-525,fulltext_V,FS-001372,,"Denguezli M, 2008",One-year endurance training: effects on lung function and airway inflammation.,Journal of sports sciences,10.1080/02640410802123177,18828030,full-text PDF (no open-access copy found by script; needs institutional access),fulltexts/V/FS-001372.pdf,no_usable_identifier_or_no_oa_location_found,normal,requested,
FTR-526,fulltext_V,FS-001424,,"Biondi R, 2003",Changes in plasma level of human leukocyte elastase during leukocytosis from physical effort.,Immunopharmacology and immunotoxicology,10.1081/iph-120024506,19180801,full-text PDF (no open-access copy found by script; needs institutional access),fulltexts/V/FS-001424.pdf,no_usable_identifier_or_no_oa_location_found,high,requested,
FTR-527,fulltext_V,FS-001489,,"Hoegh SV, 2010",Long-term stability and circadian variation in circulating levels of surfactant protein D.,Immunobiology,10.1016/j.imbio.2009.05.001,19540617,full-text PDF (no open-access copy found by script; needs institutional access),fulltexts/V/FS-001489.pdf,no_usable_identifier_or_no_oa_location_found,high,requested,
FTR-528,fulltext_V,FS-001505,,"Chimenti L, 2009","Environmental conditions, air pollutants, and airway cells in runners: a longitudinal field study.",Journal of sports sciences,10.1080/02640410902946493,19629842,full-text PDF (no open-access copy found by script; needs institutional access),fulltexts/V/FS-001505.pdf,no_usable_identifier_or_no_oa_location_found,normal,requested,
FTR-529,fulltext_V,FS-001536,,"Cox AJ, 2009",Relationship between C-reactive protein concentration and cytokine responses to exercise in healthy and illness-prone runners.,European journal of applied physiology,10.1007/s00421-009-1160-0,19693532,full-text PDF (no open-access copy found by script; needs institutional access),fulltexts/V/FS-001536.pdf,no_usable_identifier_or_no_oa_location_found,high,requested,
FTR-530,fulltext_V,FS-001539,,"Moreira A, 2009",Salivary immunoglobulin a response to a match in top-level brazilian soccer players.,Journal of strength and conditioning research,10.1519/jsc.0b013e3181b3dd7a,19704379,full-text PDF (no open-access copy found by script; needs institutional access),fulltexts/V/FS-001539.pdf,no_usable_identifier_or_no_oa_location_found,high,requested,
FTR-531,fulltext_V,FS-001575,,"Tsai ML, 2011",Changes of mucosal immunity and antioxidation activity in elite male Taiwanese taekwondo athletes associated with intensive training and rapid weight loss.,British journal of sports medicine,10.1136/bjsm.2009.062497,19846424,full-text PDF (no open-access copy found by script; needs institutional access),fulltexts/V/FS-001575.pdf,no_usable_identifier_or_no_oa_location_found,normal,requested,
FTR-532,fulltext_V,FS-001584,,"Thalacker-Mercer AE, 2010",Differential genomic responses in old vs. young humans despite similar levels of modest muscle damage after resistance loading.,Physiological genomics,10.1152/physiolgenomics.00151.2009,19903761,full-text PDF (no open-access copy found by script; needs institutional access),fulltexts/V/FS-001584.pdf,no_usable_identifier_or_no_oa_location_found,normal,requested,
FTR-533,fulltext_V,FS-001589,,"Kon M, 2010",Salivary secretory immunoglobulin a response of elite speed skaters during a competition period.,Journal of strength and conditioning research,10.1519/jsc.0b013e3181aff28b,19918193,full-text PDF (no open-access copy found by script; needs institutional access),fulltexts/V/FS-001589.pdf,no_usable_identifier_or_no_oa_location_found,normal,requested,
FTR-534,fulltext_V,FS-001595,,"Nakamura S, 2010",Effect of exercise on gene expression profile in unfractionated peripheral blood leukocytes.,Biochemical and biophysical research communications,10.1016/j.bbrc.2009.11.150,19945435,full-text PDF (no open-access copy found by script; needs institutional access),fulltexts/V/FS-001595.pdf,no_usable_identifier_or_no_oa_location_found,normal,requested,
FTR-535,fulltext_V,FS-001598,,"Andersson J, 2010",Effects of heavy endurance physical exercise on inflammatory markers in non-athletes.,Atherosclerosis,10.1016/j.atherosclerosis.2009.10.025,19954777,full-text PDF (no open-access copy found by script; needs institutional access),fulltexts/V/FS-001598.pdf,no_usable_identifier_or_no_oa_location_found,normal,requested,
FTR-536,fulltext_V,FS-001612,,"Paulsen G, 2010",Time course of leukocyte accumulation in human muscle after eccentric exercise.,Medicine and science in sports and exercise,10.1249/mss.0b013e3181ac7adb,20010127,full-text PDF (no open-access copy found by script; needs institutional access),fulltexts/V/FS-001612.pdf,no_usable_identifier_or_no_oa_location_found,normal,requested,
FTR-537,fulltext_V,FS-001615,,"Sietsema KE, 2010",Potential biomarkers of muscle injury after eccentric exercise.,"Biomarkers : biochemical indicators of exposure, response, and susceptibility to chemicals",10.3109/13547500903502802,20028270,full-text PDF (no open-access copy found by script; needs institutional access),fulltexts/V/FS-001615.pdf,no_usable_identifier_or_no_oa_location_found,normal,requested,
FTR-538,fulltext_V,FS-001622,,"Peters EM, 2010",Upper respiratory tract infection symptoms in ultramarathon runners not related to immunoglobulin status.,Clinical journal of sport medicine : official journal of the Canadian Academy of Sport Medicine,10.1097/jsm.0b013e3181cb4086,20051733,full-text PDF (no open-access copy found by script; needs institutional access),fulltexts/V/FS-001622.pdf,no_usable_identifier_or_no_oa_location_found,normal,requested,
FTR-539,fulltext_V,FS-001625,,"Oliveira M, 2010",The influence of prolonged cycling on monocyte Toll-like receptor 2 and 4 expression in healthy men.,European journal of applied physiology,10.1007/s00421-009-1350-9,20063104,full-text PDF (no open-access copy found by script; needs institutional access),fulltexts/V/FS-001625.pdf,no_usable_identifier_or_no_oa_location_found,high,requested,
FTR-540,fulltext_V,FS-001635,,"Radom-Aizik S, 2010",Evidence for microRNA involvement in exercise-associated neutrophil gene expression changes.,"Journal of applied physiology (Bethesda, Md. : 1985)",10.1152/japplphysiol.01291.2009,20110541,full-text PDF (no open-access copy found by script; needs institutional access),fulltexts/V/FS-001635.pdf,no_usable_identifier_or_no_oa_location_found,normal,requested,
FTR-541,fulltext_V,FS-001733,,"Walshe I, 2010","The reliability of the IL-6, sIL-6R and sgp130 response to a preloaded time trial.",European journal of applied physiology,10.1007/s00421-010-1548-x,20574676,full-text PDF (no open-access copy found by script; needs institutional access),fulltexts/V/FS-001733.pdf,no_usable_identifier_or_no_oa_location_found,high,requested,
FTR-542,fulltext_V,FS-001787,,"Robson-Ansley P, 2010",The effect of exercise on plasma soluble IL-6 receptor concentration: a dichotomous response.,Exercise immunology review,10.22029/eir.2010.1651,20839491,full-text PDF (no open-access copy found by script; needs institutional access),fulltexts/V/FS-001787.pdf,no_usable_identifier_or_no_oa_location_found,normal,requested,
FTR-543,fulltext_V,FS-001788,,"Kakanis MW, 2010",The open window of susceptibility to infection after acute exercise in healthy young male elite athletes.,Exercise immunology review,10.1016/j.jsams.2010.10.642,20839496,full-text PDF (no open-access copy found by script; needs institutional access),fulltexts/V/FS-001788.pdf,openalex:download_failed:http_403 | scopus_eid=2-s2.0-77957956798,normal,requested,
FTR-544,fulltext_V,FS-001833,,"Fisher G, 2011",Lymphocyte enzymatic antioxidant responses to oxidative stress following high-intensity interval exercise.,"Journal of applied physiology (Bethesda, Md. : 1985)",10.1152/japplphysiol.00575.2010,21127208,full-text PDF (no open-access copy found by script; needs institutional access),fulltexts/V/FS-001833.pdf,no_usable_identifier_or_no_oa_location_found,normal,requested,
FTR-545,fulltext_V,FS-001835,,"Pournot H, 2011",Short term effects of various water immersions on recovery from exhaustive intermittent exercise.,European journal of applied physiology,10.1007/s00421-010-1754-6,21132438,full-text PDF (no open-access copy found by script; needs institutional access),fulltexts/V/FS-001835.pdf,no_usable_identifier_or_no_oa_location_found,normal,requested,
FTR-546,fulltext_V,FS-001850,,"Mäestu, J., 2010",Performance improvement is associated with higher postexercise responses in interleukin-6 and tumor necrosis factor α concentrations,Journal of Sports Medicine and Physical Fitness,,21178941,full-text PDF (no open-access copy found by script; needs institutional access),fulltexts/V/FS-001850.pdf,no_usable_identifier_or_no_oa_location_found | wos_ut=WOS:000288046300021 | scopus_eid=2-s2.0-79952583016,normal,requested,
FTR-547,fulltext_V,FS-001904,,"Ricken KH, 1990",Changes in lymphocyte subpopulations after prolonged exercise.,International journal of sports medicine,10.1055/s-2007-1024777,2140110,full-text PDF (no open-access copy found by script; needs institutional access),fulltexts/V/FS-001904.pdf,no_usable_identifier_or_no_oa_location_found,high,requested,
FTR-548,fulltext_V,FS-001905,,"Hoffman-Goetz L, 1990",Lymphocyte subset responses to repeated submaximal exercise in men.,"Journal of applied physiology (Bethesda, Md. : 1985)",10.1152/jappl.1990.68.3.1069,2140346,full-text PDF (no open-access copy found by script; needs institutional access),fulltexts/V/FS-001905.pdf,no_usable_identifier_or_no_oa_location_found,normal,requested,
FTR-549,fulltext_V,FS-001918,,"Carlson LA, 2011",Changes in transcriptional output of human peripheral blood mononuclear cells following resistance exercise.,European journal of applied physiology,10.1007/s00421-011-1923-2,21437602,full-text PDF (no open-access copy found by script; needs institutional access),fulltexts/V/FS-001918.pdf,no_usable_identifier_or_no_oa_location_found,normal,requested,
FTR-550,fulltext_V,FS-001935,,"Moreira A, 2011",Salivary immunoglobulin A responses in professional top-level futsal players.,Journal of strength and conditioning research,10.1519/jsc.0b013e3181e7fbc0,21490511,full-text PDF (no open-access copy found by script; needs institutional access),fulltexts/V/FS-001935.pdf,no_usable_identifier_or_no_oa_location_found,normal,requested,
FTR-551,fulltext_V,FS-001987,,"Baggish AL, 2011",Dynamic regulation of circulating microRNA during acute exhaustive exercise and sustained aerobic exercise training.,The Journal of physiology,10.1113/jphysiol.2011.213363,21690193,full-text PDF (no open-access copy found by script; needs institutional access),fulltexts/V/FS-001987.pdf,no_usable_identifier_or_no_oa_location_found,normal,requested,
FTR-552,fulltext_V,FS-001994,,"Sakharov DA, 2012",Passing the anaerobic threshold is associated with substantial changes in the gene expression profile in white blood cells.,European journal of applied physiology,10.1007/s00421-011-2048-3,21717121,full-text PDF (no open-access copy found by script; needs institutional access),fulltexts/V/FS-001994.pdf,no_usable_identifier_or_no_oa_location_found,normal,requested,
FTR-553,fulltext_V,FS-002014,,"Hom LL, 2012",Eleven days of moderate exercise and heat exposure induces acclimation without significant HSP70 and apoptosis responses of lymphocytes in college-aged males.,Cell stress & chaperones,10.1007/s12192-011-0283-5,21796498,full-text PDF (no open-access copy found by script; needs institutional access),fulltexts/V/FS-002014.pdf,openalex:not_pdf_or_too_small bytes=371453 ctype='text/html; charset=utf-8'; crossref:not_pdf_or_too_small bytes=371419 ctype='text/html; charset=utf-8',normal,requested,
FTR-554,fulltext_V,FS-002021,,"Oberbach A, 2011",Combined proteomic and metabolomic profiling of serum reveals association of the complement system with obesity and identifies novel markers of body fat mass changes.,Journal of proteome research,10.1021/pr2005555,21823675,full-text PDF (no open-access copy found by script; needs institutional access),fulltexts/V/FS-002021.pdf,no_usable_identifier_or_no_oa_location_found,high,requested,
FTR-555,fulltext_V,FS-002034,,"Nieman DC, 2012",Variance in the acute inflammatory response to prolonged cycling is linked to exercise intensity.,Journal of interferon & cytokine research : the official journal of the International Society for Interferon and Cytokine Research,10.1089/jir.2011.0038,21916608,full-text PDF (no open-access copy found by script; needs institutional access),fulltexts/V/FS-002034.pdf,openalex:download_failed:conn_err:<urlopen error timed out>,high,requested,
FTR-556,fulltext_V,FS-002046,,"Hillman AR, 2011",Exercise-induced dehydration with and without environmental heat stress results in increased oxidative stress.,"Applied physiology, nutrition, and metabolism = Physiologie appliquee, nutrition et metabolisme",10.1139/h11-080,21980993,full-text PDF (no open-access copy found by script; needs institutional access),fulltexts/V/FS-002046.pdf,no_usable_identifier_or_no_oa_location_found,normal,requested,
FTR-557,fulltext_V,FS-002054,,"Schönfelder M, 2011",Gene expression profiling in human whole blood samples after controlled testosterone application and exercise.,Drug testing and analysis,10.1002/dta.360,22031502,full-text PDF (no open-access copy found by script; needs institutional access),fulltexts/V/FS-002054.pdf,no_usable_identifier_or_no_oa_location_found,normal,requested,
FTR-558,fulltext_V,FS-002059,,"Gordon PM, 2012",Resistance exercise training influences skeletal muscle immune activation: a microarray analysis.,"Journal of applied physiology (Bethesda, Md. : 1985)",10.1152/japplphysiol.00860.2011,22052873,full-text PDF (no open-access copy found by script; needs institutional access),fulltexts/V/FS-002059.pdf,no_usable_identifier_or_no_oa_location_found,normal,requested,
FTR-559,fulltext_V,FS-002071,,"Syu GD, 2012",Differential effects of acute and chronic exercise on human neutrophil functions.,Medicine and science in sports and exercise,10.1249/mss.0b013e3182408639,22130467,full-text PDF (no open-access copy found by script; needs institutional access),fulltexts/V/FS-002071.pdf,no_usable_identifier_or_no_oa_location_found,normal,requested,
FTR-560,fulltext_V,FS-002077,,"Cosgrove C, 2012","The impact of 6-month training preparation for an Ironman triathlon on the proportions of naïve, memory and senescent T cells in resting blood.",European journal of applied physiology,10.1007/s00421-011-2273-9,22170013,full-text PDF (no open-access copy found by script; needs institutional access),fulltexts/V/FS-002077.pdf,no_usable_identifier_or_no_oa_location_found,normal,requested,
FTR-561,fulltext_V,FS-002079,,"Thomas AW, 2012",Exercise-associated generation of PPARγ ligands activates PPARγ signaling events and upregulates genes related to lipid metabolism.,"Journal of applied physiology (Bethesda, Md. : 1985)",10.1152/japplphysiol.00864.2011,22174394,full-text PDF (no open-access copy found by script; needs institutional access),fulltexts/V/FS-002079.pdf,no_usable_identifier_or_no_oa_location_found,normal,requested,
FTR-562,fulltext_V,FS-002088,,"Azarbayjani M, 2011",The effect of preseason training on mucosal immunity in male basketball players.,The Journal of sports medicine and physical fitness,,22212276,full-text PDF (no open-access copy found by script; needs institutional access),fulltexts/V/FS-002088.pdf,no_usable_identifier_or_no_oa_location_found | wos_ut=WOS:000300036200023 | scopus_eid=2-s2.0-84856867058,normal,requested,
FTR-563,fulltext_V,FS-002117,,"Shantsila E, 2012",The effects of exercise and diurnal variation on monocyte subsets and monocyte-platelet aggregates.,European journal of clinical investigation,10.1111/j.1365-2362.2012.02656.x,22356533,full-text PDF (no open-access copy found by script; needs institutional access),fulltexts/V/FS-002117.pdf,openalex:download_failed:http_403,high,requested,
FTR-564,fulltext_V,FS-002123,,"Radom-Aizik S, 2012",Effects of exercise on microRNA expression in young males peripheral blood mononuclear cells.,Clinical and translational science,10.1111/j.1752-8062.2011.00384.x,22376254,full-text PDF (no open-access copy found by script; needs institutional access),fulltexts/V/FS-002123.pdf,openalex:download_failed:http_403,normal,requested,
FTR-565,fulltext_V,FS-002144,,"Wright HE, 2012",Cortisol and interleukin-6 responses during intermittent exercise in two different hot environments with equivalent WBGT.,Journal of occupational and environmental hygiene,10.1080/15459624.2012.666467,22482790,full-text PDF (no open-access copy found by script; needs institutional access),fulltexts/V/FS-002144.pdf,no_usable_identifier_or_no_oa_location_found,normal,requested,
FTR-566,fulltext_V,FS-002156,,"Frankenberger M, 2012",Transcript profiling of CD16-positive monocytes reveals a unique molecular fingerprint.,European journal of immunology,10.1002/eji.201141907,22531920,full-text PDF (no open-access copy found by script; needs institutional access),fulltexts/V/FS-002156.pdf,no_usable_identifier_or_no_oa_location_found,normal,requested,
FTR-567,fulltext_V,FS-002172,,"Robson-Ansley P, 2012",Prevalence of allergy and upper respiratory tract symptoms in runners of the London marathon.,Medicine and science in sports and exercise,10.1249/mss.0b013e318243253d,22595981,full-text PDF (no open-access copy found by script; needs institutional access),fulltexts/V/FS-002172.pdf,no_usable_identifier_or_no_oa_location_found,normal,requested,
FTR-568,fulltext_V,FS-002180,,"Corsetti R, 2012",Haematological and iron metabolism parameters in professional cyclists during the Giro d'Italia 3-weeks stage race.,Clinical chemistry and laboratory medicine,10.1515/cclm-2011-0857,22628339,full-text PDF (no open-access copy found by script; needs institutional access),fulltexts/V/FS-002180.pdf,no_usable_identifier_or_no_oa_location_found,normal,requested,
FTR-569,fulltext_V,FS-002241,,"Kimsa M, 2012",Expression pattern of the transforming growth factor β signaling genes in human peripheral blood mononuclear cells after exercise-inflammatory aspects.,American journal of human biology : the official journal of the Human Biology Council,10.1002/ajhb.22311,22915245,full-text PDF (no open-access copy found by script; needs institutional access),fulltexts/V/FS-002241.pdf,no_usable_identifier_or_no_oa_location_found,normal,requested,
FTR-570,fulltext_V,FS-002265,,"Rama L, 2013",Changes in natural killer cell subpopulations over a winter training season in elite swimmers.,European journal of applied physiology,10.1007/s00421-012-2490-x,22990626,full-text PDF (no open-access copy found by script; needs institutional access),fulltexts/V/FS-002265.pdf,no_usable_identifier_or_no_oa_location_found,normal,requested,
FTR-571,fulltext_V,FS-002273,,"LaVoy EC, 2013",Acute aerobic exercise in humans increases cytokine expression in CD27(-) but not CD27(+) CD8(+) T-cells.,"Brain, behavior, and immunity",10.1016/j.bbi.2012.09.006,23017234,full-text PDF (no open-access copy found by script; needs institutional access),fulltexts/V/FS-002273.pdf,no_usable_identifier_or_no_oa_location_found,high,requested,
FTR-572,fulltext_V,FS-002276,,"Pinching AJ, 1990",Quantification of radiolabelled granulocyte migration in vivo.,Journal of immunological methods,10.1016/0022-1759(90)90005-g,2303726,full-text PDF (no open-access copy found by script; needs institutional access),fulltexts/V/FS-002276.pdf,no_usable_identifier_or_no_oa_location_found,high,requested,
FTR-573,fulltext_V,FS-002283,,"Knab AM, 2013","Effects of a flavonoid-rich juice on inflammation, oxidative stress, and immunity in elite swimmers: a metabolomics-based approach.",International journal of sport nutrition and exercise metabolism,10.1123/ijsnem.23.2.150,23070789,full-text PDF (no open-access copy found by script; needs institutional access),fulltexts/V/FS-002283.pdf,openalex:download_failed:conn_err:<urlopen error timed out>,normal,requested,
FTR-574,fulltext_V,FS-002301,,"Tharp GD, 1990",Reduction of saliva immunoglobulin levels by swim training.,European journal of applied physiology and occupational physiology,10.1007/bf00572187,2311596,full-text PDF (no open-access copy found by script; needs institutional access),fulltexts/V/FS-002301.pdf,no_usable_identifier_or_no_oa_location_found,normal,requested,
FTR-575,fulltext_V,FS-002317,,"Junglee NA, 2012",Does proteinuria-inducing physical activity increase biomarkers of acute kidney injury?,Kidney & blood pressure research,10.1159/000343417,23182776,full-text PDF (no open-access copy found by script; needs institutional access),fulltexts/V/FS-002317.pdf,openalex:download_failed:http_403,high,requested,
FTR-576,fulltext_V,FS-002327,,"Paulsen G, 2013","Inflammatory markers CD11b, CD16, CD66b, CD68, myeloperoxidase and neutrophil elastase in eccentric exercised human skeletal muscles.",Histochemistry and cell biology,10.1007/s00418-012-1061-x,23224298,full-text PDF (no open-access copy found by script; needs institutional access),fulltexts/V/FS-002327.pdf,no_usable_identifier_or_no_oa_location_found,high,requested,
FTR-577,fulltext_V,FS-002331,,"Eda N, 2013",Altered secretory immunoglobulin A on skin surface after intensive exercise.,Journal of strength and conditioning research,10.1519/jsc.0b013e31827fd5ec,23249819,full-text PDF (no open-access copy found by script; needs institutional access),fulltexts/V/FS-002331.pdf,no_usable_identifier_or_no_oa_location_found,normal,requested,
FTR-578,fulltext_V,FS-002346,,"Radom-Aizik S, 2013",Impact of brief exercise on peripheral blood NK cell gene and microRNA expression in young adults.,"Journal of applied physiology (Bethesda, Md. : 1985)",10.1152/japplphysiol.01341.2012,23288554,full-text PDF (no open-access copy found by script; needs institutional access),fulltexts/V/FS-002346.pdf,no_usable_identifier_or_no_oa_location_found,normal,requested,
FTR-579,fulltext_V,FS-002374,,"Neme Ide B, 2013",Time course of muscle damage and inflammatory responses to resistance training with eccentric overload in trained individuals.,Mediators of inflammation,10.1155/2013/204942,23401642,full-text PDF (no open-access copy found by script; needs institutional access),fulltexts/V/FS-002374.pdf,europepmc:download_failed:http_403; openalex:download_failed:http_403,high,requested,
FTR-580,fulltext_V,FS-002421,,"Neubauer O, 2013",Transcriptome analysis of neutrophils after endurance exercise reveals novel signaling mechanisms in the immune response to physiological stress.,"Journal of applied physiology (Bethesda, Md. : 1985)",10.1152/japplphysiol.00143.2013,23580600,full-text PDF (no open-access copy found by script; needs institutional access),fulltexts/V/FS-002421.pdf,no_usable_identifier_or_no_oa_location_found,normal,requested,
FTR-581,fulltext_V,FS-002435,,"Nelson AR, 2013","Effect of post-exercise protein-leucine feeding on neutrophil function, immunomodulatory plasma metabolites and cortisol during a 6-day block of intense cycling.",European journal of applied physiology,10.1007/s00421-013-2650-7,23624785,full-text PDF (no open-access copy found by script; needs institutional access),fulltexts/V/FS-002435.pdf,no_usable_identifier_or_no_oa_location_found,normal,requested,
FTR-582,fulltext_V,FS-002448,,"Spielmann G, 2014",The effects of age and latent cytomegalovirus infection on the redeployment of CD8+ T cell subsets in response to acute exercise in humans.,"Brain, behavior, and immunity",10.1016/j.bbi.2013.05.003,23684819,full-text PDF (no open-access copy found by script; needs institutional access),fulltexts/V/FS-002448.pdf,no_usable_identifier_or_no_oa_location_found,normal,requested,
FTR-583,fulltext_V,FS-002501,,"Crystal NJ, 2013",Effect of cryotherapy on muscle recovery and inflammation following a bout of damaging exercise.,European journal of applied physiology,10.1007/s00421-013-2693-9,23873339,full-text PDF (no open-access copy found by script; needs institutional access),fulltexts/V/FS-002501.pdf,no_usable_identifier_or_no_oa_location_found,high,requested,
FTR-584,fulltext_V,FS-002511,,"Gill SK, 2013",Salivary antimicrobial protein responses during multistage ultramarathon competition conducted in hot environmental conditions.,"Applied physiology, nutrition, and metabolism = Physiologie appliquee, nutrition et metabolisme",10.1139/apnm-2013-0005,23905664,full-text PDF (no open-access copy found by script; needs institutional access),fulltexts/V/FS-002511.pdf,no_usable_identifier_or_no_oa_location_found,normal,requested,
FTR-585,fulltext_V,FS-002515,,"McFarlin BK, 2013",Baker's yeast beta glucan supplementation increases salivary IgA and decreases cold/flu symptomatic days after intense exercise.,Journal of dietary supplements,10.3109/19390211.2013.820248,23927572,full-text PDF (no open-access copy found by script; needs institutional access),fulltexts/V/FS-002515.pdf,europepmc:download_failed:http_403; openalex:download_failed:http_403,normal,requested,
FTR-586,fulltext_V,FS-002536,,"Vaisberg M, 2013",Cytokine kinetics in nasal mucosa and sera: new insights in understanding upper-airway disease of marathon runners.,Exercise immunology review,10.22029/eir.2013.1677,23977719,full-text PDF (no open-access copy found by script; needs institutional access),fulltexts/V/FS-002536.pdf,no_usable_identifier_or_no_oa_location_found,normal,requested,
FTR-587,fulltext_V,FS-002552,,"Nieman DC, 2014",Immune and inflammation responses to a 3-day period of intensified running versus cycling.,"Brain, behavior, and immunity",10.1016/j.bbi.2013.09.004,24055861,full-text PDF (no open-access copy found by script; needs institutional access),fulltexts/V/FS-002552.pdf,openalex:download_failed:conn_err:<urlopen error timed out>,normal,requested,
FTR-588,fulltext_V,FS-002554,,"Markworth JF, 2013",Human inflammatory and resolving lipid mediator responses to resistance exercise and ibuprofen treatment.,"American journal of physiology. Regulatory, integrative and comparative physiology",10.1152/ajpregu.00128.2013,24089379,full-text PDF (no open-access copy found by script; needs institutional access),fulltexts/V/FS-002554.pdf,no_usable_identifier_or_no_oa_location_found,normal,requested,
FTR-589,fulltext_V,FS-002562,,"Witard OC, 2014",High dietary protein restores overreaching induced impairments in leukocyte trafficking and reduces the incidence of upper respiratory tract infection in elite cyclists.,"Brain, behavior, and immunity",10.1016/j.bbi.2013.10.002,24120932,full-text PDF (no open-access copy found by script; needs institutional access),fulltexts/V/FS-002562.pdf,no_usable_identifier_or_no_oa_location_found,normal,requested,
FTR-590,fulltext_V,FS-002569,,"Kiwata J, 2014",Effects of aerobic exercise on lipid-effector molecules of the innate immune response.,Medicine and science in sports and exercise,10.1249/mss.0000000000000137,24145722,full-text PDF (no open-access copy found by script; needs institutional access),fulltexts/V/FS-002569.pdf,no_usable_identifier_or_no_oa_location_found,normal,requested,
FTR-591,fulltext_V,FS-002573,,"Huuskonen A, 2009",A common variation in the promoter region of interleukin-6 gene shows association with exercise performance.,Journal of sports science & medicine,,24149537,full-text PDF (no open-access copy found by script; needs institutional access),fulltexts/V/FS-002573.pdf,no_usable_identifier_or_no_oa_location_found | wos_ut=WOS:000266494600016 | scopus_eid=2-s2.0-67650075567,normal,requested,
FTR-592,fulltext_V,FS-002578,,"Farhangimaleki N, 2009",The effect of tapering period on plasma pro-inflammatory cytokine levels and performance in elite male cyclists.,Journal of sports science & medicine,,24149602,full-text PDF (no open-access copy found by script; needs institutional access),fulltexts/V/FS-002578.pdf,no_usable_identifier_or_no_oa_location_found | wos_ut=WOS:000273388800016 | scopus_eid=2-s2.0-72249098952,normal,requested,
FTR-593,fulltext_V,FS-002581,,"Eda N, 2013",Effects of High-Intensity Endurance Exercise on Epidermal Barriers against Microbial Invasion.,Journal of sports science & medicine,,24149724,full-text PDF (no open-access copy found by script; needs institutional access),fulltexts/V/FS-002581.pdf,no_usable_identifier_or_no_oa_location_found | wos_ut=WOS:000315497200006 | scopus_eid=2-s2.0-84877316594,normal,requested,
FTR-594,fulltext_V,FS-002589,,"Tajra V, 2014",Identification of high responders for interleukin-6 and creatine kinase following acute eccentric resistance exercise in elderly obese women.,Journal of science and medicine in sport,10.1016/j.jsams.2013.09.012,24189370,full-text PDF (no open-access copy found by script; needs institutional access),fulltexts/V/FS-002589.pdf,no_usable_identifier_or_no_oa_location_found,high,requested,
FTR-595,fulltext_V,FS-002618,,"Neubauer O, 2014",Time course-dependent changes in the transcriptome of human skeletal muscle during recovery from endurance exercise: from inflammation to adaptive remodeling.,"Journal of applied physiology (Bethesda, Md. : 1985)",10.1152/japplphysiol.00909.2013,24311745,full-text PDF (no open-access copy found by script; needs institutional access),fulltexts/V/FS-002618.pdf,no_usable_identifier_or_no_oa_location_found,normal,requested,
FTR-596,fulltext_V,FS-002619,,"Balfoussia E, 2014",A proteomic study of plasma protein changes under extreme physical stress.,Journal of proteomics,10.1016/j.jprot.2013.12.004,24345577,full-text PDF (no open-access copy found by script; needs institutional access),fulltexts/V/FS-002619.pdf,no_usable_identifier_or_no_oa_location_found,normal,requested,
FTR-597,fulltext_V,FS-002635,,"Radom-Aizik S, 2014",Impact of brief exercise on circulating monocyte gene and microRNA expression: implications for atherosclerotic vascular disease.,"Brain, behavior, and immunity",10.1016/j.bbi.2014.01.003,24423463,full-text PDF (no open-access copy found by script; needs institutional access),fulltexts/V/FS-002635.pdf,openalex:download_failed:http_403,normal,requested,
FTR-598,fulltext_V,FS-002638,,"Baggish AL, 2014",Rapid upregulation and clearance of distinct circulating microRNAs after prolonged aerobic exercise.,"Journal of applied physiology (Bethesda, Md. : 1985)",10.1152/japplphysiol.01141.2013,24436293,full-text PDF (no open-access copy found by script; needs institutional access),fulltexts/V/FS-002638.pdf,no_usable_identifier_or_no_oa_location_found,normal,requested,
FTR-599,fulltext_V,FS-002641,,"Owen AL, 2016",High-Intensity Training and Salivary Immunoglobulin A Responses in Professional Top-Level Soccer Players: Effect of Training Intensity.,Journal of strength and conditioning research,10.1519/jsc.0000000000000380,24448005,full-text PDF (no open-access copy found by script; needs institutional access),fulltexts/V/FS-002641.pdf,no_usable_identifier_or_no_oa_location_found,normal,requested,
FTR-600,fulltext_V,FS-002651,,"Chatzinikolaou A, 2014",The microcycle of inflammation and performance changes after a basketball match.,Journal of sports sciences,10.1080/02640414.2013.865251,24479464,full-text PDF (no open-access copy found by script; needs institutional access),fulltexts/V/FS-002651.pdf,no_usable_identifier_or_no_oa_location_found,normal,requested,
FTR-601,fulltext_V,FS-002652,,"Romagnoli M, 2014","Influence of training and a maximal exercise test in analytical variability of muscular, hepatic, and cardiovascular biochemical variables.",Scandinavian journal of clinical and laboratory investigation,10.3109/00365513.2013.873948,24484196,full-text PDF (no open-access copy found by script; needs institutional access),fulltexts/V/FS-002652.pdf,no_usable_identifier_or_no_oa_location_found,high,requested,
FTR-602,fulltext_V,FS-002666,,"Abbasi A, 2014",Exhaustive exercise modifies different gene expression profiles and pathways in LPS-stimulated and un-stimulated whole blood cultures.,"Brain, behavior, and immunity",10.1016/j.bbi.2013.10.023,24513876,full-text PDF (no open-access copy found by script; needs institutional access),fulltexts/V/FS-002666.pdf,no_usable_identifier_or_no_oa_location_found,normal,requested,
FTR-603,fulltext_V,FS-002669,,"Catoire M, 2014",Identification of human exercise-induced myokines using secretome analysis.,Physiological genomics,10.1152/physiolgenomics.00174.2013,24520153,full-text PDF (no open-access copy found by script; needs institutional access),fulltexts/V/FS-002669.pdf,no_usable_identifier_or_no_oa_location_found,normal,requested,
FTR-604,fulltext_V,FS-002674,,"Knab AM, 2014","Effects of a freeze-dried juice blend powder on exercise-induced inflammation, oxidative stress, and immune function in cyclists.","Applied physiology, nutrition, and metabolism = Physiologie appliquee, nutrition et metabolisme",10.1139/apnm-2013-0338,24552382,full-text PDF (no open-access copy found by script; needs institutional access),fulltexts/V/FS-002674.pdf,no_usable_identifier_or_no_oa_location_found,normal,requested,
FTR-605,fulltext_V,FS-002678,,"Bell PG, 2014",Montmorency cherries reduce the oxidative stress and inflammatory responses to repeated days high-intensity stochastic cycling.,Nutrients,10.3390/nu6020829,24566440,full-text PDF (no open-access copy found by script; needs institutional access),fulltexts/V/FS-002678.pdf,europepmc:download_failed:http_403; openalex:download_failed:http_403,normal,requested,
FTR-606,fulltext_V,FS-002684,,"Faulkner SH, 2014","The detection and measurement of interleukin-6 in venous and capillary blood samples, and in sweat collected at rest and during exercise.",European journal of applied physiology,10.1007/s00421-014-2851-8,24577845,full-text PDF (no open-access copy found by script; needs institutional access),fulltexts/V/FS-002684.pdf,no_usable_identifier_or_no_oa_location_found,high,requested,
FTR-607,fulltext_V,FS-002742,,"Nieman DC, 2014",Metabolomics approach to assessing plasma 13- and 9-hydroxy-octadecadienoic acid and linoleic acid metabolite responses to 75-km cycling.,"American journal of physiology. Regulatory, integrative and comparative physiology",10.1152/ajpregu.00092.2014,24760997,full-text PDF (no open-access copy found by script; needs institutional access),fulltexts/V/FS-002742.pdf,openalex:download_failed:conn_err:<urlopen error timed out>,normal,requested,
FTR-608,fulltext_V,FS-002754,,"Cornish SM, 2014",Systemic cytokine response to three bouts of eccentric exercise.,Results in immunology,10.1016/j.rinim.2014.04.002,24809007,full-text PDF (no open-access copy found by script; needs institutional access),fulltexts/V/FS-002754.pdf,openalex:download_failed:http_403,normal,requested,
FTR-609,fulltext_V,FS-002764,,"Xiang L, 2014",Effects of strenuous exercise on Th1/Th2 gene expression from human peripheral blood mononuclear cells of marathon participants.,Molecular immunology,10.1016/j.molimm.2014.03.004,24853398,full-text PDF (no open-access copy found by script; needs institutional access),fulltexts/V/FS-002764.pdf,no_usable_identifier_or_no_oa_location_found,normal,requested,
FTR-610,fulltext_V,FS-002798,,"Svendsen IS, 2014","Influence of Hydration Status on Changes in Plasma Cortisol, Leukocytes, and Antigen-Stimulated Cytokine Production by Whole Blood Culture following Prolonged Exercise.",ISRN nutrition,10.1155/2014/561401,24967270,full-text PDF (no open-access copy found by script; needs institutional access),fulltexts/V/FS-002798.pdf,europepmc:download_failed:http_403; openalex:download_failed:http_403; crossref:download_failed:http_403,normal,requested,
FTR-611,fulltext_V,FS-002801,,"Kanda K, 2014",Evaluation of serum leaking enzymes and investigation into new biomarkers for exercise-induced muscle damage.,Exercise immunology review,10.22029/eir.2014.1687,24974720,full-text PDF (no open-access copy found by script; needs institutional access),fulltexts/V/FS-002801.pdf,no_usable_identifier_or_no_oa_location_found | scopus_eid=2-s2.0-84904401570,high,requested,
FTR-612,fulltext_V,FS-002803,,"Hajizadeh Maleki B, 2015",Long-term Low-to-Intensive Cycling Training: Impact on Semen Parameters and Seminal Cytokines.,Clinical journal of sport medicine : official journal of the Canadian Academy of Sport Medicine,10.1097/jsm.0000000000000122,24977955,full-text PDF (no open-access copy found by script; needs institutional access),fulltexts/V/FS-002803.pdf,no_usable_identifier_or_no_oa_location_found,normal,requested,
FTR-613,fulltext_V,FS-002824,,"Del Giacco SR, 2014","Exercise training, lymphocyte subsets and their cytokines production: experience of an Italian professional football team and their impact on allergy.",BioMed research international,10.1155/2014/429248,25050349,full-text PDF (no open-access copy found by script; needs institutional access),fulltexts/V/FS-002824.pdf,europepmc:download_failed:http_403; openalex:download_failed:http_403; crossref:download_failed:http_403,normal,requested,
FTR-614,fulltext_V,FS-002831,,"Ahmed M, 2014",The protective effects of a polyphenol-enriched protein powder on exercise-induced susceptibility to virus infection.,Phytotherapy research : PTR,10.1002/ptr.5208,25088029,full-text PDF (no open-access copy found by script; needs institutional access),fulltexts/V/FS-002831.pdf,no_usable_identifier_or_no_oa_location_found,normal,requested,
FTR-615,fulltext_V,FS-002832,,"Peake JM, 2014",Metabolic and hormonal responses to isoenergetic high-intensity interval exercise and continuous moderate-intensity exercise.,American journal of physiology. Endocrinology and metabolism,10.1152/ajpendo.00276.2014,25096178,full-text PDF (no open-access copy found by script; needs institutional access),fulltexts/V/FS-002832.pdf,no_usable_identifier_or_no_oa_location_found,normal,requested,
FTR-616,fulltext_V,FS-002841,,"Kraemer WJ, 2014",Influence of HMB supplementation and resistance training on cytokine responses to resistance exercise.,Journal of the American College of Nutrition,10.1080/07315724.2014.911669,25140763,full-text PDF (no open-access copy found by script; needs institutional access),fulltexts/V/FS-002841.pdf,no_usable_identifier_or_no_oa_location_found,normal,requested,
FTR-617,fulltext_V,FS-002852,,"Morgado JP, 2014",Sex-based effects on immune changes induced by a maximal incremental exercise test in well-trained swimmers.,Journal of sports science & medicine,,25177203,full-text PDF (no open-access copy found by script; needs institutional access),fulltexts/V/FS-002852.pdf,no_usable_identifier_or_no_oa_location_found | wos_ut=WOS:000340753400035 | scopus_eid=2-s2.0-84905749686,normal,requested,
FTR-618,fulltext_V,FS-002878,,"Robson-Ansley PJ, 2014",Dynamic changes in dna methylation status in peripheral blood Mononuclear cells following an acute bout of exercise: Potential impact of exercise-induced elevations in interleukin-6 concentration.,Journal of biological regulators and homeostatic agents,,25316129,full-text PDF (no open-access copy found by script; needs institutional access),fulltexts/V/FS-002878.pdf,no_usable_identifier_or_no_oa_location_found | wos_ut=WOS:000343609200006 | scopus_eid=2-s2.0-84921880399,normal,requested,
FTR-619,fulltext_V,FS-002940,,"Barberio MD, 2015",Systemic LPS and inflammatory response during consecutive days of exercise in heat.,International journal of sports medicine,10.1055/s-0034-1389904,25525952,full-text PDF (no open-access copy found by script; needs institutional access),fulltexts/V/FS-002940.pdf,no_usable_identifier_or_no_oa_location_found,normal,requested,
FTR-620,fulltext_V,FS-002947,,"Kunz H, 2015",Fitness level impacts salivary antimicrobial protein responses to a single bout of cycling exercise.,European journal of applied physiology,10.1007/s00421-014-3082-8,25557386,full-text PDF (no open-access copy found by script; needs institutional access),fulltexts/V/FS-002947.pdf,openalex:not_pdf_or_too_small bytes=0 ctype='text/html; charset=UTF-8',normal,requested,
FTR-621,fulltext_V,FS-002948,,"Coad S, 2015",Physical demands and salivary immunoglobulin A responses of elite Australian rules football athletes to match play.,International journal of sports physiology and performance,10.1123/ijspp.2014-0493,25561572,full-text PDF (no open-access copy found by script; needs institutional access),fulltexts/V/FS-002948.pdf,no_usable_identifier_or_no_oa_location_found,normal,requested,
FTR-622,fulltext_V,FS-002979,,"Davison G, 2015",Oral neutrophil responses to acute prolonged exercise may not be representative of blood neutrophil responses.,"Applied physiology, nutrition, and metabolism = Physiologie appliquee, nutrition et metabolisme",10.1139/apnm-2014-0396,25668058,full-text PDF (no open-access copy found by script; needs institutional access),fulltexts/V/FS-002979.pdf,no_usable_identifier_or_no_oa_location_found,high,requested,
FTR-623,fulltext_V,FS-003019,,"Sugama K, 2015","Changes of thioredoxin, oxidative stress markers, inflammation and muscle/renal damage following intensive endurance exercise.",Exercise immunology review,10.22029/eir.2015.1700,25826051,full-text PDF (no open-access copy found by script; needs institutional access),fulltexts/V/FS-003019.pdf,no_usable_identifier_or_no_oa_location_found | scopus_eid=2-s2.0-84928706248,high,requested,
FTR-624,fulltext_V,FS-003022,,"Gill SK, 2015",Circulatory endotoxin concentration and cytokine profile in response to exertional-heat stress during a multi-stage ultra-marathon competition.,Exercise immunology review,10.22029/eir.2015.1699,25830597,full-text PDF (no open-access copy found by script; needs institutional access),fulltexts/V/FS-003022.pdf,no_usable_identifier_or_no_oa_location_found | scopus_eid=2-s2.0-84928705149,normal,requested,
FTR-625,fulltext_V,FS-003030,,"Lindsay A, 2015",Effect of varied recovery interventions on markers of psychophysiological stress in professional rugby union.,European journal of sport science,10.1080/17461391.2015.1029982,25854282,full-text PDF (no open-access copy found by script; needs institutional access),fulltexts/V/FS-003030.pdf,no_usable_identifier_or_no_oa_location_found,normal,requested,
FTR-626,fulltext_V,FS-003073,,"de Gonzalo-Calvo D, 2015",Circulating inflammatory miRNA signature in response to different doses of aerobic exercise.,"Journal of applied physiology (Bethesda, Md. : 1985)",10.1152/japplphysiol.00077.2015,25997943,full-text PDF (no open-access copy found by script; needs institutional access),fulltexts/V/FS-003073.pdf,no_usable_identifier_or_no_oa_location_found,normal,requested,
FTR-627,fulltext_V,FS-003108,,"Lechner R, 2015","Injuries, Medical Conditions, and Changes in Blood Levels in German Special Operations Forces Selection.",Journal of special operations medicine : a peer reviewed journal for SOF medical professionals,10.55460/rrpw-rtln,26125166,full-text PDF (no open-access copy found by script; needs institutional access),fulltexts/V/FS-003108.pdf,no_usable_identifier_or_no_oa_location_found,normal,requested,
FTR-628,fulltext_V,FS-003173,,"Mohr M, 2016","Muscle damage, inflammatory, immune and performance responses to three football games in 1 week in competitive male players.",European journal of applied physiology,10.1007/s00421-015-3245-2,26377004,full-text PDF (no open-access copy found by script; needs institutional access),fulltexts/V/FS-003173.pdf,no_usable_identifier_or_no_oa_location_found,normal,requested,
FTR-629,fulltext_V,FS-003209,,"Rowlands DS, 2016",Protein-leucine ingestion activates a regenerative inflammo-myogenic transcriptome in skeletal muscle following intense endurance exercise.,Physiological genomics,10.1152/physiolgenomics.00068.2015,26508702,full-text PDF (no open-access copy found by script; needs institutional access),fulltexts/V/FS-003209.pdf,no_usable_identifier_or_no_oa_location_found,normal,requested,
FTR-630,fulltext_V,FS-003210,,"Rama LM, 2016",Changes of Hematological Markers during a Multi-stage Ultra-marathon Competition in the Heat.,International journal of sports medicine,10.1055/s-0035-1555929,26509375,full-text PDF (no open-access copy found by script; needs institutional access),fulltexts/V/FS-003210.pdf,no_usable_identifier_or_no_oa_location_found,normal,requested,
FTR-631,fulltext_V,FS-003224,,"Baur DA, 2016","Fluid retention, muscle damage, and altered body composition at the Ultraman triathlon.",European journal of applied physiology,10.1007/s00421-015-3291-9,26560107,full-text PDF (no open-access copy found by script; needs institutional access),fulltexts/V/FS-003224.pdf,no_usable_identifier_or_no_oa_location_found,normal,requested,
FTR-632,fulltext_V,FS-003225,,"Nieman DC, 2015",Metabolomics-Based Analysis of Banana and Pear Ingestion on Exercise Performance and Recovery.,Journal of proteome research,10.1021/acs.jproteome.5b00909,26561314,full-text PDF (no open-access copy found by script; needs institutional access),fulltexts/V/FS-003225.pdf,no_usable_identifier_or_no_oa_location_found,normal,requested,
FTR-633,fulltext_V,FS-003242,,"Inoue DS, 2016",Immunometabolic Responses to Concurrent Training: The Effects of Exercise Order in Recreational Weightlifters.,Journal of strength and conditioning research,10.1519/jsc.0000000000001281,26626027,full-text PDF (no open-access copy found by script; needs institutional access),fulltexts/V/FS-003242.pdf,no_usable_identifier_or_no_oa_location_found,normal,requested,
FTR-634,fulltext_V,FS-003254,,"Boos CJ, 2016","High Altitude and Acute Mountain Sickness and Changes in Circulating Endothelin-1, Interleukin-6, and Interleukin-17a.",High altitude medicine & biology,10.1089/ham.2015.0098,26680502,full-text PDF (no open-access copy found by script; needs institutional access),fulltexts/V/FS-003254.pdf,no_usable_identifier_or_no_oa_location_found,normal,requested,
FTR-635,fulltext_V,FS-003274,,"Sikkeland L, 2016",Inflammation in induced sputum after aluminium oxide exposure: an experimental chamber study.,Occupational and environmental medicine,10.1136/oemed-2015-103254,26786756,full-text PDF (no open-access copy found by script; needs institutional access),fulltexts/V/FS-003274.pdf,no_usable_identifier_or_no_oa_location_found,normal,requested,
FTR-636,fulltext_V,FS-003289,,"Yoon JH, 2016",Changes in the markers of cardiac damage in men following long-distance and ultra-long-distance running races.,The Journal of sports medicine and physical fitness,,26853451,full-text PDF (no open-access copy found by script; needs institutional access),fulltexts/V/FS-003289.pdf,no_usable_identifier_or_no_oa_location_found | wos_ut=WOS:000375357200017 | scopus_eid=2-s2.0-84964918001,high,requested,
FTR-637,fulltext_V,FS-003290,,"Heaney JL, 2016",Salivary immunoglobulin free light chains: reference ranges and responses to exercise in young and older adults.,Exercise immunology review,10.22029/eir.2016.1707,26853488,full-text PDF (no open-access copy found by script; needs institutional access),fulltexts/V/FS-003290.pdf,no_usable_identifier_or_no_oa_location_found | scopus_eid=2-s2.0-84977927434,high,requested,
FTR-638,fulltext_V,FS-003334,,"Lindsay A, 2016",Repetitive cryotherapy attenuates the in vitro and in vivo mononuclear cell activation response.,Experimental physiology,10.1113/ep085795,27094349,full-text PDF (no open-access copy found by script; needs institutional access),fulltexts/V/FS-003334.pdf,no_usable_identifier_or_no_oa_location_found,normal,requested,
FTR-639,fulltext_V,FS-003468,,"Guy JH, 2017",Short-term reliability of inflammatory mediators and response to exercise in the heat.,Journal of sports sciences,10.1080/02640414.2016.1227464,27594321,full-text PDF (no open-access copy found by script; needs institutional access),fulltexts/V/FS-003468.pdf,no_usable_identifier_or_no_oa_location_found,high,requested,
FTR-640,fulltext_V,FS-003475,,"Eftedal I, 2016",Immune and inflammatory responses to freediving calculated from leukocyte gene expression profiles.,Physiological genomics,10.1152/physiolgenomics.00048.2016,27614202,full-text PDF (no open-access copy found by script; needs institutional access),fulltexts/V/FS-003475.pdf,openalex:download_failed:http_403,normal,requested,
FTR-641,fulltext_V,FS-003517,,"JanssenDuijghuijsen LM, 2017",Adaptation of exercise-induced stress in well-trained healthy young men.,Experimental physiology,10.1113/ep086025,27808433,full-text PDF (no open-access copy found by script; needs institutional access),fulltexts/V/FS-003517.pdf,no_usable_identifier_or_no_oa_location_found,high,requested,
FTR-642,fulltext_V,FS-003532,,"Macdonald LA, 2017",Reliability of salivary cortisol and immunoglobulin-A measurements from the IPRO® before and after sprint cycling exercise.,The Journal of sports medicine and physical fitness,10.23736/s0022-4707.16.06785-2,27849116,full-text PDF (no open-access copy found by script; needs institutional access),fulltexts/V/FS-003532.pdf,no_usable_identifier_or_no_oa_location_found,high,requested,
FTR-643,fulltext_V,FS-003536,,"Pilat C, 2017",Exercise-induced cytokine changes in antigen stimulated whole-blood cultures compared to serum.,Journal of immunological methods,10.1016/j.jim.2016.11.007,27876507,full-text PDF (no open-access copy found by script; needs institutional access),fulltexts/V/FS-003536.pdf,no_usable_identifier_or_no_oa_location_found,high,requested,
FTR-644,fulltext_V,FS-003556,,"Nieman DC, 2017",IL-6 Linkage to Exercise-Induced Shifts in Lipid-Related Metabolites: A Metabolomics-Based Analysis.,Journal of proteome research,10.1021/acs.jproteome.6b00892,27996272,full-text PDF (no open-access copy found by script; needs institutional access),fulltexts/V/FS-003556.pdf,openalex:download_failed:conn_err:<urlopen error timed out>,normal,requested,
FTR-645,fulltext_V,FS-003581,,"Broadbent J, 2017",Gene networks in skeletal muscle following endurance exercise are coexpressed in blood neutrophils and linked with blood inflammation markers.,"Journal of applied physiology (Bethesda, Md. : 1985)",10.1152/japplphysiol.00114.2016,28104750,full-text PDF (no open-access copy found by script; needs institutional access),fulltexts/V/FS-003581.pdf,no_usable_identifier_or_no_oa_location_found,normal,requested,
FTR-646,fulltext_V,FS-003615,,"Bellar D, 2017",The Effects of a 36-Hour Mixed Task Ultraendurance Race on Mucosal Immunity Markers and Pulmonary Function.,Wilderness & environmental medicine,10.1016/j.wem.2016.12.001,28257712,full-text PDF (no open-access copy found by script; needs institutional access),fulltexts/V/FS-003615.pdf,no_usable_identifier_or_no_oa_location_found,normal,requested,
FTR-647,fulltext_V,FS-003642,,"Becatti M, 2017",Redox status alterations during the competitive season in élite soccer players: focus on peripheral leukocyte-derived ROS.,Internal and emergency medicine,10.1007/s11739-017-1653-5,28361355,full-text PDF (no open-access copy found by script; needs institutional access),fulltexts/V/FS-003642.pdf,no_usable_identifier_or_no_oa_location_found,normal,requested,
FTR-648,fulltext_V,FS-003646,,"Siedlik JA, 2017",T cell activation and proliferation following acute exercise in human subjects is altered by storage conditions and mitogen selection.,Journal of immunological methods,10.1016/j.jim.2017.03.017,28366645,full-text PDF (no open-access copy found by script; needs institutional access),fulltexts/V/FS-003646.pdf,no_usable_identifier_or_no_oa_location_found,high,requested,
FTR-649,fulltext_V,FS-003691,,"Verbickas V, 2018",Serum brain-derived neurotrophic factor and interleukin-6 response to high-volume mechanically demanding exercise.,Muscle & nerve,10.1002/mus.25687,28500647,full-text PDF (no open-access copy found by script; needs institutional access),fulltexts/V/FS-003691.pdf,no_usable_identifier_or_no_oa_location_found,normal,requested,
FTR-650,fulltext_V,FS-003713,,"Lackermair K, 2017",Influence of polyphenol-rich diet on exercise-induced immunomodulation in male endurance athletes.,"Applied physiology, nutrition, and metabolism = Physiologie appliquee, nutrition et metabolisme",10.1139/apnm-2017-0063,28591543,full-text PDF (no open-access copy found by script; needs institutional access),fulltexts/V/FS-003713.pdf,no_usable_identifier_or_no_oa_location_found,normal,requested,
FTR-651,fulltext_V,FS-003728,,"Zhang R, 2017",Measurement of the Phagocytic Activity of Human Peripheral Blood Using a Highly Sensitive Fluorometric Detection Device Without Hemolysis.,Anticancer research,10.21873/anticanres.11771,28668892,full-text PDF (no open-access copy found by script; needs institutional access),fulltexts/V/FS-003728.pdf,no_usable_identifier_or_no_oa_location_found,high,requested,
FTR-652,fulltext_V,FS-003773,,"Ackland GL, 2018","Autonomic regulation of systemic inflammation in humans: A multi-center, blinded observational cohort study.","Brain, behavior, and immunity",10.1016/j.bbi.2017.08.010,28807718,full-text PDF (no open-access copy found by script; needs institutional access),fulltexts/V/FS-003773.pdf,no_usable_identifier_or_no_oa_location_found,high,requested,
FTR-653,fulltext_V,FS-003783,,"Jafariyan S, 2017",Inflammatory and immune responses to a 3-day period of downhill running in active females.,"Cellular and molecular biology (Noisy-le-Grand, France)",10.14715/cmb/2017.63.7.13,28838344,full-text PDF (no open-access copy found by script; needs institutional access),fulltexts/V/FS-003783.pdf,no_usable_identifier_or_no_oa_location_found,normal,requested,
FTR-654,fulltext_V,FS-003794,,"Dalle Carbonare L, 2018",Can half-marathon affect overall health? The yin-yang of sport.,Journal of proteomics,10.1016/j.jprot.2017.09.004,28887210,full-text PDF (no open-access copy found by script; needs institutional access),fulltexts/V/FS-003794.pdf,no_usable_identifier_or_no_oa_location_found,normal,requested,
FTR-655,fulltext_V,FS-003797,,"Tug S, 2017",Acute effects of strength exercises and effects of regular strength training on cell free DNA concentrations in blood plasma.,PloS one,10.1371/journal.pone.0184668,28910365,full-text PDF (no open-access copy found by script; needs institutional access),fulltexts/V/FS-003797.pdf,europepmc:download_failed:http_403,normal,requested,
FTR-656,fulltext_V,FS-003800,,"Shah R, 2017",Small RNA-seq during acute maximal exercise reveal RNAs involved in vascular inflammation and cardiometabolic health: brief report.,American journal of physiology. Heart and circulatory physiology,10.1152/ajpheart.00500.2017,28916639,full-text PDF (no open-access copy found by script; needs institutional access),fulltexts/V/FS-003800.pdf,no_usable_identifier_or_no_oa_location_found,high,requested,
FTR-657,fulltext_V,FS-003808,,"Žákovská A, 2017",The Effect of a 100-km Ultra-Marathon under Freezing Conditions on Selected Immunological and Hematological Parameters.,Frontiers in physiology,10.3389/fphys.2017.00638,28955243,full-text PDF (no open-access copy found by script; needs institutional access),fulltexts/V/FS-003808.pdf,europepmc:download_failed:http_403,normal,requested,
FTR-658,fulltext_V,FS-003815,,"Patiño PJ, 2018",Aerobic physical training does not condition against strenuous exercise-induced changes in immune function but modulates T cell proliferative responses.,The Journal of sports medicine and physical fitness,10.23736/s0022-4707.17.06943-2,28967237,full-text PDF (no open-access copy found by script; needs institutional access),fulltexts/V/FS-003815.pdf,no_usable_identifier_or_no_oa_location_found,normal,requested,
FTR-659,fulltext_V,FS-003838,,"Janikowska G, 2017","Differences in echocardiography, blood pressure, stroke volume, maximal power and profile of genes related to cardiac hypertrophy in elite road cyclists.",Advances in clinical and experimental medicine : official organ Wroclaw Medical University,10.17219/acem/63031,29068603,full-text PDF (no open-access copy found by script; needs institutional access),fulltexts/V/FS-003838.pdf,no_usable_identifier_or_no_oa_location_found,normal,requested,
FTR-660,fulltext_V,FS-003851,,"McFarlin BK, 2017","Oral Supplementation with Baker's Yeast Beta Glucan Is Associated with Altered Monocytes, T Cells and Cytokines following a Bout of Strenuous Exercise.",Frontiers in physiology,10.3389/fphys.2017.00786,29104540,full-text PDF (no open-access copy found by script; needs institutional access),fulltexts/V/FS-003851.pdf,europepmc:download_failed:http_403,normal,requested,
FTR-661,fulltext_V,FS-003879,,"Sinnott-O'Connor C, 2018",Salivary Biomarkers and Training Load During Training and Competition in Paralympic Swimmers.,International journal of sports physiology and performance,10.1123/ijspp.2017-0683,29182422,full-text PDF (no open-access copy found by script; needs institutional access),fulltexts/V/FS-003879.pdf,no_usable_identifier_or_no_oa_location_found,normal,requested,
FTR-662,fulltext_V,FS-003901,,"Vassalle C, 2018","Traditional and new candidate cardiac biomarkers assessed before, early, and late after half marathon in trained subjects.",European journal of applied physiology,10.1007/s00421-017-3783-x,29256048,full-text PDF (no open-access copy found by script; needs institutional access),fulltexts/V/FS-003901.pdf,no_usable_identifier_or_no_oa_location_found,high,requested,
FTR-663,fulltext_V,FS-003943,,"Costello JT, 2018","Effects of acute or chronic heat exposure, exercise and dehydration on plasma cortisol, IL-6 and CRP levels in trained males.",Cytokine,10.1016/j.cyto.2018.01.018,29402724,full-text PDF (no open-access copy found by script; needs institutional access),fulltexts/V/FS-003943.pdf,no_usable_identifier_or_no_oa_location_found,normal,requested,
FTR-664,fulltext_V,FS-003994,,"Nieman DC, 2018","Metabolic recovery from heavy exertion following banana compared to sugar beverage or water only ingestion: A randomized, crossover trial.",PloS one,10.1371/journal.pone.0194843,29566095,full-text PDF (no open-access copy found by script; needs institutional access),fulltexts/V/FS-003994.pdf,europepmc:download_failed:http_403,normal,requested,
FTR-665,fulltext_V,FS-004039,,"Slusher AL, 2018",Aerobic fitness alters the capacity of mononuclear cells to produce pentraxin 3 following maximal exercise.,European journal of applied physiology,10.1007/s00421-018-3882-3,29748720,full-text PDF (no open-access copy found by script; needs institutional access),fulltexts/V/FS-004039.pdf,no_usable_identifier_or_no_oa_location_found,high,requested,
FTR-666,fulltext_V,FS-004049,,"Carter SJ, 2018",Serum Tumor Necrosis Factor-alpha associates with Myocardial Oxygen Demand and Exercise Tolerance in Postmenopausal Women.,International journal of exercise science,10.70252/prws2257,29795723,full-text PDF (no open-access copy found by script; needs institutional access),fulltexts/V/FS-004049.pdf,europepmc:download_failed:http_403,normal,requested,
FTR-667,fulltext_V,FS-004070,,"Tanner A, 2017","The Effects of a 4-Week, Intensified Training, and Competition Period on Salivary Hormones, Immunoglobulin A, Illness Symptoms, and Mood State in Elite Synchronised Swimmers.","Sports (Basel, Switzerland)",10.3390/sports5030064,29910424,full-text PDF (no open-access copy found by script; needs institutional access),fulltexts/V/FS-004070.pdf,europepmc:download_failed:http_403,normal,requested,
FTR-668,fulltext_V,FS-004083,,"Tavares F, 2019",Effects of Chronic Cold-Water Immersion in Elite Rugby Players.,International journal of sports physiology and performance,10.1123/ijspp.2018-0313,29952675,full-text PDF (no open-access copy found by script; needs institutional access),fulltexts/V/FS-004083.pdf,no_usable_identifier_or_no_oa_location_found,normal,requested,
FTR-669,fulltext_V,FS-004098,,"Rodrigues de Araujo V, 2018",Acute high-intensity exercise test in soccer athletes affects salivary biochemical markers.,Free radical research,10.1080/10715762.2018.1481288,30027785,full-text PDF (no open-access copy found by script; needs institutional access),fulltexts/V/FS-004098.pdf,no_usable_identifier_or_no_oa_location_found,high,requested,
FTR-670,fulltext_V,FS-004116,,"Kobos LM, 2018",Altered formation of the iron oxide nanoparticle-biocorona due to individual variability and exercise.,Environmental toxicology and pharmacology,10.1016/j.etap.2018.07.014,30096581,full-text PDF (no open-access copy found by script; needs institutional access),fulltexts/V/FS-004116.pdf,no_usable_identifier_or_no_oa_location_found,normal,requested,
FTR-671,fulltext_V,FS-004138,,"Verheggen RJHM, 2019","Cytokine responses to repeated, prolonged walking in lean versus overweight/obese individuals.",Journal of science and medicine in sport,10.1016/j.jsams.2018.07.019,30172615,full-text PDF (no open-access copy found by script; needs institutional access),fulltexts/V/FS-004138.pdf,no_usable_identifier_or_no_oa_location_found,normal,requested,
FTR-672,fulltext_V,FS-004147,,"Jackman JS, 2019","Assessing the usefulness of acute physiological responses following resistance exercise: sensitivity, magnitude of change, and time course of measures.","Applied physiology, nutrition, and metabolism = Physiologie appliquee, nutrition et metabolisme",10.1139/apnm-2018-0200,30189146,full-text PDF (no open-access copy found by script; needs institutional access),fulltexts/V/FS-004147.pdf,no_usable_identifier_or_no_oa_location_found,high,requested,
FTR-673,fulltext_V,FS-004154,,"McKay AKA, 2019",The impact of chronic carbohydrate manipulation on mucosal immunity in elite endurance athletes.,Journal of sports sciences,10.1080/02640414.2018.1521712,30207506,full-text PDF (no open-access copy found by script; needs institutional access),fulltexts/V/FS-004154.pdf,no_usable_identifier_or_no_oa_location_found,normal,requested,
FTR-674,fulltext_V,FS-004179,,"Stephenson BT, 2019","Brief Report: Training Load, Salivary Immunoglobulin A, and Illness Incidence in Elite Paratriathletes.",International journal of sports physiology and performance,10.1123/ijspp.2018-0439,30300038,full-text PDF (no open-access copy found by script; needs institutional access),fulltexts/V/FS-004179.pdf,no_usable_identifier_or_no_oa_location_found,normal,requested,
FTR-675,fulltext_V,FS-004193,,"Aengevaeren VL, 2019",Exercise-induced Changes in Soluble ST2 Concentrations in Marathon Runners.,Medicine and science in sports and exercise,10.1249/mss.0000000000001806,30339660,full-text PDF (no open-access copy found by script; needs institutional access),fulltexts/V/FS-004193.pdf,europepmc:download_failed:http_403,high,requested,
FTR-676,fulltext_V,FS-004230,,"Tanner EA, 2019",Combining single molecule counting with bead-based multiplexing to quantify biological inflammation time course following skeletal muscle injury.,"Methods (San Diego, Calif.)",10.1016/j.ymeth.2018.11.013,30472249,full-text PDF (no open-access copy found by script; needs institutional access),fulltexts/V/FS-004230.pdf,no_usable_identifier_or_no_oa_location_found,high,requested,
FTR-677,fulltext_V,FS-004231,,"Gary MA, 2019",Combined bead-based multiplex detection of RNA and protein biomarkers: Implications for understanding the time course of skeletal muscle injury and repair.,"Methods (San Diego, Calif.)",10.1016/j.ymeth.2018.11.012,30472250,full-text PDF (no open-access copy found by script; needs institutional access),fulltexts/V/FS-004231.pdf,no_usable_identifier_or_no_oa_location_found,normal,requested,
FTR-678,fulltext_V,FS-004269,,"Stevens CJ, 2018",Long-Haul Northeast Travel Disrupts Sleep and Induces Perceived Fatigue in Endurance Athletes.,Frontiers in physiology,10.3389/fphys.2018.01826,30618835,full-text PDF (no open-access copy found by script; needs institutional access),fulltexts/V/FS-004269.pdf,europepmc:download_failed:http_403,normal,requested,
FTR-679,fulltext_V,FS-004303,,"Danielsson T, 2019",Two-peaked increase of serum myosin heavy chain-α after triathlon suggests heart muscle cell death.,BMJ open sport & exercise medicine,10.1136/bmjsem-2018-000486,30740234,full-text PDF (no open-access copy found by script; needs institutional access),fulltexts/V/FS-004303.pdf,europepmc:download_failed:http_403,high,requested,
FTR-680,fulltext_V,FS-004310,,"Hunter DJ, 2019",Impact of aerobic exercise and fatty acid supplementation on global and gene-specific DNA methylation.,Epigenetics,10.1080/15592294.2019.1582276,30764736,full-text PDF (no open-access copy found by script; needs institutional access),fulltexts/V/FS-004310.pdf,no_usable_identifier_or_no_oa_location_found,normal,requested,
FTR-681,fulltext_V,FS-004341,,"Highton PJ, 2019",Microparticle Responses to Aerobic Exercise and Meal Consumption in Healthy Men.,Medicine and science in sports and exercise,10.1249/mss.0000000000001985,30889043,full-text PDF (no open-access copy found by script; needs institutional access),fulltexts/V/FS-004341.pdf,no_usable_identifier_or_no_oa_location_found,normal,requested,
FTR-682,fulltext_V,FS-004349,,"Sierra AP, 2019",Impairment on Cardiopulmonary Function after Marathon: Role of Exhaled Nitric Oxide.,Oxidative medicine and cellular longevity,10.1155/2019/5134360,30911346,full-text PDF (no open-access copy found by script; needs institutional access),fulltexts/V/FS-004349.pdf,europepmc:download_failed:http_403; crossref:download_failed:http_403,normal,requested,
FTR-683,fulltext_V,FS-004361,,"Leeder JDC, 2019",Cold water immersion improves recovery of sprint speed following a simulated tournament.,European journal of sport science,10.1080/17461391.2019.1585478,30957673,full-text PDF (no open-access copy found by script; needs institutional access),fulltexts/V/FS-004361.pdf,no_usable_identifier_or_no_oa_location_found,normal,requested,
FTR-684,fulltext_V,FS-004364,,"Kraemer RR, 1986",Alterations in plasma-volume-corrected blood components of marathon runners and concomitant relationship to performance.,European journal of applied physiology and occupational physiology,10.1007/bf00423200,3096725,full-text PDF (no open-access copy found by script; needs institutional access),fulltexts/V/FS-004364.pdf,no_usable_identifier_or_no_oa_location_found,normal,requested,
FTR-685,fulltext_V,FS-004374,,"Kurgan N, 2019",Changes to the Human Serum Proteome in Response to High Intensity Interval Exercise: A Sequential Top-Down Proteomic Analysis.,Frontiers in physiology,10.3389/fphys.2019.00362,31001142,full-text PDF (no open-access copy found by script; needs institutional access),fulltexts/V/FS-004374.pdf,europepmc:download_failed:http_403,normal,requested,
FTR-686,fulltext_V,FS-004390,,"Omassoli J, 2019",Variation in renal responses to exercise in the heat with progressive acclimatisation.,Journal of science and medicine in sport,10.1016/j.jsams.2019.04.010,31085130,full-text PDF (no open-access copy found by script; needs institutional access),fulltexts/V/FS-004390.pdf,no_usable_identifier_or_no_oa_location_found,high,requested,
FTR-687,fulltext_V,FS-004392,,"Schenk A, 2019",Impact of Acute Aerobic Exercise on Genome-Wide DNA-Methylation in Natural Killer Cells-A Pilot Study.,Genes,10.3390/genes10050380,31109152,full-text PDF (no open-access copy found by script; needs institutional access),fulltexts/V/FS-004392.pdf,europepmc:download_failed:http_403,normal,requested,
FTR-688,fulltext_V,FS-004406,,"Cummins P, 1987","Comparison of serum cardiac specific troponin-I with creatine kinase, creatine kinase-MB isoenzyme, tropomyosin, myoglobin and C-reactive protein release in marathon runners: cardiac or skeletal muscle trauma?",European journal of clinical investigation,10.1111/j.1365-2362.1987.tb02194.x,3117569,full-text PDF (no open-access copy found by script; needs institutional access),fulltexts/V/FS-004406.pdf,no_usable_identifier_or_no_oa_location_found,high,requested,
FTR-689,fulltext_V,FS-004509,,"Rigamonti AE, 2020","Effects of an acute bout of exercise on circulating extracellular vesicles: tissue-, sex-, and BMI-related differences.",International journal of obesity (2005),10.1038/s41366-019-0460-7,31578459,full-text PDF (no open-access copy found by script; needs institutional access),fulltexts/V/FS-004509.pdf,no_usable_identifier_or_no_oa_location_found,normal,requested,
FTR-690,fulltext_V,FS-004518,,"Le Goff C, 2020",Evolution of the slopes of ST2 and galectin-3 during marathon and ultratrail running compared to a control group.,Clinical chemistry and laboratory medicine,10.1515/cclm-2019-0555,31622239,full-text PDF (no open-access copy found by script; needs institutional access),fulltexts/V/FS-004518.pdf,no_usable_identifier_or_no_oa_location_found,high,requested,
FTR-691,fulltext_V,FS-004520,,"McKay AKA, 2020",Influence of Periodizing Dietary Carbohydrate on Iron Regulation and Immune Function in Elite Triathletes.,International journal of sport nutrition and exercise metabolism,10.1123/ijsnem.2019-0131,31629353,full-text PDF (no open-access copy found by script; needs institutional access),fulltexts/V/FS-004520.pdf,no_usable_identifier_or_no_oa_location_found,normal,requested,
FTR-692,fulltext_V,FS-004537,,"Smith S, 2020",Hepcidin and iron: novel findings for elite female rugby Sevens players.,The Journal of sports medicine and physical fitness,10.23736/s0022-4707.19.10096-5,31665878,full-text PDF (no open-access copy found by script; needs institutional access),fulltexts/V/FS-004537.pdf,no_usable_identifier_or_no_oa_location_found,normal,requested,
FTR-693,fulltext_V,FS-004568,,"Demirhan B, 2020",Seasonal evaluation of skeletal muscle damage and hematological and biochemical parameters of Greco-Roman wrestlers from the Kyrgyzstan National Team before the 2016 Summer Olympic Games.,Journal of back and musculoskeletal rehabilitation,10.3233/bmr-181363,31743985,full-text PDF (no open-access copy found by script; needs institutional access),fulltexts/V/FS-004568.pdf,no_usable_identifier_or_no_oa_location_found,normal,requested,
FTR-694,fulltext_V,FS-004580,,"Theall B, 2020",Allostatic stress load and CMV serostatus impact immune response to maximal exercise in collegiate swimmers.,"Journal of applied physiology (Bethesda, Md. : 1985)",10.1152/japplphysiol.00646.2019,31774356,full-text PDF (no open-access copy found by script; needs institutional access),fulltexts/V/FS-004580.pdf,no_usable_identifier_or_no_oa_location_found,normal,requested,
FTR-695,fulltext_V,FS-004593,,"Smith KA, 2020",Ultra-endurance triathlon performance and markers of whole-body and gut-specific inflammation.,European journal of applied physiology,10.1007/s00421-019-04279-3,31828478,full-text PDF (no open-access copy found by script; needs institutional access),fulltexts/V/FS-004593.pdf,no_usable_identifier_or_no_oa_location_found,normal,requested,
FTR-696,fulltext_V,FS-004624,,"Kim J, 2020","Plasma MMP-9, TIMP-1, and TGF-β1 Responses to Exercise-Induced Muscle Injury.",International journal of environmental research and public health,10.3390/ijerph17020566,31963105,full-text PDF (no open-access copy found by script; needs institutional access),fulltexts/V/FS-004624.pdf,europepmc:download_failed:http_403,normal,requested,
FTR-697,fulltext_V,FS-004640,,"Kammerer T, 2020",Hypoxic-inflammatory responses under acute hypoxia: In Vitro experiments and prospective observational expedition trial.,International journal of molecular sciences,10.3390/ijms21031034,32033172,full-text PDF (no open-access copy found by script; needs institutional access),fulltexts/V/FS-004640.pdf,europepmc:download_failed:http_403,normal,requested,
FTR-698,fulltext_V,FS-004666,,"Posnakidis G, 2022",High-Intensity Functional Training Improves Cardiorespiratory Fitness and Neuromuscular Performance Without Inflammation or Muscle Damage.,Journal of strength and conditioning research,10.1519/jsc.0000000000003516,32108722,full-text PDF (no open-access copy found by script; needs institutional access),fulltexts/V/FS-004666.pdf,no_usable_identifier_or_no_oa_location_found,normal,requested,
FTR-699,fulltext_V,FS-004718,,"Tarperi C, 2020",Effects of endurance exercise on serum concentration of calcitonin gene-related peptide (CGRP): a potential link between exercise intensity and headache.,Clinical chemistry and laboratory medicine,10.1515/cclm-2019-1337,32286239,full-text PDF (no open-access copy found by script; needs institutional access),fulltexts/V/FS-004718.pdf,no_usable_identifier_or_no_oa_location_found,normal,requested,
FTR-700,fulltext_V,FS-004719,,"Santos JMBD, 2020",The Relationship of IL-8 and IL-10 Myokines and Performance in Male Marathon Runners Presenting Exercise-Induced Bronchoconstriction.,International journal of environmental research and public health,10.3390/ijerph17082622,32290385,full-text PDF (no open-access copy found by script; needs institutional access),fulltexts/V/FS-004719.pdf,europepmc:download_failed:http_403,normal,requested,
FTR-701,fulltext_V,FS-004724,,"Li ZB, 2020",Early Warning of Acute Altitude Sickness by Physiological Variables and Noninvasive Cardiovascular Indicators.,Chinese medical sciences journal = Chung-kuo i hsueh k'o hsueh tsa chih,10.24920/003552,32299534,full-text PDF (no open-access copy found by script; needs institutional access),fulltexts/V/FS-004724.pdf,no_usable_identifier_or_no_oa_location_found,normal,requested,
FTR-702,fulltext_V,FS-004759,,"Nescolarde L, 2020",Relationship Between Bioimpedance Vector Displacement and Renal Function After a Marathon in Non-elite Runners.,Frontiers in physiology,10.3389/fphys.2020.00352,32435201,full-text PDF (no open-access copy found by script; needs institutional access),fulltexts/V/FS-004759.pdf,europepmc:download_failed:http_403,high,requested,
FTR-703,fulltext_V,FS-004764,,"Bagley JR, 2020",Epigenetic Responses to Acute Resistance Exercise in Trained vs. Sedentary Men.,Journal of strength and conditioning research,10.1519/jsc.0000000000003185,32459413,full-text PDF (no open-access copy found by script; needs institutional access),fulltexts/V/FS-004764.pdf,no_usable_identifier_or_no_oa_location_found,normal,requested,
FTR-704,fulltext_V,FS-004769,,"Contrepois K, 2020",Molecular Choreography of Acute Exercise.,Cell,10.1016/j.cell.2020.04.043,32470399,full-text PDF (no open-access copy found by script; needs institutional access),fulltexts/V/FS-004769.pdf,no_usable_identifier_or_no_oa_location_found,high,requested,
FTR-705,fulltext_V,FS-004798,,"Boukhris O, 2020","Effects of the 5-m Shuttle Run Test on Markers of Muscle Damage, Inflammation, and Fatigue in Healthy Male Athletes.",International journal of environmental research and public health,10.3390/ijerph17124375,32570815,full-text PDF (no open-access copy found by script; needs institutional access),fulltexts/V/FS-004798.pdf,europepmc:download_failed:circuit_broken,normal,requested,
FTR-706,fulltext_V,FS-004809,,"Tanner EA, 2022","Optimized Curcumin, Pomegranate Extract, and Methylsulfonylmethane Reduce Acute, Systemic Inflammatory Response to a Half-marathon Race.",Alternative therapies in health and medicine,,32619204,full-text PDF (no open-access copy found by script; needs institutional access),fulltexts/V/FS-004809.pdf,no_usable_identifier_or_no_oa_location_found | wos_ut=WOS:000853910200011 | scopus_eid=2-s2.0-85138126126,normal,requested,
FTR-707,fulltext_V,FS-004819,,"Tanner EA, 2021",Alterations in Systemic Inflammatory Response Following a Half-Marathon Race with a Combined Curcumin and Pomegranate Supplement: A Feasibility Study.,Journal of dietary supplements,10.1080/19390211.2020.1786206,32657201,full-text PDF (no open-access copy found by script; needs institutional access),fulltexts/V/FS-004819.pdf,no_usable_identifier_or_no_oa_location_found,normal,requested,
FTR-708,fulltext_V,FS-004825,,"Hedderson WC, 2020",Plasma Concentrations of Select Inflammatory Cytokines Predicts Pain Intensity 48 Hours Post-Shoulder Muscle Injury.,The Clinical journal of pain,10.1097/ajp.0000000000000861,32675582,full-text PDF (no open-access copy found by script; needs institutional access),fulltexts/V/FS-004825.pdf,no_usable_identifier_or_no_oa_location_found,high,requested,
FTR-709,fulltext_V,FS-004839,,"de Castro DLS, 2020",Effect of high-velocity and traditional resistance exercise on serum antioxidants and inflammation biomarkers in older women: A randomized crossover trial.,Experimental gerontology,10.1016/j.exger.2020.111026,32717273,full-text PDF (no open-access copy found by script; needs institutional access),fulltexts/V/FS-004839.pdf,no_usable_identifier_or_no_oa_location_found,high,requested,
FTR-710,fulltext_V,FS-004853,,"Paronetto MP, 2020",Exercise-mediated downregulation of MALAT1 expression and implications in primary and secondary cancer prevention.,Free radical biology & medicine,10.1016/j.freeradbiomed.2020.06.037,32768573,full-text PDF (no open-access copy found by script; needs institutional access),fulltexts/V/FS-004853.pdf,no_usable_identifier_or_no_oa_location_found,normal,requested,
FTR-711,fulltext_V,FS-004889,,"Spijkerman R, 2021",Analysis of human neutrophil phenotypes as biomarker to monitor exercise-induced immune changes.,Journal of leukocyte biology,10.1002/jlb.5a0820-436r,32893357,full-text PDF (no open-access copy found by script; needs institutional access),fulltexts/V/FS-004889.pdf,europepmc:download_failed:http_403; crossref:download_failed:http_400,normal,requested,
FTR-712,fulltext_V,FS-004954,,"Margaritelis NV, 2021",Eccentric exercise per se does not affect muscle damage biomarkers: early and late phase adaptations.,European journal of applied physiology,10.1007/s00421-020-04528-w,33156414,full-text PDF (no open-access copy found by script; needs institutional access),fulltexts/V/FS-004954.pdf,no_usable_identifier_or_no_oa_location_found,normal,requested,
FTR-713,fulltext_V,FS-004989,,"Pavis GF, 2021",Improved recovery from skeletal muscle damage is largely unexplained by myofibrillar protein synthesis or inflammatory and regenerative gene expression pathways.,American journal of physiology. Endocrinology and metabolism,10.1152/ajpendo.00454.2020,33284089,full-text PDF (no open-access copy found by script; needs institutional access),fulltexts/V/FS-004989.pdf,no_usable_identifier_or_no_oa_location_found,normal,requested,
FTR-714,fulltext_V,FS-005046,,"White GE, 2020",Massage Therapy Modulates Inflammatory Mediators Following Sprint Exercise in Healthy Male Athletes.,Journal of functional morphology and kinesiology,10.3390/jfmk5010009,33467225,full-text PDF (no open-access copy found by script; needs institutional access),fulltexts/V/FS-005046.pdf,europepmc:download_failed:circuit_broken,normal,requested,
FTR-715,fulltext_V,FS-005118,,"Brock-Utne JG, 1988",Endotoxaemia in exhausted runners after a long-distance race.,South African medical journal = Suid-Afrikaanse tydskrif vir geneeskunde,,3375945,full-text PDF (no open-access copy found by script; needs institutional access),fulltexts/V/FS-005118.pdf,no_usable_identifier_or_no_oa_location_found,high,requested,
FTR-716,fulltext_V,FS-005129,,"Stawski R, 2021",Increased Circulating H3 Histone in Response to Repeated Bouts of Exercise Does Not Associate with Parallel Alterations of Cell-Free DNA.,Biology,10.3390/biology10030181,33801313,full-text PDF (no open-access copy found by script; needs institutional access),fulltexts/V/FS-005129.pdf,europepmc:download_failed:circuit_broken,normal,requested,
FTR-717,fulltext_V,FS-005160,,"Esquius L, 2021",Impact of Olive Oil Supplement Intake on Dendritic Cell Maturation after Strenuous Physical Exercise: A Preliminary Study.,International journal of environmental research and public health,10.3390/ijerph18084128,33919722,full-text PDF (no open-access copy found by script; needs institutional access),fulltexts/V/FS-005160.pdf,europepmc:download_failed:circuit_broken,high,requested,
FTR-718,fulltext_V,FS-005163,,"Tavares-Silva E, 2021","Effect of Multi-Strain Probiotic Supplementation on URTI Symptoms and Cytokine Production by Monocytes after a Marathon Race: A Randomized, Double-Blind, Placebo Study.",Nutrients,10.3390/nu13051478,33925633,full-text PDF (no open-access copy found by script; needs institutional access),fulltexts/V/FS-005163.pdf,europepmc:download_failed:circuit_broken,normal,requested,
FTR-719,fulltext_V,FS-005169,,"Bjørnsen T, 2021",High-frequency blood flow-restricted resistance exercise results in acute and prolonged cellular stress more pronounced in type I than in type II fibers.,"Journal of applied physiology (Bethesda, Md. : 1985)",10.1152/japplphysiol.00115.2020,33955259,full-text PDF (no open-access copy found by script; needs institutional access),fulltexts/V/FS-005169.pdf,no_usable_identifier_or_no_oa_location_found,normal,requested,
FTR-720,fulltext_V,FS-005183,,"Hashida R, 2021","Effects of a low-intensity resistance exercise program on serum miR-630, miR-5703, and Fractalkine/CX3CL1 expressions in subjects with No exercise habits: A preliminary study.",Hepatology research : the official journal of the Japan Society of Hepatology,10.1111/hepr.13670,34014020,full-text PDF (no open-access copy found by script; needs institutional access),fulltexts/V/FS-005183.pdf,no_usable_identifier_or_no_oa_location_found,normal,requested,
FTR-721,fulltext_V,FS-005253,,"Mendes BC, 2021",Effects of Euterpe edulis Martius on inflammatory responses to high-intensity intermittent exercise: Crossover randomized trial.,"Nutrition (Burbank, Los Angeles County, Calif.)",10.1016/j.nut.2021.111344,34273682,full-text PDF (no open-access copy found by script; needs institutional access),fulltexts/V/FS-005253.pdf,no_usable_identifier_or_no_oa_location_found,normal,requested,
FTR-722,fulltext_V,FS-005301,,"McFarlin BK, 2021","Dietary Polyphenol and Methylsulfonylmethane Supplementation Improves Immune, DAMP Signaling, and Inflammatory Responses During Recovery From All-Out Running Efforts.",Frontiers in physiology,10.3389/fphys.2021.712731,34531760,full-text PDF (no open-access copy found by script; needs institutional access),fulltexts/V/FS-005301.pdf,europepmc:download_failed:http_403,normal,requested,
FTR-723,fulltext_V,FS-005304,,"Özdemir Ç, 2021",Effect of Regular Aerobic Training on Serum C-Reactive Protein and IL-6 Levels in Obese Women.,Puerto Rico health sciences journal,,34543566,full-text PDF (no open-access copy found by script; needs institutional access),fulltexts/V/FS-005304.pdf,no_usable_identifier_or_no_oa_location_found | wos_ut=WOS:000659897500004 | scopus_eid=2-s2.0-85109476415,normal,requested,
FTR-724,fulltext_V,FS-005334,,"Cruz R, 2022","Air pollution and high-intensity interval exercise: Implications to anti-inflammatory balance, metabolome and cardiovascular responses.",The Science of the total environment,10.1016/j.scitotenv.2021.151094,34688752,full-text PDF (no open-access copy found by script; needs institutional access),fulltexts/V/FS-005334.pdf,no_usable_identifier_or_no_oa_location_found,normal,requested,
FTR-725,fulltext_V,FS-005434,,"Heiston EM, 2023",Acute exercise decreases insulin-stimulated extracellular vesicles in conjunction with augmentation index in adults with obesity.,The Journal of physiology,10.1113/jp282274,35081660,full-text PDF (no open-access copy found by script; needs institutional access),fulltexts/V/FS-005434.pdf,no_usable_identifier_or_no_oa_location_found,normal,requested,
FTR-726,fulltext_V,FS-005486,,"Engel T, 2022",Feasability of An Eccentric Isokinetic Protocol to Induce Trunk Muscle Damage: A Pilot Study.,Sports medicine international open,10.1055/a-1757-6724,35313534,full-text PDF (no open-access copy found by script; needs institutional access),fulltexts/V/FS-005486.pdf,europepmc:download_failed:http_403,high,requested,
FTR-727,fulltext_V,FS-005508,,"Duarte W, 2022",C-Reactive Protein and Skin Temperature of the lower limbs of Brazilian elite soccer players like load markers following three consecutive games.,Journal of thermal biology,10.1016/j.jtherbio.2022.103188,35393043,full-text PDF (no open-access copy found by script; needs institutional access),fulltexts/V/FS-005508.pdf,no_usable_identifier_or_no_oa_location_found,normal,requested,
FTR-728,fulltext_V,FS-005528,,"Glotov AS, 2022",RNA Sequencing of Whole Blood Defines the Signature of High Intensity Exercise at Altitude in Elite Speed Skaters.,Genes,10.3390/genes13040574,35456380,full-text PDF (no open-access copy found by script; needs institutional access),fulltexts/V/FS-005528.pdf,europepmc:download_failed:circuit_broken,normal,requested,
FTR-729,fulltext_V,FS-005607,,"Snape D, 2023",Reliability of Biomarkers of Physiological Stress at Rest and Post-exertional Heat Stress.,International journal of sports medicine,10.1055/a-1890-0993,35777726,full-text PDF (no open-access copy found by script; needs institutional access),fulltexts/V/FS-005607.pdf,no_usable_identifier_or_no_oa_location_found,high,requested,
FTR-730,fulltext_V,FS-005701,,"Morgans R, 2022",The Immunological and Hormonal Responses to Competitive Match-Play in Elite Soccer Players.,International journal of environmental research and public health,10.3390/ijerph191811784,36142056,full-text PDF (no open-access copy found by script; needs institutional access),fulltexts/V/FS-005701.pdf,europepmc:download_failed:circuit_broken,normal,requested,
FTR-731,fulltext_V,FS-005741,,"Goj T, 2023",The Acute Cytokine Response to 30-Minute Exercise Bouts Before and After 8-Week Endurance Training in Individuals With Obesity.,The Journal of clinical endocrinology and metabolism,10.1210/clinem/dgac623,36285617,full-text PDF (no open-access copy found by script; needs institutional access),fulltexts/V/FS-005741.pdf,europepmc:download_failed:http_404; crossref:download_failed:http_403,normal,requested,
FTR-732,fulltext_V,FS-005770,,"Jurado-Fasoli L, 2022","Acute and long-term exercise differently modulate plasma levels of oxylipins, endocannabinoids, and their analogues in young sedentary adults: A sub-study and secondary analyses from the ACTIBATE randomized controlled-trial.",EBioMedicine,10.1016/j.ebiom.2022.104313,36374769,full-text PDF (no open-access copy found by script; needs institutional access),fulltexts/V/FS-005770.pdf,europepmc:download_failed:http_403,normal,requested,
FTR-733,fulltext_V,FS-005856,,"Zúñiga TM, 2023",Clonal Kinetics and Single-Cell Transcriptional Profiles of T Cells Mobilized to Blood by Acute Exercise.,Medicine and science in sports and exercise,10.1249/mss.0000000000003130,36719647,full-text PDF (no open-access copy found by script; needs institutional access),fulltexts/V/FS-005856.pdf,no_usable_identifier_or_no_oa_location_found,normal,requested,
FTR-734,fulltext_V,FS-005864,,"Baker FL, 2023",Exercise mobilizes diverse antigen specific T-cells and elevates neutralizing antibodies in humans with natural immunity to SARS CoV-2.,"Brain, behavior, & immunity - health",10.1016/j.bbih.2023.100600,36743994,full-text PDF (no open-access copy found by script; needs institutional access),fulltexts/V/FS-005864.pdf,europepmc:download_failed:http_403,normal,requested,
FTR-735,fulltext_V,FS-005870,,"Maggio S, 2023",Modulation of the Circulating Extracellular Vesicles in Response to Different Exercise Regimens and Study of Their Inflammatory Effects.,International journal of molecular sciences,10.3390/ijms24033039,36769362,full-text PDF (no open-access copy found by script; needs institutional access),fulltexts/V/FS-005870.pdf,europepmc:download_failed:circuit_broken,normal,requested,
FTR-736,fulltext_V,FS-005877,,"Lewicki R, 1987",Effect of physical exercise on some parameters of immunity in conditioned sportsmen.,International journal of sports medicine,10.1055/s-2008-1025675,3679644,full-text PDF (no open-access copy found by script; needs institutional access),fulltexts/V/FS-005877.pdf,no_usable_identifier_or_no_oa_location_found,normal,requested,
FTR-737,fulltext_V,FS-005884,,"Malsagova KA, 2023",Molecular Profiling of Athletes Performing High-Intensity Exercises in Extreme Environments.,"Sports (Basel, Switzerland)",10.3390/sports11020036,36828321,full-text PDF (no open-access copy found by script; needs institutional access),fulltexts/V/FS-005884.pdf,europepmc:download_failed:circuit_broken,normal,requested,
FTR-738,fulltext_V,FS-005887,,"Hunter DJ, 2023",Impacts of Eccentric Resistance Exercise on DNA Methylation of Candidate Genes for Inflammatory Cytokines in Skeletal Muscle and Leukocytes of Healthy Males.,Genes,10.3390/genes14020478,36833405,full-text PDF (no open-access copy found by script; needs institutional access),fulltexts/V/FS-005887.pdf,europepmc:download_failed:circuit_broken,normal,requested,
FTR-739,fulltext_V,FS-005899,,"Mackinnon LT, 1987",The effect of exercise on secretory and natural immunity.,Advances in experimental medicine and biology,10.1007/978-1-4684-5344-7_102,3687561,full-text PDF (no open-access copy found by script; needs institutional access),fulltexts/V/FS-005899.pdf,no_usable_identifier_or_no_oa_location_found,normal,requested,
FTR-740,fulltext_V,FS-005990,,"Fridlich O, 2023","Elevated cfDNA after exercise is derived primarily from mature polymorphonuclear neutrophils, with a minor contribution of cardiomyocytes.",Cell reports. Medicine,10.1016/j.xcrm.2023.101074,37290439,full-text PDF (no open-access copy found by script; needs institutional access),fulltexts/V/FS-005990.pdf,europepmc:download_failed:http_403,normal,requested,
FTR-741,fulltext_V,FS-006008,,"Otocka-Kmiecik A, 2023",Effect of Exercise Repetitions on Arylesterase Activity of PON1 in Plasma of Average-Trained Men-The Dissociation between Activity and Concentration.,"Antioxidants (Basel, Switzerland)",10.3390/antiox12061296,37372026,full-text PDF (no open-access copy found by script; needs institutional access),fulltexts/V/FS-006008.pdf,europepmc:download_failed:circuit_broken,normal,requested,
FTR-742,fulltext_V,FS-006114,,"Beckner ME, 2024","Sex differences in mood, hormone and immune response to combatives training in West Point Cadets.",Psychoneuroendocrinology,10.1016/j.psyneuen.2023.106656,37918137,full-text PDF (no open-access copy found by script; needs institutional access),fulltexts/V/FS-006114.pdf,no_usable_identifier_or_no_oa_location_found,normal,requested,
FTR-743,fulltext_V,FS-006136,,"Cieślicka M, 2023",Long-Term Bovine Colostrum Supplementation in Football Players.,Nutrients,10.3390/nu15224779,38004173,full-text PDF (no open-access copy found by script; needs institutional access),fulltexts/V/FS-006136.pdf,europepmc:download_failed:circuit_broken,normal,requested,
FTR-744,fulltext_V,FS-006154,,"Nogiec CD, 2024",Exercise-Induced Cell-Free DNA Correlates with Energy Expenditure in Multiple Exercise Protocols.,Medicine and science in sports and exercise,10.1249/mss.0000000000003363,38109167,full-text PDF (no open-access copy found by script; needs institutional access),fulltexts/V/FS-006154.pdf,no_usable_identifier_or_no_oa_location_found,normal,requested,
FTR-745,fulltext_V,FS-006184,,"Chong MC, 2024",Acute exercise-induced release of innate immune proteins via small extracellular vesicles changes with aerobic fitness and age.,"Acta physiologica (Oxford, England)",10.1111/apha.14095,38243724,full-text PDF (no open-access copy found by script; needs institutional access),fulltexts/V/FS-006184.pdf,no_usable_identifier_or_no_oa_location_found,normal,requested,
FTR-746,fulltext_V,FS-006191,,"Clayton DJ, 2024","Combined Turmeric, Vitamin C, and Vitamin D Ready-to-Drink Supplements Reduce Upper Respiratory Illness Symptoms and Gastrointestinal Discomfort in Elite Male Football Players.",Nutrients,10.3390/nu16020243,38257136,full-text PDF (no open-access copy found by script; needs institutional access),fulltexts/V/FS-006191.pdf,europepmc:download_failed:circuit_broken,normal,requested,
FTR-747,fulltext_V,FS-006214,,"Lang HM, 2024",The Relationship Between Cell-Free DNA and Resistance Training Volume Load.,Journal of strength and conditioning research,10.1519/jsc.0000000000004751,38373069,full-text PDF (no open-access copy found by script; needs institutional access),fulltexts/V/FS-006214.pdf,no_usable_identifier_or_no_oa_location_found,high,requested,
FTR-748,fulltext_V,FS-006215,,"Conkright WR, 2024",Acute Resistance Exercise Modifies Extracellular Vesicle miRNAs Targeting Anabolic Gene Pathways: A Prospective Cohort Study.,Medicine and science in sports and exercise,10.1249/mss.0000000000003408,38377006,full-text PDF (no open-access copy found by script; needs institutional access),fulltexts/V/FS-006215.pdf,no_usable_identifier_or_no_oa_location_found,normal,requested,
FTR-749,fulltext_V,FS-006247,,"Ryningen A, 2024",Acute response in circulating microRNAs following a single bout of short-sprint and heavy strength training in well-trained cyclists.,Frontiers in physiology,10.3389/fphys.2024.1365357,38532845,full-text PDF (no open-access copy found by script; needs institutional access),fulltexts/V/FS-006247.pdf,europepmc:download_failed:http_403,normal,requested,
FTR-750,fulltext_V,FS-006259,,"Henningsen K, 2024",The increase in core body temperature in response to exertional-heat stress can predict exercise-induced gastrointestinal syndrome.,"Temperature (Austin, Tex.)",10.1080/23328940.2023.2213625,38577295,full-text PDF (no open-access copy found by script; needs institutional access),fulltexts/V/FS-006259.pdf,europepmc:download_failed:http_403,high,requested,
FTR-751,fulltext_V,FS-006260,,"Castrogiovanni P, 2024",Skeletal muscle of young females under resistance exercise exhibits a unique innate immune cell infiltration profile compared to males and elderly individuals.,Journal of muscle research and cell motility,10.1007/s10974-024-09668-6,38578562,full-text PDF (no open-access copy found by script; needs institutional access),fulltexts/V/FS-006260.pdf,no_usable_identifier_or_no_oa_location_found,normal,requested,
FTR-752,fulltext_V,FS-006296,,"Gebhardt K, 2024",Respiratory and Metabolic Responses of CD4 + T Cells to Acute Exercise and Their Association with Cardiorespiratory Fitness.,Medicine and science in sports and exercise,10.1249/mss.0000000000003483,38768035,full-text PDF (no open-access copy found by script; needs institutional access),fulltexts/V/FS-006296.pdf,no_usable_identifier_or_no_oa_location_found,normal,requested,
FTR-753,fulltext_V,FS-006366,,"Biagini D, 2024",A MEPS-UHPLC-MS/MS analytical platform to detect isoprostanoids and specialized pro-resolving mediators in the urinary extracellular vesicles of mountain ultramarathon runners.,Talanta,10.1016/j.talanta.2024.126619,39067203,full-text PDF (no open-access copy found by script; needs institutional access),fulltexts/V/FS-006366.pdf,no_usable_identifier_or_no_oa_location_found,high,requested,
FTR-754,fulltext_V,FS-006373,,"McFarlin BK, 2024",Baker's yeast beta glucan supplementation was associated with an improved innate immune mRNA expression response after exercise.,"Methods (San Diego, Calif.)",10.1016/j.ymeth.2024.07.013,39097177,full-text PDF (no open-access copy found by script; needs institutional access),fulltexts/V/FS-006373.pdf,no_usable_identifier_or_no_oa_location_found,normal,requested,
FTR-755,fulltext_V,FS-006389,,"Cui X, 2024",Deciphering Blood Flow Restriction Training to Aid Lipid Lowering in Obese College Students through Untargeted Metabolomics.,Metabolites,10.3390/metabo14080433,39195529,full-text PDF (no open-access copy found by script; needs institutional access),fulltexts/V/FS-006389.pdf,europepmc:download_failed:http_403,normal,requested,
FTR-756,fulltext_V,FS-006410,,"Günaştı Ö, 2024",Changes in hematopoietic stem cell numbers following acute exercise in non-athlete marathon runners.,Advances in medical sciences,10.1016/j.advms.2024.09.003,39284497,full-text PDF (no open-access copy found by script; needs institutional access),fulltexts/V/FS-006410.pdf,no_usable_identifier_or_no_oa_location_found,high,requested,
FTR-757,fulltext_V,FS-006424,,"Righetti S, 2024",Effects of Maltodextrin-Fructose Supplementation on Inflammatory Biomarkers and Lipidomic Profile Following Endurance Running: A Randomized Placebo-Controlled Cross-Over Trial.,Nutrients,10.3390/nu16183078,39339678,full-text PDF (no open-access copy found by script; needs institutional access),fulltexts/V/FS-006424.pdf,europepmc:download_failed:http_403,normal,requested,
FTR-758,fulltext_V,FS-006499,,"Tamai S, 2025","Variabilities of salivary human herpesvirus 6, 7, and secretory immunoglobulin A levels from pre- to post-competition periods in baseball players.",The Journal of sports medicine and physical fitness,10.23736/s0022-4707.24.16227-5,39652048,full-text PDF (no open-access copy found by script; needs institutional access),fulltexts/V/FS-006499.pdf,no_usable_identifier_or_no_oa_location_found,normal,requested,
FTR-759,fulltext_V,FS-006501,,"Drummer DJ, 2025",Low carbohydrate availability promotes a distinct circulating microRNA profile 24 h following aerobic exercise.,Physiological genomics,10.1152/physiolgenomics.00107.2024,39662484,full-text PDF (no open-access copy found by script; needs institutional access),fulltexts/V/FS-006501.pdf,no_usable_identifier_or_no_oa_location_found,normal,requested,
FTR-760,fulltext_V,FS-006563,,"Van der Stede T, 2025",Cellular deconstruction of the human skeletal muscle microenvironment identifies an exercise-induced histaminergic crosstalk.,Cell metabolism,10.1016/j.cmet.2024.12.011,39919738,full-text PDF (no open-access copy found by script; needs institutional access),fulltexts/V/FS-006563.pdf,no_usable_identifier_or_no_oa_location_found,normal,requested,
FTR-761,fulltext_V,FS-006651,,"Smith KA, 2025",Exercise-induced β2-adrenergic receptor activation enhances effector lymphocyte mobilization in humans and suppresses lymphoma growth in mice through NK-cells.,"Brain, behavior, and immunity",10.1016/j.bbi.2025.04.040,40311885,full-text PDF (no open-access copy found by script; needs institutional access),fulltexts/V/FS-006651.pdf,no_usable_identifier_or_no_oa_location_found,normal,requested,
FTR-762,fulltext_V,FS-006662,,"Gunasekara N, 2025",The Influence of an Acute Endurance Intervention on Breast Cancer Cell Growth-A Pilot Study.,International journal of molecular sciences,10.3390/ijms26093976,40362215,full-text PDF (no open-access copy found by script; needs institutional access),fulltexts/V/FS-006662.pdf,europepmc:download_failed:circuit_broken,normal,requested,
FTR-763,fulltext_V,FS-006685,,"Muniz-Santos R, 2025",The Influence of Competition Day Loads on the Metabolic and Immune Response of Olympic Female Beach Volleyball Athletes: A Sportomics Analysis.,Nutrients,10.3390/nu17111924,40507193,full-text PDF (no open-access copy found by script; needs institutional access),fulltexts/V/FS-006685.pdf,europepmc:download_failed:http_403,high,requested,
FTR-764,fulltext_V,FS-006706,,"Geng L, 2025",Systematic profiling reveals betaine as an exercise mimetic for geroprotection.,Cell,10.1016/j.cell.2025.06.001,40570836,full-text PDF (no open-access copy found by script; needs institutional access),fulltexts/V/FS-006706.pdf,no_usable_identifier_or_no_oa_location_found,normal,requested,
FTR-765,fulltext_V,FS-006734,,"Ruple BA, 2025",Transcriptomic analyses of peripheral blood mononuclear cells reveal age-specific basal and acute exercise responsiveness differences in humans.,American journal of physiology. Endocrinology and metabolism,10.1152/ajpendo.00169.2025,40695537,full-text PDF (no open-access copy found by script; needs institutional access),fulltexts/V/FS-006734.pdf,no_usable_identifier_or_no_oa_location_found,normal,requested,
FTR-766,fulltext_V,FS-006745,,"Lingitz MT, 2025",Circulating Antimicrobial Peptides as Biomarkers of Inflammation and Airway Dysfunction After Marathon Running.,Biology,10.3390/biology14070825,40723384,full-text PDF (no open-access copy found by script; needs institutional access),fulltexts/V/FS-006745.pdf,europepmc:download_failed:http_403,normal,requested,
FTR-767,fulltext_V,FS-006828,,"Harrison SE, 2025",Anxiety and Mood Disturbance Are Prospectively Associated With Respiratory Infection Risk and the Mucosal Immune Response to Exercise.,European journal of sport science,10.1002/ejsc.70058,41024702,full-text PDF (no open-access copy found by script; needs institutional access),fulltexts/V/FS-006828.pdf,europepmc:download_failed:http_403,normal,requested,
FTR-768,fulltext_V,FS-006881,,"Garza AP, 2025","Acute exercise alters immune responses in older adults, with extracellular vesicle changes observed in a high-intensity intervention.",Frontiers in immunology,10.3389/fimmu.2025.1661161,41208983,full-text PDF (no open-access copy found by script; needs institutional access),fulltexts/V/FS-006881.pdf,europepmc:download_failed:http_403,normal,requested,
FTR-769,fulltext_V,FS-006885,,"Leveque C, 2026",Cumulative oxidative and inflammatory responses to repeated depth training in breath-hold divers: a multiparametric field study.,European journal of applied physiology,10.1007/s00421-025-06040-5,41222681,full-text PDF (no open-access copy found by script; needs institutional access),fulltexts/V/FS-006885.pdf,no_usable_identifier_or_no_oa_location_found,normal,requested,
FTR-770,fulltext_V,FS-006949,,"Alencar GZ, 2026",Salivary proteomics and metabolic responses to resistance training with and without blood flow restriction in young adults.,Journal of proteomics,10.1016/j.jprot.2025.105587,41453684,full-text PDF (no open-access copy found by script; needs institutional access),fulltexts/V/FS-006949.pdf,no_usable_identifier_or_no_oa_location_found,normal,requested,
FTR-771,fulltext_V,FS-006965,,"Coker RH, 2026",Oxylipin Responses during the Yukon Arctic Ultra: The Longest and Coldest Ultramarathon in the World.,Military medicine,10.1093/milmed/usaf622,41525801,full-text PDF (no open-access copy found by script; needs institutional access),fulltexts/V/FS-006965.pdf,no_usable_identifier_or_no_oa_location_found,normal,requested,
FTR-772,fulltext_V,FS-006985,,"Ji Y, 2026",Wearable Lateral Flow Patch for Noninvasive Sweat Protein Monitoring.,ACS sensors,10.1021/acssensors.5c03500,41603421,full-text PDF (no open-access copy found by script; needs institutional access),fulltexts/V/FS-006985.pdf,no_usable_identifier_or_no_oa_location_found,high,requested,
FTR-773,fulltext_V,FS-007033,,"Zabara D, 2026","Lymphocyte subpopulations in healthy Ukrainian men: local reference ranges, long temporal stability, and exercise-induced variability.",Immunobiology,10.1016/j.imbio.2026.153170,41740469,full-text PDF (no open-access copy found by script; needs institutional access),fulltexts/V/FS-007033.pdf,no_usable_identifier_or_no_oa_location_found,high,requested,
FTR-774,fulltext_V,FS-007094,,"Lanfranchi C, 2026",Oleuropein-based olive leaf extract enhances muscle mitochondrial bioenergetics response to moderate - but not maximal - intensity exercise in humans.,The Journal of physiology,10.1113/jp290316,41979147,full-text PDF (no open-access copy found by script; needs institutional access),fulltexts/V/FS-007094.pdf,europepmc:download_failed:http_403; crossref:download_failed:http_403,normal,requested,
FTR-775,fulltext_V,FS-007097,,"Selleri V, 2026",Cumulative increases in circulating mtDNA as a potential biomarker of brain injury in rugby union: a pilot study.,Journal of science and medicine in sport,10.1016/j.jsams.2026.03.024,41991430,full-text PDF (no open-access copy found by script; needs institutional access),fulltexts/V/FS-007097.pdf,no_usable_identifier_or_no_oa_location_found,normal,requested,
FTR-776,fulltext_V,FS-007158,,"Mrakic-Sposta S, 2026",Oxy-Inflammatory Profile of Finishers and No-Finishers in an Extreme Ultra-Endurance Trail Race: The 866 km Transpyrénéa.,International journal of molecular sciences,10.3390/ijms27104295,42196277,full-text PDF (no open-access copy found by script; needs institutional access),fulltexts/V/FS-007158.pdf,europepmc:download_failed:http_403,normal,requested,
FTR-777,fulltext_V,FS-007188,,"Nemkov T, 2026","Long-Distance Trail Running Induces Inflammatory-Associated Protein, Lipid, and Purine Oxidation in Red Blood Cells.",Blood red cells & iron,10.1016/j.brci.2026.100055,42273167,full-text PDF (no open-access copy found by script; needs institutional access),fulltexts/V/FS-007188.pdf,no_usable_identifier_or_no_oa_location_found,normal,requested,
FTR-778,fulltext_V,FS-007236,,"Janssens GE, 2026","Delayed molecular aging, preservation of energy metabolism and enhanced exercise response in exercise-trained human muscle.",Nature aging,10.1038/s43587-026-01150-x,42399371,full-text PDF (no open-access copy found by script; needs institutional access),fulltexts/V/FS-007236.pdf,no_usable_identifier_or_no_oa_location_found,normal,requested,
FTR-779,fulltext_V,FS-007241,,"Androulakis N, 2026",Leukocyte Morphology Changes during Preseason in Elite Soccer Players: A Pilot Study.,International journal of sports medicine,10.1055/a-2899-8817,42413512,full-text PDF (no open-access copy found by script; needs institutional access),fulltexts/V/FS-007241.pdf,no_usable_identifier_or_no_oa_location_found,normal,requested,
FTR-780,fulltext_V,FS-007251,,"Rhi S, 2026","Integrated Multi-Sensor Assessment System for Objective Muscle Recovery Monitoring: Application of Isokinetic Dynamometry, Infrared Thermometry, and Multi-Biomarker ELISA in Exercise-Induced Muscle Damage Surveillance.","Sensors (Basel, Switzerland)",10.3390/s26134215,42451454,full-text PDF (no open-access copy found by script; needs institutional access),fulltexts/V/FS-007251.pdf,europepmc:download_failed:http_403,high,requested,
FTR-781,fulltext_V,FS-007259,,"Wen H, 2026","Passive, Electromagnetic-Responsive Hydrogel Immunosensor for Exercise Intensity Monitoring Based on Sweat C-Reactive Protein.",Advanced healthcare materials,10.1002/adhm.71454,42494155,full-text PDF (no open-access copy found by script; needs institutional access),fulltexts/V/FS-007259.pdf,no_usable_identifier_or_no_oa_location_found,high,requested,
FTR-782,fulltext_V,FS-007308,,"Schouten M, 2026",Palmitoylethanolamide supplementation partly modulates eccentric exercise-induced changes in the bioactive lipid profile of skeletal muscle tissue.,Pflugers Archiv : European journal of physiology,10.1007/s00424-026-03208-6,42661049,full-text PDF (no open-access copy found by script; needs institutional access),fulltexts/V/FS-007308.pdf,no_usable_identifier_or_no_oa_location_found,normal,requested,
FTR-783,fulltext_V,FS-007433,,"Tomasi TB, 1982",Immune parameters in athletes before and after strenuous exercise.,Journal of clinical immunology,10.1007/bf00915219,6981653,full-text PDF (no open-access copy found by script; needs institutional access),fulltexts/V/FS-007433.pdf,no_usable_identifier_or_no_oa_location_found,normal,requested,
FTR-784,fulltext_V,FS-007440,,"Priest JB, 1982",Exercise-induced changes in common laboratory tests.,American journal of clinical pathology,10.1093/ajcp/77.3.285,7072633,full-text PDF (no open-access copy found by script; needs institutional access),fulltexts/V/FS-007440.pdf,no_usable_identifier_or_no_oa_location_found,high,requested,
FTR-785,fulltext_V,FS-007467,,"Kajiura, Jason S., 1995",Immune response to changes in training intensity and volume in runners,Medicine and Science in Sports and Exercise,10.1249/00005768-199508000-00002,7476053,full-text PDF (no open-access copy found by script; needs institutional access),fulltexts/V/FS-007467.pdf,no_usable_identifier_or_no_oa_location_found,normal,requested,
FTR-786,fulltext_V,FS-007479,,"Gleeson M, 1995",The effect on immunity of long-term intensive training in elite swimmers.,Clinical and experimental immunology,10.1111/j.1365-2249.1995.tb06658.x,7554392,full-text PDF (no open-access copy found by script; needs institutional access),fulltexts/V/FS-007479.pdf,no_usable_identifier_or_no_oa_location_found,normal,requested,
FTR-787,fulltext_V,FS-007501,,"Kayashima S, 1995",Leucocytosis as a marker of organ damage induced by chronic strenuous physical exercise.,European journal of applied physiology and occupational physiology,10.1007/bf00618492,7671876,full-text PDF (no open-access copy found by script; needs institutional access),fulltexts/V/FS-007501.pdf,no_usable_identifier_or_no_oa_location_found,high,requested,
FTR-788,fulltext_V,FS-007508,,"Greenleaf JE, 1995",CD4+/CD8+ T-lymphocyte ratio: effects of rehydration before exercise in dehydrated men.,Medicine and science in sports and exercise,10.1249/00005768-199502000-00008,7723642,full-text PDF (no open-access copy found by script; needs institutional access),fulltexts/V/FS-007508.pdf,no_usable_identifier_or_no_oa_location_found | wos_ut=WOS:A1995QF64000008 | scopus_eid=2-s2.0-0028967340,high,requested,
FTR-789,fulltext_V,FS-007524,,"Hack V, 1994",PMN cell counts and phagocytic activity of highly trained athletes depend on training period.,"Journal of applied physiology (Bethesda, Md. : 1985)",10.1152/jappl.1994.77.4.1731,7836192,full-text PDF (no open-access copy found by script; needs institutional access),fulltexts/V/FS-007524.pdf,no_usable_identifier_or_no_oa_location_found,normal,requested,
FTR-790,fulltext_V,FS-007528,,"Baum M, 1994","Leucocytes, lymphocytes, activation parameters and cell adhesion molecules in middle-distance runners under different training conditions.",International journal of sports medicine,10.1055/s-2007-1021126,7883393,full-text PDF (no open-access copy found by script; needs institutional access),fulltexts/V/FS-007528.pdf,no_usable_identifier_or_no_oa_location_found,normal,requested,
FTR-791,fulltext_V,FS-007530,,"Mackinnon LT, 1994",Mucosal (secretory) immune system responses to exercise of varying intensity and during overtraining.,International journal of sports medicine,10.1055/s-2007-1021134,7883401,full-text PDF (no open-access copy found by script; needs institutional access),fulltexts/V/FS-007530.pdf,no_usable_identifier_or_no_oa_location_found,normal,requested,
FTR-792,fulltext_V,FS-007547,,"Gabriel H, 1994",Suppressed PMA-induced oxidative burst and unimpaired phagocytosis of circulating granulocytes one week after a long endurance exercise.,International journal of sports medicine,10.1055/s-2007-1021085,8002126,full-text PDF (no open-access copy found by script; needs institutional access),fulltexts/V/FS-007547.pdf,no_usable_identifier_or_no_oa_location_found,normal,requested,
FTR-793,fulltext_V,FS-007568,,"Müns G, 1994",Effect of long-distance running on polymorphonuclear neutrophil phagocytic function of the upper airways.,International journal of sports medicine,10.1055/s-2007-1021027,8157376,full-text PDF (no open-access copy found by script; needs institutional access),fulltexts/V/FS-007568.pdf,no_usable_identifier_or_no_oa_location_found,normal,requested,
FTR-794,fulltext_V,FS-007578,,"Mackinnon LT, 1993",Decreased salivary immunoglobulin A secretion rate after intense interval exercise in elite kayakers.,European journal of applied physiology and occupational physiology,10.1007/bf00376664,8223526,full-text PDF (no open-access copy found by script; needs institutional access),fulltexts/V/FS-007578.pdf,no_usable_identifier_or_no_oa_location_found,normal,requested,
FTR-795,fulltext_V,FS-007602,,"Grazzi L, 1993",Short and medium-term influence of physical activity on immune parameters.,The International journal of neuroscience,10.3109/00207459309000609,8407151,full-text PDF (no open-access copy found by script; needs institutional access),fulltexts/V/FS-007602.pdf,no_usable_identifier_or_no_oa_location_found,normal,requested,
FTR-796,fulltext_V,FS-007617,,"DeRijk RH, 1996",Changes in corticosteroid sensitivity of peripheral blood lymphocytes after strenuous exercise in humans.,The Journal of clinical endocrinology and metabolism,10.1210/jcem.81.1.8550757,8550757,full-text PDF (no open-access copy found by script; needs institutional access),fulltexts/V/FS-007617.pdf,no_usable_identifier_or_no_oa_location_found,high,requested,
FTR-797,fulltext_V,FS-007637,,"Rincón HG, 1996",Exercise in frail elderly men decreases natural killer cell activity.,"Aging (Milan, Italy)",10.1007/bf03339564,8737609,full-text PDF (no open-access copy found by script; needs institutional access),fulltexts/V/FS-007637.pdf,no_usable_identifier_or_no_oa_location_found,normal,requested,
FTR-798,fulltext_V,FS-007639,,"Suzuki K, 1996",Effects of exhaustive endurance exercise and its one-week daily repetition on neutrophil count and functional status in untrained men.,International journal of sports medicine,10.1055/s-2007-972833,8739575,full-text PDF (no open-access copy found by script; needs institutional access),fulltexts/V/FS-007639.pdf,no_usable_identifier_or_no_oa_location_found,normal,requested,
FTR-799,fulltext_V,FS-007641,,"Brutsche M, 1995",Exercise-induced bronchospasm (EIB) in relation to seasonal and perennial specific IgE in young adults.,Allergy,10.1111/j.1398-9995.1995.tb02497.x,8748723,full-text PDF (no open-access copy found by script; needs institutional access),fulltexts/V/FS-007641.pdf,no_usable_identifier_or_no_oa_location_found,normal,requested,
FTR-800,fulltext_V,FS-007642,,"Nielsen HB, 1996",Lymphocytes and NK cell activity during repeated bouts of maximal exercise.,The American journal of physiology,10.1152/ajpregu.1996.271.1.r222,8760224,full-text PDF (no open-access copy found by script; needs institutional access),fulltexts/V/FS-007642.pdf,no_usable_identifier_or_no_oa_location_found,normal,requested,
FTR-801,fulltext_V,FS-007646,,"Host CR, 1995",The effects of altered exercise distribution on lymphocyte subpopulations.,European journal of applied physiology and occupational physiology,10.1007/bf00964131,8789587,full-text PDF (no open-access copy found by script; needs institutional access),fulltexts/V/FS-007646.pdf,no_usable_identifier_or_no_oa_location_found,normal,requested,
FTR-802,fulltext_V,FS-007647,,"Croisier JL, 1996","Myocellular enzyme leakage, polymorphonuclear neutrophil activation and delayed onset muscle soreness induced by isokinetic eccentric exercise.",Archives of physiology and biochemistry,10.1076/apab.104.3.322.12904,8793024,full-text PDF (no open-access copy found by script; needs institutional access),fulltexts/V/FS-007647.pdf,no_usable_identifier_or_no_oa_location_found,normal,requested,
FTR-803,fulltext_V,FS-007649,,"Blannin AK, 1996",Effects of submaximal cycling and long-term endurance training on neutrophil phagocytic activity in middle aged men.,British journal of sports medicine,10.1136/bjsm.30.2.125,8799596,full-text PDF (no open-access copy found by script; needs institutional access),fulltexts/V/FS-007649.pdf,no_usable_identifier_or_no_oa_location_found,normal,requested,
FTR-804,fulltext_V,FS-007695,,"Pyne DB, 1996",Exercise and the neutrophil oxidative burst: biological and experimental variability.,European journal of applied physiology and occupational physiology,10.1007/bf02376774,8971500,full-text PDF (no open-access copy found by script; needs institutional access),fulltexts/V/FS-007695.pdf,no_usable_identifier_or_no_oa_location_found,high,requested,
FTR-805,fulltext_V,FS-007742,,"Castell LM, 1997","The effects of oral glutamine supplementation on athletes after prolonged, exhaustive exercise.","Nutrition (Burbank, Los Angeles County, Calif.)",10.1016/s0899-9007(97)83036-5,9263279,full-text PDF (no open-access copy found by script; needs institutional access),fulltexts/V/FS-007742.pdf,no_usable_identifier_or_no_oa_location_found,normal,requested,
FTR-806,fulltext_V,FS-007747,,"Steerenberg PA, 1997",Salivary levels of immunoglobulin A in triathletes.,European journal of oral sciences,10.1111/j.1600-0722.1997.tb00245.x,9298361,full-text PDF (no open-access copy found by script; needs institutional access),fulltexts/V/FS-007747.pdf,no_usable_identifier_or_no_oa_location_found,normal,requested,
FTR-807,fulltext_V,FS-007778,,"Hayward R, 1998",Response of serum indicators of myocardial infarction following exercise-induced muscle injury.,The American journal of emergency medicine,10.1016/s0735-6757(98)90023-7,9517680,full-text PDF (no open-access copy found by script; needs institutional access),fulltexts/V/FS-007778.pdf,no_usable_identifier_or_no_oa_location_found,high,requested,
FTR-808,fulltext_V,FS-007801,,"Gabriel HH, 1998",Overtraining and immune system: a prospective longitudinal study in endurance athletes.,Medicine and science in sports and exercise,10.1097/00005768-199807000-00021,9662688,full-text PDF (no open-access copy found by script; needs institutional access),fulltexts/V/FS-007801.pdf,no_usable_identifier_or_no_oa_location_found,high,requested,
FTR-809,fulltext_V,FS-007894,,"Małkowska, Paulina, 2026",Differential Inflammatory Response to Exhaustive Exercise in Trained and Untrained Individuals: Potential Biomarkers of Training Adaptation,Applied Sciences (Switzerland),10.3390/app16062643,,full-text PDF (no open-access copy found by script; needs institutional access),fulltexts/V/FS-007894.pdf,no_usable_identifier_or_no_oa_location_found | wos_ut=WOS:001725543600001 | scopus_eid=2-s2.0-105034271591,normal,requested,
FTR-810,fulltext_V,FS-007905,,"Islemeh, Mohammed I., 2026",Training Status Modifies Muscle-Damage and Inflammatory Biomarker Responses During a 6-Week Moderate-Intensity Treadmill-Running Programme in Healthy Young Men: A Non-Randomised Controlled Study.,Natural Resources for Human Health,10.53365/nrfhh.1118,,full-text PDF (no open-access copy found by script; needs institutional access),fulltexts/V/FS-007905.pdf,no_usable_identifier_or_no_oa_location_found | scopus_eid=2-s2.0-105049670089,normal,requested,
FTR-811,fulltext_V,FS-007953,,"Hefny, Nana EL Dawy Ahmed, 2026",Machine Learning-based Classification of Exercise Status Using miR-21 Expression and Multivariable Participant Profiles,Biomedical and Biotechnology Research Journal,10.4103/bbrj.bbrj_72_26,,full-text PDF (no open-access copy found by script; needs institutional access),fulltexts/V/FS-007953.pdf,no_usable_identifier_or_no_oa_location_found | wos_ut=WOS:001805718600010 | scopus_eid=2-s2.0-105042748801,high,requested,
FTR-812,fulltext_V,FS-007992,,"Chernov, Oleksandr, 2026",Sex-specific features of neuroendocrine and immune responses in women and men during the Ukrainian Antarctic Expedition; [Статево-специфічні особливості нейроендокринних та імунних реакцій у жінок та чоловіків під час Української антарктичної експедиції],Ukrainian Antarctic Journal,10.33275/1727-7485.1.2026.762,,full-text PDF (no open-access copy found by script; needs institutional access),fulltexts/V/FS-007992.pdf,no_usable_identifier_or_no_oa_location_found | scopus_eid=2-s2.0-105047732610,normal,requested,
FTR-813,fulltext_V,FS-007993,,"Costa, Crislane de Moura, 2026","Neuromuscular Performance, Cardiovascular Characteristics, and Hematological Responses in Mountain Bike Athletes",Translational Journal of the American College of Sports Medicine,10.1249/TJX.0000000000000376,,full-text PDF (no open-access copy found by script; needs institutional access),fulltexts/V/FS-007993.pdf,no_usable_identifier_or_no_oa_location_found | wos_ut=WOS:001796604000001 | scopus_eid=2-s2.0-105042510365,normal,requested,
FTR-814,fulltext_V,FS-008227,,"Soler-López, Alejandro, 2024",Effects of Congested Matches and Training Schedules on Salivary Markers in Elite Futsal Players,Applied Sciences (Switzerland),10.3390/app14124968,,full-text PDF (no open-access copy found by script; needs institutional access),fulltexts/V/FS-008227.pdf,no_usable_identifier_or_no_oa_location_found | wos_ut=WOS:001254955100001 | scopus_eid=2-s2.0-85197237898,normal,requested,
FTR-815,fulltext_V,FS-008228,,"Lopes, Charles Ricardo, 2025",Monitoring training loads in an elite sprint swimmer: a case report; [Monitoramento das cargas de treinamento em nadador de velocidade de elite: relato de caso],Revista Brasileira de Cineantropometria e Desempenho Humano,10.1590/1980-0037.2025v27e99591,,full-text PDF (no open-access copy found by script; needs institutional access),fulltexts/V/FS-008228.pdf,no_usable_identifier_or_no_oa_location_found | scopus_eid=2-s2.0-105039031960,normal,requested,
FTR-816,fulltext_V,FS-008442,,"Ušaj, Anton, 2023",Recovery after Running an “Everesting” Mountain Ultramarathon,Life,10.3390/life13101946,37895328,full-text PDF (no open-access copy found by script; needs institutional access),fulltexts/V/FS-008442.pdf,europepmc:download_failed:http_403,normal,requested,
FTR-817,fulltext_V,FS-008737,,"McKenna, Zachary J., 2023",Circulating markers of intestinal barrier injury and inflammation following exertion in hypobaric hypoxia,European Journal of Sport Science,10.1080/17461391.2023.2203107,37051668,full-text PDF (no open-access copy found by script; needs institutional access),fulltexts/V/FS-008737.pdf,no_usable_identifier_or_no_oa_location_found,normal,requested,
FTR-818,fulltext_V,FS-008738,,"Sarkar, Surojit, 2023","Prediction of Aerobic and Anaerobic Capacity from Selected Oxidative Stress Parameters, Muscle Damage Indices and Inflammatory Markers in Soccer and Hockey Players",Polish Journal of Sport and Tourism,10.2478/pjst-2023-0001,,full-text PDF (no open-access copy found by script; needs institutional access),fulltexts/V/FS-008738.pdf,no_usable_identifier_or_no_oa_location_found | scopus_eid=2-s2.0-85151530570,high,requested,
FTR-819,fulltext_V,FS-008838,,"Hammad, R., 2022","Maximal Aerobic Effort Increases Genetic Expression of HSP90AA1, HSP90AB1, and PTGES3 in Elite Taekwondo Athletes",Human Physiology,10.1134/S0362119722030070,,full-text PDF (no open-access copy found by script; needs institutional access),fulltexts/V/FS-008838.pdf,no_usable_identifier_or_no_oa_location_found | scopus_eid=2-s2.0-85131189206,high,requested,
FTR-820,fulltext_V,FS-008929,,"Moya-Amaya, Heliodoro, 2021","Bioelectrical Phase Angle, Muscle Damage Markers and Inflammatory Response after a Competitive Match in Professional Soccer Players",Polish Journal of Sport and Tourism,10.2478/pjst-2021-0014,,full-text PDF (no open-access copy found by script; needs institutional access),fulltexts/V/FS-008929.pdf,no_usable_identifier_or_no_oa_location_found | scopus_eid=2-s2.0-85119478856,high,requested,
FTR-821,fulltext_V,FS-009093,,"Kisadere, Ihsan, 2021",Seasonal analysis (Six-Months) of blood parameters of Kyrgyz elite athletics athletes before 2016 Rio Olympics Games,Acta Medica Mediterranea,10.19193/0393-6384_2021_2_168,,full-text PDF (no open-access copy found by script; needs institutional access),fulltexts/V/FS-009093.pdf,no_usable_identifier_or_no_oa_location_found | wos_ut=WOS:000640492300053 | scopus_eid=2-s2.0-85104697017,normal,requested,
FTR-822,fulltext_V,FS-009203,,"Nieman, David C., 2020","Blueberry and/or Banana Consumption Mitigate Arachidonic, Cytochrome P450 Oxylipin Generation During Recovery From 75-Km Cycling: A Randomized Trial",Frontiers in Nutrition,10.3389/fnut.2020.00121,,full-text PDF (no open-access copy found by script; needs institutional access),fulltexts/V/FS-009203.pdf,no_usable_identifier_or_no_oa_location_found | wos_ut=WOS:000565491100001 | scopus_eid=2-s2.0-85089850108,normal,requested,
FTR-823,fulltext_V,FS-009320,,"Alves, Ragami Chaves, 2019",The acute effect of multiple-sets and drop-set systems on the hormonal and immunological responses,Journal of Physical Education and Sport,10.7752/jpes.2019.s4191,,full-text PDF (no open-access copy found by script; needs institutional access),fulltexts/V/FS-009320.pdf,no_usable_identifier_or_no_oa_location_found | scopus_eid=2-s2.0-85071757058,high,requested,
FTR-824,fulltext_V,FS-009338,,"Myagkova, M.A., 2019",Effects of Exercise on the Level of Antibodies against Endogenous Bioregulators in the Serum of Athletes,Human Physiology,10.1134/S0362119719030137,,full-text PDF (no open-access copy found by script; needs institutional access),fulltexts/V/FS-009338.pdf,no_usable_identifier_or_no_oa_location_found | scopus_eid=2-s2.0-85068541053,high,requested,
FTR-825,fulltext_V,FS-009341,,"Owen, Adam L, 2018",Salivary IgA and pre-training wellness status across an international soccer qualifying and finals campaign (Euro 2016),International Journal of Sports Science and Coaching,10.1177/1747954118779656,,full-text PDF (no open-access copy found by script; needs institutional access),fulltexts/V/FS-009341.pdf,no_usable_identifier_or_no_oa_location_found | wos_ut=WOS:000446857400022 | scopus_eid=2-s2.0-85047900759,normal,requested,
FTR-826,fulltext_V,FS-009343,,"Alcock, Rebekah, 2018",Case Study: Providing Nutritional Support to an Ultraendurance Runner in Preparation for a Self-Sufficient Multistage Ultramarathon: Rationed Versus Full Energy Provisions,Wilderness and Environmental Medicine,10.1016/j.wem.2018.06.004,30249353,full-text PDF (no open-access copy found by script; needs institutional access),fulltexts/V/FS-009343.pdf,no_usable_identifier_or_no_oa_location_found,normal,requested,
FTR-827,fulltext_V,FS-009344,,"Hammouda, Omar, 2018",Diurnal napping after partial sleep deprivation affected hematological and biochemical responses during repeated sprint,Biological Rhythm Research,10.1080/09291016.2018.1429553,,full-text PDF (no open-access copy found by script; needs institutional access),fulltexts/V/FS-009344.pdf,no_usable_identifier_or_no_oa_location_found | wos_ut=WOS:000447228600012 | scopus_eid=2-s2.0-85041195394,normal,requested,
FTR-828,fulltext_V,FS-009361,,"Nosek, Martin, 2019",Changes of cardiac biomarkers in ultramarathon runners,Physical Activity Review,10.16926/par.2019.07.11,,full-text PDF (no open-access copy found by script; needs institutional access),fulltexts/V/FS-009361.pdf,no_usable_identifier_or_no_oa_location_found | wos_ut=WOS:000478771200011 | scopus_eid=2-s2.0-85070957251,normal,requested,
FTR-829,fulltext_V,FS-009373,,"Sawada, Daisuke, 2019","Daily intake of <i>Lactobacillus gasseri</i> CP2305 relieves fatigue and stress-related symptoms in male university Ekiden runners: A double-blind, randomized, and placebo-controlled clinical trial",JOURNAL OF FUNCTIONAL FOODS,10.1016/j.jff.2019.04.022,,full-text PDF (no open-access copy found by script; needs institutional access),fulltexts/V/FS-009373.pdf,no_usable_identifier_or_no_oa_location_found | wos_ut=WOS:000470053800048 | scopus_eid=2-s2.0-85064575794,normal,requested,
FTR-830,fulltext_V,FS-009411,,"Baxter-Parker, Gregory, 2019","Simultaneous analysis of neopterin, kynurenine and tryptophan by amine-HPLC shows minor oxidative stress from short-term exhaustion exercise",Pteridines,10.1515/pteridines-2019-0003,,full-text PDF (no open-access copy found by script; needs institutional access),fulltexts/V/FS-009411.pdf,no_usable_identifier_or_no_oa_location_found | wos_ut=WOS:000465625400004 | scopus_eid=2-s2.0-85063916773,high,requested,
FTR-831,fulltext_V,FS-009447,,"Azam, Mahalul, 2019",Baseline and post-exercise high-sensitivity c-reactive protein levels in endurance cyclists: The Indonesian North Coast and Tour de Borobudur 2017 study,Indonesian Biomedical Journal,10.18585/inabj.v11i1.560,,full-text PDF (no open-access copy found by script; needs institutional access),fulltexts/V/FS-009447.pdf,no_usable_identifier_or_no_oa_location_found | wos_ut=WOS:000468732800013 | scopus_eid=2-s2.0-85065959866,high,requested,
FTR-832,fulltext_V,FS-009498,,"Affonso, Helvio Oliveira, 2018",Nonconventional and conventional biomarkers evaluated in gold medalists beach volleyball players during the 2015 and 2016 seasons (Pre-olympic and olympic years),Journal of Physical Education and Sport,10.7752/jpes.2018.03259,,full-text PDF (no open-access copy found by script; needs institutional access),fulltexts/V/FS-009498.pdf,no_usable_identifier_or_no_oa_location_found | scopus_eid=2-s2.0-85054977279,normal,requested,
FTR-833,fulltext_V,FS-009509,,"Ashrafi, Nadia, 2017","High performance liquid chromatography coupled to electrospray ionisation mass spectrometry method for the detection of salivary human neutrophil alpha defensins HNP1, HNP2, HNP3 and HNP4",Analytical Methods,10.1039/c7ay01676j,,full-text PDF (no open-access copy found by script; needs institutional access),fulltexts/V/FS-009509.pdf,no_usable_identifier_or_no_oa_location_found | wos_ut=WOS:000416947700004 | scopus_eid=2-s2.0-85037537899,high,requested,
FTR-834,fulltext_V,FS-009520,,"Minuzzi, Luciele Guerra, 2018",Daily hematologic assessment during a 230-km multistage ultramarathon; [Avaliação hematológica diária durante uma ultramaratona de múltiplos estágios de 230 km]; [Evaluación hematológica diaria durante una ultramaratón de múltiples etapas de 230 km],Revista Brasileira de Medicina do Esporte,10.1590/1517-869220182403171999,,full-text PDF (no open-access copy found by script; needs institutional access),fulltexts/V/FS-009520.pdf,no_usable_identifier_or_no_oa_location_found | wos_ut=WOS:000436367900007 | scopus_eid=2-s2.0-85049169939,normal,requested,
FTR-835,fulltext_V,FS-009525,,"Mujika, Iñigo, 2017",Blood markers of recovery from Ironman distance races in an elite triathlete,Journal of Sports Medicine and Physical Fitness,10.23736/s0022-4707.16.06390-8,27139796,full-text PDF (no open-access copy found by script; needs institutional access),fulltexts/V/FS-009525.pdf,no_usable_identifier_or_no_oa_location_found,normal,requested,
FTR-836,fulltext_V,FS-009547,,"Franchini, Emerson, 2018","Cytokine, physiological, technical–tactical and time structure responses in simulated judo competition",International Journal of Performance Analysis in Sport,10.1080/24748668.2018.1501993,,full-text PDF (no open-access copy found by script; needs institutional access),fulltexts/V/FS-009547.pdf,no_usable_identifier_or_no_oa_location_found | wos_ut=WOS:000443883100009 | scopus_eid=2-s2.0-85052859456,normal,requested,
FTR-837,fulltext_V,FS-009622,,"Mendes, E.L., 2018",Carbohydrate intake results in lower suppression of salivary immunoglobulin A in judokas; [La ingesta de carbohidratos induce una menor supresión de la inmunoglobulina A salival en yudocas]; [Ingestão de carboidrato resulta em menor supressão da imunoglobulina A salivar em judocas],Revista Andaluza de Medicina del Deporte,10.1016/j.ramd.2016.02.012,,full-text PDF (no open-access copy found by script; needs institutional access),fulltexts/V/FS-009622.pdf,no_usable_identifier_or_no_oa_location_found | scopus_eid=2-s2.0-84970028863,normal,requested,
FTR-838,fulltext_V,FS-009633,,"Khani, Ali Hossein, 2018",The <i>Bifidobacterim bifidum</i> (BIB2) Probiotic Increased Immune System Factors in Men Sprint Athletes,CURRENT NUTRITION & FOOD SCIENCE,10.2174/1573401313666170725114130,,full-text PDF (no open-access copy found by script; needs institutional access),fulltexts/V/FS-009633.pdf,no_usable_identifier_or_no_oa_location_found | wos_ut=WOS:000437944400007 | scopus_eid=2-s2.0-85049921167,normal,requested,
FTR-839,fulltext_V,FS-009645,,"Terink, R., 2018",Changes in cytokine levels after prolonged and repeated moderate intensity exercise in middle-aged men and women,Translational Sports Medicine,10.1002/tsm2.23,,full-text PDF (no open-access copy found by script; needs institutional access),fulltexts/V/FS-009645.pdf,crossref:download_failed:http_400 | wos_ut=WOS:000648706900003 | scopus_eid=2-s2.0-85084054613,normal,requested,
FTR-840,fulltext_V,FS-009854,,"Luna Junior, Luiz Antonio, 2016",Relationship between cytokines and running economy in marathon runners,Open Life Sciences,10.1515/biol-2016-0041,,full-text PDF (no open-access copy found by script; needs institutional access),fulltexts/V/FS-009854.pdf,no_usable_identifier_or_no_oa_location_found | wos_ut=WOS:000392499400006 | scopus_eid=2-s2.0-84995947879,normal,requested,
FTR-841,fulltext_V,FS-009959,,"Lindsay, Angus, 2015",The physiological and mononuclear cell activation response to cryotherapy following a mixed martial arts contest: A pilot study,Pteridines,10.1515/pterid-2015-0010,,full-text PDF (no open-access copy found by script; needs institutional access),fulltexts/V/FS-009959.pdf,no_usable_identifier_or_no_oa_location_found | wos_ut=WOS:000366526800002 | scopus_eid=2-s2.0-84948761378,high,requested,
FTR-842,fulltext_V,FS-009966,,"Born, Dennis-Peter, 2016","Circadian variation of salivary immunoglobin A, alpha-amylase activity and mood in response to repeated double-poling sprints in hypoxia",European Journal of Applied Physiology,10.1007/s00421-015-3236-3,26269448,full-text PDF (no open-access copy found by script; needs institutional access),fulltexts/V/FS-009966.pdf,no_usable_identifier_or_no_oa_location_found,normal,requested,
FTR-843,fulltext_V,FS-010114,,"Teixeira, Ana Maria, 2014",Changes in naïve and memory T-cells in elite swimmers during a winter training season,"Brain, Behavior, and Immunity",10.1016/j.bbi.2014.01.002,24412212,full-text PDF (no open-access copy found by script; needs institutional access),fulltexts/V/FS-010114.pdf,no_usable_identifier_or_no_oa_location_found,normal,requested,
FTR-844,fulltext_V,FS-010146,,"Navalta, James W., 2014",Three consecutive days of interval runs to exhaustion affects lymphocyte subset apoptosis and migration,BioMed Research International,10.1155/2014/694801,24895602,full-text PDF (no open-access copy found by script; needs institutional access),fulltexts/V/FS-010146.pdf,europepmc:download_failed:circuit_broken; crossref:download_failed:circuit_broken,normal,requested,
FTR-845,fulltext_V,FS-010165,,"Chiba, Yoshinobu, 2014",Evaluation of 6-month periodisation in male ekiden runners by assessment of muscle fatigue and immune function,Hirosaki Medical Journal,,,full-text PDF (no open-access copy found by script; needs institutional access),fulltexts/V/FS-010165.pdf,no_usable_identifier_or_no_oa_location_found | scopus_eid=2-s2.0-84901319671,normal,requested,
FTR-846,fulltext_V,FS-010242,,"Moreira, Alexandre, 2012",Salivary cortisol and immunoglobulin a responses to simulated and official jiu-jitsu matches,Journal of Strength and Conditioning Research,10.1519/jsc.0b013e31823b8702,22027851,full-text PDF (no open-access copy found by script; needs institutional access),fulltexts/V/FS-010242.pdf,no_usable_identifier_or_no_oa_location_found,normal,requested,
FTR-847,fulltext_V,FS-010351,,"Kumae, Takashi, 2013",Effects of 6 months of endurance training on neutrophil functions to produce reactive oxygen species and mental states in male long-distance runners,Luminescence,10.1002/bio.1390,22259071,full-text PDF (no open-access copy found by script; needs institutional access),fulltexts/V/FS-010351.pdf,no_usable_identifier_or_no_oa_location_found,normal,requested,
FTR-848,fulltext_V,FS-010457,,"Navalta, J.W., 2011",Intra- and interrater reliability of morphologically evaluated lymphocyte apoptosis in trained and untrained observers,Biology of Sport,10.5604/965481,,full-text PDF (no open-access copy found by script; needs institutional access),fulltexts/V/FS-010457.pdf,no_usable_identifier_or_no_oa_location_found | wos_ut=WOS:000298904200002 | scopus_eid=2-s2.0-84855403381,high,requested,
FTR-849,fulltext_V,FS-010465,,"Morgado, José Mário, 2012","Cytokine production by monocytes, neutrophils, and dendritic cells is hampered by long-term intensive training in elite swimmers",European Journal of Applied Physiology,10.1007/s00421-011-1966-4,21584686,full-text PDF (no open-access copy found by script; needs institutional access),fulltexts/V/FS-010465.pdf,no_usable_identifier_or_no_oa_location_found,normal,requested,
FTR-850,fulltext_V,FS-010516,,"Murphy, M.H., 2012","The biochemical, physiological and psychological consequences of a ""1,000 miles in 1,000 hours"" walking challenge",European Journal of Applied Physiology,10.1007/s00421-011-2003-3,21603997,full-text PDF (no open-access copy found by script; needs institutional access),fulltexts/V/FS-010516.pdf,no_usable_identifier_or_no_oa_location_found,normal,requested,
FTR-851,fulltext_V,FS-010564,,"Li, Hongtao, 2012",A pilot study on the effect of acute Tai Chi practice on peripheral blood cytokine expression in healthy volunteers,Biomedical Sciences Instrumentation,,22846291,full-text PDF (no open-access copy found by script; needs institutional access),fulltexts/V/FS-010564.pdf,no_usable_identifier_or_no_oa_location_found | scopus_eid=2-s2.0-84883350706,normal,requested,
FTR-852,fulltext_V,FS-010649,,"Bresciani, Guilherme, 2010",Monitoring biological and psychological measures throughout an entire season in male handball players,European Journal of Sport Science,10.1080/17461391003699070,,full-text PDF (no open-access copy found by script; needs institutional access),fulltexts/V/FS-010649.pdf,no_usable_identifier_or_no_oa_location_found | scopus_eid=2-s2.0-78149455428,normal,requested,
FTR-853,fulltext_V,FS-010740,,"Baralic, I., 2010",Effect of sensory stimulation on salivary IgA secretion rate in karate players,Biology of Sport,10.5604/20831862.927493,,full-text PDF (no open-access copy found by script; needs institutional access),fulltexts/V/FS-010740.pdf,no_usable_identifier_or_no_oa_location_found | wos_ut=WOS:000286037300007 | scopus_eid=2-s2.0-79951650682,normal,requested,
FTR-854,fulltext_V,FS-010763,,"Weimann, Andreas, 2010","Leukocyte, neutrophil, immature granulocyte counts and interleukin-6 are superior to procalcitonin, C-reactive protein and delta-He for detection of mild inflammation: Data from marathon runners producing mild systemic inflammation visible immediately after the run",LaboratoriumsMedizin,10.1515/JLM.2010.005,,full-text PDF (no open-access copy found by script; needs institutional access),fulltexts/V/FS-010763.pdf,no_usable_identifier_or_no_oa_location_found | scopus_eid=2-s2.0-77649309961,high,requested,
FTR-855,fulltext_V,FS-010779,,"Kamiński, Karol A., 2009",Short period of exercise causes rapid increase of serum interleukin 6 with no effect on its soluble receptor,Archives of Medical Science,,,full-text PDF (no open-access copy found by script; needs institutional access),fulltexts/V/FS-010779.pdf,no_usable_identifier_or_no_oa_location_found | wos_ut=WOS:000271668400011 | scopus_eid=2-s2.0-73449114960,high,requested,
FTR-856,fulltext_V,FS-010790,,"Ganzit, G.P., 2010",Biomedical aspects of 51 consecutive marathons; [Aspetti biomedici di 51 maratone consecutive],Medicina dello Sport,,,full-text PDF (no open-access copy found by script; needs institutional access),fulltexts/V/FS-010790.pdf,no_usable_identifier_or_no_oa_location_found | scopus_eid=2-s2.0-78751470001,normal,requested,
FTR-857,fulltext_V,FS-010827,,"Shing, Cecilia M., 2007",Reduction in resting plasma granulysin as a marker of increased training load,Exercise Immunology Review,10.22029/eir.2007.1633,18198663,full-text PDF (no open-access copy found by script; needs institutional access),fulltexts/V/FS-010827.pdf,no_usable_identifier_or_no_oa_location_found | scopus_eid=2-s2.0-38949149407,normal,requested,
FTR-858,fulltext_V,FS-010849,,"Montgomery, Paul G., 2008","Muscle damage, inflammation, and recovery interventions during a 3-day basketball tournament",European Journal of Sport Science,10.1080/17461390802251844,,full-text PDF (no open-access copy found by script; needs institutional access),fulltexts/V/FS-010849.pdf,no_usable_identifier_or_no_oa_location_found | wos_ut=WOS:000259762400002 | scopus_eid=2-s2.0-53749084131,normal,requested,
FTR-859,fulltext_V,FS-010873,,"Denguezli-Bouzgarrou, M., 2007",Role of lung inflammatory mediators as a cause of training-induced lung function changes in runners,Science and Sports,10.1016/j.scispo.2006.09.005,,full-text PDF (no open-access copy found by script; needs institutional access),fulltexts/V/FS-010873.pdf,no_usable_identifier_or_no_oa_location_found | scopus_eid=2-s2.0-33847251123,normal,requested,
FTR-860,fulltext_V,FS-011033,,"Schobersberger, Wolfgang, 2006",Muscle trauma and immune activation after a downhill marathon (Tyrolean Speed Marathon),Pteridines,10.1515/pteridines.2006.17.4.121,,full-text PDF (no open-access copy found by script; needs institutional access),fulltexts/V/FS-011033.pdf,no_usable_identifier_or_no_oa_location_found | wos_ut=WOS:000245287400006 | scopus_eid=2-s2.0-33947394878,normal,requested,
FTR-861,fulltext_V,FS-011064,,"Engels, Hermann-J., 2004",Mucosal IgA response to intense intermittent exercise in healthy male and female adults,Journal of Exercise Physiology Online,,,full-text PDF (no open-access copy found by script; needs institutional access),fulltexts/V/FS-011064.pdf,no_usable_identifier_or_no_oa_location_found | scopus_eid=2-s2.0-14644406281,normal,requested,
FTR-862,fulltext_V,FS-011327,,"Halson, Shona L., 2003",Immunological responses to overreaching in cyclists,Medicine and Science in Sports and Exercise,10.1249/01.mss.0000064964.80040.e9,12750597,full-text PDF (no open-access copy found by script; needs institutional access),fulltexts/V/FS-011327.pdf,no_usable_identifier_or_no_oa_location_found,normal,requested,
FTR-863,fulltext_V,FS-011375,,"Berg, A., 1998",Influence of Echinacin (EC31) treatment on the exercise-induced immune response in athletes,Journal of Clinical Research,,,full-text PDF (no open-access copy found by script; needs institutional access),fulltexts/V/FS-011375.pdf,no_usable_identifier_or_no_oa_location_found | scopus_eid=2-s2.0-0032441426,normal,requested,
FTR-864,fulltext_V,FS-011432,,"Seiler, Michael, 1997",Acute phase response and stress related hormones after repeated endurance exercise,Clinical Laboratory,,,full-text PDF (no open-access copy found by script; needs institutional access),fulltexts/V/FS-011432.pdf,no_usable_identifier_or_no_oa_location_found | scopus_eid=2-s2.0-0031446754,normal,requested,
FTR-865,fulltext_V,FS-011580,,"Junyang, W., 2001",The adaptable change of the function of T lymphocytes for physical exercise with oxygen,"Journal of Xi'an Medical University, English Edition",,,full-text PDF (no open-access copy found by script; needs institutional access),fulltexts/V/FS-011580.pdf,no_usable_identifier_or_no_oa_location_found | scopus_eid=2-s2.0-0034983633,normal,requested,
FTR-866,fulltext_V,FS-011687,,"Mackinnon, L.T., 1993",Temporal relationship between decreased salivary IgA and upper respiratory tract infection in elite athletes,Australian Journal of Science and Medicine in Sport,,,full-text PDF (no open-access copy found by script; needs institutional access),fulltexts/V/FS-011687.pdf,no_usable_identifier_or_no_oa_location_found | scopus_eid=2-s2.0-0027737833,normal,requested,
FTR-867,fulltext_V,FS-011807,,"Mertens, D.J., 1996","Nutritional, immunologic and psychological responses to a 7250 km run",Journal of Sports Medicine and Physical Fitness,,8898521,full-text PDF (no open-access copy found by script; needs institutional access),fulltexts/V/FS-011807.pdf,no_usable_identifier_or_no_oa_location_found | wos_ut=WOS:A1996VG38900011 | scopus_eid=2-s2.0-0029792479,normal,requested,
FTR-868,fulltext_V,FS-012001,,"Kumae, Takashi, 1987",Changes in Serum Immunoglobulin Levels and Neutrophilic Phagocytosis After Exercise,Japanese Journal of Physical Fitness and Sports Medicine,10.7600/jspfsm1949.36.61,,full-text PDF (no open-access copy found by script; needs institutional access),fulltexts/V/FS-012001.pdf,no_usable_identifier_or_no_oa_location_found | scopus_eid=2-s2.0-84996015767,high,requested,
FTR-869,fulltext_V,FS-012652,,"Suzuki, K, 2002",Systemic inflammatory response to exhaustive exercise. Cytokine kinetics,EXERCISE IMMUNOLOGY REVIEW,,,full-text PDF (no open-access copy found by script; needs institutional access),fulltexts/V/FS-012652.pdf,no_usable_identifier_or_no_oa_location_found | wos_ut=WOS:000202836400001,high,requested,
FTR-870,fulltext_V,FS-013023,,"Zeller, M, 1937",The leukopenic index - With reference to normal white blood cell variations,AMERICAN JOURNAL OF THE MEDICAL SCIENCES,10.1016/s0021-8707(37)90440-4,,full-text PDF (no open-access copy found by script; needs institutional access),fulltexts/V/FS-013023.pdf,no_usable_identifier_or_no_oa_location_found | wos_ut=WOS:000188479700008,high,requested,
FTR-871,fulltext_V,FS-013198,,"Malsagova, Kristina A., 2023",Pilot Study of the Metabolomic Profile of an Athlete after Short-Term Physical Activity,DATA,10.3390/data8010003,,full-text PDF (no open-access copy found by script; needs institutional access),fulltexts/V/FS-013198.pdf,no_usable_identifier_or_no_oa_location_found | wos_ut=WOS:000916838100001,normal,requested,
FTR-872,fulltext_V,FS-013314,,"Aslant, Alper, 2019",Acute effects of recreational soccer on inflammatory response and cardiac and skeletal muscle damage indicators,REVISTA ROMANA DE MEDICINA DE LABORATOR,10.2478/rrlm-2019-0037,,full-text PDF (no open-access copy found by script; needs institutional access),fulltexts/V/FS-013314.pdf,no_usable_identifier_or_no_oa_location_found | wos_ut=WOS:000492691800005,high,requested,
FTR-873,fulltext_V,FS-013408,,"Barmaki, Sara, 2016",The Responses of Physiological Stress during Table Tennis Competition in Elite Female Players,ANNALS OF APPLIED SPORT SCIENCE,10.18869/acadpub.aassjournal.4.2.17,,full-text PDF (no open-access copy found by script; needs institutional access),fulltexts/V/FS-013408.pdf,no_usable_identifier_or_no_oa_location_found | wos_ut=WOS:000390877100003,normal,requested,
FTR-874,fulltext_V,FS-013573,,"Ganzit, G. P., 2010",Biomedical aspects of 51 consecutive marathons,MEDICINA DELLO SPORT,,,full-text PDF (no open-access copy found by script; needs institutional access),fulltexts/V/FS-013573.pdf,no_usable_identifier_or_no_oa_location_found | wos_ut=WOS:000287618300007,normal,requested,
FTR-875,fulltext_V,FS-013731,,"Kratz, A, 2002","Effect of marathon running on hematologic and biochemical laboratory parameters, including cardiac markers",AMERICAN JOURNAL OF CLINICAL PATHOLOGY,10.1092/BTWQ5YMYVQ67QK9L,,full-text PDF (no open-access copy found by script; needs institutional access),fulltexts/V/FS-013731.pdf,no_usable_identifier_or_no_oa_location_found | wos_ut=WOS:000179471800006,high,requested,
FTR-876,fulltext_V,FS-013794,,"Mochizuki, M, 1999",Effects of maximal exercise on nonspecific immunity in athletes under trained and detrained conditions,JAPANESE JOURNAL OF PHYSICAL FITNESS AND SPORTS MEDICINE,10.7600/jspfsm1949.48.147,,full-text PDF (no open-access copy found by script; needs institutional access),fulltexts/V/FS-013794.pdf,no_usable_identifier_or_no_oa_location_found | wos_ut=WOS:000079771700009,normal,requested,
FTR-877,fulltext_V,FS-013865,,"KEEN, P, 1995",LEUKOCYTE AND ERYTHROCYTE COUNTS DURING A MULTISTAGE CYCLING RACE (THE MILK-RACE),BRITISH JOURNAL OF SPORTS MEDICINE,10.1136/bjsm.29.1.61,,full-text PDF (no open-access copy found by script; needs institutional access),fulltexts/V/FS-013865.pdf,no_usable_identifier_or_no_oa_location_found | wos_ut=WOS:A1995QT06600016,high,requested,
FTR-878,fulltext_V,FS-011224,,"Suzuki, K., 2003",Effects of a competitive marathon race on systemic neutrophil mobilization and activation,Japanese Journal of Physical Fitness and Sports Medicine,,,full-text PDF (no open-access copy found by script; needs institutional access),fulltexts/V/FS-011224.pdf,no_usable_identifier_or_no_oa_location_found | wos_ut=WOS:000182055000003 | scopus_eid=2-s2.0-0037311280,high,requested,
