sheet,priority,record_id,title,journal,year,doi,pmid,doi_link,pubmed_link,europepmc_link,scholar_title_link,save_as,status
library_not_OA,1,FS-007033,"Lymphocyte subpopulations in healthy Ukrainian men: local reference ranges, long temporal stability, and exercise-induced variability.",Immunobiology,2026,10.1016/j.imbio.2026.153170,41740469,https://doi.org/10.1016/j.imbio.2026.153170,https://pubmed.ncbi.nlm.nih.gov/41740469/,https://europepmc.org/article/MED/41740469,https://scholar.google.com/scholar?q=%22Lymphocyte%20subpopulations%20in%20healthy%20Ukrainian%20men%3A%20local%20reference%20ranges%2C%20long%20temporal%20stability%2C%20and%20exercise-induced%20variability.%22,FS-007033.pdf,
library_not_OA,1,FS-006499,"Variabilities of salivary human herpesvirus 6, 7, and secretory immunoglobulin A levels from pre- to post-competition periods in baseball players.",The Journal of sports medicine and physical fitness,2025,10.23736/s0022-4707.24.16227-5,39652048,https://doi.org/10.23736/s0022-4707.24.16227-5,https://pubmed.ncbi.nlm.nih.gov/39652048/,https://europepmc.org/article/MED/39652048,https://scholar.google.com/scholar?q=%22Variabilities%20of%20salivary%20human%20herpesvirus%206%2C%207%2C%20and%20secretory%20immunoglobulin%20A%20levels%20from%20pre-%20to%20post-competition%20periods%20in%20baseball%20players.%22,FS-006499.pdf,
library_not_OA,1,FS-006366,A MEPS-UHPLC-MS/MS analytical platform to detect isoprostanoids and specialized pro-resolving mediators in the urinary extracellular vesicles of mountain ultramarathon runners.,Talanta,2024,10.1016/j.talanta.2024.126619,39067203,https://doi.org/10.1016/j.talanta.2024.126619,https://pubmed.ncbi.nlm.nih.gov/39067203/,https://europepmc.org/article/MED/39067203,https://scholar.google.com/scholar?q=%22A%20MEPS-UHPLC-MS/MS%20analytical%20platform%20to%20detect%20isoprostanoids%20and%20specialized%20pro-resolving%20mediators%20in%20the%20urinary%20extracellular%20vesicles%20of%20mountain%20ultramarathon%20runners.%22,FS-006366.pdf,
library_not_OA,1,FS-006410,Changes in hematopoietic stem cell numbers following acute exercise in non-athlete marathon runners.,Advances in medical sciences,2024,10.1016/j.advms.2024.09.003,39284497,https://doi.org/10.1016/j.advms.2024.09.003,https://pubmed.ncbi.nlm.nih.gov/39284497/,https://europepmc.org/article/MED/39284497,https://scholar.google.com/scholar?q=%22Changes%20in%20hematopoietic%20stem%20cell%20numbers%20following%20acute%20exercise%20in%20non-athlete%20marathon%20runners.%22,FS-006410.pdf,
library_not_OA,1,FS-005607,Reliability of Biomarkers of Physiological Stress at Rest and Post-exertional Heat Stress.,International journal of sports medicine,2023,10.1055/a-1890-0993,35777726,https://doi.org/10.1055/a-1890-0993,https://pubmed.ncbi.nlm.nih.gov/35777726/,https://europepmc.org/article/MED/35777726,https://scholar.google.com/scholar?q=%22Reliability%20of%20Biomarkers%20of%20Physiological%20Stress%20at%20Rest%20and%20Post-exertional%20Heat%20Stress.%22,FS-005607.pdf,
library_not_OA,1,FS-008737,Circulating markers of intestinal barrier injury and inflammation following exertion in hypobaric hypoxia,European Journal of Sport Science,2023,10.1080/17461391.2023.2203107,37051668,https://doi.org/10.1080/17461391.2023.2203107,https://pubmed.ncbi.nlm.nih.gov/37051668/,https://europepmc.org/article/MED/37051668,https://scholar.google.com/scholar?q=%22Circulating%20markers%20of%20intestinal%20barrier%20injury%20and%20inflammation%20following%20exertion%20in%20hypobaric%20hypoxia%22,FS-008737.pdf,
library_not_OA,1,FS-004989,Improved recovery from skeletal muscle damage is largely unexplained by myofibrillar protein synthesis or inflammatory and regenerative gene expression pathways.,American journal of physiology. Endocrinology and metabolism,2021,10.1152/ajpendo.00454.2020,33284089,https://doi.org/10.1152/ajpendo.00454.2020,https://pubmed.ncbi.nlm.nih.gov/33284089/,https://europepmc.org/article/MED/33284089,https://scholar.google.com/scholar?q=%22Improved%20recovery%20from%20skeletal%20muscle%20damage%20is%20largely%20unexplained%20by%20myofibrillar%20protein%20synthesis%20or%20inflammatory%20and%20regenerative%20gene%20expression%20pathways.%22,FS-004989.pdf,
library_not_OA,1,FS-004769,Molecular Choreography of Acute Exercise.,Cell,2020,10.1016/j.cell.2020.04.043,32470399,https://doi.org/10.1016/j.cell.2020.04.043,https://pubmed.ncbi.nlm.nih.gov/32470399/,https://europepmc.org/article/MED/32470399,https://scholar.google.com/scholar?q=%22Molecular%20Choreography%20of%20Acute%20Exercise.%22,FS-004769.pdf,
library_not_OA,1,FS-004839,Effect of high-velocity and traditional resistance exercise on serum antioxidants and inflammation biomarkers in older women: A randomized crossover trial.,Experimental gerontology,2020,10.1016/j.exger.2020.111026,32717273,https://doi.org/10.1016/j.exger.2020.111026,https://pubmed.ncbi.nlm.nih.gov/32717273/,https://europepmc.org/article/MED/32717273,https://scholar.google.com/scholar?q=%22Effect%20of%20high-velocity%20and%20traditional%20resistance%20exercise%20on%20serum%20antioxidants%20and%20inflammation%20biomarkers%20in%20older%20women%3A%20A%20randomized%20crossover%20trial.%22,FS-004839.pdf,
library_not_OA,1,FS-004724,Early Warning of Acute Altitude Sickness by Physiological Variables and Noninvasive Cardiovascular Indicators.,Chinese medical sciences journal = Chung-kuo i hsueh k'o hsueh tsa chih,2020,10.24920/003552,32299534,https://doi.org/10.24920/003552,https://pubmed.ncbi.nlm.nih.gov/32299534/,https://europepmc.org/article/MED/32299534,https://scholar.google.com/scholar?q=%22Early%20Warning%20of%20Acute%20Altitude%20Sickness%20by%20Physiological%20Variables%20and%20Noninvasive%20Cardiovascular%20Indicators.%22,FS-004724.pdf,
library_not_OA,1,FS-004147,"Assessing the usefulness of acute physiological responses following resistance exercise: sensitivity, magnitude of change, and time course of measures.","Applied physiology, nutrition, and metabolism = Physiologie appliquee, nutrition et metabolisme",2019,10.1139/apnm-2018-0200,30189146,https://doi.org/10.1139/apnm-2018-0200,https://pubmed.ncbi.nlm.nih.gov/30189146/,https://europepmc.org/article/MED/30189146,https://scholar.google.com/scholar?q=%22Assessing%20the%20usefulness%20of%20acute%20physiological%20responses%20following%20resistance%20exercise%3A%20sensitivity%2C%20magnitude%20of%20change%2C%20and%20time%20course%20of%20measures.%22,FS-004147.pdf,
library_not_OA,1,FS-004390,Variation in renal responses to exercise in the heat with progressive acclimatisation.,Journal of science and medicine in sport,2019,10.1016/j.jsams.2019.04.010,31085130,https://doi.org/10.1016/j.jsams.2019.04.010,https://pubmed.ncbi.nlm.nih.gov/31085130/,https://europepmc.org/article/MED/31085130,https://scholar.google.com/scholar?q=%22Variation%20in%20renal%20responses%20to%20exercise%20in%20the%20heat%20with%20progressive%20acclimatisation.%22,FS-004390.pdf,
library_not_OA,1,FS-004179,"Brief Report: Training Load, Salivary Immunoglobulin A, and Illness Incidence in Elite Paratriathletes.",International journal of sports physiology and performance,2019,10.1123/ijspp.2018-0439,30300038,https://doi.org/10.1123/ijspp.2018-0439,https://pubmed.ncbi.nlm.nih.gov/30300038/,https://europepmc.org/article/MED/30300038,https://scholar.google.com/scholar?q=%22Brief%20Report%3A%20Training%20Load%2C%20Salivary%20Immunoglobulin%20A%2C%20and%20Illness%20Incidence%20in%20Elite%20Paratriathletes.%22,FS-004179.pdf,
library_not_OA,1,FS-003901,"Traditional and new candidate cardiac biomarkers assessed before, early, and late after half marathon in trained subjects.",European journal of applied physiology,2018,10.1007/s00421-017-3783-x,29256048,https://doi.org/10.1007/s00421-017-3783-x,https://pubmed.ncbi.nlm.nih.gov/29256048/,https://europepmc.org/article/MED/29256048,https://scholar.google.com/scholar?q=%22Traditional%20and%20new%20candidate%20cardiac%20biomarkers%20assessed%20before%2C%20early%2C%20and%20late%20after%20half%20marathon%20in%20trained%20subjects.%22,FS-003901.pdf,
library_not_OA,1,FS-004098,Acute high-intensity exercise test in soccer athletes affects salivary biochemical markers.,Free radical research,2018,10.1080/10715762.2018.1481288,30027785,https://doi.org/10.1080/10715762.2018.1481288,https://pubmed.ncbi.nlm.nih.gov/30027785/,https://europepmc.org/article/MED/30027785,https://scholar.google.com/scholar?q=%22Acute%20high-intensity%20exercise%20test%20in%20soccer%20athletes%20affects%20salivary%20biochemical%20markers.%22,FS-004098.pdf,
library_not_OA,1,FS-003691,Serum brain-derived neurotrophic factor and interleukin-6 response to high-volume mechanically demanding exercise.,Muscle & nerve,2018,10.1002/mus.25687,28500647,https://doi.org/10.1002/mus.25687,https://pubmed.ncbi.nlm.nih.gov/28500647/,https://europepmc.org/article/MED/28500647,https://scholar.google.com/scholar?q=%22Serum%20brain-derived%20neurotrophic%20factor%20and%20interleukin-6%20response%20to%20high-volume%20mechanically%20demanding%20exercise.%22,FS-003691.pdf,
library_not_OA,1,FS-003468,Short-term reliability of inflammatory mediators and response to exercise in the heat.,Journal of sports sciences,2017,10.1080/02640414.2016.1227464,27594321,https://doi.org/10.1080/02640414.2016.1227464,https://pubmed.ncbi.nlm.nih.gov/27594321/,https://europepmc.org/article/MED/27594321,https://scholar.google.com/scholar?q=%22Short-term%20reliability%20of%20inflammatory%20mediators%20and%20response%20to%20exercise%20in%20the%20heat.%22,FS-003468.pdf,
library_not_OA,1,FS-003532,Reliability of salivary cortisol and immunoglobulin-A measurements from the IPRO® before and after sprint cycling exercise.,The Journal of sports medicine and physical fitness,2017,10.23736/s0022-4707.16.06785-2,27849116,https://doi.org/10.23736/s0022-4707.16.06785-2,https://pubmed.ncbi.nlm.nih.gov/27849116/,https://europepmc.org/article/MED/27849116,https://scholar.google.com/scholar?q=%22Reliability%20of%20salivary%20cortisol%20and%20immunoglobulin-A%20measurements%20from%20the%20IPRO%C2%AE%20before%20and%20after%20sprint%20cycling%20exercise.%22,FS-003532.pdf,
library_not_OA,1,FS-003800,Small RNA-seq during acute maximal exercise reveal RNAs involved in vascular inflammation and cardiometabolic health: brief report.,American journal of physiology. Heart and circulatory physiology,2017,10.1152/ajpheart.00500.2017,28916639,https://doi.org/10.1152/ajpheart.00500.2017,https://pubmed.ncbi.nlm.nih.gov/28916639/,https://europepmc.org/article/MED/28916639,https://scholar.google.com/scholar?q=%22Small%20RNA-seq%20during%20acute%20maximal%20exercise%20reveal%20RNAs%20involved%20in%20vascular%20inflammation%20and%20cardiometabolic%20health%3A%20brief%20report.%22,FS-003800.pdf,
library_not_OA,1,FS-003615,The Effects of a 36-Hour Mixed Task Ultraendurance Race on Mucosal Immunity Markers and Pulmonary Function.,Wilderness & environmental medicine,2017,10.1016/j.wem.2016.12.001,28257712,https://doi.org/10.1016/j.wem.2016.12.001,https://pubmed.ncbi.nlm.nih.gov/28257712/,https://europepmc.org/article/MED/28257712,https://scholar.google.com/scholar?q=%22The%20Effects%20of%20a%2036-Hour%20Mixed%20Task%20Ultraendurance%20Race%20on%20Mucosal%20Immunity%20Markers%20and%20Pulmonary%20Function.%22,FS-003615.pdf,
library_not_OA,1,FS-003210,Changes of Hematological Markers during a Multi-stage Ultra-marathon Competition in the Heat.,International journal of sports medicine,2016,10.1055/s-0035-1555929,26509375,https://doi.org/10.1055/s-0035-1555929,https://pubmed.ncbi.nlm.nih.gov/26509375/,https://europepmc.org/article/MED/26509375,https://scholar.google.com/scholar?q=%22Changes%20of%20Hematological%20Markers%20during%20a%20Multi-stage%20Ultra-marathon%20Competition%20in%20the%20Heat.%22,FS-003210.pdf,
library_not_OA,1,FS-003254,"High Altitude and Acute Mountain Sickness and Changes in Circulating Endothelin-1, Interleukin-6, and Interleukin-17a.",High altitude medicine & biology,2016,10.1089/ham.2015.0098,26680502,https://doi.org/10.1089/ham.2015.0098,https://pubmed.ncbi.nlm.nih.gov/26680502/,https://europepmc.org/article/MED/26680502,https://scholar.google.com/scholar?q=%22High%20Altitude%20and%20Acute%20Mountain%20Sickness%20and%20Changes%20in%20Circulating%20Endothelin-1%2C%20Interleukin-6%2C%20and%20Interleukin-17a.%22,FS-003254.pdf,
library_not_OA,1,FS-003108,"Injuries, Medical Conditions, and Changes in Blood Levels in German Special Operations Forces Selection.",Journal of special operations medicine : a peer reviewed journal for SOF medical professionals,2015,10.55460/rrpw-rtln,26125166,https://doi.org/10.55460/rrpw-rtln,https://pubmed.ncbi.nlm.nih.gov/26125166/,https://europepmc.org/article/MED/26125166,https://scholar.google.com/scholar?q=%22Injuries%2C%20Medical%20Conditions%2C%20and%20Changes%20in%20Blood%20Levels%20in%20German%20Special%20Operations%20Forces%20Selection.%22,FS-003108.pdf,
library_not_OA,1,FS-002589,Identification of high responders for interleukin-6 and creatine kinase following acute eccentric resistance exercise in elderly obese women.,Journal of science and medicine in sport,2014,10.1016/j.jsams.2013.09.012,24189370,https://doi.org/10.1016/j.jsams.2013.09.012,https://pubmed.ncbi.nlm.nih.gov/24189370/,https://europepmc.org/article/MED/24189370,https://scholar.google.com/scholar?q=%22Identification%20of%20high%20responders%20for%20interleukin-6%20and%20creatine%20kinase%20following%20acute%20eccentric%20resistance%20exercise%20in%20elderly%20obese%20women.%22,FS-002589.pdf,
library_not_OA,1,FS-002569,Effects of aerobic exercise on lipid-effector molecules of the innate immune response.,Medicine and science in sports and exercise,2014,10.1249/mss.0000000000000137,24145722,https://doi.org/10.1249/mss.0000000000000137,https://pubmed.ncbi.nlm.nih.gov/24145722/,https://europepmc.org/article/MED/24145722,https://scholar.google.com/scholar?q=%22Effects%20of%20aerobic%20exercise%20on%20lipid-effector%20molecules%20of%20the%20innate%20immune%20response.%22,FS-002569.pdf,
library_not_OA,1,FS-002764,Effects of strenuous exercise on Th1/Th2 gene expression from human peripheral blood mononuclear cells of marathon participants.,Molecular immunology,2014,10.1016/j.molimm.2014.03.004,24853398,https://doi.org/10.1016/j.molimm.2014.03.004,https://pubmed.ncbi.nlm.nih.gov/24853398/,https://europepmc.org/article/MED/24853398,https://scholar.google.com/scholar?q=%22Effects%20of%20strenuous%20exercise%20on%20Th1/Th2%20gene%20expression%20from%20human%20peripheral%20blood%20mononuclear%20cells%20of%20marathon%20participants.%22,FS-002764.pdf,
library_not_OA,1,FS-002327,"Inflammatory markers CD11b, CD16, CD66b, CD68, myeloperoxidase and neutrophil elastase in eccentric exercised human skeletal muscles.",Histochemistry and cell biology,2013,10.1007/s00418-012-1061-x,23224298,https://doi.org/10.1007/s00418-012-1061-x,https://pubmed.ncbi.nlm.nih.gov/23224298/,https://europepmc.org/article/MED/23224298,https://scholar.google.com/scholar?q=%22Inflammatory%20markers%20CD11b%2C%20CD16%2C%20CD66b%2C%20CD68%2C%20myeloperoxidase%20and%20neutrophil%20elastase%20in%20eccentric%20exercised%20human%20skeletal%20muscles.%22,FS-002327.pdf,
library_not_OA,1,FS-002265,Changes in natural killer cell subpopulations over a winter training season in elite swimmers.,European journal of applied physiology,2013,10.1007/s00421-012-2490-x,22990626,https://doi.org/10.1007/s00421-012-2490-x,https://pubmed.ncbi.nlm.nih.gov/22990626/,https://europepmc.org/article/MED/22990626,https://scholar.google.com/scholar?q=%22Changes%20in%20natural%20killer%20cell%20subpopulations%20over%20a%20winter%20training%20season%20in%20elite%20swimmers.%22,FS-002265.pdf,
library_not_OA,1,FS-010465,"Cytokine production by monocytes, neutrophils, and dendritic cells is hampered by long-term intensive training in elite swimmers",European Journal of Applied Physiology,2012,10.1007/s00421-011-1966-4,21584686,https://doi.org/10.1007/s00421-011-1966-4,https://pubmed.ncbi.nlm.nih.gov/21584686/,https://europepmc.org/article/MED/21584686,https://scholar.google.com/scholar?q=%22Cytokine%20production%20by%20monocytes%2C%20neutrophils%2C%20and%20dendritic%20cells%20is%20hampered%20by%20long-term%20intensive%20training%20in%20elite%20swimmers%22,FS-010465.pdf,
library_not_OA,1,FS-002021,Combined proteomic and metabolomic profiling of serum reveals association of the complement system with obesity and identifies novel markers of body fat mass changes.,Journal of proteome research,2011,10.1021/pr2005555,21823675,https://doi.org/10.1021/pr2005555,https://pubmed.ncbi.nlm.nih.gov/21823675/,https://europepmc.org/article/MED/21823675,https://scholar.google.com/scholar?q=%22Combined%20proteomic%20and%20metabolomic%20profiling%20of%20serum%20reveals%20association%20of%20the%20complement%20system%20with%20obesity%20and%20identifies%20novel%20markers%20of%20body%20fat%20mass%20changes.%22,FS-002021.pdf,
library_not_OA,1,FS-001575,Changes of mucosal immunity and antioxidation activity in elite male Taiwanese taekwondo athletes associated with intensive training and rapid weight loss.,British journal of sports medicine,2011,10.1136/bjsm.2009.062497,19846424,https://doi.org/10.1136/bjsm.2009.062497,https://pubmed.ncbi.nlm.nih.gov/19846424/,https://europepmc.org/article/MED/19846424,https://scholar.google.com/scholar?q=%22Changes%20of%20mucosal%20immunity%20and%20antioxidation%20activity%20in%20elite%20male%20Taiwanese%20taekwondo%20athletes%20associated%20with%20intensive%20training%20and%20rapid%20weight%20loss.%22,FS-001575.pdf,
library_not_OA,1,FS-001835,Short term effects of various water immersions on recovery from exhaustive intermittent exercise.,European journal of applied physiology,2011,10.1007/s00421-010-1754-6,21132438,https://doi.org/10.1007/s00421-010-1754-6,https://pubmed.ncbi.nlm.nih.gov/21132438/,https://europepmc.org/article/MED/21132438,https://scholar.google.com/scholar?q=%22Short%20term%20effects%20of%20various%20water%20immersions%20on%20recovery%20from%20exhaustive%20intermittent%20exercise.%22,FS-001835.pdf,
library_not_OA,1,FS-001489,Long-term stability and circadian variation in circulating levels of surfactant protein D.,Immunobiology,2010,10.1016/j.imbio.2009.05.001,19540617,https://doi.org/10.1016/j.imbio.2009.05.001,https://pubmed.ncbi.nlm.nih.gov/19540617/,https://europepmc.org/article/MED/19540617,https://scholar.google.com/scholar?q=%22Long-term%20stability%20and%20circadian%20variation%20in%20circulating%20levels%20of%20surfactant%20protein%20D.%22,FS-001489.pdf,
library_not_OA,1,FS-001733,"The reliability of the IL-6, sIL-6R and sgp130 response to a preloaded time trial.",European journal of applied physiology,2010,10.1007/s00421-010-1548-x,20574676,https://doi.org/10.1007/s00421-010-1548-x,https://pubmed.ncbi.nlm.nih.gov/20574676/,https://europepmc.org/article/MED/20574676,https://scholar.google.com/scholar?q=%22The%20reliability%20of%20the%20IL-6%2C%20sIL-6R%20and%20sgp130%20response%20to%20a%20preloaded%20time%20trial.%22,FS-001733.pdf,
library_not_OA,1,FS-001612,Time course of leukocyte accumulation in human muscle after eccentric exercise.,Medicine and science in sports and exercise,2010,10.1249/mss.0b013e3181ac7adb,20010127,https://doi.org/10.1249/mss.0b013e3181ac7adb,https://pubmed.ncbi.nlm.nih.gov/20010127/,https://europepmc.org/article/MED/20010127,https://scholar.google.com/scholar?q=%22Time%20course%20of%20leukocyte%20accumulation%20in%20human%20muscle%20after%20eccentric%20exercise.%22,FS-001612.pdf,
library_not_OA,1,FS-001622,Upper respiratory tract infection symptoms in ultramarathon runners not related to immunoglobulin status.,Clinical journal of sport medicine : official journal of the Canadian Academy of Sport Medicine,2010,10.1097/jsm.0b013e3181cb4086,20051733,https://doi.org/10.1097/jsm.0b013e3181cb4086,https://pubmed.ncbi.nlm.nih.gov/20051733/,https://europepmc.org/article/MED/20051733,https://scholar.google.com/scholar?q=%22Upper%20respiratory%20tract%20infection%20symptoms%20in%20ultramarathon%20runners%20not%20related%20to%20immunoglobulin%20status.%22,FS-001622.pdf,
library_not_OA,1,FS-001364,Two methods for determining plasma IL-6 in humans at rest and following exercise.,European journal of applied physiology,2009,10.1007/s00421-008-0866-8,18797920,https://doi.org/10.1007/s00421-008-0866-8,https://pubmed.ncbi.nlm.nih.gov/18797920/,https://europepmc.org/article/MED/18797920,https://scholar.google.com/scholar?q=%22Two%20methods%20for%20determining%20plasma%20IL-6%20in%20humans%20at%20rest%20and%20following%20exercise.%22,FS-001364.pdf,
library_not_OA,1,FS-001536,Relationship between C-reactive protein concentration and cytokine responses to exercise in healthy and illness-prone runners.,European journal of applied physiology,2009,10.1007/s00421-009-1160-0,19693532,https://doi.org/10.1007/s00421-009-1160-0,https://pubmed.ncbi.nlm.nih.gov/19693532/,https://europepmc.org/article/MED/19693532,https://scholar.google.com/scholar?q=%22Relationship%20between%20C-reactive%20protein%20concentration%20and%20cytokine%20responses%20to%20exercise%20in%20healthy%20and%20illness-prone%20runners.%22,FS-001536.pdf,
library_not_OA,1,FS-001197,Total lymphocyte CD8 expression is not a reliable marker of cytotoxic T-cell populations in human peripheral blood following an acute bout of high-intensity exercise.,"Brain, behavior, and immunity",2008,10.1016/j.bbi.2007.09.001,17949944,https://doi.org/10.1016/j.bbi.2007.09.001,https://pubmed.ncbi.nlm.nih.gov/17949944/,https://europepmc.org/article/MED/17949944,https://scholar.google.com/scholar?q=%22Total%20lymphocyte%20CD8%20expression%20is%20not%20a%20reliable%20marker%20of%20cytotoxic%20T-cell%20populations%20in%20human%20peripheral%20blood%20following%20an%20acute%20bout%20of%20high-intensity%20exercise.%22,FS-001197.pdf,
library_not_OA,1,FS-001324,Salivary IgA as a risk factor for upper respiratory infections in elite professional athletes.,Medicine and science in sports and exercise,2008,10.1249/mss.0b013e31816be9c3,18580401,https://doi.org/10.1249/mss.0b013e31816be9c3,https://pubmed.ncbi.nlm.nih.gov/18580401/,https://europepmc.org/article/MED/18580401,https://scholar.google.com/scholar?q=%22Salivary%20IgA%20as%20a%20risk%20factor%20for%20upper%20respiratory%20infections%20in%20elite%20professional%20athletes.%22,FS-001324.pdf,
library_not_OA,1,FS-001370,The impact of a 17-day training period for an international championship on mucosal immune parameters in top-level basketball players and staff members.,European journal of oral sciences,2008,10.1111/j.1600-0722.2008.00558.x,18821985,https://doi.org/10.1111/j.1600-0722.2008.00558.x,https://pubmed.ncbi.nlm.nih.gov/18821985/,https://europepmc.org/article/MED/18821985,https://scholar.google.com/scholar?q=%22The%20impact%20of%20a%2017-day%20training%20period%20for%20an%20international%20championship%20on%20mucosal%20immune%20parameters%20in%20top-level%20basketball%20players%20and%20staff%20members.%22,FS-001370.pdf,
library_not_OA,1,FS-001117,Bimodal recovery pattern in human skeletal muscle induced by exhaustive stretch-shortening cycle exercise.,Medicine and science in sports and exercise,2007,10.1249/mss.0b013e31802dd74e,17473771,https://doi.org/10.1249/mss.0b013e31802dd74e,https://pubmed.ncbi.nlm.nih.gov/17473771/,https://europepmc.org/article/MED/17473771,https://scholar.google.com/scholar?q=%22Bimodal%20recovery%20pattern%20in%20human%20skeletal%20muscle%20induced%20by%20exhaustive%20stretch-shortening%20cycle%20exercise.%22,FS-001117.pdf,
library_not_OA,1,FS-001140,Influence of the sample collection method on salivary interleukin-6 levels in resting and post-exercise conditions.,European journal of applied physiology,2007,10.1007/s00421-007-0484-x,17569075,https://doi.org/10.1007/s00421-007-0484-x,https://pubmed.ncbi.nlm.nih.gov/17569075/,https://europepmc.org/article/MED/17569075,https://scholar.google.com/scholar?q=%22Influence%20of%20the%20sample%20collection%20method%20on%20salivary%20interleukin-6%20levels%20in%20resting%20and%20post-exercise%20conditions.%22,FS-001140.pdf,
library_not_OA,1,FS-001207,Cytokine responses to treadmill running in healthy and illness-prone athletes.,Medicine and science in sports and exercise,2007,10.1249/mss.0b013e318149f2aa,17986898,https://doi.org/10.1249/mss.0b013e318149f2aa,https://pubmed.ncbi.nlm.nih.gov/17986898/,https://europepmc.org/article/MED/17986898,https://scholar.google.com/scholar?q=%22Cytokine%20responses%20to%20treadmill%20running%20in%20healthy%20and%20illness-prone%20athletes.%22,FS-001207.pdf,
library_not_OA,1,FS-001039,Elevation of myeloperoxidase in conjunction with cardiac-specific markers after marathon running.,American journal of clinical pathology,2006,10.1309/1d62h6krftvqrj0a,17074690,https://doi.org/10.1309/1d62h6krftvqrj0a,https://pubmed.ncbi.nlm.nih.gov/17074690/,https://europepmc.org/article/MED/17074690,https://scholar.google.com/scholar?q=%22Elevation%20of%20myeloperoxidase%20in%20conjunction%20with%20cardiac-specific%20markers%20after%20marathon%20running.%22,FS-001039.pdf,
library_not_OA,1,FS-000951,Relationship between salivary IgA secretion and upper respiratory tract infection following a 160-km race.,The Journal of sports medicine and physical fitness,2006,,16596116,,https://pubmed.ncbi.nlm.nih.gov/16596116/,https://europepmc.org/article/MED/16596116,https://scholar.google.com/scholar?q=%22Relationship%20between%20salivary%20IgA%20secretion%20and%20upper%20respiratory%20tract%20infection%20following%20a%20160-km%20race.%22,FS-000951.pdf,
library_not_OA,1,FS-000829,Increase in plasma calprotectin during long-distance running.,Scandinavian journal of clinical and laboratory investigation,2005,10.1080/00365510510013587,16095050,https://doi.org/10.1080/00365510510013587,https://pubmed.ncbi.nlm.nih.gov/16095050/,https://europepmc.org/article/MED/16095050,https://scholar.google.com/scholar?q=%22Increase%20in%20plasma%20calprotectin%20during%20long-distance%20running.%22,FS-000829.pdf,
library_not_OA,1,FS-000837,cDNA microarray analysis reveals novel candidate genes expressed in human peripheral blood following exhaustive exercise.,Physiological genomics,2005,10.1152/physiolgenomics.00096.2005,16118270,https://doi.org/10.1152/physiolgenomics.00096.2005,https://pubmed.ncbi.nlm.nih.gov/16118270/,https://europepmc.org/article/MED/16118270,https://scholar.google.com/scholar?q=%22cDNA%20microarray%20analysis%20reveals%20novel%20candidate%20genes%20expressed%20in%20human%20peripheral%20blood%20following%20exhaustive%20exercise.%22,FS-000837.pdf,
library_not_OA,1,FS-000873,Delayed leukocytosis and cytokine response to high-force eccentric exercise.,Medicine and science in sports and exercise,2005,10.1249/01.mss.0000177064.65927.98,16286856,https://doi.org/10.1249/01.mss.0000177064.65927.98,https://pubmed.ncbi.nlm.nih.gov/16286856/,https://europepmc.org/article/MED/16286856,https://scholar.google.com/scholar?q=%22Delayed%20leukocytosis%20and%20cytokine%20response%20to%20high-force%20eccentric%20exercise.%22,FS-000873.pdf,
library_not_OA,1,FS-000885,The effects of a high carbohydrate diet on cortisol and salivary immunoglobulin A (s-IgA) during a period of increase exercise workload amongst Olympic and Ironman triathletes.,International journal of sports medicine,2005,10.1055/s-2005-837467,16320174,https://doi.org/10.1055/s-2005-837467,https://pubmed.ncbi.nlm.nih.gov/16320174/,https://europepmc.org/article/MED/16320174,https://scholar.google.com/scholar?q=%22The%20effects%20of%20a%20high%20carbohydrate%20diet%20on%20cortisol%20and%20salivary%20immunoglobulin%20A%20%28s-IgA%29%20during%20a%20period%20of%20increase%20exercise%20workload%20amongst%20Olympic%20and%20Ironman%20triathletes.%22,FS-000885.pdf,
library_not_OA,1,FS-000693,Leukocyte heat shock protein expression before and after intensified training.,International journal of sports medicine,2004,10.1055/s-2004-820953,15459833,https://doi.org/10.1055/s-2004-820953,https://pubmed.ncbi.nlm.nih.gov/15459833/,https://europepmc.org/article/MED/15459833,https://scholar.google.com/scholar?q=%22Leukocyte%20heat%20shock%20protein%20expression%20before%20and%20after%20intensified%20training.%22,FS-000693.pdf,
library_not_OA,1,FS-000751,Hematological recovery in male ultramarathon runners: the effect of variations in training load and running time.,The Journal of sports medicine and physical fitness,2004,,15756172,,https://pubmed.ncbi.nlm.nih.gov/15756172/,https://europepmc.org/article/MED/15756172,https://scholar.google.com/scholar?q=%22Hematological%20recovery%20in%20male%20ultramarathon%20runners%3A%20the%20effect%20of%20variations%20in%20training%20load%20and%20running%20time.%22,FS-000751.pdf,
library_not_OA,1,FS-000533,Exercise-induced changes in circulating levels of transforming growth factor-beta-1 in humans: methodological considerations.,European journal of applied physiology,2003,10.1007/s00421-003-0881-8,14504950,https://doi.org/10.1007/s00421-003-0881-8,https://pubmed.ncbi.nlm.nih.gov/14504950/,https://europepmc.org/article/MED/14504950,https://scholar.google.com/scholar?q=%22Exercise-induced%20changes%20in%20circulating%20levels%20of%20transforming%20growth%20factor-beta-1%20in%20humans%3A%20methodological%20considerations.%22,FS-000533.pdf,
library_not_OA,1,FS-000451,"Tennis, incidence of URTI and salivary IgA.",International journal of sports medicine,2003,10.1055/s-2003-39096,12740744,https://doi.org/10.1055/s-2003-39096,https://pubmed.ncbi.nlm.nih.gov/12740744/,https://europepmc.org/article/MED/12740744,https://scholar.google.com/scholar?q=%22Tennis%2C%20incidence%20of%20URTI%20and%20salivary%20IgA.%22,FS-000451.pdf,
library_not_OA,1,FS-000472,Temporal relation between leukocyte accumulation in muscles and halted recovery 10-20 h after strength exercise.,"Journal of applied physiology (Bethesda, Md. : 1985)",2003,10.1152/japplphysiol.01064.2002,12832432,https://doi.org/10.1152/japplphysiol.01064.2002,https://pubmed.ncbi.nlm.nih.gov/12832432/,https://europepmc.org/article/MED/12832432,https://scholar.google.com/scholar?q=%22Temporal%20relation%20between%20leukocyte%20accumulation%20in%20muscles%20and%20halted%20recovery%2010-20%20h%20after%20strength%20exercise.%22,FS-000472.pdf,
library_not_OA,1,FS-011327,Immunological responses to overreaching in cyclists,Medicine and Science in Sports and Exercise,2003,10.1249/01.mss.0000064964.80040.e9,12750597,https://doi.org/10.1249/01.mss.0000064964.80040.e9,https://pubmed.ncbi.nlm.nih.gov/12750597/,https://europepmc.org/article/MED/12750597,https://scholar.google.com/scholar?q=%22Immunological%20responses%20to%20overreaching%20in%20cyclists%22,FS-011327.pdf,
library_not_OA,1,FS-000404,"Effect of marathon running on hematologic and biochemical laboratory parameters, including cardiac markers.",American journal of clinical pathology,2002,10.1309/14ty-2tdj-1x0y-1v6v,12472278,https://doi.org/10.1309/14ty-2tdj-1x0y-1v6v,https://pubmed.ncbi.nlm.nih.gov/12472278/,https://europepmc.org/article/MED/12472278,https://scholar.google.com/scholar?q=%22Effect%20of%20marathon%20running%20on%20hematologic%20and%20biochemical%20laboratory%20parameters%2C%20including%20cardiac%20markers.%22,FS-000404.pdf,
library_not_OA,1,FS-000297,Change in salivary IgA following a competitive marathon race.,International journal of sports medicine,2002,10.1055/s-2002-19375,11774070,https://doi.org/10.1055/s-2002-19375,https://pubmed.ncbi.nlm.nih.gov/11774070/,https://europepmc.org/article/MED/11774070,https://scholar.google.com/scholar?q=%22Change%20in%20salivary%20IgA%20following%20a%20competitive%20marathon%20race.%22,FS-000297.pdf,
library_not_OA,1,FS-000287,"Highly sensitive determination of plasma cytokines by time-resolved fluoroimmunoassay; effect of bicycle exercise on plasma level of interleukin-1 alpha (IL-1 alpha), tumor necrosis factor alpha (TNF alpha), and interferon gamma (IFN gamma).",Analytical sciences : the international journal of the Japan Society for Analytical Chemistry,2001,10.2116/analsci.17.593,11708138,https://doi.org/10.2116/analsci.17.593,https://pubmed.ncbi.nlm.nih.gov/11708138/,https://europepmc.org/article/MED/11708138,https://scholar.google.com/scholar?q=%22Highly%20sensitive%20determination%20of%20plasma%20cytokines%20by%20time-resolved%20fluoroimmunoassay%3B%20effect%20of%20bicycle%20exercise%20on%20plasma%20level%20of%20interleukin-1%20alpha%20%28IL-1%20alpha%29%2C%20tumor%20necrosis%20factor%20alpha%20%28TNF%20alpha%29%2C%20and%20interferon%20gamma%20%28IFN%20gamma%29.%22,FS-000287.pdf,
library_not_OA,1,FS-000212,Mucosal IgA response to repeated wingate tests in females.,International journal of sports medicine,2001,10.1055/s-2001-11339,11281615,https://doi.org/10.1055/s-2001-11339,https://pubmed.ncbi.nlm.nih.gov/11281615/,https://europepmc.org/article/MED/11281615,https://scholar.google.com/scholar?q=%22Mucosal%20IgA%20response%20to%20repeated%20wingate%20tests%20in%20females.%22,FS-000212.pdf,
library_not_OA,1,FS-000242,Adaptation to eccentric exercise: neutrophils and E-selectin during early recovery.,Canadian journal of applied physiology = Revue canadienne de physiologie appliquee,2001,10.1139/h01-015,11441228,https://doi.org/10.1139/h01-015,https://pubmed.ncbi.nlm.nih.gov/11441228/,https://europepmc.org/article/MED/11441228,https://scholar.google.com/scholar?q=%22Adaptation%20to%20eccentric%20exercise%3A%20neutrophils%20and%20E-selectin%20during%20early%20recovery.%22,FS-000242.pdf,
library_not_OA,1,FS-000102,Saliva immunoglobulins in elite women rowers.,European journal of applied physiology,2000,10.1007/s004210050034,10638381,https://doi.org/10.1007/s004210050034,https://pubmed.ncbi.nlm.nih.gov/10638381/,https://europepmc.org/article/MED/10638381,https://scholar.google.com/scholar?q=%22Saliva%20immunoglobulins%20in%20elite%20women%20rowers.%22,FS-000102.pdf,
library_not_OA,1,FS-000106,Gastrointestinal mucosal integrity after prolonged exercise with fluid supplementation.,Medicine and science in sports and exercise,2000,10.1097/00005768-200001000-00020,10647540,https://doi.org/10.1097/00005768-200001000-00020,https://pubmed.ncbi.nlm.nih.gov/10647540/,https://europepmc.org/article/MED/10647540,https://scholar.google.com/scholar?q=%22Gastrointestinal%20mucosal%20integrity%20after%20prolonged%20exercise%20with%20fluid%20supplementation.%22,FS-000106.pdf,
library_not_OA,1,FS-000142,Immune status and respiratory illness for elite swimmers during a 12-week training cycle.,International journal of sports medicine,2000,10.1055/s-2000-313,10853703,https://doi.org/10.1055/s-2000-313,https://pubmed.ncbi.nlm.nih.gov/10853703/,https://europepmc.org/article/MED/10853703,https://scholar.google.com/scholar?q=%22Immune%20status%20and%20respiratory%20illness%20for%20elite%20swimmers%20during%20a%2012-week%20training%20cycle.%22,FS-000142.pdf,
library_not_OA,1,FS-000156,The effect of BCAA supplementation upon the immune response of triathletes.,Medicine and science in sports and exercise,2000,10.1097/00005768-200007000-00005,10912884,https://doi.org/10.1097/00005768-200007000-00005,https://pubmed.ncbi.nlm.nih.gov/10912884/,https://europepmc.org/article/MED/10912884,https://scholar.google.com/scholar?q=%22The%20effect%20of%20BCAA%20supplementation%20upon%20the%20immune%20response%20of%20triathletes.%22,FS-000156.pdf,
library_not_OA,1,FS-007778,Response of serum indicators of myocardial infarction following exercise-induced muscle injury.,The American journal of emergency medicine,1998,10.1016/s0735-6757(98)90023-7,9517680,https://doi.org/10.1016/s0735-6757(98)90023-7,https://pubmed.ncbi.nlm.nih.gov/9517680/,https://europepmc.org/article/MED/9517680,https://scholar.google.com/scholar?q=%22Response%20of%20serum%20indicators%20of%20myocardial%20infarction%20following%20exercise-induced%20muscle%20injury.%22,FS-007778.pdf,
library_not_OA,1,FS-007801,Overtraining and immune system: a prospective longitudinal study in endurance athletes.,Medicine and science in sports and exercise,1998,10.1097/00005768-199807000-00021,9662688,https://doi.org/10.1097/00005768-199807000-00021,https://pubmed.ncbi.nlm.nih.gov/9662688/,https://europepmc.org/article/MED/9662688,https://scholar.google.com/scholar?q=%22Overtraining%20and%20immune%20system%3A%20a%20prospective%20longitudinal%20study%20in%20endurance%20athletes.%22,FS-007801.pdf,
library_not_OA,1,FS-007508,CD4+/CD8+ T-lymphocyte ratio: effects of rehydration before exercise in dehydrated men.,Medicine and science in sports and exercise,1995,10.1249/00005768-199502000-00008,7723642,https://doi.org/10.1249/00005768-199502000-00008,https://pubmed.ncbi.nlm.nih.gov/7723642/,https://europepmc.org/article/MED/7723642,https://scholar.google.com/scholar?q=%22CD4%2B/CD8%2B%20T-lymphocyte%20ratio%3A%20effects%20of%20rehydration%20before%20exercise%20in%20dehydrated%20men.%22,FS-007508.pdf,
library_not_OA,1,FS-013865,LEUKOCYTE AND ERYTHROCYTE COUNTS DURING A MULTISTAGE CYCLING RACE (THE MILK-RACE),BRITISH JOURNAL OF SPORTS MEDICINE,1995,10.1136/bjsm.29.1.61,,https://doi.org/10.1136/bjsm.29.1.61,,https://europepmc.org/abstract/DOI/10.1136/bjsm.29.1.61,https://scholar.google.com/scholar?q=%22LEUKOCYTE%20AND%20ERYTHROCYTE%20COUNTS%20DURING%20A%20MULTISTAGE%20CYCLING%20RACE%20%28THE%20MILK-RACE%29%22,FS-013865.pdf,
library_not_OA,1,FS-007479,The effect on immunity of long-term intensive training in elite swimmers.,Clinical and experimental immunology,1995,10.1111/j.1365-2249.1995.tb06658.x,7554392,https://doi.org/10.1111/j.1365-2249.1995.tb06658.x,https://pubmed.ncbi.nlm.nih.gov/7554392/,https://europepmc.org/article/MED/7554392,https://scholar.google.com/scholar?q=%22The%20effect%20on%20immunity%20of%20long-term%20intensive%20training%20in%20elite%20swimmers.%22,FS-007479.pdf,
library_not_OA,1,FS-007641,Exercise-induced bronchospasm (EIB) in relation to seasonal and perennial specific IgE in young adults.,Allergy,1995,10.1111/j.1398-9995.1995.tb02497.x,8748723,https://doi.org/10.1111/j.1398-9995.1995.tb02497.x,https://pubmed.ncbi.nlm.nih.gov/8748723/,https://europepmc.org/article/MED/8748723,https://scholar.google.com/scholar?q=%22Exercise-induced%20bronchospasm%20%28EIB%29%20in%20relation%20to%20seasonal%20and%20perennial%20specific%20IgE%20in%20young%20adults.%22,FS-007641.pdf,
library_not_OA,1,FS-007530,Mucosal (secretory) immune system responses to exercise of varying intensity and during overtraining.,International journal of sports medicine,1994,10.1055/s-2007-1021134,7883401,https://doi.org/10.1055/s-2007-1021134,https://pubmed.ncbi.nlm.nih.gov/7883401/,https://europepmc.org/article/MED/7883401,https://scholar.google.com/scholar?q=%22Mucosal%20%28secretory%29%20immune%20system%20responses%20to%20exercise%20of%20varying%20intensity%20and%20during%20overtraining.%22,FS-007530.pdf,
library_not_OA,1,FS-007565,Cytokine production and fatigue in patients with chronic fatigue syndrome and healthy control subjects in response to exercise.,Clinical infectious diseases : an official publication of the Infectious Diseases Society of America,1994,10.1093/clinids/18.supplement_1.s142,8148442,https://doi.org/10.1093/clinids/18.supplement_1.s142,https://pubmed.ncbi.nlm.nih.gov/8148442/,https://europepmc.org/article/MED/8148442,https://scholar.google.com/scholar?q=%22Cytokine%20production%20and%20fatigue%20in%20patients%20with%20chronic%20fatigue%20syndrome%20and%20healthy%20control%20subjects%20in%20response%20to%20exercise.%22,FS-007565.pdf,
library_not_OA,1,FS-007578,Decreased salivary immunoglobulin A secretion rate after intense interval exercise in elite kayakers.,European journal of applied physiology and occupational physiology,1993,10.1007/bf00376664,8223526,https://doi.org/10.1007/bf00376664,https://pubmed.ncbi.nlm.nih.gov/8223526/,https://europepmc.org/article/MED/8223526,https://scholar.google.com/scholar?q=%22Decreased%20salivary%20immunoglobulin%20A%20secretion%20rate%20after%20intense%20interval%20exercise%20in%20elite%20kayakers.%22,FS-007578.pdf,
library_not_OA,1,FS-000573,Plasma amino acid concentrations in the overtraining syndrome: possible effects on the immune system.,Medicine and science in sports and exercise,1992,10.1249/00005768-199212000-00008,1470018,https://doi.org/10.1249/00005768-199212000-00008,https://pubmed.ncbi.nlm.nih.gov/1470018/,https://europepmc.org/article/MED/1470018,https://scholar.google.com/scholar?q=%22Plasma%20amino%20acid%20concentrations%20in%20the%20overtraining%20syndrome%3A%20possible%20effects%20on%20the%20immune%20system.%22,FS-000573.pdf,
library_not_OA,1,FS-002301,Reduction of saliva immunoglobulin levels by swim training.,European journal of applied physiology and occupational physiology,1990,10.1007/bf00572187,2311596,https://doi.org/10.1007/bf00572187,https://pubmed.ncbi.nlm.nih.gov/2311596/,https://europepmc.org/article/MED/2311596,https://scholar.google.com/scholar?q=%22Reduction%20of%20saliva%20immunoglobulin%20levels%20by%20swim%20training.%22,FS-002301.pdf,
library_not_OA,1,FS-005118,Endotoxaemia in exhausted runners after a long-distance race.,South African medical journal = Suid-Afrikaanse tydskrif vir geneeskunde,1988,,3375945,,https://pubmed.ncbi.nlm.nih.gov/3375945/,https://europepmc.org/article/MED/3375945,https://scholar.google.com/scholar?q=%22Endotoxaemia%20in%20exhausted%20runners%20after%20a%20long-distance%20race.%22,FS-005118.pdf,
library_not_OA,1,FS-007440,Exercise-induced changes in common laboratory tests.,American journal of clinical pathology,1982,10.1093/ajcp/77.3.285,7072633,https://doi.org/10.1093/ajcp/77.3.285,https://pubmed.ncbi.nlm.nih.gov/7072633/,https://europepmc.org/article/MED/7072633,https://scholar.google.com/scholar?q=%22Exercise-induced%20changes%20in%20common%20laboratory%20tests.%22,FS-007440.pdf,
library_not_OA,1,FS-000266,Blood histamine levels after exercise testing.,Clinical allergy,1979,10.1111/j.1365-2222.1979.tb02506.x,115619,https://doi.org/10.1111/j.1365-2222.1979.tb02506.x,https://pubmed.ncbi.nlm.nih.gov/115619/,https://europepmc.org/article/MED/115619,https://scholar.google.com/scholar?q=%22Blood%20histamine%20levels%20after%20exercise%20testing.%22,FS-000266.pdf,
library_not_OA,2,FS-006949,Salivary proteomics and metabolic responses to resistance training with and without blood flow restriction in young adults.,Journal of proteomics,2026,10.1016/j.jprot.2025.105587,41453684,https://doi.org/10.1016/j.jprot.2025.105587,https://pubmed.ncbi.nlm.nih.gov/41453684/,https://europepmc.org/article/MED/41453684,https://scholar.google.com/scholar?q=%22Salivary%20proteomics%20and%20metabolic%20responses%20to%20resistance%20training%20with%20and%20without%20blood%20flow%20restriction%20in%20young%20adults.%22,FS-006949.pdf,
library_not_OA,2,FS-006965,Oxylipin Responses during the Yukon Arctic Ultra: The Longest and Coldest Ultramarathon in the World.,Military medicine,2026,10.1093/milmed/usaf622,41525801,https://doi.org/10.1093/milmed/usaf622,https://pubmed.ncbi.nlm.nih.gov/41525801/,https://europepmc.org/article/MED/41525801,https://scholar.google.com/scholar?q=%22Oxylipin%20Responses%20during%20the%20Yukon%20Arctic%20Ultra%3A%20The%20Longest%20and%20Coldest%20Ultramarathon%20in%20the%20World.%22,FS-006965.pdf,
library_not_OA,2,FS-007100,Sex-Based Differences in Circulating microRNA and Metabolite Signatures Associated with Physical Activity in Lynch Syndrome Carriers.,"Cancer prevention research (Philadelphia, Pa.)",2026,10.1158/1940-6207.capr-25-0491,41996458,https://doi.org/10.1158/1940-6207.capr-25-0491,https://pubmed.ncbi.nlm.nih.gov/41996458/,https://europepmc.org/article/MED/41996458,https://scholar.google.com/scholar?q=%22Sex-Based%20Differences%20in%20Circulating%20microRNA%20and%20Metabolite%20Signatures%20Associated%20with%20Physical%20Activity%20in%20Lynch%20Syndrome%20Carriers.%22,FS-007100.pdf,
library_not_OA,2,FS-007188,"Long-Distance Trail Running Induces Inflammatory-Associated Protein, Lipid, and Purine Oxidation in Red Blood Cells.",Blood red cells & iron,2026,10.1016/j.brci.2026.100055,42273167,https://doi.org/10.1016/j.brci.2026.100055,https://pubmed.ncbi.nlm.nih.gov/42273167/,https://europepmc.org/article/MED/42273167,https://scholar.google.com/scholar?q=%22Long-Distance%20Trail%20Running%20Induces%20Inflammatory-Associated%20Protein%2C%20Lipid%2C%20and%20Purine%20Oxidation%20in%20Red%20Blood%20Cells.%22,FS-007188.pdf,
library_not_OA,2,FS-007236,"Delayed molecular aging, preservation of energy metabolism and enhanced exercise response in exercise-trained human muscle.",Nature aging,2026,10.1038/s43587-026-01150-x,42399371,https://doi.org/10.1038/s43587-026-01150-x,https://pubmed.ncbi.nlm.nih.gov/42399371/,https://europepmc.org/article/MED/42399371,https://scholar.google.com/scholar?q=%22Delayed%20molecular%20aging%2C%20preservation%20of%20energy%20metabolism%20and%20enhanced%20exercise%20response%20in%20exercise-trained%20human%20muscle.%22,FS-007236.pdf,
library_not_OA,2,FS-007308,Palmitoylethanolamide supplementation partly modulates eccentric exercise-induced changes in the bioactive lipid profile of skeletal muscle tissue.,Pflugers Archiv : European journal of physiology,2026,10.1007/s00424-026-03208-6,42661049,https://doi.org/10.1007/s00424-026-03208-6,https://pubmed.ncbi.nlm.nih.gov/42661049/,https://europepmc.org/article/MED/42661049,https://scholar.google.com/scholar?q=%22Palmitoylethanolamide%20supplementation%20partly%20modulates%20eccentric%20exercise-induced%20changes%20in%20the%20bioactive%20lipid%20profile%20of%20skeletal%20muscle%20tissue.%22,FS-007308.pdf,
library_not_OA,2,FS-006563,Cellular deconstruction of the human skeletal muscle microenvironment identifies an exercise-induced histaminergic crosstalk.,Cell metabolism,2025,10.1016/j.cmet.2024.12.011,39919738,https://doi.org/10.1016/j.cmet.2024.12.011,https://pubmed.ncbi.nlm.nih.gov/39919738/,https://europepmc.org/article/MED/39919738,https://scholar.google.com/scholar?q=%22Cellular%20deconstruction%20of%20the%20human%20skeletal%20muscle%20microenvironment%20identifies%20an%20exercise-induced%20histaminergic%20crosstalk.%22,FS-006563.pdf,
library_not_OA,2,FS-006651,Exercise-induced β2-adrenergic receptor activation enhances effector lymphocyte mobilization in humans and suppresses lymphoma growth in mice through NK-cells.,"Brain, behavior, and immunity",2025,10.1016/j.bbi.2025.04.040,40311885,https://doi.org/10.1016/j.bbi.2025.04.040,https://pubmed.ncbi.nlm.nih.gov/40311885/,https://europepmc.org/article/MED/40311885,https://scholar.google.com/scholar?q=%22Exercise-induced%20%CE%B22-adrenergic%20receptor%20activation%20enhances%20effector%20lymphocyte%20mobilization%20in%20humans%20and%20suppresses%20lymphoma%20growth%20in%20mice%20through%20NK-cells.%22,FS-006651.pdf,
library_not_OA,2,FS-006706,Systematic profiling reveals betaine as an exercise mimetic for geroprotection.,Cell,2025,10.1016/j.cell.2025.06.001,40570836,https://doi.org/10.1016/j.cell.2025.06.001,https://pubmed.ncbi.nlm.nih.gov/40570836/,https://europepmc.org/article/MED/40570836,https://scholar.google.com/scholar?q=%22Systematic%20profiling%20reveals%20betaine%20as%20an%20exercise%20mimetic%20for%20geroprotection.%22,FS-006706.pdf,
library_not_OA,2,FS-006734,Transcriptomic analyses of peripheral blood mononuclear cells reveal age-specific basal and acute exercise responsiveness differences in humans.,American journal of physiology. Endocrinology and metabolism,2025,10.1152/ajpendo.00169.2025,40695537,https://doi.org/10.1152/ajpendo.00169.2025,https://pubmed.ncbi.nlm.nih.gov/40695537/,https://europepmc.org/article/MED/40695537,https://scholar.google.com/scholar?q=%22Transcriptomic%20analyses%20of%20peripheral%20blood%20mononuclear%20cells%20reveal%20age-specific%20basal%20and%20acute%20exercise%20responsiveness%20differences%20in%20humans.%22,FS-006734.pdf,
library_not_OA,2,FS-006154,Exercise-Induced Cell-Free DNA Correlates with Energy Expenditure in Multiple Exercise Protocols.,Medicine and science in sports and exercise,2024,10.1249/mss.0000000000003363,38109167,https://doi.org/10.1249/mss.0000000000003363,https://pubmed.ncbi.nlm.nih.gov/38109167/,https://europepmc.org/article/MED/38109167,https://scholar.google.com/scholar?q=%22Exercise-Induced%20Cell-Free%20DNA%20Correlates%20with%20Energy%20Expenditure%20in%20Multiple%20Exercise%20Protocols.%22,FS-006154.pdf,
library_not_OA,2,FS-006184,Acute exercise-induced release of innate immune proteins via small extracellular vesicles changes with aerobic fitness and age.,"Acta physiologica (Oxford, England)",2024,10.1111/apha.14095,38243724,https://doi.org/10.1111/apha.14095,https://pubmed.ncbi.nlm.nih.gov/38243724/,https://europepmc.org/article/MED/38243724,https://scholar.google.com/scholar?q=%22Acute%20exercise-induced%20release%20of%20innate%20immune%20proteins%20via%20small%20extracellular%20vesicles%20changes%20with%20aerobic%20fitness%20and%20age.%22,FS-006184.pdf,
library_not_OA,2,FS-006215,Acute Resistance Exercise Modifies Extracellular Vesicle miRNAs Targeting Anabolic Gene Pathways: A Prospective Cohort Study.,Medicine and science in sports and exercise,2024,10.1249/mss.0000000000003408,38377006,https://doi.org/10.1249/mss.0000000000003408,https://pubmed.ncbi.nlm.nih.gov/38377006/,https://europepmc.org/article/MED/38377006,https://scholar.google.com/scholar?q=%22Acute%20Resistance%20Exercise%20Modifies%20Extracellular%20Vesicle%20miRNAs%20Targeting%20Anabolic%20Gene%20Pathways%3A%20A%20Prospective%20Cohort%20Study.%22,FS-006215.pdf,
library_not_OA,2,FS-006260,Skeletal muscle of young females under resistance exercise exhibits a unique innate immune cell infiltration profile compared to males and elderly individuals.,Journal of muscle research and cell motility,2024,10.1007/s10974-024-09668-6,38578562,https://doi.org/10.1007/s10974-024-09668-6,https://pubmed.ncbi.nlm.nih.gov/38578562/,https://europepmc.org/article/MED/38578562,https://scholar.google.com/scholar?q=%22Skeletal%20muscle%20of%20young%20females%20under%20resistance%20exercise%20exhibits%20a%20unique%20innate%20immune%20cell%20infiltration%20profile%20compared%20to%20males%20and%20elderly%20individuals.%22,FS-006260.pdf,
library_not_OA,2,FS-006296,Respiratory and Metabolic Responses of CD4 + T Cells to Acute Exercise and Their Association with Cardiorespiratory Fitness.,Medicine and science in sports and exercise,2024,10.1249/mss.0000000000003483,38768035,https://doi.org/10.1249/mss.0000000000003483,https://pubmed.ncbi.nlm.nih.gov/38768035/,https://europepmc.org/article/MED/38768035,https://scholar.google.com/scholar?q=%22Respiratory%20and%20Metabolic%20Responses%20of%20CD4%20%2B%20T%20Cells%20to%20Acute%20Exercise%20and%20Their%20Association%20with%20Cardiorespiratory%20Fitness.%22,FS-006296.pdf,
library_not_OA,2,FS-006373,Baker's yeast beta glucan supplementation was associated with an improved innate immune mRNA expression response after exercise.,"Methods (San Diego, Calif.)",2024,10.1016/j.ymeth.2024.07.013,39097177,https://doi.org/10.1016/j.ymeth.2024.07.013,https://pubmed.ncbi.nlm.nih.gov/39097177/,https://europepmc.org/article/MED/39097177,https://scholar.google.com/scholar?q=%22Baker%27s%20yeast%20beta%20glucan%20supplementation%20was%20associated%20with%20an%20improved%20innate%20immune%20mRNA%20expression%20response%20after%20exercise.%22,FS-006373.pdf,
library_not_OA,2,FS-005434,Acute exercise decreases insulin-stimulated extracellular vesicles in conjunction with augmentation index in adults with obesity.,The Journal of physiology,2023,10.1113/jp282274,35081660,https://doi.org/10.1113/jp282274,https://pubmed.ncbi.nlm.nih.gov/35081660/,https://europepmc.org/article/MED/35081660,https://scholar.google.com/scholar?q=%22Acute%20exercise%20decreases%20insulin-stimulated%20extracellular%20vesicles%20in%20conjunction%20with%20augmentation%20index%20in%20adults%20with%20obesity.%22,FS-005434.pdf,
library_not_OA,2,FS-005856,Clonal Kinetics and Single-Cell Transcriptional Profiles of T Cells Mobilized to Blood by Acute Exercise.,Medicine and science in sports and exercise,2023,10.1249/mss.0000000000003130,36719647,https://doi.org/10.1249/mss.0000000000003130,https://pubmed.ncbi.nlm.nih.gov/36719647/,https://europepmc.org/article/MED/36719647,https://scholar.google.com/scholar?q=%22Clonal%20Kinetics%20and%20Single-Cell%20Transcriptional%20Profiles%20of%20T%20Cells%20Mobilized%20to%20Blood%20by%20Acute%20Exercise.%22,FS-005856.pdf,
library_not_OA,2,FS-005334,"Air pollution and high-intensity interval exercise: Implications to anti-inflammatory balance, metabolome and cardiovascular responses.",The Science of the total environment,2022,10.1016/j.scitotenv.2021.151094,34688752,https://doi.org/10.1016/j.scitotenv.2021.151094,https://pubmed.ncbi.nlm.nih.gov/34688752/,https://europepmc.org/article/MED/34688752,https://scholar.google.com/scholar?q=%22Air%20pollution%20and%20high-intensity%20interval%20exercise%3A%20Implications%20to%20anti-inflammatory%20balance%2C%20metabolome%20and%20cardiovascular%20responses.%22,FS-005334.pdf,
library_not_OA,2,FS-005183,"Effects of a low-intensity resistance exercise program on serum miR-630, miR-5703, and Fractalkine/CX3CL1 expressions in subjects with No exercise habits: A preliminary study.",Hepatology research : the official journal of the Japan Society of Hepatology,2021,10.1111/hepr.13670,34014020,https://doi.org/10.1111/hepr.13670,https://pubmed.ncbi.nlm.nih.gov/34014020/,https://europepmc.org/article/MED/34014020,https://scholar.google.com/scholar?q=%22Effects%20of%20a%20low-intensity%20resistance%20exercise%20program%20on%20serum%20miR-630%2C%20miR-5703%2C%20and%20Fractalkine/CX3CL1%20expressions%20in%20subjects%20with%20No%20exercise%20habits%3A%20A%20preliminary%20study.%22,FS-005183.pdf,
library_not_OA,2,FS-004509,"Effects of an acute bout of exercise on circulating extracellular vesicles: tissue-, sex-, and BMI-related differences.",International journal of obesity (2005),2020,10.1038/s41366-019-0460-7,31578459,https://doi.org/10.1038/s41366-019-0460-7,https://pubmed.ncbi.nlm.nih.gov/31578459/,https://europepmc.org/article/MED/31578459,https://scholar.google.com/scholar?q=%22Effects%20of%20an%20acute%20bout%20of%20exercise%20on%20circulating%20extracellular%20vesicles%3A%20tissue-%2C%20sex-%2C%20and%20BMI-related%20differences.%22,FS-004509.pdf,
library_not_OA,2,FS-004231,Combined bead-based multiplex detection of RNA and protein biomarkers: Implications for understanding the time course of skeletal muscle injury and repair.,"Methods (San Diego, Calif.)",2019,10.1016/j.ymeth.2018.11.012,30472250,https://doi.org/10.1016/j.ymeth.2018.11.012,https://pubmed.ncbi.nlm.nih.gov/30472250/,https://europepmc.org/article/MED/30472250,https://scholar.google.com/scholar?q=%22Combined%20bead-based%20multiplex%20detection%20of%20RNA%20and%20protein%20biomarkers%3A%20Implications%20for%20understanding%20the%20time%20course%20of%20skeletal%20muscle%20injury%20and%20repair.%22,FS-004231.pdf,
library_not_OA,2,FS-004116,Altered formation of the iron oxide nanoparticle-biocorona due to individual variability and exercise.,Environmental toxicology and pharmacology,2018,10.1016/j.etap.2018.07.014,30096581,https://doi.org/10.1016/j.etap.2018.07.014,https://pubmed.ncbi.nlm.nih.gov/30096581/,https://europepmc.org/article/MED/30096581,https://scholar.google.com/scholar?q=%22Altered%20formation%20of%20the%20iron%20oxide%20nanoparticle-biocorona%20due%20to%20individual%20variability%20and%20exercise.%22,FS-004116.pdf,
library_not_OA,2,FS-003581,Gene networks in skeletal muscle following endurance exercise are coexpressed in blood neutrophils and linked with blood inflammation markers.,"Journal of applied physiology (Bethesda, Md. : 1985)",2017,10.1152/japplphysiol.00114.2016,28104750,https://doi.org/10.1152/japplphysiol.00114.2016,https://pubmed.ncbi.nlm.nih.gov/28104750/,https://europepmc.org/article/MED/28104750,https://scholar.google.com/scholar?q=%22Gene%20networks%20in%20skeletal%20muscle%20following%20endurance%20exercise%20are%20coexpressed%20in%20blood%20neutrophils%20and%20linked%20with%20blood%20inflammation%20markers.%22,FS-003581.pdf,
library_not_OA,2,FS-003838,"Differences in echocardiography, blood pressure, stroke volume, maximal power and profile of genes related to cardiac hypertrophy in elite road cyclists.",Advances in clinical and experimental medicine : official organ Wroclaw Medical University,2017,10.17219/acem/63031,29068603,https://doi.org/10.17219/acem/63031,https://pubmed.ncbi.nlm.nih.gov/29068603/,https://europepmc.org/article/MED/29068603,https://scholar.google.com/scholar?q=%22Differences%20in%20echocardiography%2C%20blood%20pressure%2C%20stroke%20volume%2C%20maximal%20power%20and%20profile%20of%20genes%20related%20to%20cardiac%20hypertrophy%20in%20elite%20road%20cyclists.%22,FS-003838.pdf,
library_not_OA,2,FS-003209,Protein-leucine ingestion activates a regenerative inflammo-myogenic transcriptome in skeletal muscle following intense endurance exercise.,Physiological genomics,2016,10.1152/physiolgenomics.00068.2015,26508702,https://doi.org/10.1152/physiolgenomics.00068.2015,https://pubmed.ncbi.nlm.nih.gov/26508702/,https://europepmc.org/article/MED/26508702,https://scholar.google.com/scholar?q=%22Protein-leucine%20ingestion%20activates%20a%20regenerative%20inflammo-myogenic%20transcriptome%20in%20skeletal%20muscle%20following%20intense%20endurance%20exercise.%22,FS-003209.pdf,
library_not_OA,2,FS-003073,Circulating inflammatory miRNA signature in response to different doses of aerobic exercise.,"Journal of applied physiology (Bethesda, Md. : 1985)",2015,10.1152/japplphysiol.00077.2015,25997943,https://doi.org/10.1152/japplphysiol.00077.2015,https://pubmed.ncbi.nlm.nih.gov/25997943/,https://europepmc.org/article/MED/25997943,https://scholar.google.com/scholar?q=%22Circulating%20inflammatory%20miRNA%20signature%20in%20response%20to%20different%20doses%20of%20aerobic%20exercise.%22,FS-003073.pdf,
library_not_OA,2,FS-002618,Time course-dependent changes in the transcriptome of human skeletal muscle during recovery from endurance exercise: from inflammation to adaptive remodeling.,"Journal of applied physiology (Bethesda, Md. : 1985)",2014,10.1152/japplphysiol.00909.2013,24311745,https://doi.org/10.1152/japplphysiol.00909.2013,https://pubmed.ncbi.nlm.nih.gov/24311745/,https://europepmc.org/article/MED/24311745,https://scholar.google.com/scholar?q=%22Time%20course-dependent%20changes%20in%20the%20transcriptome%20of%20human%20skeletal%20muscle%20during%20recovery%20from%20endurance%20exercise%3A%20from%20inflammation%20to%20adaptive%20remodeling.%22,FS-002618.pdf,
library_not_OA,2,FS-002619,A proteomic study of plasma protein changes under extreme physical stress.,Journal of proteomics,2014,10.1016/j.jprot.2013.12.004,24345577,https://doi.org/10.1016/j.jprot.2013.12.004,https://pubmed.ncbi.nlm.nih.gov/24345577/,https://europepmc.org/article/MED/24345577,https://scholar.google.com/scholar?q=%22A%20proteomic%20study%20of%20plasma%20protein%20changes%20under%20extreme%20physical%20stress.%22,FS-002619.pdf,
library_not_OA,2,FS-002638,Rapid upregulation and clearance of distinct circulating microRNAs after prolonged aerobic exercise.,"Journal of applied physiology (Bethesda, Md. : 1985)",2014,10.1152/japplphysiol.01141.2013,24436293,https://doi.org/10.1152/japplphysiol.01141.2013,https://pubmed.ncbi.nlm.nih.gov/24436293/,https://europepmc.org/article/MED/24436293,https://scholar.google.com/scholar?q=%22Rapid%20upregulation%20and%20clearance%20of%20distinct%20circulating%20microRNAs%20after%20prolonged%20aerobic%20exercise.%22,FS-002638.pdf,
library_not_OA,2,FS-002666,Exhaustive exercise modifies different gene expression profiles and pathways in LPS-stimulated and un-stimulated whole blood cultures.,"Brain, behavior, and immunity",2014,10.1016/j.bbi.2013.10.023,24513876,https://doi.org/10.1016/j.bbi.2013.10.023,https://pubmed.ncbi.nlm.nih.gov/24513876/,https://europepmc.org/article/MED/24513876,https://scholar.google.com/scholar?q=%22Exhaustive%20exercise%20modifies%20different%20gene%20expression%20profiles%20and%20pathways%20in%20LPS-stimulated%20and%20un-stimulated%20whole%20blood%20cultures.%22,FS-002666.pdf,
library_not_OA,2,FS-002669,Identification of human exercise-induced myokines using secretome analysis.,Physiological genomics,2014,10.1152/physiolgenomics.00174.2013,24520153,https://doi.org/10.1152/physiolgenomics.00174.2013,https://pubmed.ncbi.nlm.nih.gov/24520153/,https://europepmc.org/article/MED/24520153,https://scholar.google.com/scholar?q=%22Identification%20of%20human%20exercise-induced%20myokines%20using%20secretome%20analysis.%22,FS-002669.pdf,
library_not_OA,2,FS-002878,Dynamic changes in dna methylation status in peripheral blood Mononuclear cells following an acute bout of exercise: Potential impact of exercise-induced elevations in interleukin-6 concentration.,Journal of biological regulators and homeostatic agents,2014,,25316129,,https://pubmed.ncbi.nlm.nih.gov/25316129/,https://europepmc.org/article/MED/25316129,https://scholar.google.com/scholar?q=%22Dynamic%20changes%20in%20dna%20methylation%20status%20in%20peripheral%20blood%20Mononuclear%20cells%20following%20an%20acute%20bout%20of%20exercise%3A%20Potential%20impact%20of%20exercise-induced%20elevations%20in%20interleukin-6%20concentration.%22,FS-002878.pdf,
library_not_OA,2,FS-002346,Impact of brief exercise on peripheral blood NK cell gene and microRNA expression in young adults.,"Journal of applied physiology (Bethesda, Md. : 1985)",2013,10.1152/japplphysiol.01341.2012,23288554,https://doi.org/10.1152/japplphysiol.01341.2012,https://pubmed.ncbi.nlm.nih.gov/23288554/,https://europepmc.org/article/MED/23288554,https://scholar.google.com/scholar?q=%22Impact%20of%20brief%20exercise%20on%20peripheral%20blood%20NK%20cell%20gene%20and%20microRNA%20expression%20in%20young%20adults.%22,FS-002346.pdf,
library_not_OA,2,FS-002421,Transcriptome analysis of neutrophils after endurance exercise reveals novel signaling mechanisms in the immune response to physiological stress.,"Journal of applied physiology (Bethesda, Md. : 1985)",2013,10.1152/japplphysiol.00143.2013,23580600,https://doi.org/10.1152/japplphysiol.00143.2013,https://pubmed.ncbi.nlm.nih.gov/23580600/,https://europepmc.org/article/MED/23580600,https://scholar.google.com/scholar?q=%22Transcriptome%20analysis%20of%20neutrophils%20after%20endurance%20exercise%20reveals%20novel%20signaling%20mechanisms%20in%20the%20immune%20response%20to%20physiological%20stress.%22,FS-002421.pdf,
library_not_OA,2,FS-002435,"Effect of post-exercise protein-leucine feeding on neutrophil function, immunomodulatory plasma metabolites and cortisol during a 6-day block of intense cycling.",European journal of applied physiology,2013,10.1007/s00421-013-2650-7,23624785,https://doi.org/10.1007/s00421-013-2650-7,https://pubmed.ncbi.nlm.nih.gov/23624785/,https://europepmc.org/article/MED/23624785,https://scholar.google.com/scholar?q=%22Effect%20of%20post-exercise%20protein-leucine%20feeding%20on%20neutrophil%20function%2C%20immunomodulatory%20plasma%20metabolites%20and%20cortisol%20during%20a%206-day%20block%20of%20intense%20cycling.%22,FS-002435.pdf,
library_not_OA,2,FS-002554,Human inflammatory and resolving lipid mediator responses to resistance exercise and ibuprofen treatment.,"American journal of physiology. Regulatory, integrative and comparative physiology",2013,10.1152/ajpregu.00128.2013,24089379,https://doi.org/10.1152/ajpregu.00128.2013,https://pubmed.ncbi.nlm.nih.gov/24089379/,https://europepmc.org/article/MED/24089379,https://scholar.google.com/scholar?q=%22Human%20inflammatory%20and%20resolving%20lipid%20mediator%20responses%20to%20resistance%20exercise%20and%20ibuprofen%20treatment.%22,FS-002554.pdf,
library_not_OA,2,FS-001994,Passing the anaerobic threshold is associated with substantial changes in the gene expression profile in white blood cells.,European journal of applied physiology,2012,10.1007/s00421-011-2048-3,21717121,https://doi.org/10.1007/s00421-011-2048-3,https://pubmed.ncbi.nlm.nih.gov/21717121/,https://europepmc.org/article/MED/21717121,https://scholar.google.com/scholar?q=%22Passing%20the%20anaerobic%20threshold%20is%20associated%20with%20substantial%20changes%20in%20the%20gene%20expression%20profile%20in%20white%20blood%20cells.%22,FS-001994.pdf,
library_not_OA,2,FS-002059,Resistance exercise training influences skeletal muscle immune activation: a microarray analysis.,"Journal of applied physiology (Bethesda, Md. : 1985)",2012,10.1152/japplphysiol.00860.2011,22052873,https://doi.org/10.1152/japplphysiol.00860.2011,https://pubmed.ncbi.nlm.nih.gov/22052873/,https://europepmc.org/article/MED/22052873,https://scholar.google.com/scholar?q=%22Resistance%20exercise%20training%20influences%20skeletal%20muscle%20immune%20activation%3A%20a%20microarray%20analysis.%22,FS-002059.pdf,
library_not_OA,2,FS-002156,Transcript profiling of CD16-positive monocytes reveals a unique molecular fingerprint.,European journal of immunology,2012,10.1002/eji.201141907,22531920,https://doi.org/10.1002/eji.201141907,https://pubmed.ncbi.nlm.nih.gov/22531920/,https://europepmc.org/article/MED/22531920,https://scholar.google.com/scholar?q=%22Transcript%20profiling%20of%20CD16-positive%20monocytes%20reveals%20a%20unique%20molecular%20fingerprint.%22,FS-002156.pdf,
library_not_OA,2,FS-002241,Expression pattern of the transforming growth factor β signaling genes in human peripheral blood mononuclear cells after exercise-inflammatory aspects.,American journal of human biology : the official journal of the Human Biology Council,2012,10.1002/ajhb.22311,22915245,https://doi.org/10.1002/ajhb.22311,https://pubmed.ncbi.nlm.nih.gov/22915245/,https://europepmc.org/article/MED/22915245,https://scholar.google.com/scholar?q=%22Expression%20pattern%20of%20the%20transforming%20growth%20factor%20%CE%B2%20signaling%20genes%20in%20human%20peripheral%20blood%20mononuclear%20cells%20after%20exercise-inflammatory%20aspects.%22,FS-002241.pdf,
library_not_OA,2,FS-010564,A pilot study on the effect of acute Tai Chi practice on peripheral blood cytokine expression in healthy volunteers,Biomedical Sciences Instrumentation,2012,,22846291,,https://pubmed.ncbi.nlm.nih.gov/22846291/,https://europepmc.org/article/MED/22846291,https://scholar.google.com/scholar?q=%22A%20pilot%20study%20on%20the%20effect%20of%20acute%20Tai%20Chi%20practice%20on%20peripheral%20blood%20cytokine%20expression%20in%20healthy%20volunteers%22,FS-010564.pdf,
library_not_OA,2,FS-001918,Changes in transcriptional output of human peripheral blood mononuclear cells following resistance exercise.,European journal of applied physiology,2011,10.1007/s00421-011-1923-2,21437602,https://doi.org/10.1007/s00421-011-1923-2,https://pubmed.ncbi.nlm.nih.gov/21437602/,https://europepmc.org/article/MED/21437602,https://scholar.google.com/scholar?q=%22Changes%20in%20transcriptional%20output%20of%20human%20peripheral%20blood%20mononuclear%20cells%20following%20resistance%20exercise.%22,FS-001918.pdf,
library_not_OA,2,FS-001987,Dynamic regulation of circulating microRNA during acute exhaustive exercise and sustained aerobic exercise training.,The Journal of physiology,2011,10.1113/jphysiol.2011.213363,21690193,https://doi.org/10.1113/jphysiol.2011.213363,https://pubmed.ncbi.nlm.nih.gov/21690193/,https://europepmc.org/article/MED/21690193,https://scholar.google.com/scholar?q=%22Dynamic%20regulation%20of%20circulating%20microRNA%20during%20acute%20exhaustive%20exercise%20and%20sustained%20aerobic%20exercise%20training.%22,FS-001987.pdf,
library_not_OA,2,FS-002032,Induced sputum proteome in healthy subjects and asthmatic patients.,The Journal of allergy and clinical immunology,2011,10.1016/j.jaci.2011.07.053,21906793,https://doi.org/10.1016/j.jaci.2011.07.053,https://pubmed.ncbi.nlm.nih.gov/21906793/,https://europepmc.org/article/MED/21906793,https://scholar.google.com/scholar?q=%22Induced%20sputum%20proteome%20in%20healthy%20subjects%20and%20asthmatic%20patients.%22,FS-002032.pdf,
library_not_OA,2,FS-001584,Differential genomic responses in old vs. young humans despite similar levels of modest muscle damage after resistance loading.,Physiological genomics,2010,10.1152/physiolgenomics.00151.2009,19903761,https://doi.org/10.1152/physiolgenomics.00151.2009,https://pubmed.ncbi.nlm.nih.gov/19903761/,https://europepmc.org/article/MED/19903761,https://scholar.google.com/scholar?q=%22Differential%20genomic%20responses%20in%20old%20vs.%20young%20humans%20despite%20similar%20levels%20of%20modest%20muscle%20damage%20after%20resistance%20loading.%22,FS-001584.pdf,
library_not_OA,2,FS-001595,Effect of exercise on gene expression profile in unfractionated peripheral blood leukocytes.,Biochemical and biophysical research communications,2010,10.1016/j.bbrc.2009.11.150,19945435,https://doi.org/10.1016/j.bbrc.2009.11.150,https://pubmed.ncbi.nlm.nih.gov/19945435/,https://europepmc.org/article/MED/19945435,https://scholar.google.com/scholar?q=%22Effect%20of%20exercise%20on%20gene%20expression%20profile%20in%20unfractionated%20peripheral%20blood%20leukocytes.%22,FS-001595.pdf,
library_not_OA,2,FS-001615,Potential biomarkers of muscle injury after eccentric exercise.,"Biomarkers : biochemical indicators of exposure, response, and susceptibility to chemicals",2010,10.3109/13547500903502802,20028270,https://doi.org/10.3109/13547500903502802,https://pubmed.ncbi.nlm.nih.gov/20028270/,https://europepmc.org/article/MED/20028270,https://scholar.google.com/scholar?q=%22Potential%20biomarkers%20of%20muscle%20injury%20after%20eccentric%20exercise.%22,FS-001615.pdf,
library_not_OA,2,FS-001635,Evidence for microRNA involvement in exercise-associated neutrophil gene expression changes.,"Journal of applied physiology (Bethesda, Md. : 1985)",2010,10.1152/japplphysiol.01291.2009,20110541,https://doi.org/10.1152/japplphysiol.01291.2009,https://pubmed.ncbi.nlm.nih.gov/20110541/,https://europepmc.org/article/MED/20110541,https://scholar.google.com/scholar?q=%22Evidence%20for%20microRNA%20involvement%20in%20exercise-associated%20neutrophil%20gene%20expression%20changes.%22,FS-001635.pdf,
library_not_OA,2,FS-001211,Effects of 30 min of aerobic exercise on gene expression in human neutrophils.,"Journal of applied physiology (Bethesda, Md. : 1985)",2008,10.1152/japplphysiol.00872.2007,18006867,https://doi.org/10.1152/japplphysiol.00872.2007,https://pubmed.ncbi.nlm.nih.gov/18006867/,https://europepmc.org/article/MED/18006867,https://scholar.google.com/scholar?q=%22Effects%20of%2030%20min%20of%20aerobic%20exercise%20on%20gene%20expression%20in%20human%20neutrophils.%22,FS-001211.pdf,
library_not_OA,2,FS-001024,Exercise affects the gene expression profiles of human white blood cells.,"Journal of applied physiology (Bethesda, Md. : 1985)",2007,10.1152/japplphysiol.00066.2006,16990507,https://doi.org/10.1152/japplphysiol.00066.2006,https://pubmed.ncbi.nlm.nih.gov/16990507/,https://europepmc.org/article/MED/16990507,https://scholar.google.com/scholar?q=%22Exercise%20affects%20the%20gene%20expression%20profiles%20of%20human%20white%20blood%20cells.%22,FS-001024.pdf,
library_not_OA,2,FS-000816,Transcription in response to physical stress--clues to the molecular mechanisms of exercise-induced asthma.,FASEB journal : official publication of the Federation of American Societies for Experimental Biology,2005,10.1096/fj.04-3063fje,16027142,https://doi.org/10.1096/fj.04-3063fje,https://pubmed.ncbi.nlm.nih.gov/16027142/,https://europepmc.org/article/MED/16027142,https://scholar.google.com/scholar?q=%22Transcription%20in%20response%20to%20physical%20stress--clues%20to%20the%20molecular%20mechanisms%20of%20exercise-induced%20asthma.%22,FS-000816.pdf,
library_not_OA,2,FS-000645,Effects of exercise on gene expression in human peripheral blood mononuclear cells.,"Journal of applied physiology (Bethesda, Md. : 1985)",2004,10.1152/japplphysiol.00316.2004,15194674,https://doi.org/10.1152/japplphysiol.00316.2004,https://pubmed.ncbi.nlm.nih.gov/15194674/,https://europepmc.org/article/MED/15194674,https://scholar.google.com/scholar?q=%22Effects%20of%20exercise%20on%20gene%20expression%20in%20human%20peripheral%20blood%20mononuclear%20cells.%22,FS-000645.pdf,
library_not_OA,2,FS-000319,Molecular characteristics of aged muscle reflect an altered ability to respond to exercise.,International journal of sport nutrition and exercise metabolism,2001,10.1123/ijsnem.11.s1.s9,11915934,https://doi.org/10.1123/ijsnem.11.s1.s9,https://pubmed.ncbi.nlm.nih.gov/11915934/,https://europepmc.org/article/MED/11915934,https://scholar.google.com/scholar?q=%22Molecular%20characteristics%20of%20aged%20muscle%20reflect%20an%20altered%20ability%20to%20respond%20to%20exercise.%22,FS-000319.pdf,
library_not_OA,2,FS-000182,Aged human muscle demonstrates an altered gene expression profile consistent with an impaired response to exercise.,Mechanisms of ageing and development,2000,10.1016/s0047-6374(00)00178-0,11087903,https://doi.org/10.1016/s0047-6374(00)00178-0,https://pubmed.ncbi.nlm.nih.gov/11087903/,https://europepmc.org/article/MED/11087903,https://scholar.google.com/scholar?q=%22Aged%20human%20muscle%20demonstrates%20an%20altered%20gene%20expression%20profile%20consistent%20with%20an%20impaired%20response%20to%20exercise.%22,FS-000182.pdf,
library_not_OA,3,FS-006885,Cumulative oxidative and inflammatory responses to repeated depth training in breath-hold divers: a multiparametric field study.,European journal of applied physiology,2026,10.1007/s00421-025-06040-5,41222681,https://doi.org/10.1007/s00421-025-06040-5,https://pubmed.ncbi.nlm.nih.gov/41222681/,https://europepmc.org/article/MED/41222681,https://scholar.google.com/scholar?q=%22Cumulative%20oxidative%20and%20inflammatory%20responses%20to%20repeated%20depth%20training%20in%20breath-hold%20divers%3A%20a%20multiparametric%20field%20study.%22,FS-006885.pdf,
library_not_OA,3,FS-007097,Cumulative increases in circulating mtDNA as a potential biomarker of brain injury in rugby union: a pilot study.,Journal of science and medicine in sport,2026,10.1016/j.jsams.2026.03.024,41991430,https://doi.org/10.1016/j.jsams.2026.03.024,https://pubmed.ncbi.nlm.nih.gov/41991430/,https://europepmc.org/article/MED/41991430,https://scholar.google.com/scholar?q=%22Cumulative%20increases%20in%20circulating%20mtDNA%20as%20a%20potential%20biomarker%20of%20brain%20injury%20in%20rugby%20union%3A%20a%20pilot%20study.%22,FS-007097.pdf,
library_not_OA,3,FS-007241,Leukocyte Morphology Changes during Preseason in Elite Soccer Players: A Pilot Study.,International journal of sports medicine,2026,10.1055/a-2899-8817,42413512,https://doi.org/10.1055/a-2899-8817,https://pubmed.ncbi.nlm.nih.gov/42413512/,https://europepmc.org/article/MED/42413512,https://scholar.google.com/scholar?q=%22Leukocyte%20Morphology%20Changes%20during%20Preseason%20in%20Elite%20Soccer%20Players%3A%20A%20Pilot%20Study.%22,FS-007241.pdf,
library_not_OA,3,FS-007259,"Passive, Electromagnetic-Responsive Hydrogel Immunosensor for Exercise Intensity Monitoring Based on Sweat C-Reactive Protein.",Advanced healthcare materials,2026,10.1002/adhm.71454,42494155,https://doi.org/10.1002/adhm.71454,https://pubmed.ncbi.nlm.nih.gov/42494155/,https://europepmc.org/article/MED/42494155,https://scholar.google.com/scholar?q=%22Passive%2C%20Electromagnetic-Responsive%20Hydrogel%20Immunosensor%20for%20Exercise%20Intensity%20Monitoring%20Based%20on%20Sweat%20C-Reactive%20Protein.%22,FS-007259.pdf,
library_not_OA,3,FS-007330,Is overtraining syndrome an acquired T-cell exhaustion state? Rethinking chronic exercise-induced immune dysfunction.,Journal of science and medicine in sport,2026,10.1016/j.jsams.2026.09.002,42744676,https://doi.org/10.1016/j.jsams.2026.09.002,https://pubmed.ncbi.nlm.nih.gov/42744676/,https://europepmc.org/article/MED/42744676,https://scholar.google.com/scholar?q=%22Is%20overtraining%20syndrome%20an%20acquired%20T-cell%20exhaustion%20state%3F%20Rethinking%20chronic%20exercise-induced%20immune%20dysfunction.%22,FS-007330.pdf,
library_not_OA,3,FS-006114,"Sex differences in mood, hormone and immune response to combatives training in West Point Cadets.",Psychoneuroendocrinology,2024,10.1016/j.psyneuen.2023.106656,37918137,https://doi.org/10.1016/j.psyneuen.2023.106656,https://pubmed.ncbi.nlm.nih.gov/37918137/,https://europepmc.org/article/MED/37918137,https://scholar.google.com/scholar?q=%22Sex%20differences%20in%20mood%2C%20hormone%20and%20immune%20response%20to%20combatives%20training%20in%20West%20Point%20Cadets.%22,FS-006114.pdf,
library_not_OA,3,FS-006172,"Rho-Kinase Is Differentially Expressed in the Adipose Tissue of Rodent and Human in Response to Aging, Sex, and Acute Exercise.","The journals of gerontology. Series A, Biological sciences and medical sciences",2024,10.1093/gerona/glae001,38197701,https://doi.org/10.1093/gerona/glae001,https://pubmed.ncbi.nlm.nih.gov/38197701/,https://europepmc.org/article/MED/38197701,https://scholar.google.com/scholar?q=%22Rho-Kinase%20Is%20Differentially%20Expressed%20in%20the%20Adipose%20Tissue%20of%20Rodent%20and%20Human%20in%20Response%20to%20Aging%2C%20Sex%2C%20and%20Acute%20Exercise.%22,FS-006172.pdf,
library_not_OA,3,FS-006462,Cycling away from cancer: can aerobic training enhance interleukin-15 response to acute exercise?,The Journal of physiology,2024,10.1113/jp287749,39513967,https://doi.org/10.1113/jp287749,https://pubmed.ncbi.nlm.nih.gov/39513967/,https://europepmc.org/article/MED/39513967,https://scholar.google.com/scholar?q=%22Cycling%20away%20from%20cancer%3A%20can%20aerobic%20training%20enhance%20interleukin-15%20response%20to%20acute%20exercise%3F%22,FS-006462.pdf,
library_not_OA,3,FS-008584,Ironman training for NK cells,Nature Immunology,2023,10.1038/s41590-023-01626-7,37697098,https://doi.org/10.1038/s41590-023-01626-7,https://pubmed.ncbi.nlm.nih.gov/37697098/,https://europepmc.org/article/MED/37697098,https://scholar.google.com/scholar?q=%22Ironman%20training%20for%20NK%20cells%22,FS-008584.pdf,
library_not_OA,3,FS-004666,High-Intensity Functional Training Improves Cardiorespiratory Fitness and Neuromuscular Performance Without Inflammation or Muscle Damage.,Journal of strength and conditioning research,2022,10.1519/jsc.0000000000003516,32108722,https://doi.org/10.1519/jsc.0000000000003516,https://pubmed.ncbi.nlm.nih.gov/32108722/,https://europepmc.org/article/MED/32108722,https://scholar.google.com/scholar?q=%22High-Intensity%20Functional%20Training%20Improves%20Cardiorespiratory%20Fitness%20and%20Neuromuscular%20Performance%20Without%20Inflammation%20or%20Muscle%20Damage.%22,FS-004666.pdf,
library_not_OA,3,FS-004809,"Optimized Curcumin, Pomegranate Extract, and Methylsulfonylmethane Reduce Acute, Systemic Inflammatory Response to a Half-marathon Race.",Alternative therapies in health and medicine,2022,,32619204,,https://pubmed.ncbi.nlm.nih.gov/32619204/,https://europepmc.org/article/MED/32619204,https://scholar.google.com/scholar?q=%22Optimized%20Curcumin%2C%20Pomegranate%20Extract%2C%20and%20Methylsulfonylmethane%20Reduce%20Acute%2C%20Systemic%20Inflammatory%20Response%20to%20a%20Half-marathon%20Race.%22,FS-004809.pdf,
library_not_OA,3,FS-005508,C-Reactive Protein and Skin Temperature of the lower limbs of Brazilian elite soccer players like load markers following three consecutive games.,Journal of thermal biology,2022,10.1016/j.jtherbio.2022.103188,35393043,https://doi.org/10.1016/j.jtherbio.2022.103188,https://pubmed.ncbi.nlm.nih.gov/35393043/,https://europepmc.org/article/MED/35393043,https://scholar.google.com/scholar?q=%22C-Reactive%20Protein%20and%20Skin%20Temperature%20of%20the%20lower%20limbs%20of%20Brazilian%20elite%20soccer%20players%20like%20load%20markers%20following%20three%20consecutive%20games.%22,FS-005508.pdf,
library_not_OA,3,FS-004773,Pathophysiological Responses to a Record-Breaking Multi-hour Underwater Endurance Performance: A Case Study.,Advances in experimental medicine and biology,2021,10.1007/5584_2020_546,32488605,https://doi.org/10.1007/5584_2020_546,https://pubmed.ncbi.nlm.nih.gov/32488605/,https://europepmc.org/article/MED/32488605,https://scholar.google.com/scholar?q=%22Pathophysiological%20Responses%20to%20a%20Record-Breaking%20Multi-hour%20Underwater%20Endurance%20Performance%3A%20A%20Case%20Study.%22,FS-004773.pdf,
library_not_OA,3,FS-004819,Alterations in Systemic Inflammatory Response Following a Half-Marathon Race with a Combined Curcumin and Pomegranate Supplement: A Feasibility Study.,Journal of dietary supplements,2021,10.1080/19390211.2020.1786206,32657201,https://doi.org/10.1080/19390211.2020.1786206,https://pubmed.ncbi.nlm.nih.gov/32657201/,https://europepmc.org/article/MED/32657201,https://scholar.google.com/scholar?q=%22Alterations%20in%20Systemic%20Inflammatory%20Response%20Following%20a%20Half-Marathon%20Race%20with%20a%20Combined%20Curcumin%20and%20Pomegranate%20Supplement%3A%20A%20Feasibility%20Study.%22,FS-004819.pdf,
library_not_OA,3,FS-004954,Eccentric exercise per se does not affect muscle damage biomarkers: early and late phase adaptations.,European journal of applied physiology,2021,10.1007/s00421-020-04528-w,33156414,https://doi.org/10.1007/s00421-020-04528-w,https://pubmed.ncbi.nlm.nih.gov/33156414/,https://europepmc.org/article/MED/33156414,https://scholar.google.com/scholar?q=%22Eccentric%20exercise%20per%20se%20does%20not%20affect%20muscle%20damage%20biomarkers%3A%20early%20and%20late%20phase%20adaptations.%22,FS-004954.pdf,
library_not_OA,3,FS-005169,High-frequency blood flow-restricted resistance exercise results in acute and prolonged cellular stress more pronounced in type I than in type II fibers.,"Journal of applied physiology (Bethesda, Md. : 1985)",2021,10.1152/japplphysiol.00115.2020,33955259,https://doi.org/10.1152/japplphysiol.00115.2020,https://pubmed.ncbi.nlm.nih.gov/33955259/,https://europepmc.org/article/MED/33955259,https://scholar.google.com/scholar?q=%22High-frequency%20blood%20flow-restricted%20resistance%20exercise%20results%20in%20acute%20and%20prolonged%20cellular%20stress%20more%20pronounced%20in%20type%20I%20than%20in%20type%20II%20fibers.%22,FS-005169.pdf,
library_not_OA,3,FS-005304,Effect of Regular Aerobic Training on Serum C-Reactive Protein and IL-6 Levels in Obese Women.,Puerto Rico health sciences journal,2021,,34543566,,https://pubmed.ncbi.nlm.nih.gov/34543566/,https://europepmc.org/article/MED/34543566,https://scholar.google.com/scholar?q=%22Effect%20of%20Regular%20Aerobic%20Training%20on%20Serum%20C-Reactive%20Protein%20and%20IL-6%20Levels%20in%20Obese%20Women.%22,FS-005304.pdf,
library_not_OA,3,FS-004518,Evolution of the slopes of ST2 and galectin-3 during marathon and ultratrail running compared to a control group.,Clinical chemistry and laboratory medicine,2020,10.1515/cclm-2019-0555,31622239,https://doi.org/10.1515/cclm-2019-0555,https://pubmed.ncbi.nlm.nih.gov/31622239/,https://europepmc.org/article/MED/31622239,https://scholar.google.com/scholar?q=%22Evolution%20of%20the%20slopes%20of%20ST2%20and%20galectin-3%20during%20marathon%20and%20ultratrail%20running%20compared%20to%20a%20control%20group.%22,FS-004518.pdf,
library_not_OA,3,FS-004537,Hepcidin and iron: novel findings for elite female rugby Sevens players.,The Journal of sports medicine and physical fitness,2020,10.23736/s0022-4707.19.10096-5,31665878,https://doi.org/10.23736/s0022-4707.19.10096-5,https://pubmed.ncbi.nlm.nih.gov/31665878/,https://europepmc.org/article/MED/31665878,https://scholar.google.com/scholar?q=%22Hepcidin%20and%20iron%3A%20novel%20findings%20for%20elite%20female%20rugby%20Sevens%20players.%22,FS-004537.pdf,
library_not_OA,3,FS-004568,Seasonal evaluation of skeletal muscle damage and hematological and biochemical parameters of Greco-Roman wrestlers from the Kyrgyzstan National Team before the 2016 Summer Olympic Games.,Journal of back and musculoskeletal rehabilitation,2020,10.3233/bmr-181363,31743985,https://doi.org/10.3233/bmr-181363,https://pubmed.ncbi.nlm.nih.gov/31743985/,https://europepmc.org/article/MED/31743985,https://scholar.google.com/scholar?q=%22Seasonal%20evaluation%20of%20skeletal%20muscle%20damage%20and%20hematological%20and%20biochemical%20parameters%20of%20Greco-Roman%20wrestlers%20from%20the%20Kyrgyzstan%20National%20Team%20before%20the%202016%20Summer%20Olympic%20Games.%22,FS-004568.pdf,
library_not_OA,3,FS-004580,Allostatic stress load and CMV serostatus impact immune response to maximal exercise in collegiate swimmers.,"Journal of applied physiology (Bethesda, Md. : 1985)",2020,10.1152/japplphysiol.00646.2019,31774356,https://doi.org/10.1152/japplphysiol.00646.2019,https://pubmed.ncbi.nlm.nih.gov/31774356/,https://europepmc.org/article/MED/31774356,https://scholar.google.com/scholar?q=%22Allostatic%20stress%20load%20and%20CMV%20serostatus%20impact%20immune%20response%20to%20maximal%20exercise%20in%20collegiate%20swimmers.%22,FS-004580.pdf,
library_not_OA,3,FS-004083,Effects of Chronic Cold-Water Immersion in Elite Rugby Players.,International journal of sports physiology and performance,2019,10.1123/ijspp.2018-0313,29952675,https://doi.org/10.1123/ijspp.2018-0313,https://pubmed.ncbi.nlm.nih.gov/29952675/,https://europepmc.org/article/MED/29952675,https://scholar.google.com/scholar?q=%22Effects%20of%20Chronic%20Cold-Water%20Immersion%20in%20Elite%20Rugby%20Players.%22,FS-004083.pdf,
library_not_OA,3,FS-004138,"Cytokine responses to repeated, prolonged walking in lean versus overweight/obese individuals.",Journal of science and medicine in sport,2019,10.1016/j.jsams.2018.07.019,30172615,https://doi.org/10.1016/j.jsams.2018.07.019,https://pubmed.ncbi.nlm.nih.gov/30172615/,https://europepmc.org/article/MED/30172615,https://scholar.google.com/scholar?q=%22Cytokine%20responses%20to%20repeated%2C%20prolonged%20walking%20in%20lean%20versus%20overweight/obese%20individuals.%22,FS-004138.pdf,
library_not_OA,3,FS-004154,The impact of chronic carbohydrate manipulation on mucosal immunity in elite endurance athletes.,Journal of sports sciences,2019,10.1080/02640414.2018.1521712,30207506,https://doi.org/10.1080/02640414.2018.1521712,https://pubmed.ncbi.nlm.nih.gov/30207506/,https://europepmc.org/article/MED/30207506,https://scholar.google.com/scholar?q=%22The%20impact%20of%20chronic%20carbohydrate%20manipulation%20on%20mucosal%20immunity%20in%20elite%20endurance%20athletes.%22,FS-004154.pdf,
library_not_OA,3,FS-004361,Cold water immersion improves recovery of sprint speed following a simulated tournament.,European journal of sport science,2019,10.1080/17461391.2019.1585478,30957673,https://doi.org/10.1080/17461391.2019.1585478,https://pubmed.ncbi.nlm.nih.gov/30957673/,https://europepmc.org/article/MED/30957673,https://scholar.google.com/scholar?q=%22Cold%20water%20immersion%20improves%20recovery%20of%20sprint%20speed%20following%20a%20simulated%20tournament.%22,FS-004361.pdf,
library_not_OA,3,FS-003815,Aerobic physical training does not condition against strenuous exercise-induced changes in immune function but modulates T cell proliferative responses.,The Journal of sports medicine and physical fitness,2018,10.23736/s0022-4707.17.06943-2,28967237,https://doi.org/10.23736/s0022-4707.17.06943-2,https://pubmed.ncbi.nlm.nih.gov/28967237/,https://europepmc.org/article/MED/28967237,https://scholar.google.com/scholar?q=%22Aerobic%20physical%20training%20does%20not%20condition%20against%20strenuous%20exercise-induced%20changes%20in%20immune%20function%20but%20modulates%20T%20cell%20proliferative%20responses.%22,FS-003815.pdf,
library_not_OA,3,FS-003879,Salivary Biomarkers and Training Load During Training and Competition in Paralympic Swimmers.,International journal of sports physiology and performance,2018,10.1123/ijspp.2017-0683,29182422,https://doi.org/10.1123/ijspp.2017-0683,https://pubmed.ncbi.nlm.nih.gov/29182422/,https://europepmc.org/article/MED/29182422,https://scholar.google.com/scholar?q=%22Salivary%20Biomarkers%20and%20Training%20Load%20During%20Training%20and%20Competition%20in%20Paralympic%20Swimmers.%22,FS-003879.pdf,
library_not_OA,3,FS-003943,"Effects of acute or chronic heat exposure, exercise and dehydration on plasma cortisol, IL-6 and CRP levels in trained males.",Cytokine,2018,10.1016/j.cyto.2018.01.018,29402724,https://doi.org/10.1016/j.cyto.2018.01.018,https://pubmed.ncbi.nlm.nih.gov/29402724/,https://europepmc.org/article/MED/29402724,https://scholar.google.com/scholar?q=%22Effects%20of%20acute%20or%20chronic%20heat%20exposure%2C%20exercise%20and%20dehydration%20on%20plasma%20cortisol%2C%20IL-6%20and%20CRP%20levels%20in%20trained%20males.%22,FS-003943.pdf,
library_not_OA,3,FS-009343,Case Study: Providing Nutritional Support to an Ultraendurance Runner in Preparation for a Self-Sufficient Multistage Ultramarathon: Rationed Versus Full Energy Provisions,Wilderness and Environmental Medicine,2018,10.1016/j.wem.2018.06.004,30249353,https://doi.org/10.1016/j.wem.2018.06.004,https://pubmed.ncbi.nlm.nih.gov/30249353/,https://europepmc.org/article/MED/30249353,https://scholar.google.com/scholar?q=%22Case%20Study%3A%20Providing%20Nutritional%20Support%20to%20an%20Ultraendurance%20Runner%20in%20Preparation%20for%20a%20Self-Sufficient%20Multistage%20Ultramarathon%3A%20Rationed%20Versus%20Full%20Energy%20Provisions%22,FS-009343.pdf,
library_not_OA,3,FS-003642,Redox status alterations during the competitive season in élite soccer players: focus on peripheral leukocyte-derived ROS.,Internal and emergency medicine,2017,10.1007/s11739-017-1653-5,28361355,https://doi.org/10.1007/s11739-017-1653-5,https://pubmed.ncbi.nlm.nih.gov/28361355/,https://europepmc.org/article/MED/28361355,https://scholar.google.com/scholar?q=%22Redox%20status%20alterations%20during%20the%20competitive%20season%20in%20%C3%A9lite%20soccer%20players%3A%20focus%20on%20peripheral%20leukocyte-derived%20ROS.%22,FS-003642.pdf,
library_not_OA,3,FS-003783,Inflammatory and immune responses to a 3-day period of downhill running in active females.,"Cellular and molecular biology (Noisy-le-Grand, France)",2017,10.14715/cmb/2017.63.7.13,28838344,https://doi.org/10.14715/cmb/2017.63.7.13,https://pubmed.ncbi.nlm.nih.gov/28838344/,https://europepmc.org/article/MED/28838344,https://scholar.google.com/scholar?q=%22Inflammatory%20and%20immune%20responses%20to%20a%203-day%20period%20of%20downhill%20running%20in%20active%20females.%22,FS-003783.pdf,
library_not_OA,3,FS-003840,Concomitant external pneumatic compression treatment with consecutive days of high intensity interval training reduces markers of proteolysis.,European journal of applied physiology,2017,10.1007/s00421-017-3746-2,29075862,https://doi.org/10.1007/s00421-017-3746-2,https://pubmed.ncbi.nlm.nih.gov/29075862/,https://europepmc.org/article/MED/29075862,https://scholar.google.com/scholar?q=%22Concomitant%20external%20pneumatic%20compression%20treatment%20with%20consecutive%20days%20of%20high%20intensity%20interval%20training%20reduces%20markers%20of%20proteolysis.%22,FS-003840.pdf,
library_not_OA,3,FS-009525,Blood markers of recovery from Ironman distance races in an elite triathlete,Journal of Sports Medicine and Physical Fitness,2017,10.23736/s0022-4707.16.06390-8,27139796,https://doi.org/10.23736/s0022-4707.16.06390-8,https://pubmed.ncbi.nlm.nih.gov/27139796/,https://europepmc.org/article/MED/27139796,https://scholar.google.com/scholar?q=%22Blood%20markers%20of%20recovery%20from%20Ironman%20distance%20races%20in%20an%20elite%20triathlete%22,FS-009525.pdf,
library_not_OA,3,FS-002641,High-Intensity Training and Salivary Immunoglobulin A Responses in Professional Top-Level Soccer Players: Effect of Training Intensity.,Journal of strength and conditioning research,2016,10.1519/jsc.0000000000000380,24448005,https://doi.org/10.1519/jsc.0000000000000380,https://pubmed.ncbi.nlm.nih.gov/24448005/,https://europepmc.org/article/MED/24448005,https://scholar.google.com/scholar?q=%22High-Intensity%20Training%20and%20Salivary%20Immunoglobulin%20A%20Responses%20in%20Professional%20Top-Level%20Soccer%20Players%3A%20Effect%20of%20Training%20Intensity.%22,FS-002641.pdf,
library_not_OA,3,FS-003173,"Muscle damage, inflammatory, immune and performance responses to three football games in 1 week in competitive male players.",European journal of applied physiology,2016,10.1007/s00421-015-3245-2,26377004,https://doi.org/10.1007/s00421-015-3245-2,https://pubmed.ncbi.nlm.nih.gov/26377004/,https://europepmc.org/article/MED/26377004,https://scholar.google.com/scholar?q=%22Muscle%20damage%2C%20inflammatory%2C%20immune%20and%20performance%20responses%20to%20three%20football%20games%20in%201%20week%20in%20competitive%20male%20players.%22,FS-003173.pdf,
library_not_OA,3,FS-003224,"Fluid retention, muscle damage, and altered body composition at the Ultraman triathlon.",European journal of applied physiology,2016,10.1007/s00421-015-3291-9,26560107,https://doi.org/10.1007/s00421-015-3291-9,https://pubmed.ncbi.nlm.nih.gov/26560107/,https://europepmc.org/article/MED/26560107,https://scholar.google.com/scholar?q=%22Fluid%20retention%2C%20muscle%20damage%2C%20and%20altered%20body%20composition%20at%20the%20Ultraman%20triathlon.%22,FS-003224.pdf,
library_not_OA,3,FS-003274,Inflammation in induced sputum after aluminium oxide exposure: an experimental chamber study.,Occupational and environmental medicine,2016,10.1136/oemed-2015-103254,26786756,https://doi.org/10.1136/oemed-2015-103254,https://pubmed.ncbi.nlm.nih.gov/26786756/,https://europepmc.org/article/MED/26786756,https://scholar.google.com/scholar?q=%22Inflammation%20in%20induced%20sputum%20after%20aluminium%20oxide%20exposure%3A%20an%20experimental%20chamber%20study.%22,FS-003274.pdf,
library_not_OA,3,FS-003334,Repetitive cryotherapy attenuates the in vitro and in vivo mononuclear cell activation response.,Experimental physiology,2016,10.1113/ep085795,27094349,https://doi.org/10.1113/ep085795,https://pubmed.ncbi.nlm.nih.gov/27094349/,https://europepmc.org/article/MED/27094349,https://scholar.google.com/scholar?q=%22Repetitive%20cryotherapy%20attenuates%20the%20in%20vitro%20and%20in%20vivo%20mononuclear%20cell%20activation%20response.%22,FS-003334.pdf,
library_not_OA,3,FS-002803,Long-term Low-to-Intensive Cycling Training: Impact on Semen Parameters and Seminal Cytokines.,Clinical journal of sport medicine : official journal of the Canadian Academy of Sport Medicine,2015,10.1097/jsm.0000000000000122,24977955,https://doi.org/10.1097/jsm.0000000000000122,https://pubmed.ncbi.nlm.nih.gov/24977955/,https://europepmc.org/article/MED/24977955,https://scholar.google.com/scholar?q=%22Long-term%20Low-to-Intensive%20Cycling%20Training%3A%20Impact%20on%20Semen%20Parameters%20and%20Seminal%20Cytokines.%22,FS-002803.pdf,
library_not_OA,3,FS-002906,Effect of Intravenous Iron on Aerobic Capacity and Iron Metabolism in Elite Athletes.,Medicine and science in sports and exercise,2015,10.1249/mss.0000000000000568,25386711,https://doi.org/10.1249/mss.0000000000000568,https://pubmed.ncbi.nlm.nih.gov/25386711/,https://europepmc.org/article/MED/25386711,https://scholar.google.com/scholar?q=%22Effect%20of%20Intravenous%20Iron%20on%20Aerobic%20Capacity%20and%20Iron%20Metabolism%20in%20Elite%20Athletes.%22,FS-002906.pdf,
library_not_OA,3,FS-002940,Systemic LPS and inflammatory response during consecutive days of exercise in heat.,International journal of sports medicine,2015,10.1055/s-0034-1389904,25525952,https://doi.org/10.1055/s-0034-1389904,https://pubmed.ncbi.nlm.nih.gov/25525952/,https://europepmc.org/article/MED/25525952,https://scholar.google.com/scholar?q=%22Systemic%20LPS%20and%20inflammatory%20response%20during%20consecutive%20days%20of%20exercise%20in%20heat.%22,FS-002940.pdf,
library_not_OA,3,FS-002948,Physical demands and salivary immunoglobulin A responses of elite Australian rules football athletes to match play.,International journal of sports physiology and performance,2015,10.1123/ijspp.2014-0493,25561572,https://doi.org/10.1123/ijspp.2014-0493,https://pubmed.ncbi.nlm.nih.gov/25561572/,https://europepmc.org/article/MED/25561572,https://scholar.google.com/scholar?q=%22Physical%20demands%20and%20salivary%20immunoglobulin%20A%20responses%20of%20elite%20Australian%20rules%20football%20athletes%20to%20match%20play.%22,FS-002948.pdf,
library_not_OA,3,FS-003030,Effect of varied recovery interventions on markers of psychophysiological stress in professional rugby union.,European journal of sport science,2015,10.1080/17461391.2015.1029982,25854282,https://doi.org/10.1080/17461391.2015.1029982,https://pubmed.ncbi.nlm.nih.gov/25854282/,https://europepmc.org/article/MED/25854282,https://scholar.google.com/scholar?q=%22Effect%20of%20varied%20recovery%20interventions%20on%20markers%20of%20psychophysiological%20stress%20in%20professional%20rugby%20union.%22,FS-003030.pdf,
library_not_OA,3,FS-002841,Influence of HMB supplementation and resistance training on cytokine responses to resistance exercise.,Journal of the American College of Nutrition,2014,10.1080/07315724.2014.911669,25140763,https://doi.org/10.1080/07315724.2014.911669,https://pubmed.ncbi.nlm.nih.gov/25140763/,https://europepmc.org/article/MED/25140763,https://scholar.google.com/scholar?q=%22Influence%20of%20HMB%20supplementation%20and%20resistance%20training%20on%20cytokine%20responses%20to%20resistance%20exercise.%22,FS-002841.pdf,
library_not_OA,3,FS-010114,Changes in naïve and memory T-cells in elite swimmers during a winter training season,"Brain, Behavior, and Immunity",2014,10.1016/j.bbi.2014.01.002,24412212,https://doi.org/10.1016/j.bbi.2014.01.002,https://pubmed.ncbi.nlm.nih.gov/24412212/,https://europepmc.org/article/MED/24412212,https://scholar.google.com/scholar?q=%22Changes%20in%20na%C3%AFve%20and%20memory%20T-cells%20in%20elite%20swimmers%20during%20a%20winter%20training%20season%22,FS-010114.pdf,
library_not_OA,3,FS-002511,Salivary antimicrobial protein responses during multistage ultramarathon competition conducted in hot environmental conditions.,"Applied physiology, nutrition, and metabolism = Physiologie appliquee, nutrition et metabolisme",2013,10.1139/apnm-2013-0005,23905664,https://doi.org/10.1139/apnm-2013-0005,https://pubmed.ncbi.nlm.nih.gov/23905664/,https://europepmc.org/article/MED/23905664,https://scholar.google.com/scholar?q=%22Salivary%20antimicrobial%20protein%20responses%20during%20multistage%20ultramarathon%20competition%20conducted%20in%20hot%20environmental%20conditions.%22,FS-002511.pdf,
library_not_OA,3,FS-010351,Effects of 6 months of endurance training on neutrophil functions to produce reactive oxygen species and mental states in male long-distance runners,Luminescence,2013,10.1002/bio.1390,22259071,https://doi.org/10.1002/bio.1390,https://pubmed.ncbi.nlm.nih.gov/22259071/,https://europepmc.org/article/MED/22259071,https://scholar.google.com/scholar?q=%22Effects%20of%206%20months%20of%20endurance%20training%20on%20neutrophil%20functions%20to%20produce%20reactive%20oxygen%20species%20and%20mental%20states%20in%20male%20long-distance%20runners%22,FS-010351.pdf,
library_not_OA,3,FS-002071,Differential effects of acute and chronic exercise on human neutrophil functions.,Medicine and science in sports and exercise,2012,10.1249/mss.0b013e3182408639,22130467,https://doi.org/10.1249/mss.0b013e3182408639,https://pubmed.ncbi.nlm.nih.gov/22130467/,https://europepmc.org/article/MED/22130467,https://scholar.google.com/scholar?q=%22Differential%20effects%20of%20acute%20and%20chronic%20exercise%20on%20human%20neutrophil%20functions.%22,FS-002071.pdf,
library_not_OA,3,FS-002077,"The impact of 6-month training preparation for an Ironman triathlon on the proportions of naïve, memory and senescent T cells in resting blood.",European journal of applied physiology,2012,10.1007/s00421-011-2273-9,22170013,https://doi.org/10.1007/s00421-011-2273-9,https://pubmed.ncbi.nlm.nih.gov/22170013/,https://europepmc.org/article/MED/22170013,https://scholar.google.com/scholar?q=%22The%20impact%20of%206-month%20training%20preparation%20for%20an%20Ironman%20triathlon%20on%20the%20proportions%20of%20na%C3%AFve%2C%20memory%20and%20senescent%20T%20cells%20in%20resting%20blood.%22,FS-002077.pdf,
library_not_OA,3,FS-002079,Exercise-associated generation of PPARγ ligands activates PPARγ signaling events and upregulates genes related to lipid metabolism.,"Journal of applied physiology (Bethesda, Md. : 1985)",2012,10.1152/japplphysiol.00864.2011,22174394,https://doi.org/10.1152/japplphysiol.00864.2011,https://pubmed.ncbi.nlm.nih.gov/22174394/,https://europepmc.org/article/MED/22174394,https://scholar.google.com/scholar?q=%22Exercise-associated%20generation%20of%20PPAR%CE%B3%20ligands%20activates%20PPAR%CE%B3%20signaling%20events%20and%20upregulates%20genes%20related%20to%20lipid%20metabolism.%22,FS-002079.pdf,
library_not_OA,3,FS-002172,Prevalence of allergy and upper respiratory tract symptoms in runners of the London marathon.,Medicine and science in sports and exercise,2012,10.1249/mss.0b013e318243253d,22595981,https://doi.org/10.1249/mss.0b013e318243253d,https://pubmed.ncbi.nlm.nih.gov/22595981/,https://europepmc.org/article/MED/22595981,https://scholar.google.com/scholar?q=%22Prevalence%20of%20allergy%20and%20upper%20respiratory%20tract%20symptoms%20in%20runners%20of%20the%20London%20marathon.%22,FS-002172.pdf,
library_not_OA,3,FS-002180,Haematological and iron metabolism parameters in professional cyclists during the Giro d'Italia 3-weeks stage race.,Clinical chemistry and laboratory medicine,2012,10.1515/cclm-2011-0857,22628339,https://doi.org/10.1515/cclm-2011-0857,https://pubmed.ncbi.nlm.nih.gov/22628339/,https://europepmc.org/article/MED/22628339,https://scholar.google.com/scholar?q=%22Haematological%20and%20iron%20metabolism%20parameters%20in%20professional%20cyclists%20during%20the%20Giro%20d%27Italia%203-weeks%20stage%20race.%22,FS-002180.pdf,
library_not_OA,3,FS-010516,"The biochemical, physiological and psychological consequences of a ""1,000 miles in 1,000 hours"" walking challenge",European Journal of Applied Physiology,2012,10.1007/s00421-011-2003-3,21603997,https://doi.org/10.1007/s00421-011-2003-3,https://pubmed.ncbi.nlm.nih.gov/21603997/,https://europepmc.org/article/MED/21603997,https://scholar.google.com/scholar?q=%22The%20biochemical%2C%20physiological%20and%20psychological%20consequences%20of%20a%20%221%2C000%20miles%20in%201%2C000%20hours%22%20walking%20challenge%22,FS-010516.pdf,
library_not_OA,3,FS-001833,Lymphocyte enzymatic antioxidant responses to oxidative stress following high-intensity interval exercise.,"Journal of applied physiology (Bethesda, Md. : 1985)",2011,10.1152/japplphysiol.00575.2010,21127208,https://doi.org/10.1152/japplphysiol.00575.2010,https://pubmed.ncbi.nlm.nih.gov/21127208/,https://europepmc.org/article/MED/21127208,https://scholar.google.com/scholar?q=%22Lymphocyte%20enzymatic%20antioxidant%20responses%20to%20oxidative%20stress%20following%20high-intensity%20interval%20exercise.%22,FS-001833.pdf,
library_not_OA,3,FS-002088,The effect of preseason training on mucosal immunity in male basketball players.,The Journal of sports medicine and physical fitness,2011,,22212276,,https://pubmed.ncbi.nlm.nih.gov/22212276/,https://europepmc.org/article/MED/22212276,https://scholar.google.com/scholar?q=%22The%20effect%20of%20preseason%20training%20on%20mucosal%20immunity%20in%20male%20basketball%20players.%22,FS-002088.pdf,
library_not_OA,3,FS-001310,Patterns of exercise-related inflammatory response in sickle cell trait carriers.,British journal of sports medicine,2010,10.1136/bjsm.2008.047530,18499764,https://doi.org/10.1136/bjsm.2008.047530,https://pubmed.ncbi.nlm.nih.gov/18499764/,https://europepmc.org/article/MED/18499764,https://scholar.google.com/scholar?q=%22Patterns%20of%20exercise-related%20inflammatory%20response%20in%20sickle%20cell%20trait%20carriers.%22,FS-001310.pdf,
library_not_OA,3,FS-001598,Effects of heavy endurance physical exercise on inflammatory markers in non-athletes.,Atherosclerosis,2010,10.1016/j.atherosclerosis.2009.10.025,19954777,https://doi.org/10.1016/j.atherosclerosis.2009.10.025,https://pubmed.ncbi.nlm.nih.gov/19954777/,https://europepmc.org/article/MED/19954777,https://scholar.google.com/scholar?q=%22Effects%20of%20heavy%20endurance%20physical%20exercise%20on%20inflammatory%20markers%20in%20non-athletes.%22,FS-001598.pdf,
library_not_OA,3,FS-001505,"Environmental conditions, air pollutants, and airway cells in runners: a longitudinal field study.",Journal of sports sciences,2009,10.1080/02640410902946493,19629842,https://doi.org/10.1080/02640410902946493,https://pubmed.ncbi.nlm.nih.gov/19629842/,https://europepmc.org/article/MED/19629842,https://scholar.google.com/scholar?q=%22Environmental%20conditions%2C%20air%20pollutants%2C%20and%20airway%20cells%20in%20runners%3A%20a%20longitudinal%20field%20study.%22,FS-001505.pdf,
library_not_OA,3,FS-002573,A common variation in the promoter region of interleukin-6 gene shows association with exercise performance.,Journal of sports science & medicine,2009,,24149537,,https://pubmed.ncbi.nlm.nih.gov/24149537/,https://europepmc.org/article/MED/24149537,https://scholar.google.com/scholar?q=%22A%20common%20variation%20in%20the%20promoter%20region%20of%20interleukin-6%20gene%20shows%20association%20with%20exercise%20performance.%22,FS-002573.pdf,
library_not_OA,3,FS-002578,The effect of tapering period on plasma pro-inflammatory cytokine levels and performance in elite male cyclists.,Journal of sports science & medicine,2009,,24149602,,https://pubmed.ncbi.nlm.nih.gov/24149602/,https://europepmc.org/article/MED/24149602,https://scholar.google.com/scholar?q=%22The%20effect%20of%20tapering%20period%20on%20plasma%20pro-inflammatory%20cytokine%20levels%20and%20performance%20in%20elite%20male%20cyclists.%22,FS-002578.pdf,
library_not_OA,3,FS-001269,Strenuous exercise activates growth factors and chemokines over-expression in human serum of top-level triathlon athletes during a competitive season.,Clinical chemistry and laboratory medicine,2008,10.1515/cclm.2008.050,18324908,https://doi.org/10.1515/cclm.2008.050,https://pubmed.ncbi.nlm.nih.gov/18324908/,https://europepmc.org/article/MED/18324908,https://scholar.google.com/scholar?q=%22Strenuous%20exercise%20activates%20growth%20factors%20and%20chemokines%20over-expression%20in%20human%20serum%20of%20top-level%20triathlon%20athletes%20during%20a%20competitive%20season.%22,FS-001269.pdf,
library_not_OA,3,FS-001280,Chronic quercetin ingestion and exercise-induced oxidative damage and inflammation.,"Applied physiology, nutrition, and metabolism = Physiologie appliquee, nutrition et metabolisme",2008,10.1139/h07-177,18347680,https://doi.org/10.1139/h07-177,https://pubmed.ncbi.nlm.nih.gov/18347680/,https://europepmc.org/article/MED/18347680,https://scholar.google.com/scholar?q=%22Chronic%20quercetin%20ingestion%20and%20exercise-induced%20oxidative%20damage%20and%20inflammation.%22,FS-001280.pdf,
library_not_OA,3,FS-001293,Cytokine responses to acute and chronic exercise in multiple sclerosis.,"Journal of applied physiology (Bethesda, Md. : 1985)",2008,10.1152/japplphysiol.00954.2007,18388249,https://doi.org/10.1152/japplphysiol.00954.2007,https://pubmed.ncbi.nlm.nih.gov/18388249/,https://europepmc.org/article/MED/18388249,https://scholar.google.com/scholar?q=%22Cytokine%20responses%20to%20acute%20and%20chronic%20exercise%20in%20multiple%20sclerosis.%22,FS-001293.pdf,
library_not_OA,3,FS-001339,The influence of increased training volume on cytokines and ghrelin concentration in college level male rowers.,European journal of applied physiology,2008,10.1007/s00421-008-0839-y,18665387,https://doi.org/10.1007/s00421-008-0839-y,https://pubmed.ncbi.nlm.nih.gov/18665387/,https://europepmc.org/article/MED/18665387,https://scholar.google.com/scholar?q=%22The%20influence%20of%20increased%20training%20volume%20on%20cytokines%20and%20ghrelin%20concentration%20in%20college%20level%20male%20rowers.%22,FS-001339.pdf,
library_not_OA,3,FS-001372,One-year endurance training: effects on lung function and airway inflammation.,Journal of sports sciences,2008,10.1080/02640410802123177,18828030,https://doi.org/10.1080/02640410802123177,https://pubmed.ncbi.nlm.nih.gov/18828030/,https://europepmc.org/article/MED/18828030,https://scholar.google.com/scholar?q=%22One-year%20endurance%20training%3A%20effects%20on%20lung%20function%20and%20airway%20inflammation.%22,FS-001372.pdf,
library_not_OA,3,FS-000995,The main neutrophil and neutrophil-related functions may compensate for each other following exercise - A finding from training in university judoists,Luminescence,2007,10.1002/bio.922,16871524,https://doi.org/10.1002/bio.922,https://pubmed.ncbi.nlm.nih.gov/16871524/,https://europepmc.org/article/MED/16871524,https://scholar.google.com/scholar?q=%22The%20main%20neutrophil%20and%20neutrophil-related%20functions%20may%20compensate%20for%20each%20other%20following%20exercise%20-%20A%20finding%20from%20training%20in%20university%20judoists%22,FS-000995.pdf,
library_not_OA,3,FS-001044,Effects of bovine colostrum supplementation on immune variables in highly trained cyclists.,"Journal of applied physiology (Bethesda, Md. : 1985)",2007,10.1152/japplphysiol.00553.2006,17095643,https://doi.org/10.1152/japplphysiol.00553.2006,https://pubmed.ncbi.nlm.nih.gov/17095643/,https://europepmc.org/article/MED/17095643,https://scholar.google.com/scholar?q=%22Effects%20of%20bovine%20colostrum%20supplementation%20on%20immune%20variables%20in%20highly%20trained%20cyclists.%22,FS-001044.pdf,
library_not_OA,3,FS-001146,Effect of heat acclimation on heat shock protein 72 and interleukin-10 in humans.,"Journal of applied physiology (Bethesda, Md. : 1985)",2007,10.1152/japplphysiol.00242.2007,17615280,https://doi.org/10.1152/japplphysiol.00242.2007,https://pubmed.ncbi.nlm.nih.gov/17615280/,https://europepmc.org/article/MED/17615280,https://scholar.google.com/scholar?q=%22Effect%20of%20heat%20acclimation%20on%20heat%20shock%20protein%2072%20and%20interleukin-10%20in%20humans.%22,FS-001146.pdf,
library_not_OA,3,FS-001172,Quercetin's influence on exercise-induced changes in plasma cytokines and muscle and leukocyte cytokine mRNA.,"Journal of applied physiology (Bethesda, Md. : 1985)",2007,10.1152/japplphysiol.00707.2007,17717114,https://doi.org/10.1152/japplphysiol.00707.2007,https://pubmed.ncbi.nlm.nih.gov/17717114/,https://europepmc.org/article/MED/17717114,https://scholar.google.com/scholar?q=%22Quercetin%27s%20influence%20on%20exercise-induced%20changes%20in%20plasma%20cytokines%20and%20muscle%20and%20leukocyte%20cytokine%20mRNA.%22,FS-001172.pdf,
library_not_OA,3,FS-001176,Quercetin reduces illness but not immune perturbations after intensive exercise.,Medicine and science in sports and exercise,2007,10.1249/mss.0b013e318076b566,17805089,https://doi.org/10.1249/mss.0b013e318076b566,https://pubmed.ncbi.nlm.nih.gov/17805089/,https://europepmc.org/article/MED/17805089,https://scholar.google.com/scholar?q=%22Quercetin%20reduces%20illness%20but%20not%20immune%20perturbations%20after%20intensive%20exercise.%22,FS-001176.pdf,
library_not_OA,3,FS-000912,"Serum concentrations of C reactive protein, alpha1 antitrypsin, and complement (C3, C4, C1 esterase inhibitor) before and during the Vuelta a Espańa.",British journal of sports medicine,2006,10.1136/bjsm.2005.019489,16431998,https://doi.org/10.1136/bjsm.2005.019489,https://pubmed.ncbi.nlm.nih.gov/16431998/,https://europepmc.org/article/MED/16431998,https://scholar.google.com/scholar?q=%22Serum%20concentrations%20of%20C%20reactive%20protein%2C%20alpha1%20antitrypsin%2C%20and%20complement%20%28C3%2C%20C4%2C%20C1%20esterase%20inhibitor%29%20before%20and%20during%20the%20Vuelta%20a%20Espa%C5%84a.%22,FS-000912.pdf,
library_not_OA,3,FS-000925,Antioxidant status and oxidative stress in professional rugby players: evolution throughout a season.,International journal of sports medicine,2006,10.1055/s-2005-837489,16475052,https://doi.org/10.1055/s-2005-837489,https://pubmed.ncbi.nlm.nih.gov/16475052/,https://europepmc.org/article/MED/16475052,https://scholar.google.com/scholar?q=%22Antioxidant%20status%20and%20oxidative%20stress%20in%20professional%20rugby%20players%3A%20evolution%20throughout%20a%20season.%22,FS-000925.pdf,
library_not_OA,3,FS-000953,Effects of AM3 (Inmunoferon) on increased serum concentrations of interleukin-6 and tumour necrosis factor receptors I and II in cyclists.,Journal of sports sciences,2006,10.1080/02640410500141158,16608770,https://doi.org/10.1080/02640410500141158,https://pubmed.ncbi.nlm.nih.gov/16608770/,https://europepmc.org/article/MED/16608770,https://scholar.google.com/scholar?q=%22Effects%20of%20AM3%20%28Inmunoferon%29%20on%20increased%20serum%20concentrations%20of%20interleukin-6%20and%20tumour%20necrosis%20factor%20receptors%20I%20and%20II%20in%20cyclists.%22,FS-000953.pdf,
library_not_OA,3,FS-000972,Salivary IgA response of triathletes participating in the French Iron Tour.,International journal of sports medicine,2006,10.1055/s-2005-865747,16729381,https://doi.org/10.1055/s-2005-865747,https://pubmed.ncbi.nlm.nih.gov/16729381/,https://europepmc.org/article/MED/16729381,https://scholar.google.com/scholar?q=%22Salivary%20IgA%20response%20of%20triathletes%20participating%20in%20the%20French%20Iron%20Tour.%22,FS-000972.pdf,
library_not_OA,3,FS-000983,Changes in mucosal and humoral atopic-related markers and immunoglobulins in elite cyclists participating in the Vuelta a España.,International journal of sports medicine,2006,10.1055/s-2005-865858,16802252,https://doi.org/10.1055/s-2005-865858,https://pubmed.ncbi.nlm.nih.gov/16802252/,https://europepmc.org/article/MED/16802252,https://scholar.google.com/scholar?q=%22Changes%20in%20mucosal%20and%20humoral%20atopic-related%20markers%20and%20immunoglobulins%20in%20elite%20cyclists%20participating%20in%20the%20Vuelta%20a%20Espa%C3%B1a.%22,FS-000983.pdf,
library_not_OA,3,FS-000990,Cell-free plasma DNA as a novel marker of aseptic inflammation severity related to exercise overtraining.,Clinical chemistry,2006,10.1373/clinchem.2006.070417,16840584,https://doi.org/10.1373/clinchem.2006.070417,https://pubmed.ncbi.nlm.nih.gov/16840584/,https://europepmc.org/article/MED/16840584,https://scholar.google.com/scholar?q=%22Cell-free%20plasma%20DNA%20as%20a%20novel%20marker%20of%20aseptic%20inflammation%20severity%20related%20to%20exercise%20overtraining.%22,FS-000990.pdf,
library_not_OA,3,FS-000681,CD94 expression and natural killer cell activity after acute exercise.,Journal of science and medicine in sport,2004,10.1016/s1440-2440(04)80015-x,15362321,https://doi.org/10.1016/s1440-2440(04)80015-x,https://pubmed.ncbi.nlm.nih.gov/15362321/,https://europepmc.org/article/MED/15362321,https://scholar.google.com/scholar?q=%22CD94%20expression%20and%20natural%20killer%20cell%20activity%20after%20acute%20exercise.%22,FS-000681.pdf,
library_not_OA,3,FS-000726,Behaviour of haematological parameters in athletes performing marathons and ultramarathons in altitude ('skyrunners').,Clinical and laboratory haematology,2004,10.1111/j.1365-2257.2004.00642.x,15595993,https://doi.org/10.1111/j.1365-2257.2004.00642.x,https://pubmed.ncbi.nlm.nih.gov/15595993/,https://europepmc.org/article/MED/15595993,https://scholar.google.com/scholar?q=%22Behaviour%20of%20haematological%20parameters%20in%20athletes%20performing%20marathons%20and%20ultramarathons%20in%20altitude%20%28%27skyrunners%27%29.%22,FS-000726.pdf,
library_not_OA,3,FS-000425,The biological and metabolic adaptations to 12 months training in elite rowers.,International journal of sports medicine,2003,10.1055/s-2003-37194,12582950,https://doi.org/10.1055/s-2003-37194,https://pubmed.ncbi.nlm.nih.gov/12582950/,https://europepmc.org/article/MED/12582950,https://scholar.google.com/scholar?q=%22The%20biological%20and%20metabolic%20adaptations%20to%2012%20months%20training%20in%20elite%20rowers.%22,FS-000425.pdf,
library_not_OA,3,FS-000450,Influence of iron status and iron supplements on natural killer cell activity in trained women runners.,International journal of sports medicine,2003,10.1055/s-2003-39095,12740743,https://doi.org/10.1055/s-2003-39095,https://pubmed.ncbi.nlm.nih.gov/12740743/,https://europepmc.org/article/MED/12740743,https://scholar.google.com/scholar?q=%22Influence%20of%20iron%20status%20and%20iron%20supplements%20on%20natural%20killer%20cell%20activity%20in%20trained%20women%20runners.%22,FS-000450.pdf,
library_not_OA,3,FS-000389,Performance enhancement with maintenance of resting immune status after intensified cycle training.,Clinical journal of sport medicine : official journal of the Canadian Academy of Sport Medicine,2002,10.1097/00042752-200209000-00008,12394203,https://doi.org/10.1097/00042752-200209000-00008,https://pubmed.ncbi.nlm.nih.gov/12394203/,https://europepmc.org/article/MED/12394203,https://scholar.google.com/scholar?q=%22Performance%20enhancement%20with%20maintenance%20of%20resting%20immune%20status%20after%20intensified%20cycle%20training.%22,FS-000389.pdf,
library_not_OA,3,FS-000274,Effects of a 7-day eccentric training period on muscle damage and inflammation.,Medicine and science in sports and exercise,2001,10.1097/00005768-200110000-00018,11581559,https://doi.org/10.1097/00005768-200110000-00018,https://pubmed.ncbi.nlm.nih.gov/11581559/,https://europepmc.org/article/MED/11581559,https://scholar.google.com/scholar?q=%22Effects%20of%20a%207-day%20eccentric%20training%20period%20on%20muscle%20damage%20and%20inflammation.%22,FS-000274.pdf,
library_not_OA,3,FS-000059,Physiological and psychometric variables for monitoring recovery during tapering for major competition.,Medicine and science in sports and exercise,1999,10.1097/00005768-199908000-00019,10449025,https://doi.org/10.1097/00005768-199908000-00019,https://pubmed.ncbi.nlm.nih.gov/10449025/,https://europepmc.org/article/MED/10449025,https://scholar.google.com/scholar?q=%22Physiological%20and%20psychometric%20variables%20for%20monitoring%20recovery%20during%20tapering%20for%20major%20competition.%22,FS-000059.pdf,
library_not_OA,3,FS-000076,"Endurance exercise causes interaction among stress hormones, cytokines, neutrophil dynamics, and muscle damage.","Journal of applied physiology (Bethesda, Md. : 1985)",1999,10.1152/jappl.1999.87.4.1360,10517764,https://doi.org/10.1152/jappl.1999.87.4.1360,https://pubmed.ncbi.nlm.nih.gov/10517764/,https://europepmc.org/article/MED/10517764,https://scholar.google.com/scholar?q=%22Endurance%20exercise%20causes%20interaction%20among%20stress%20hormones%2C%20cytokines%2C%20neutrophil%20dynamics%2C%20and%20muscle%20damage.%22,FS-000076.pdf,
library_not_OA,3,FS-007796,Effect of glutamine supplementation on changes in the immune system induced by repeated exercise.,Medicine and science in sports and exercise,1998,10.1097/00005768-199806000-00013,9624643,https://doi.org/10.1097/00005768-199806000-00013,https://pubmed.ncbi.nlm.nih.gov/9624643/,https://europepmc.org/article/MED/9624643,https://scholar.google.com/scholar?q=%22Effect%20of%20glutamine%20supplementation%20on%20changes%20in%20the%20immune%20system%20induced%20by%20repeated%20exercise.%22,FS-007796.pdf,
library_not_OA,3,FS-007775,Exercise test: leukocyte rheology and polymorphonuclear cystolic Ca2+ content in normals and in subjects submitted to coronary angioplasty.,Clinical hemorheology and microcirculation,1997,,9502526,,https://pubmed.ncbi.nlm.nih.gov/9502526/,https://europepmc.org/article/MED/9502526,https://scholar.google.com/scholar?q=%22Exercise%20test%3A%20leukocyte%20rheology%20and%20polymorphonuclear%20cystolic%20Ca2%2B%20content%20in%20normals%20and%20in%20subjects%20submitted%20to%20coronary%20angioplasty.%22,FS-007775.pdf,
library_not_OA,3,FS-007639,Effects of exhaustive endurance exercise and its one-week daily repetition on neutrophil count and functional status in untrained men.,International journal of sports medicine,1996,10.1055/s-2007-972833,8739575,https://doi.org/10.1055/s-2007-972833,https://pubmed.ncbi.nlm.nih.gov/8739575/,https://europepmc.org/article/MED/8739575,https://scholar.google.com/scholar?q=%22Effects%20of%20exhaustive%20endurance%20exercise%20and%20its%20one-week%20daily%20repetition%20on%20neutrophil%20count%20and%20functional%20status%20in%20untrained%20men.%22,FS-007639.pdf,
library_not_OA,3,FS-007642,Lymphocytes and NK cell activity during repeated bouts of maximal exercise.,The American journal of physiology,1996,10.1152/ajpregu.1996.271.1.r222,8760224,https://doi.org/10.1152/ajpregu.1996.271.1.r222,https://pubmed.ncbi.nlm.nih.gov/8760224/,https://europepmc.org/article/MED/8760224,https://scholar.google.com/scholar?q=%22Lymphocytes%20and%20NK%20cell%20activity%20during%20repeated%20bouts%20of%20maximal%20exercise.%22,FS-007642.pdf,
library_not_OA,3,FS-011807,"Nutritional, immunologic and psychological responses to a 7250 km run",Journal of Sports Medicine and Physical Fitness,1996,,8898521,,https://pubmed.ncbi.nlm.nih.gov/8898521/,https://europepmc.org/article/MED/8898521,https://scholar.google.com/scholar?q=%22Nutritional%2C%20immunologic%20and%20psychological%20responses%20to%20a%207250%20km%20run%22,FS-011807.pdf,
library_not_OA,3,FS-007501,Leucocytosis as a marker of organ damage induced by chronic strenuous physical exercise.,European journal of applied physiology and occupational physiology,1995,10.1007/bf00618492,7671876,https://doi.org/10.1007/bf00618492,https://pubmed.ncbi.nlm.nih.gov/7671876/,https://europepmc.org/article/MED/7671876,https://scholar.google.com/scholar?q=%22Leucocytosis%20as%20a%20marker%20of%20organ%20damage%20induced%20by%20chronic%20strenuous%20physical%20exercise.%22,FS-007501.pdf,
library_not_OA,3,FS-013867,EXERCISE-INDUCED MODULATION OF IMMUNE PARAMETERS,BIOCHEMICAL SOCIETY TRANSACTIONS,1995,10.1042/bst023124s,,https://doi.org/10.1042/bst023124s,,https://europepmc.org/abstract/DOI/10.1042/bst023124s,https://scholar.google.com/scholar?q=%22EXERCISE-INDUCED%20MODULATION%20OF%20IMMUNE%20PARAMETERS%22,FS-013867.pdf,
library_not_OA,3,FS-007528,"Leucocytes, lymphocytes, activation parameters and cell adhesion molecules in middle-distance runners under different training conditions.",International journal of sports medicine,1994,10.1055/s-2007-1021126,7883393,https://doi.org/10.1055/s-2007-1021126,https://pubmed.ncbi.nlm.nih.gov/7883393/,https://europepmc.org/article/MED/7883393,https://scholar.google.com/scholar?q=%22Leucocytes%2C%20lymphocytes%2C%20activation%20parameters%20and%20cell%20adhesion%20molecules%20in%20middle-distance%20runners%20under%20different%20training%20conditions.%22,FS-007528.pdf,
library_not_OA,3,FS-007602,Short and medium-term influence of physical activity on immune parameters.,The International journal of neuroscience,1993,10.3109/00207459309000609,8407151,https://doi.org/10.3109/00207459309000609,https://pubmed.ncbi.nlm.nih.gov/8407151/,https://europepmc.org/article/MED/8407151,https://scholar.google.com/scholar?q=%22Short%20and%20medium-term%20influence%20of%20physical%20activity%20on%20immune%20parameters.%22,FS-007602.pdf,
library_not_OA,3,FS-000719,Effects of chronic intense exercise training on the leukocyte response to acute exercise.,International journal of sports medicine,1992,10.1055/s-2007-1021252,1555910,https://doi.org/10.1055/s-2007-1021252,https://pubmed.ncbi.nlm.nih.gov/1555910/,https://europepmc.org/article/MED/1555910,https://scholar.google.com/scholar?q=%22Effects%20of%20chronic%20intense%20exercise%20training%20on%20the%20leukocyte%20response%20to%20acute%20exercise.%22,FS-000719.pdf,
library_not_OA,3,FS-001904,Changes in lymphocyte subpopulations after prolonged exercise.,International journal of sports medicine,1990,10.1055/s-2007-1024777,2140110,https://doi.org/10.1055/s-2007-1024777,https://pubmed.ncbi.nlm.nih.gov/2140110/,https://europepmc.org/article/MED/2140110,https://scholar.google.com/scholar?q=%22Changes%20in%20lymphocyte%20subpopulations%20after%20prolonged%20exercise.%22,FS-001904.pdf,
library_not_OA,3,FS-001905,Lymphocyte subset responses to repeated submaximal exercise in men.,"Journal of applied physiology (Bethesda, Md. : 1985)",1990,10.1152/jappl.1990.68.3.1069,2140346,https://doi.org/10.1152/jappl.1990.68.3.1069,https://pubmed.ncbi.nlm.nih.gov/2140346/,https://europepmc.org/article/MED/2140346,https://scholar.google.com/scholar?q=%22Lymphocyte%20subset%20responses%20to%20repeated%20submaximal%20exercise%20in%20men.%22,FS-001905.pdf,
library_not_OA,3,FS-007404,Neutrophil chemotactic factor and exercise-induced asthma.,Agents and actions. Supplements,1983,,6408915,,https://pubmed.ncbi.nlm.nih.gov/6408915/,https://europepmc.org/article/MED/6408915,https://scholar.google.com/scholar?q=%22Neutrophil%20chemotactic%20factor%20and%20exercise-induced%20asthma.%22,FS-007404.pdf,
library_not_OA,3,FS-007452,Lack of release of platelet factor 4 during exercise-induced myocardial ischemia.,The New England journal of medicine,1981,10.1056/nejm198105213042106,7219473,https://doi.org/10.1056/nejm198105213042106,https://pubmed.ncbi.nlm.nih.gov/7219473/,https://europepmc.org/article/MED/7219473,https://scholar.google.com/scholar?q=%22Lack%20of%20release%20of%20platelet%20factor%204%20during%20exercise-induced%20myocardial%20ischemia.%22,FS-007452.pdf,
not_indexed,1,FS-007953,Machine Learning-based Classification of Exercise Status Using miR-21 Expression and Multivariable Participant Profiles,Biomedical and Biotechnology Research Journal,2026,10.4103/bbrj.bbrj_72_26,,https://doi.org/10.4103/bbrj.bbrj_72_26,,https://europepmc.org/abstract/DOI/10.4103/bbrj.bbrj_72_26,https://scholar.google.com/scholar?q=%22Machine%20Learning-based%20Classification%20of%20Exercise%20Status%20Using%20miR-21%20Expression%20and%20Multivariable%20Participant%20Profiles%22,FS-007953.pdf,
not_indexed,1,FS-008228,Monitoring training loads in an elite sprint swimmer: a case report; [Monitoramento das cargas de treinamento em nadador de velocidade de elite: relato de caso],Revista Brasileira de Cineantropometria e Desempenho Humano,2025,10.1590/1980-0037.2025v27e99591,,https://doi.org/10.1590/1980-0037.2025v27e99591,,https://europepmc.org/abstract/DOI/10.1590/1980-0037.2025v27e99591,https://scholar.google.com/scholar?q=%22Monitoring%20training%20loads%20in%20an%20elite%20sprint%20swimmer%3A%20a%20case%20report%3B%20%5BMonitoramento%20das%20cargas%20de%20treinamento%20em%20nadador%20de%20velocidade%20de%20elite%3A%20relato%20de%20caso%5D%22,FS-008228.pdf,
not_indexed,1,FS-008738,"Prediction of Aerobic and Anaerobic Capacity from Selected Oxidative Stress Parameters, Muscle Damage Indices and Inflammatory Markers in Soccer and Hockey Players",Polish Journal of Sport and Tourism,2023,10.2478/pjst-2023-0001,,https://doi.org/10.2478/pjst-2023-0001,,https://europepmc.org/abstract/DOI/10.2478/pjst-2023-0001,https://scholar.google.com/scholar?q=%22Prediction%20of%20Aerobic%20and%20Anaerobic%20Capacity%20from%20Selected%20Oxidative%20Stress%20Parameters%2C%20Muscle%20Damage%20Indices%20and%20Inflammatory%20Markers%20in%20Soccer%20and%20Hockey%20Players%22,FS-008738.pdf,
not_indexed,1,FS-008929,"Bioelectrical Phase Angle, Muscle Damage Markers and Inflammatory Response after a Competitive Match in Professional Soccer Players",Polish Journal of Sport and Tourism,2021,10.2478/pjst-2021-0014,,https://doi.org/10.2478/pjst-2021-0014,,https://europepmc.org/abstract/DOI/10.2478/pjst-2021-0014,https://scholar.google.com/scholar?q=%22Bioelectrical%20Phase%20Angle%2C%20Muscle%20Damage%20Markers%20and%20Inflammatory%20Response%20after%20a%20Competitive%20Match%20in%20Professional%20Soccer%20Players%22,FS-008929.pdf,
not_indexed,1,FS-009361,Changes of cardiac biomarkers in ultramarathon runners,Physical Activity Review,2019,10.16926/par.2019.07.11,,https://doi.org/10.16926/par.2019.07.11,,https://europepmc.org/abstract/DOI/10.16926/par.2019.07.11,https://scholar.google.com/scholar?q=%22Changes%20of%20cardiac%20biomarkers%20in%20ultramarathon%20runners%22,FS-009361.pdf,
not_indexed,1,FS-009509,"High performance liquid chromatography coupled to electrospray ionisation mass spectrometry method for the detection of salivary human neutrophil alpha defensins HNP1, HNP2, HNP3 and HNP4",Analytical Methods,2017,10.1039/c7ay01676j,,https://doi.org/10.1039/c7ay01676j,,https://europepmc.org/abstract/DOI/10.1039/c7ay01676j,https://scholar.google.com/scholar?q=%22High%20performance%20liquid%20chromatography%20coupled%20to%20electrospray%20ionisation%20mass%20spectrometry%20method%20for%20the%20detection%20of%20salivary%20human%20neutrophil%20alpha%20defensins%20HNP1%2C%20HNP2%2C%20HNP3%20and%20HNP4%22,FS-009509.pdf,
not_indexed,1,FS-003290,Salivary immunoglobulin free light chains: reference ranges and responses to exercise in young and older adults.,Exercise immunology review,2016,10.22029/eir.2016.1707,26853488,https://doi.org/10.22029/eir.2016.1707,https://pubmed.ncbi.nlm.nih.gov/26853488/,https://europepmc.org/article/MED/26853488,https://scholar.google.com/scholar?q=%22Salivary%20immunoglobulin%20free%20light%20chains%3A%20reference%20ranges%20and%20responses%20to%20exercise%20in%20young%20and%20older%20adults.%22,FS-003290.pdf,
not_indexed,1,FS-002536,Cytokine kinetics in nasal mucosa and sera: new insights in understanding upper-airway disease of marathon runners.,Exercise immunology review,2013,10.22029/eir.2013.1677,23977719,https://doi.org/10.22029/eir.2013.1677,https://pubmed.ncbi.nlm.nih.gov/23977719/,https://europepmc.org/article/MED/23977719,https://scholar.google.com/scholar?q=%22Cytokine%20kinetics%20in%20nasal%20mucosa%20and%20sera%3A%20new%20insights%20in%20understanding%20upper-airway%20disease%20of%20marathon%20runners.%22,FS-002536.pdf,
not_indexed,1,FS-010457,Intra- and interrater reliability of morphologically evaluated lymphocyte apoptosis in trained and untrained observers,Biology of Sport,2011,10.5604/965481,,https://doi.org/10.5604/965481,,https://europepmc.org/abstract/DOI/10.5604/965481,https://scholar.google.com/scholar?q=%22Intra-%20and%20interrater%20reliability%20of%20morphologically%20evaluated%20lymphocyte%20apoptosis%20in%20trained%20and%20untrained%20observers%22,FS-010457.pdf,
not_indexed,1,FS-010763,"Leukocyte, neutrophil, immature granulocyte counts and interleukin-6 are superior to procalcitonin, C-reactive protein and delta-He for detection of mild inflammation: Data from marathon runners producing mild systemic inflammation visible immediately after the run",LaboratoriumsMedizin,2010,10.1515/JLM.2010.005,,https://doi.org/10.1515/JLM.2010.005,,https://europepmc.org/abstract/DOI/10.1515/JLM.2010.005,https://scholar.google.com/scholar?q=%22Leukocyte%2C%20neutrophil%2C%20immature%20granulocyte%20counts%20and%20interleukin-6%20are%20superior%20to%20procalcitonin%2C%20C-reactive%20protein%20and%20delta-He%20for%20detection%20of%20mild%20inflammation%3A%20Data%20from%20marathon%20runners%20producing%20mild%20systemic%20inflammation%20visible%20immediately%20after%20the%20run%22,FS-010763.pdf,
not_indexed,1,FS-001787,The effect of exercise on plasma soluble IL-6 receptor concentration: a dichotomous response.,Exercise immunology review,2010,10.22029/eir.2010.1651,20839491,https://doi.org/10.22029/eir.2010.1651,https://pubmed.ncbi.nlm.nih.gov/20839491/,https://europepmc.org/article/MED/20839491,https://scholar.google.com/scholar?q=%22The%20effect%20of%20exercise%20on%20plasma%20soluble%20IL-6%20receptor%20concentration%3A%20a%20dichotomous%20response.%22,FS-001787.pdf,
not_indexed,1,FS-011007,Lymphocyte HSP72 following exercise in hyperthermic runners: The effect of temperature,Journal of Thermal Biology,2007,10.1016/j.jtherbio.2007.07.001,,https://doi.org/10.1016/j.jtherbio.2007.07.001,,https://europepmc.org/abstract/DOI/10.1016/j.jtherbio.2007.07.001,https://scholar.google.com/scholar?q=%22Lymphocyte%20HSP72%20following%20exercise%20in%20hyperthermic%20runners%3A%20The%20effect%20of%20temperature%22,FS-011007.pdf,
not_indexed,1,FS-011033,Muscle trauma and immune activation after a downhill marathon (Tyrolean Speed Marathon),Pteridines,2006,10.1515/pteridines.2006.17.4.121,,https://doi.org/10.1515/pteridines.2006.17.4.121,,https://europepmc.org/abstract/DOI/10.1515/pteridines.2006.17.4.121,https://scholar.google.com/scholar?q=%22Muscle%20trauma%20and%20immune%20activation%20after%20a%20downhill%20marathon%20%28Tyrolean%20Speed%20Marathon%29%22,FS-011033.pdf,
not_indexed,1,FS-011064,Mucosal IgA response to intense intermittent exercise in healthy male and female adults,Journal of Exercise Physiology Online,2004,,,,,,https://scholar.google.com/scholar?q=%22Mucosal%20IgA%20response%20to%20intense%20intermittent%20exercise%20in%20healthy%20male%20and%20female%20adults%22,FS-011064.pdf,
not_indexed,1,FS-013731,"Effect of marathon running on hematologic and biochemical laboratory parameters, including cardiac markers",AMERICAN JOURNAL OF CLINICAL PATHOLOGY,2002,10.1092/BTWQ5YMYVQ67QK9L,,https://doi.org/10.1092/BTWQ5YMYVQ67QK9L,,https://europepmc.org/abstract/DOI/10.1092/BTWQ5YMYVQ67QK9L,https://scholar.google.com/scholar?q=%22Effect%20of%20marathon%20running%20on%20hematologic%20and%20biochemical%20laboratory%20parameters%2C%20including%20cardiac%20markers%22,FS-013731.pdf,
not_indexed,1,FS-011687,Temporal relationship between decreased salivary IgA and upper respiratory tract infection in elite athletes,Australian Journal of Science and Medicine in Sport,1993,,,,,,https://scholar.google.com/scholar?q=%22Temporal%20relationship%20between%20decreased%20salivary%20IgA%20and%20upper%20respiratory%20tract%20infection%20in%20elite%20athletes%22,FS-011687.pdf,
not_indexed,1,FS-007384,Mediators in exercise-induced asthma.,The Journal of allergy and clinical immunology,1984,10.1016/0091-6749(84)90296-3,6201522,https://doi.org/10.1016/0091-6749(84)90296-3,https://pubmed.ncbi.nlm.nih.gov/6201522/,https://europepmc.org/article/MED/6201522,https://scholar.google.com/scholar?q=%22Mediators%20in%20exercise-induced%20asthma.%22,FS-007384.pdf,
not_indexed,1,FS-013023,The leukopenic index - With reference to normal white blood cell variations,AMERICAN JOURNAL OF THE MEDICAL SCIENCES,1937,10.1016/s0021-8707(37)90440-4,,https://doi.org/10.1016/s0021-8707(37)90440-4,,https://europepmc.org/abstract/DOI/10.1016/s0021-8707(37)90440-4,https://scholar.google.com/scholar?q=%22The%20leukopenic%20index%20-%20With%20reference%20to%20normal%20white%20blood%20cell%20variations%22,FS-013023.pdf,
not_indexed,2,FS-006861,Exploratory analysis of the impact of sex on sputum proteomic response to inhaled wood smoke in humans.,Toxicological sciences : an official journal of the Society of Toxicology,2026,10.1093/toxsci/kfaf150,41134656,https://doi.org/10.1093/toxsci/kfaf150,https://pubmed.ncbi.nlm.nih.gov/41134656/,https://europepmc.org/article/MED/41134656,https://scholar.google.com/scholar?q=%22Exploratory%20analysis%20of%20the%20impact%20of%20sex%20on%20sputum%20proteomic%20response%20to%20inhaled%20wood%20smoke%20in%20humans.%22,FS-006861.pdf,
not_indexed,2,FS-004513,Interval Exercise Lowers Circulating CD105 Extracellular Vesicles in Prediabetes.,Medicine and science in sports and exercise,2020,10.1249/mss.0000000000002185,31609300,https://doi.org/10.1249/mss.0000000000002185,https://pubmed.ncbi.nlm.nih.gov/31609300/,https://europepmc.org/article/MED/31609300,https://scholar.google.com/scholar?q=%22Interval%20Exercise%20Lowers%20Circulating%20CD105%20Extracellular%20Vesicles%20in%20Prediabetes.%22,FS-004513.pdf,
not_indexed,2,FS-010498,Human plasma inflammatory response during 5 days of exercise training in the heat,Journal of Thermal Biology,2011,10.1016/j.jtherbio.2011.03.013,,https://doi.org/10.1016/j.jtherbio.2011.03.013,,https://europepmc.org/abstract/DOI/10.1016/j.jtherbio.2011.03.013,https://scholar.google.com/scholar?q=%22Human%20plasma%20inflammatory%20response%20during%205%20days%20of%20exercise%20training%20in%20the%20heat%22,FS-010498.pdf,
not_indexed,2,FS-000901,CDNA-microarray analysis as a research tool for expression profiling in human peripheral blood following exercise.,Exercise immunology review,2005,10.22029/eir.2005.1617,16385846,https://doi.org/10.22029/eir.2005.1617,https://pubmed.ncbi.nlm.nih.gov/16385846/,https://europepmc.org/article/MED/16385846,https://scholar.google.com/scholar?q=%22CDNA-microarray%20analysis%20as%20a%20research%20tool%20for%20expression%20profiling%20in%20human%20peripheral%20blood%20following%20exercise.%22,FS-000901.pdf,
not_indexed,3,FS-007992,Sex-specific features of neuroendocrine and immune responses in women and men during the Ukrainian Antarctic Expedition; [Статево-специфічні особливості нейроендокринних та імунних реакцій у жінок та чоловіків під час Української антарктичної експедиції],Ukrainian Antarctic Journal,2026,10.33275/1727-7485.1.2026.762,,https://doi.org/10.33275/1727-7485.1.2026.762,,https://europepmc.org/abstract/DOI/10.33275/1727-7485.1.2026.762,https://scholar.google.com/scholar?q=%22Sex-specific%20features%20of%20neuroendocrine%20and%20immune%20responses%20in%20women%20and%20men%20during%20the%20Ukrainian%20Antarctic%20Expedition%3B%20%5B%D0%A1%D1%82%D0%B0%D1%82%D0%B5%D0%B2%D0%BE-%D1%81%D0%BF%D0%B5%D1%86%D0%B8%D1%84%D1%96%D1%87%D0%BD%D1%96%20%D0%BE%D1%81%D0%BE%D0%B1%D0%BB%D0%B8%D0%B2%D0%BE%D1%81%D1%82%D1%96%20%D0%BD%D0%B5%D0%B9%D1%80%D0%BE%D0%B5%D0%BD%D0%B4%D0%BE%D0%BA%D1%80%D0%B8%D0%BD%D0%BD%D0%B8%D1%85%20%D1%82%D0%B0%20%D1%96%D0%BC%D1%83%D0%BD%D0%BD%D0%B8%D1%85%20%D1%80%D0%B5%D0%B0%D0%BA%D1%86%D1%96%D0%B9%20%D1%83%20%D0%B6%D1%96%D0%BD%D0%BE%D0%BA%20%D1%82%D0%B0%20%D1%87%D0%BE%D0%BB%D0%BE%D0%B2%D1%96%D0%BA%D1%96%D0%B2%20%D0%BF%D1%96%D0%B4%20%D1%87%D0%B0%D1%81%20%D0%A3%D0%BA%D1%80%D0%B0%D1%97%D0%BD%D1%81%D1%8C%D0%BA%D0%BE%D1%97%20%D0%B0%D0%BD%D1%82%D0%B0%D1%80%D0%BA%D1%82%D0%B8%D1%87%D0%BD%D0%BE%D1%97%20%D0%B5%D0%BA%D1%81%D0%BF%D0%B5%D0%B4%D0%B8%D1%86%D1%96%D1%97%5D%22,FS-007992.pdf,
not_indexed,3,FS-008227,Effects of Congested Matches and Training Schedules on Salivary Markers in Elite Futsal Players,Applied Sciences (Switzerland),2024,10.3390/app14124968,,https://doi.org/10.3390/app14124968,,https://europepmc.org/abstract/DOI/10.3390/app14124968,https://scholar.google.com/scholar?q=%22Effects%20of%20Congested%20Matches%20and%20Training%20Schedules%20on%20Salivary%20Markers%20in%20Elite%20Futsal%20Players%22,FS-008227.pdf,
not_indexed,3,FS-009093,Seasonal analysis (Six-Months) of blood parameters of Kyrgyz elite athletics athletes before 2016 Rio Olympics Games,Acta Medica Mediterranea,2021,10.19193/0393-6384_2021_2_168,,https://doi.org/10.19193/0393-6384_2021_2_168,,https://europepmc.org/abstract/DOI/10.19193/0393-6384_2021_2_168,https://scholar.google.com/scholar?q=%22Seasonal%20analysis%20%28Six-Months%29%20of%20blood%20parameters%20of%20Kyrgyz%20elite%20athletics%20athletes%20before%202016%20Rio%20Olympics%20Games%22,FS-009093.pdf,
not_indexed,3,FS-009341,Salivary IgA and pre-training wellness status across an international soccer qualifying and finals campaign (Euro 2016),International Journal of Sports Science and Coaching,2018,10.1177/1747954118779656,,https://doi.org/10.1177/1747954118779656,,https://europepmc.org/abstract/DOI/10.1177/1747954118779656,https://scholar.google.com/scholar?q=%22Salivary%20IgA%20and%20pre-training%20wellness%20status%20across%20an%20international%20soccer%20qualifying%20and%20finals%20campaign%20%28Euro%202016%29%22,FS-009341.pdf,
not_indexed,3,FS-009498,Nonconventional and conventional biomarkers evaluated in gold medalists beach volleyball players during the 2015 and 2016 seasons (Pre-olympic and olympic years),Journal of Physical Education and Sport,2018,10.7752/jpes.2018.03259,,https://doi.org/10.7752/jpes.2018.03259,,https://europepmc.org/abstract/DOI/10.7752/jpes.2018.03259,https://scholar.google.com/scholar?q=%22Nonconventional%20and%20conventional%20biomarkers%20evaluated%20in%20gold%20medalists%20beach%20volleyball%20players%20during%20the%202015%20and%202016%20seasons%20%28Pre-olympic%20and%20olympic%20years%29%22,FS-009498.pdf,
not_indexed,3,FS-009520,Daily hematologic assessment during a 230-km multistage ultramarathon; [Avaliação hematológica diária durante uma ultramaratona de múltiplos estágios de 230 km]; [Evaluación hematológica diaria durante una ultramaratón de múltiples etapas de 230 km],Revista Brasileira de Medicina do Esporte,2018,10.1590/1517-869220182403171999,,https://doi.org/10.1590/1517-869220182403171999,,https://europepmc.org/abstract/DOI/10.1590/1517-869220182403171999,https://scholar.google.com/scholar?q=%22Daily%20hematologic%20assessment%20during%20a%20230-km%20multistage%20ultramarathon%3B%20%5BAvalia%C3%A7%C3%A3o%20hematol%C3%B3gica%20di%C3%A1ria%20durante%20uma%20ultramaratona%20de%20m%C3%BAltiplos%20est%C3%A1gios%20de%20230%20km%5D%3B%20%5BEvaluaci%C3%B3n%20hematol%C3%B3gica%20diaria%20durante%20una%20ultramarat%C3%B3n%20de%20m%C3%BAltiples%20etapas%20de%20230%20km%5D%22,FS-009520.pdf,
not_indexed,3,FS-009547,"Cytokine, physiological, technical–tactical and time structure responses in simulated judo competition",International Journal of Performance Analysis in Sport,2018,10.1080/24748668.2018.1501993,,https://doi.org/10.1080/24748668.2018.1501993,,https://europepmc.org/abstract/DOI/10.1080/24748668.2018.1501993,https://scholar.google.com/scholar?q=%22Cytokine%2C%20physiological%2C%20technical%E2%80%93tactical%20and%20time%20structure%20responses%20in%20simulated%20judo%20competition%22,FS-009547.pdf,
not_indexed,3,FS-009633,The <i>Bifidobacterim bifidum</i> (BIB2) Probiotic Increased Immune System Factors in Men Sprint Athletes,CURRENT NUTRITION & FOOD SCIENCE,2018,10.2174/1573401313666170725114130,,https://doi.org/10.2174/1573401313666170725114130,,https://europepmc.org/abstract/DOI/10.2174/1573401313666170725114130,https://scholar.google.com/scholar?q=%22The%20%3Ci%3EBifidobacterim%20bifidum%3C/i%3E%20%28BIB2%29%20Probiotic%20Increased%20Immune%20System%20Factors%20in%20Men%20Sprint%20Athletes%22,FS-009633.pdf,
not_indexed,3,FS-013408,The Responses of Physiological Stress during Table Tennis Competition in Elite Female Players,ANNALS OF APPLIED SPORT SCIENCE,2016,10.18869/acadpub.aassjournal.4.2.17,,https://doi.org/10.18869/acadpub.aassjournal.4.2.17,,https://europepmc.org/abstract/DOI/10.18869/acadpub.aassjournal.4.2.17,https://scholar.google.com/scholar?q=%22The%20Responses%20of%20Physiological%20Stress%20during%20Table%20Tennis%20Competition%20in%20Elite%20Female%20Players%22,FS-013408.pdf,
not_indexed,3,FS-003022,Circulatory endotoxin concentration and cytokine profile in response to exertional-heat stress during a multi-stage ultra-marathon competition.,Exercise immunology review,2015,10.22029/eir.2015.1699,25830597,https://doi.org/10.22029/eir.2015.1699,https://pubmed.ncbi.nlm.nih.gov/25830597/,https://europepmc.org/article/MED/25830597,https://scholar.google.com/scholar?q=%22Circulatory%20endotoxin%20concentration%20and%20cytokine%20profile%20in%20response%20to%20exertional-heat%20stress%20during%20a%20multi-stage%20ultra-marathon%20competition.%22,FS-003022.pdf,
not_indexed,3,FS-010165,Evaluation of 6-month periodisation in male ekiden runners by assessment of muscle fatigue and immune function,Hirosaki Medical Journal,2014,,,,,,https://scholar.google.com/scholar?q=%22Evaluation%20of%206-month%20periodisation%20in%20male%20ekiden%20runners%20by%20assessment%20of%20muscle%20fatigue%20and%20immune%20function%22,FS-010165.pdf,
not_indexed,3,FS-010649,Monitoring biological and psychological measures throughout an entire season in male handball players,European Journal of Sport Science,2010,10.1080/17461391003699070,,https://doi.org/10.1080/17461391003699070,,https://europepmc.org/abstract/DOI/10.1080/17461391003699070,https://scholar.google.com/scholar?q=%22Monitoring%20biological%20and%20psychological%20measures%20throughout%20an%20entire%20season%20in%20male%20handball%20players%22,FS-010649.pdf,
not_indexed,3,FS-010740,Effect of sensory stimulation on salivary IgA secretion rate in karate players,Biology of Sport,2010,10.5604/20831862.927493,,https://doi.org/10.5604/20831862.927493,,https://europepmc.org/abstract/DOI/10.5604/20831862.927493,https://scholar.google.com/scholar?q=%22Effect%20of%20sensory%20stimulation%20on%20salivary%20IgA%20secretion%20rate%20in%20karate%20players%22,FS-010740.pdf,
not_indexed,3,FS-010790,Biomedical aspects of 51 consecutive marathons; [Aspetti biomedici di 51 maratone consecutive],Medicina dello Sport,2010,,,,,,https://scholar.google.com/scholar?q=%22Biomedical%20aspects%20of%2051%20consecutive%20marathons%3B%20%5BAspetti%20biomedici%20di%2051%20maratone%20consecutive%5D%22,FS-010790.pdf,
not_indexed,3,FS-013573,Biomedical aspects of 51 consecutive marathons,MEDICINA DELLO SPORT,2010,,,,,,https://scholar.google.com/scholar?q=%22Biomedical%20aspects%20of%2051%20consecutive%20marathons%22,FS-013573.pdf,
not_indexed,3,FS-010849,"Muscle damage, inflammation, and recovery interventions during a 3-day basketball tournament",European Journal of Sport Science,2008,10.1080/17461390802251844,,https://doi.org/10.1080/17461390802251844,,https://europepmc.org/abstract/DOI/10.1080/17461390802251844,https://scholar.google.com/scholar?q=%22Muscle%20damage%2C%20inflammation%2C%20and%20recovery%20interventions%20during%20a%203-day%20basketball%20tournament%22,FS-010849.pdf,
not_indexed,3,FS-010827,Reduction in resting plasma granulysin as a marker of increased training load,Exercise Immunology Review,2007,10.22029/eir.2007.1633,18198663,https://doi.org/10.22029/eir.2007.1633,https://pubmed.ncbi.nlm.nih.gov/18198663/,https://europepmc.org/article/MED/18198663,https://scholar.google.com/scholar?q=%22Reduction%20in%20resting%20plasma%20granulysin%20as%20a%20marker%20of%20increased%20training%20load%22,FS-010827.pdf,
not_indexed,3,FS-010873,Role of lung inflammatory mediators as a cause of training-induced lung function changes in runners,Science and Sports,2007,10.1016/j.scispo.2006.09.005,,https://doi.org/10.1016/j.scispo.2006.09.005,,https://europepmc.org/abstract/DOI/10.1016/j.scispo.2006.09.005,https://scholar.google.com/scholar?q=%22Role%20of%C2%A0lung%20inflammatory%20mediators%20as%C2%A0a%C2%A0cause%20of%C2%A0training-induced%20lung%20function%20changes%20in%C2%A0runners%22,FS-010873.pdf,
not_indexed,3,FS-000731,Effects of acute exhaustive exercise and chronic exercise training on type 1 and type 2 T lymphocytes.,Exercise immunology review,2004,10.22029/eir.2004.1608,15633589,https://doi.org/10.22029/eir.2004.1608,https://pubmed.ncbi.nlm.nih.gov/15633589/,https://europepmc.org/article/MED/15633589,https://scholar.google.com/scholar?q=%22Effects%20of%20acute%20exhaustive%20exercise%20and%20chronic%20exercise%20training%20on%20type%201%20and%20type%202%20T%20lymphocytes.%22,FS-000731.pdf,
not_indexed,3,FS-015048,The effects of eccentric exercise-induced muscle damage on peripheral blood neutrophil respiratory burst response and activation status in humans,JOURNAL OF SPORTS SCIENCES,2003,,,,,,https://scholar.google.com/scholar?q=%22The%20effects%20of%20eccentric%20exercise-induced%20muscle%20damage%20on%20peripheral%20blood%20neutrophil%20respiratory%20burst%20response%20and%20activation%20status%20in%20humans%22,FS-015048.pdf,
not_indexed,3,FS-015049,The effect of exercise-induced muscle damage on neutrophil function,JOURNAL OF SPORTS SCIENCES,2003,,,,,,https://scholar.google.com/scholar?q=%22The%20effect%20of%20exercise-induced%20muscle%20damage%20on%20neutrophil%20function%22,FS-015049.pdf,
not_indexed,3,FS-012651,Can white blood cell activation be one of the major factors that affect hemorheological parameters during and after exercise?,CLINICAL HEMORHEOLOGY AND MICROCIRCULATION,2002,,,,,,https://scholar.google.com/scholar?q=%22Can%20white%20blood%20cell%20activation%20be%20one%20of%20the%20major%20factors%20that%20affect%20hemorheological%20parameters%20during%20and%20after%20exercise%3F%22,FS-012651.pdf,
not_indexed,3,FS-011580,The adaptable change of the function of T lymphocytes for physical exercise with oxygen,"Journal of Xi'an Medical University, English Edition",2001,,,,,,https://scholar.google.com/scholar?q=%22The%20adaptable%20change%20of%20the%20function%20of%20T%20lymphocytes%20for%20physical%20exercise%20with%20oxygen%22,FS-011580.pdf,
not_indexed,3,FS-011412,Psychological and immunological effects of massage after sport,International Journal of Therapy and Rehabilitation,2000,10.12968/bjtr.2000.7.12.13831,,https://doi.org/10.12968/bjtr.2000.7.12.13831,,https://europepmc.org/abstract/DOI/10.12968/bjtr.2000.7.12.13831,https://scholar.google.com/scholar?q=%22Psychological%20and%20immunological%20effects%20of%20massage%20after%20sport%22,FS-011412.pdf,
not_indexed,3,FS-013794,Effects of maximal exercise on nonspecific immunity in athletes under trained and detrained conditions,JAPANESE JOURNAL OF PHYSICAL FITNESS AND SPORTS MEDICINE,1999,10.7600/jspfsm1949.48.147,,https://doi.org/10.7600/jspfsm1949.48.147,,https://europepmc.org/abstract/DOI/10.7600/jspfsm1949.48.147,https://scholar.google.com/scholar?q=%22Effects%20of%20maximal%20exercise%20on%20nonspecific%20immunity%20in%20athletes%20under%20trained%20and%20detrained%20conditions%22,FS-013794.pdf,
not_indexed,3,FS-011432,Acute phase response and stress related hormones after repeated endurance exercise,Clinical Laboratory,1997,,,,,,https://scholar.google.com/scholar?q=%22Acute%20phase%20response%20and%20stress%20related%20hormones%20after%20repeated%20endurance%20exercise%22,FS-011432.pdf,
not_indexed,3,FS-011962,Immune responsiveness to myoglobin in young athletes after exercise,"Sports Medicine, Training and Rehabilitation",1990,10.1080/15438629009511887,,https://doi.org/10.1080/15438629009511887,,https://europepmc.org/abstract/DOI/10.1080/15438629009511887,https://scholar.google.com/scholar?q=%22Immune%20responsiveness%20to%20myoglobin%20in%20young%20athletes%20after%20exercise%22,FS-011962.pdf,
not_indexed,3,FS-011982,C-reactive protein as an indicator of post-exercise muscle damage,Australian Journal of Science and Medicine in Sport,1990,,,,,,https://scholar.google.com/scholar?q=%22C-reactive%20protein%20as%20an%20indicator%20of%20post-exercise%20muscle%20damage%22,FS-011982.pdf,
not_indexed,3,FS-011944,Enhanced hydrogen peroxide generation by human neutrophils following exercise,Federation Proceedings,1985,,,,,,https://scholar.google.com/scholar?q=%22Enhanced%20hydrogen%20peroxide%20generation%20by%20human%20neutrophils%20following%20exercise%22,FS-011944.pdf,
not_indexed,3,FS-012006,Correlation of plasma interleukin-1 (IL-1) and creatine kinase (CK) activities following exercise,Federation Proceedings,1985,,,,,,https://scholar.google.com/scholar?q=%22Correlation%20of%20plasma%20interleukin-1%20%28IL-1%29%20and%20creatine%20kinase%20%28CK%29%20activities%20following%20exercise%22,FS-012006.pdf,
not_indexed,3,FS-011900,Effect of acute exercise on immune homeostasis,Federation Proceedings,1984,,,,,,https://scholar.google.com/scholar?q=%22Effect%20of%20acute%20exercise%20on%20immune%20homeostasis%22,FS-011900.pdf,
not_indexed,3,FS-012067,Increased insulin binding to monocytes after exercise: Cellular mechanism of augmented insulin sensitivity,Diabetes,1978,,,,,,https://scholar.google.com/scholar?q=%22Increased%20insulin%20binding%20to%20monocytes%20after%20exercise%3A%20Cellular%20mechanism%20of%20augmented%20insulin%20sensitivity%22,FS-012067.pdf,
browser_OA_D_will_fetch,1,FS-007251,"Integrated Multi-Sensor Assessment System for Objective Muscle Recovery Monitoring: Application of Isokinetic Dynamometry, Infrared Thermometry, and Multi-Biomarker ELISA in Exercise-Induced Muscle Damage Surveillance.","Sensors (Basel, Switzerland)",2026,10.3390/s26134215,42451454,https://doi.org/10.3390/s26134215,https://pubmed.ncbi.nlm.nih.gov/42451454/,https://europepmc.org/article/MED/42451454,https://scholar.google.com/scholar?q=%22Integrated%20Multi-Sensor%20Assessment%20System%20for%20Objective%20Muscle%20Recovery%20Monitoring%3A%20Application%20of%20Isokinetic%20Dynamometry%2C%20Infrared%20Thermometry%2C%20and%20Multi-Biomarker%20ELISA%20in%20Exercise-Induced%20Muscle%20Damage%20Surveillance.%22,FS-007251.pdf,
browser_OA_D_will_fetch,1,FS-007158,Oxy-Inflammatory Profile of Finishers and No-Finishers in an Extreme Ultra-Endurance Trail Race: The 866 km Transpyrénéa.,International journal of molecular sciences,2026,10.3390/ijms27104295,42196277,https://doi.org/10.3390/ijms27104295,https://pubmed.ncbi.nlm.nih.gov/42196277/,https://europepmc.org/article/MED/42196277,https://scholar.google.com/scholar?q=%22Oxy-Inflammatory%20Profile%20of%20Finishers%20and%20No-Finishers%20in%20an%20Extreme%20Ultra-Endurance%20Trail%20Race%3A%20The%20866%20km%20Transpyr%C3%A9n%C3%A9a.%22,FS-007158.pdf,
browser_OA_D_will_fetch,1,FS-006824,"The Contingency of Reported sST2 Serum Concentrations with a Protein Detection System (ELISA) from the Same Manufacturer (R&D Biotechne, 2002-2025): An Explanatory Effort by Applied Medical Researchers.","Diagnostics (Basel, Switzerland)",2025,10.3390/diagnostics15182412,41008783,https://doi.org/10.3390/diagnostics15182412,https://pubmed.ncbi.nlm.nih.gov/41008783/,https://europepmc.org/article/MED/41008783,https://scholar.google.com/scholar?q=%22The%20Contingency%20of%20Reported%20sST2%20Serum%20Concentrations%20with%20a%20Protein%20Detection%20System%20%28ELISA%29%20from%20the%20Same%20Manufacturer%20%28R%26D%20Biotechne%2C%202002-2025%29%3A%20An%20Explanatory%20Effort%20by%20Applied%20Medical%20Researchers.%22,FS-006824.pdf,
browser_OA_D_will_fetch,1,FS-006681,"Extracellular vesicle proteomics uncovers energy metabolism, complement system, and endoplasmic reticulum stress response dysregulation postexercise in males with myalgic encephalomyelitis/chronic fatigue syndrome.",Clinical and translational medicine,2025,10.1002/ctm2.70346,40465195,https://doi.org/10.1002/ctm2.70346,https://pubmed.ncbi.nlm.nih.gov/40465195/,https://europepmc.org/article/MED/40465195,https://scholar.google.com/scholar?q=%22Extracellular%20vesicle%20proteomics%20uncovers%20energy%20metabolism%2C%20complement%20system%2C%20and%20endoplasmic%20reticulum%20stress%20response%20dysregulation%20postexercise%20in%20males%20with%20myalgic%20encephalomyelitis/chronic%20fatigue%20syndrome.%22,FS-006681.pdf,
browser_OA_D_will_fetch,1,FS-006745,Circulating Antimicrobial Peptides as Biomarkers of Inflammation and Airway Dysfunction After Marathon Running.,Biology,2025,10.3390/biology14070825,40723384,https://doi.org/10.3390/biology14070825,https://pubmed.ncbi.nlm.nih.gov/40723384/,https://europepmc.org/article/MED/40723384,https://scholar.google.com/scholar?q=%22Circulating%20Antimicrobial%20Peptides%20as%20Biomarkers%20of%20Inflammation%20and%20Airway%20Dysfunction%20After%20Marathon%20Running.%22,FS-006745.pdf,
browser_OA_D_will_fetch,1,FS-006828,Anxiety and Mood Disturbance Are Prospectively Associated With Respiratory Infection Risk and the Mucosal Immune Response to Exercise.,European journal of sport science,2025,10.1002/ejsc.70058,41024702,https://doi.org/10.1002/ejsc.70058,https://pubmed.ncbi.nlm.nih.gov/41024702/,https://europepmc.org/article/MED/41024702,https://scholar.google.com/scholar?q=%22Anxiety%20and%20Mood%20Disturbance%20Are%20Prospectively%20Associated%20With%20Respiratory%20Infection%20Risk%20and%20the%20Mucosal%20Immune%20Response%20to%20Exercise.%22,FS-006828.pdf,
browser_OA_D_will_fetch,1,FS-008442,Recovery after Running an “Everesting” Mountain Ultramarathon,Life,2023,10.3390/life13101946,37895328,https://doi.org/10.3390/life13101946,https://pubmed.ncbi.nlm.nih.gov/37895328/,https://europepmc.org/article/MED/37895328,https://scholar.google.com/scholar?q=%22Recovery%20after%20Running%20an%20%E2%80%9CEveresting%E2%80%9D%20Mountain%20Ultramarathon%22,FS-008442.pdf,
browser_OA_D_will_fetch,1,FS-005160,Impact of Olive Oil Supplement Intake on Dendritic Cell Maturation after Strenuous Physical Exercise: A Preliminary Study.,International journal of environmental research and public health,2021,10.3390/ijerph18084128,33919722,https://doi.org/10.3390/ijerph18084128,https://pubmed.ncbi.nlm.nih.gov/33919722/,https://europepmc.org/article/MED/33919722,https://scholar.google.com/scholar?q=%22Impact%20of%20Olive%20Oil%20Supplement%20Intake%20on%20Dendritic%20Cell%20Maturation%20after%20Strenuous%20Physical%20Exercise%3A%20A%20Preliminary%20Study.%22,FS-005160.pdf,
browser_OA_D_will_fetch,1,FS-004624,"Plasma MMP-9, TIMP-1, and TGF-β1 Responses to Exercise-Induced Muscle Injury.",International journal of environmental research and public health,2020,10.3390/ijerph17020566,31963105,https://doi.org/10.3390/ijerph17020566,https://pubmed.ncbi.nlm.nih.gov/31963105/,https://europepmc.org/article/MED/31963105,https://scholar.google.com/scholar?q=%22Plasma%20MMP-9%2C%20TIMP-1%2C%20and%20TGF-%CE%B21%20Responses%20to%20Exercise-Induced%20Muscle%20Injury.%22,FS-004624.pdf,
browser_OA_D_will_fetch,1,FS-004640,Hypoxic-inflammatory responses under acute hypoxia: In Vitro experiments and prospective observational expedition trial.,International journal of molecular sciences,2020,10.3390/ijms21031034,32033172,https://doi.org/10.3390/ijms21031034,https://pubmed.ncbi.nlm.nih.gov/32033172/,https://europepmc.org/article/MED/32033172,https://scholar.google.com/scholar?q=%22Hypoxic-inflammatory%20responses%20under%20acute%20hypoxia%3A%20In%20Vitro%20experiments%20and%20prospective%20observational%20expedition%20trial.%22,FS-004640.pdf,
browser_OA_D_will_fetch,1,FS-004719,The Relationship of IL-8 and IL-10 Myokines and Performance in Male Marathon Runners Presenting Exercise-Induced Bronchoconstriction.,International journal of environmental research and public health,2020,10.3390/ijerph17082622,32290385,https://doi.org/10.3390/ijerph17082622,https://pubmed.ncbi.nlm.nih.gov/32290385/,https://europepmc.org/article/MED/32290385,https://scholar.google.com/scholar?q=%22The%20Relationship%20of%20IL-8%20and%20IL-10%20Myokines%20and%20Performance%20in%20Male%20Marathon%20Runners%20Presenting%20Exercise-Induced%20Bronchoconstriction.%22,FS-004719.pdf,
browser_OA_D_will_fetch,1,FS-004798,"Effects of the 5-m Shuttle Run Test on Markers of Muscle Damage, Inflammation, and Fatigue in Healthy Male Athletes.",International journal of environmental research and public health,2020,10.3390/ijerph17124375,32570815,https://doi.org/10.3390/ijerph17124375,https://pubmed.ncbi.nlm.nih.gov/32570815/,https://europepmc.org/article/MED/32570815,https://scholar.google.com/scholar?q=%22Effects%20of%20the%205-m%20Shuttle%20Run%20Test%20on%20Markers%20of%20Muscle%20Damage%2C%20Inflammation%2C%20and%20Fatigue%20in%20Healthy%20Male%20Athletes.%22,FS-004798.pdf,
browser_OA_D_will_fetch,1,FS-005046,Massage Therapy Modulates Inflammatory Mediators Following Sprint Exercise in Healthy Male Athletes.,Journal of functional morphology and kinesiology,2020,10.3390/jfmk5010009,33467225,https://doi.org/10.3390/jfmk5010009,https://pubmed.ncbi.nlm.nih.gov/33467225/,https://europepmc.org/article/MED/33467225,https://scholar.google.com/scholar?q=%22Massage%20Therapy%20Modulates%20Inflammatory%20Mediators%20Following%20Sprint%20Exercise%20in%20Healthy%20Male%20Athletes.%22,FS-005046.pdf,
browser_OA_D_will_fetch,1,FS-004193,Exercise-induced Changes in Soluble ST2 Concentrations in Marathon Runners.,Medicine and science in sports and exercise,2019,10.1249/mss.0000000000001806,30339660,https://doi.org/10.1249/mss.0000000000001806,https://pubmed.ncbi.nlm.nih.gov/30339660/,https://europepmc.org/article/MED/30339660,https://scholar.google.com/scholar?q=%22Exercise-induced%20Changes%20in%20Soluble%20ST2%20Concentrations%20in%20Marathon%20Runners.%22,FS-004193.pdf,
browser_OA_D_will_fetch,1,FS-004303,Two-peaked increase of serum myosin heavy chain-α after triathlon suggests heart muscle cell death.,BMJ open sport & exercise medicine,2019,10.1136/bmjsem-2018-000486,30740234,https://doi.org/10.1136/bmjsem-2018-000486,https://pubmed.ncbi.nlm.nih.gov/30740234/,https://europepmc.org/article/MED/30740234,https://scholar.google.com/scholar?q=%22Two-peaked%20increase%20of%20serum%20myosin%20heavy%20chain-%CE%B1%20after%20triathlon%20suggests%20heart%20muscle%20cell%20death.%22,FS-004303.pdf,
browser_OA_D_will_fetch,1,FS-004349,Impairment on Cardiopulmonary Function after Marathon: Role of Exhaled Nitric Oxide.,Oxidative medicine and cellular longevity,2019,10.1155/2019/5134360,30911346,https://doi.org/10.1155/2019/5134360,https://pubmed.ncbi.nlm.nih.gov/30911346/,https://europepmc.org/article/MED/30911346,https://scholar.google.com/scholar?q=%22Impairment%20on%20Cardiopulmonary%20Function%20after%20Marathon%3A%20Role%20of%20Exhaled%20Nitric%20Oxide.%22,FS-004349.pdf,
browser_OA_D_will_fetch,1,FS-003808,The Effect of a 100-km Ultra-Marathon under Freezing Conditions on Selected Immunological and Hematological Parameters.,Frontiers in physiology,2017,10.3389/fphys.2017.00638,28955243,https://doi.org/10.3389/fphys.2017.00638,https://pubmed.ncbi.nlm.nih.gov/28955243/,https://europepmc.org/article/MED/28955243,https://scholar.google.com/scholar?q=%22The%20Effect%20of%20a%20100-km%20Ultra-Marathon%20under%20Freezing%20Conditions%20on%20Selected%20Immunological%20and%20Hematological%20Parameters.%22,FS-003808.pdf,
browser_OA_D_will_fetch,1,FS-002374,Time course of muscle damage and inflammatory responses to resistance training with eccentric overload in trained individuals.,Mediators of inflammation,2013,10.1155/2013/204942,23401642,https://doi.org/10.1155/2013/204942,https://pubmed.ncbi.nlm.nih.gov/23401642/,https://europepmc.org/article/MED/23401642,https://scholar.google.com/scholar?q=%22Time%20course%20of%20muscle%20damage%20and%20inflammatory%20responses%20to%20resistance%20training%20with%20eccentric%20overload%20in%20trained%20individuals.%22,FS-002374.pdf,
browser_OA_D_will_fetch,1,FS-002317,Does proteinuria-inducing physical activity increase biomarkers of acute kidney injury?,Kidney & blood pressure research,2012,10.1159/000343417,23182776,https://doi.org/10.1159/000343417,https://pubmed.ncbi.nlm.nih.gov/23182776/,https://europepmc.org/article/MED/23182776,https://scholar.google.com/scholar?q=%22Does%20proteinuria-inducing%20physical%20activity%20increase%20biomarkers%20of%20acute%20kidney%20injury%3F%22,FS-002317.pdf,
browser_OA_D_will_fetch,1,FS-001224,"Diurnal variation, response to eccentric exercise, and association of inflammatory mediators with muscle damage variables.","Journal of applied physiology (Bethesda, Md. : 1985)",2008,10.1152/japplphysiol.00572.2007,18079262,https://doi.org/10.1152/japplphysiol.00572.2007,https://pubmed.ncbi.nlm.nih.gov/18079262/,https://europepmc.org/article/MED/18079262,https://scholar.google.com/scholar?q=%22Diurnal%20variation%2C%20response%20to%20eccentric%20exercise%2C%20and%20association%20of%20inflammatory%20mediators%20with%20muscle%20damage%20variables.%22,FS-001224.pdf,
browser_OA_D_will_fetch,1,FS-000504,Immune and oxidative changes during and following the Western States Endurance Run.,International journal of sports medicine,2003,10.1055/s-2003-42018,12968214,https://doi.org/10.1055/s-2003-42018,https://pubmed.ncbi.nlm.nih.gov/12968214/,https://europepmc.org/article/MED/12968214,https://scholar.google.com/scholar?q=%22Immune%20and%20oxidative%20changes%20during%20and%20following%20the%20Western%20States%20Endurance%20Run.%22,FS-000504.pdf,
browser_OA_D_will_fetch,1,FS-000124,Simplified quantitation of myeloid dendritic cells in peripheral blood using flow cytometry.,Cytometry,2000,10.1002/(sici)1097-0320(20000501)40:1<50::aid-cyto7>3.0.co;2-p,10754517,https://doi.org/10.1002/(sici)1097-0320(20000501)40:1<50::aid-cyto7>3.0.co;2-p,https://pubmed.ncbi.nlm.nih.gov/10754517/,https://europepmc.org/article/MED/10754517,https://scholar.google.com/scholar?q=%22Simplified%20quantitation%20of%20myeloid%20dendritic%20cells%20in%20peripheral%20blood%20using%20flow%20cytometry.%22,FS-000124.pdf,
browser_OA_D_will_fetch,2,FS-006662,The Influence of an Acute Endurance Intervention on Breast Cancer Cell Growth-A Pilot Study.,International journal of molecular sciences,2025,10.3390/ijms26093976,40362215,https://doi.org/10.3390/ijms26093976,https://pubmed.ncbi.nlm.nih.gov/40362215/,https://europepmc.org/article/MED/40362215,https://scholar.google.com/scholar?q=%22The%20Influence%20of%20an%20Acute%20Endurance%20Intervention%20on%20Breast%20Cancer%20Cell%20Growth-A%20Pilot%20Study.%22,FS-006662.pdf,
browser_OA_D_will_fetch,2,FS-006881,"Acute exercise alters immune responses in older adults, with extracellular vesicle changes observed in a high-intensity intervention.",Frontiers in immunology,2025,10.3389/fimmu.2025.1661161,41208983,https://doi.org/10.3389/fimmu.2025.1661161,https://pubmed.ncbi.nlm.nih.gov/41208983/,https://europepmc.org/article/MED/41208983,https://scholar.google.com/scholar?q=%22Acute%20exercise%20alters%20immune%20responses%20in%20older%20adults%2C%20with%20extracellular%20vesicle%20changes%20observed%20in%20a%20high-intensity%20intervention.%22,FS-006881.pdf,
browser_OA_D_will_fetch,2,FS-006247,Acute response in circulating microRNAs following a single bout of short-sprint and heavy strength training in well-trained cyclists.,Frontiers in physiology,2024,10.3389/fphys.2024.1365357,38532845,https://doi.org/10.3389/fphys.2024.1365357,https://pubmed.ncbi.nlm.nih.gov/38532845/,https://europepmc.org/article/MED/38532845,https://scholar.google.com/scholar?q=%22Acute%20response%20in%20circulating%20microRNAs%20following%20a%20single%20bout%20of%20short-sprint%20and%20heavy%20strength%20training%20in%20well-trained%20cyclists.%22,FS-006247.pdf,
browser_OA_D_will_fetch,2,FS-006424,Effects of Maltodextrin-Fructose Supplementation on Inflammatory Biomarkers and Lipidomic Profile Following Endurance Running: A Randomized Placebo-Controlled Cross-Over Trial.,Nutrients,2024,10.3390/nu16183078,39339678,https://doi.org/10.3390/nu16183078,https://pubmed.ncbi.nlm.nih.gov/39339678/,https://europepmc.org/article/MED/39339678,https://scholar.google.com/scholar?q=%22Effects%20of%20Maltodextrin-Fructose%20Supplementation%20on%20Inflammatory%20Biomarkers%20and%20Lipidomic%20Profile%20Following%20Endurance%20Running%3A%20A%20Randomized%20Placebo-Controlled%20Cross-Over%20Trial.%22,FS-006424.pdf,
browser_OA_D_will_fetch,2,FS-005741,The Acute Cytokine Response to 30-Minute Exercise Bouts Before and After 8-Week Endurance Training in Individuals With Obesity.,The Journal of clinical endocrinology and metabolism,2023,10.1210/clinem/dgac623,36285617,https://doi.org/10.1210/clinem/dgac623,https://pubmed.ncbi.nlm.nih.gov/36285617/,https://europepmc.org/article/MED/36285617,https://scholar.google.com/scholar?q=%22The%20Acute%20Cytokine%20Response%20to%2030-Minute%20Exercise%20Bouts%20Before%20and%20After%208-Week%20Endurance%20Training%20in%20Individuals%20With%20Obesity.%22,FS-005741.pdf,
browser_OA_D_will_fetch,2,FS-005864,Exercise mobilizes diverse antigen specific T-cells and elevates neutralizing antibodies in humans with natural immunity to SARS CoV-2.,"Brain, behavior, & immunity - health",2023,10.1016/j.bbih.2023.100600,36743994,https://doi.org/10.1016/j.bbih.2023.100600,https://pubmed.ncbi.nlm.nih.gov/36743994/,https://europepmc.org/article/MED/36743994,https://scholar.google.com/scholar?q=%22Exercise%20mobilizes%20diverse%20antigen%20specific%20T-cells%20and%20elevates%20neutralizing%20antibodies%20in%20humans%20with%20natural%20immunity%20to%20SARS%20CoV-2.%22,FS-005864.pdf,
browser_OA_D_will_fetch,2,FS-005870,Modulation of the Circulating Extracellular Vesicles in Response to Different Exercise Regimens and Study of Their Inflammatory Effects.,International journal of molecular sciences,2023,10.3390/ijms24033039,36769362,https://doi.org/10.3390/ijms24033039,https://pubmed.ncbi.nlm.nih.gov/36769362/,https://europepmc.org/article/MED/36769362,https://scholar.google.com/scholar?q=%22Modulation%20of%20the%20Circulating%20Extracellular%20Vesicles%20in%20Response%20to%20Different%20Exercise%20Regimens%20and%20Study%20of%20Their%20Inflammatory%20Effects.%22,FS-005870.pdf,
browser_OA_D_will_fetch,2,FS-005884,Molecular Profiling of Athletes Performing High-Intensity Exercises in Extreme Environments.,"Sports (Basel, Switzerland)",2023,10.3390/sports11020036,36828321,https://doi.org/10.3390/sports11020036,https://pubmed.ncbi.nlm.nih.gov/36828321/,https://europepmc.org/article/MED/36828321,https://scholar.google.com/scholar?q=%22Molecular%20Profiling%20of%20Athletes%20Performing%20High-Intensity%20Exercises%20in%20Extreme%20Environments.%22,FS-005884.pdf,
browser_OA_D_will_fetch,2,FS-005990,"Elevated cfDNA after exercise is derived primarily from mature polymorphonuclear neutrophils, with a minor contribution of cardiomyocytes.",Cell reports. Medicine,2023,10.1016/j.xcrm.2023.101074,37290439,https://doi.org/10.1016/j.xcrm.2023.101074,https://pubmed.ncbi.nlm.nih.gov/37290439/,https://europepmc.org/article/MED/37290439,https://scholar.google.com/scholar?q=%22Elevated%20cfDNA%20after%20exercise%20is%20derived%20primarily%20from%20mature%20polymorphonuclear%20neutrophils%2C%20with%20a%20minor%20contribution%20of%20cardiomyocytes.%22,FS-005990.pdf,
browser_OA_D_will_fetch,2,FS-006131,Salivary concentrations of secretory leukocyte protease inhibitor and matrix metallopeptidase-9 following a single bout of exercise are associated with intensity and hydration status.,PloS one,2023,10.1371/journal.pone.0291297,37992002,https://doi.org/10.1371/journal.pone.0291297,https://pubmed.ncbi.nlm.nih.gov/37992002/,https://europepmc.org/article/MED/37992002,https://scholar.google.com/scholar?q=%22Salivary%20concentrations%20of%20secretory%20leukocyte%20protease%20inhibitor%20and%20matrix%20metallopeptidase-9%20following%20a%20single%20bout%20of%20exercise%20are%20associated%20with%20intensity%20and%20hydration%20status.%22,FS-006131.pdf,
browser_OA_D_will_fetch,2,FS-005528,RNA Sequencing of Whole Blood Defines the Signature of High Intensity Exercise at Altitude in Elite Speed Skaters.,Genes,2022,10.3390/genes13040574,35456380,https://doi.org/10.3390/genes13040574,https://pubmed.ncbi.nlm.nih.gov/35456380/,https://europepmc.org/article/MED/35456380,https://scholar.google.com/scholar?q=%22RNA%20Sequencing%20of%20Whole%20Blood%20Defines%20the%20Signature%20of%20High%20Intensity%20Exercise%20at%20Altitude%20in%20Elite%20Speed%20Skaters.%22,FS-005528.pdf,
browser_OA_D_will_fetch,2,FS-005770,"Acute and long-term exercise differently modulate plasma levels of oxylipins, endocannabinoids, and their analogues in young sedentary adults: A sub-study and secondary analyses from the ACTIBATE randomized controlled-trial.",EBioMedicine,2022,10.1016/j.ebiom.2022.104313,36374769,https://doi.org/10.1016/j.ebiom.2022.104313,https://pubmed.ncbi.nlm.nih.gov/36374769/,https://europepmc.org/article/MED/36374769,https://scholar.google.com/scholar?q=%22Acute%20and%20long-term%20exercise%20differently%20modulate%20plasma%20levels%20of%20oxylipins%2C%20endocannabinoids%2C%20and%20their%20analogues%20in%20young%20sedentary%20adults%3A%20A%20sub-study%20and%20secondary%20analyses%20from%20the%20ACTIBATE%20randomized%20controlled-trial.%22,FS-005770.pdf,
browser_OA_D_will_fetch,2,FS-005301,"Dietary Polyphenol and Methylsulfonylmethane Supplementation Improves Immune, DAMP Signaling, and Inflammatory Responses During Recovery From All-Out Running Efforts.",Frontiers in physiology,2021,10.3389/fphys.2021.712731,34531760,https://doi.org/10.3389/fphys.2021.712731,https://pubmed.ncbi.nlm.nih.gov/34531760/,https://europepmc.org/article/MED/34531760,https://scholar.google.com/scholar?q=%22Dietary%20Polyphenol%20and%20Methylsulfonylmethane%20Supplementation%20Improves%20Immune%2C%20DAMP%20Signaling%2C%20and%20Inflammatory%20Responses%20During%20Recovery%20From%20All-Out%20Running%20Efforts.%22,FS-005301.pdf,
browser_OA_D_will_fetch,2,FS-009203,"Blueberry and/or Banana Consumption Mitigate Arachidonic, Cytochrome P450 Oxylipin Generation During Recovery From 75-Km Cycling: A Randomized Trial",Frontiers in Nutrition,2020,10.3389/fnut.2020.00121,,https://doi.org/10.3389/fnut.2020.00121,,https://europepmc.org/abstract/DOI/10.3389/fnut.2020.00121,https://scholar.google.com/scholar?q=%22Blueberry%20and/or%20Banana%20Consumption%20Mitigate%20Arachidonic%2C%20Cytochrome%20P450%20Oxylipin%20Generation%20During%20Recovery%20From%2075-Km%20Cycling%3A%20A%20Randomized%20Trial%22,FS-009203.pdf,
browser_OA_D_will_fetch,2,FS-004374,Changes to the Human Serum Proteome in Response to High Intensity Interval Exercise: A Sequential Top-Down Proteomic Analysis.,Frontiers in physiology,2019,10.3389/fphys.2019.00362,31001142,https://doi.org/10.3389/fphys.2019.00362,https://pubmed.ncbi.nlm.nih.gov/31001142/,https://europepmc.org/article/MED/31001142,https://scholar.google.com/scholar?q=%22Changes%20to%20the%20Human%20Serum%20Proteome%20in%20Response%20to%20High%20Intensity%20Interval%20Exercise%3A%20A%20Sequential%20Top-Down%20Proteomic%20Analysis.%22,FS-004374.pdf,
browser_OA_D_will_fetch,2,FS-004392,Impact of Acute Aerobic Exercise on Genome-Wide DNA-Methylation in Natural Killer Cells-A Pilot Study.,Genes,2019,10.3390/genes10050380,31109152,https://doi.org/10.3390/genes10050380,https://pubmed.ncbi.nlm.nih.gov/31109152/,https://europepmc.org/article/MED/31109152,https://scholar.google.com/scholar?q=%22Impact%20of%20Acute%20Aerobic%20Exercise%20on%20Genome-Wide%20DNA-Methylation%20in%20Natural%20Killer%20Cells-A%20Pilot%20Study.%22,FS-004392.pdf,
browser_OA_D_will_fetch,2,FS-003994,"Metabolic recovery from heavy exertion following banana compared to sugar beverage or water only ingestion: A randomized, crossover trial.",PloS one,2018,10.1371/journal.pone.0194843,29566095,https://doi.org/10.1371/journal.pone.0194843,https://pubmed.ncbi.nlm.nih.gov/29566095/,https://europepmc.org/article/MED/29566095,https://scholar.google.com/scholar?q=%22Metabolic%20recovery%20from%20heavy%20exertion%20following%20banana%20compared%20to%20sugar%20beverage%20or%20water%20only%20ingestion%3A%20A%20randomized%2C%20crossover%20trial.%22,FS-003994.pdf,
browser_OA_D_will_fetch,2,FS-003556,IL-6 Linkage to Exercise-Induced Shifts in Lipid-Related Metabolites: A Metabolomics-Based Analysis.,Journal of proteome research,2017,10.1021/acs.jproteome.6b00892,27996272,https://doi.org/10.1021/acs.jproteome.6b00892,https://pubmed.ncbi.nlm.nih.gov/27996272/,https://europepmc.org/article/MED/27996272,https://scholar.google.com/scholar?q=%22IL-6%20Linkage%20to%20Exercise-Induced%20Shifts%20in%20Lipid-Related%20Metabolites%3A%20A%20Metabolomics-Based%20Analysis.%22,FS-003556.pdf,
browser_OA_D_will_fetch,2,FS-003475,Immune and inflammatory responses to freediving calculated from leukocyte gene expression profiles.,Physiological genomics,2016,10.1152/physiolgenomics.00048.2016,27614202,https://doi.org/10.1152/physiolgenomics.00048.2016,https://pubmed.ncbi.nlm.nih.gov/27614202/,https://europepmc.org/article/MED/27614202,https://scholar.google.com/scholar?q=%22Immune%20and%20inflammatory%20responses%20to%20freediving%20calculated%20from%20leukocyte%20gene%20expression%20profiles.%22,FS-003475.pdf,
browser_OA_D_will_fetch,2,FS-002635,Impact of brief exercise on circulating monocyte gene and microRNA expression: implications for atherosclerotic vascular disease.,"Brain, behavior, and immunity",2014,10.1016/j.bbi.2014.01.003,24423463,https://doi.org/10.1016/j.bbi.2014.01.003,https://pubmed.ncbi.nlm.nih.gov/24423463/,https://europepmc.org/article/MED/24423463,https://scholar.google.com/scholar?q=%22Impact%20of%20brief%20exercise%20on%20circulating%20monocyte%20gene%20and%20microRNA%20expression%3A%20implications%20for%20atherosclerotic%20vascular%20disease.%22,FS-002635.pdf,
browser_OA_D_will_fetch,2,FS-002742,Metabolomics approach to assessing plasma 13- and 9-hydroxy-octadecadienoic acid and linoleic acid metabolite responses to 75-km cycling.,"American journal of physiology. Regulatory, integrative and comparative physiology",2014,10.1152/ajpregu.00092.2014,24760997,https://doi.org/10.1152/ajpregu.00092.2014,https://pubmed.ncbi.nlm.nih.gov/24760997/,https://europepmc.org/article/MED/24760997,https://scholar.google.com/scholar?q=%22Metabolomics%20approach%20to%20assessing%20plasma%2013-%20and%209-hydroxy-octadecadienoic%20acid%20and%20linoleic%20acid%20metabolite%20responses%20to%2075-km%20cycling.%22,FS-002742.pdf,
browser_OA_D_will_fetch,2,FS-002283,"Effects of a flavonoid-rich juice on inflammation, oxidative stress, and immunity in elite swimmers: a metabolomics-based approach.",International journal of sport nutrition and exercise metabolism,2013,10.1123/ijsnem.23.2.150,23070789,https://doi.org/10.1123/ijsnem.23.2.150,https://pubmed.ncbi.nlm.nih.gov/23070789/,https://europepmc.org/article/MED/23070789,https://scholar.google.com/scholar?q=%22Effects%20of%20a%20flavonoid-rich%20juice%20on%20inflammation%2C%20oxidative%20stress%2C%20and%20immunity%20in%20elite%20swimmers%3A%20a%20metabolomics-based%20approach.%22,FS-002283.pdf,
browser_OA_D_will_fetch,2,FS-002123,Effects of exercise on microRNA expression in young males peripheral blood mononuclear cells.,Clinical and translational science,2012,10.1111/j.1752-8062.2011.00384.x,22376254,https://doi.org/10.1111/j.1752-8062.2011.00384.x,https://pubmed.ncbi.nlm.nih.gov/22376254/,https://europepmc.org/article/MED/22376254,https://scholar.google.com/scholar?q=%22Effects%20of%20exercise%20on%20microRNA%20expression%20in%20young%20males%20peripheral%20blood%20mononuclear%20cells.%22,FS-002123.pdf,
browser_OA_D_will_fetch,3,FS-007201,"Elevated cfDNA after exercise is derived primarily from mature polymorphonuclear neutrophils, with a minor contribution of cardiomyocytes.",Cell reports. Medicine,2026,10.1016/j.xcrm.2026.102916,42320482,https://doi.org/10.1016/j.xcrm.2026.102916,https://pubmed.ncbi.nlm.nih.gov/42320482/,https://europepmc.org/article/MED/42320482,https://scholar.google.com/scholar?q=%22Elevated%20cfDNA%20after%20exercise%20is%20derived%20primarily%20from%20mature%20polymorphonuclear%20neutrophils%2C%20with%20a%20minor%20contribution%20of%20cardiomyocytes.%22,FS-007201.pdf,
browser_OA_D_will_fetch,3,FS-006191,"Combined Turmeric, Vitamin C, and Vitamin D Ready-to-Drink Supplements Reduce Upper Respiratory Illness Symptoms and Gastrointestinal Discomfort in Elite Male Football Players.",Nutrients,2024,10.3390/nu16020243,38257136,https://doi.org/10.3390/nu16020243,https://pubmed.ncbi.nlm.nih.gov/38257136/,https://europepmc.org/article/MED/38257136,https://scholar.google.com/scholar?q=%22Combined%20Turmeric%2C%20Vitamin%20C%2C%20and%20Vitamin%20D%20Ready-to-Drink%20Supplements%20Reduce%20Upper%20Respiratory%20Illness%20Symptoms%20and%20Gastrointestinal%20Discomfort%20in%20Elite%20Male%20Football%20Players.%22,FS-006191.pdf,
browser_OA_D_will_fetch,3,FS-006439,Response of Circulating Free Cellular DNA to Repeated Exercise in Men with Type 1 Diabetes Mellitus.,Journal of clinical medicine,2024,10.3390/jcm13195859,39407919,https://doi.org/10.3390/jcm13195859,https://pubmed.ncbi.nlm.nih.gov/39407919/,https://europepmc.org/article/MED/39407919,https://scholar.google.com/scholar?q=%22Response%20of%20Circulating%20Free%20Cellular%20DNA%20to%20Repeated%20Exercise%20in%20Men%20with%20Type%201%20Diabetes%20Mellitus.%22,FS-006439.pdf,
browser_OA_D_will_fetch,3,FS-005887,Impacts of Eccentric Resistance Exercise on DNA Methylation of Candidate Genes for Inflammatory Cytokines in Skeletal Muscle and Leukocytes of Healthy Males.,Genes,2023,10.3390/genes14020478,36833405,https://doi.org/10.3390/genes14020478,https://pubmed.ncbi.nlm.nih.gov/36833405/,https://europepmc.org/article/MED/36833405,https://scholar.google.com/scholar?q=%22Impacts%20of%20Eccentric%20Resistance%20Exercise%20on%20DNA%20Methylation%20of%20Candidate%20Genes%20for%20Inflammatory%20Cytokines%20in%20Skeletal%20Muscle%20and%20Leukocytes%20of%20Healthy%20Males.%22,FS-005887.pdf,
browser_OA_D_will_fetch,3,FS-006008,Effect of Exercise Repetitions on Arylesterase Activity of PON1 in Plasma of Average-Trained Men-The Dissociation between Activity and Concentration.,"Antioxidants (Basel, Switzerland)",2023,10.3390/antiox12061296,37372026,https://doi.org/10.3390/antiox12061296,https://pubmed.ncbi.nlm.nih.gov/37372026/,https://europepmc.org/article/MED/37372026,https://scholar.google.com/scholar?q=%22Effect%20of%20Exercise%20Repetitions%20on%20Arylesterase%20Activity%20of%20PON1%20in%20Plasma%20of%20Average-Trained%20Men-The%20Dissociation%20between%20Activity%20and%20Concentration.%22,FS-006008.pdf,
browser_OA_D_will_fetch,3,FS-005701,The Immunological and Hormonal Responses to Competitive Match-Play in Elite Soccer Players.,International journal of environmental research and public health,2022,10.3390/ijerph191811784,36142056,https://doi.org/10.3390/ijerph191811784,https://pubmed.ncbi.nlm.nih.gov/36142056/,https://europepmc.org/article/MED/36142056,https://scholar.google.com/scholar?q=%22The%20Immunological%20and%20Hormonal%20Responses%20to%20Competitive%20Match-Play%20in%20Elite%20Soccer%20Players.%22,FS-005701.pdf,
browser_OA_D_will_fetch,3,FS-004889,Analysis of human neutrophil phenotypes as biomarker to monitor exercise-induced immune changes.,Journal of leukocyte biology,2021,10.1002/jlb.5a0820-436r,32893357,https://doi.org/10.1002/jlb.5a0820-436r,https://pubmed.ncbi.nlm.nih.gov/32893357/,https://europepmc.org/article/MED/32893357,https://scholar.google.com/scholar?q=%22Analysis%20of%20human%20neutrophil%20phenotypes%20as%20biomarker%20to%20monitor%20exercise-induced%20immune%20changes.%22,FS-004889.pdf,
browser_OA_D_will_fetch,3,FS-005129,Increased Circulating H3 Histone in Response to Repeated Bouts of Exercise Does Not Associate with Parallel Alterations of Cell-Free DNA.,Biology,2021,10.3390/biology10030181,33801313,https://doi.org/10.3390/biology10030181,https://pubmed.ncbi.nlm.nih.gov/33801313/,https://europepmc.org/article/MED/33801313,https://scholar.google.com/scholar?q=%22Increased%20Circulating%20H3%20Histone%20in%20Response%20to%20Repeated%20Bouts%20of%20Exercise%20Does%20Not%20Associate%20with%20Parallel%20Alterations%20of%20Cell-Free%20DNA.%22,FS-005129.pdf,
browser_OA_D_will_fetch,3,FS-005337,Acute exercise and immune response in previously SARS CoV-2 infection.,"Brain, behavior, & immunity - health",2021,10.1016/j.bbih.2021.100368,34693365,https://doi.org/10.1016/j.bbih.2021.100368,https://pubmed.ncbi.nlm.nih.gov/34693365/,https://europepmc.org/article/MED/34693365,https://scholar.google.com/scholar?q=%22Acute%20exercise%20and%20immune%20response%20in%20previously%20SARS%20CoV-2%20infection.%22,FS-005337.pdf,
browser_OA_D_will_fetch,3,FS-004269,Long-Haul Northeast Travel Disrupts Sleep and Induces Perceived Fatigue in Endurance Athletes.,Frontiers in physiology,2018,10.3389/fphys.2018.01826,30618835,https://doi.org/10.3389/fphys.2018.01826,https://pubmed.ncbi.nlm.nih.gov/30618835/,https://europepmc.org/article/MED/30618835,https://scholar.google.com/scholar?q=%22Long-Haul%20Northeast%20Travel%20Disrupts%20Sleep%20and%20Induces%20Perceived%20Fatigue%20in%20Endurance%20Athletes.%22,FS-004269.pdf,
browser_OA_D_will_fetch,3,FS-009645,Changes in cytokine levels after prolonged and repeated moderate intensity exercise in middle-aged men and women,Translational Sports Medicine,2018,10.1002/tsm2.23,,https://doi.org/10.1002/tsm2.23,,https://europepmc.org/abstract/DOI/10.1002/tsm2.23,https://scholar.google.com/scholar?q=%22Changes%20in%20cytokine%20levels%20after%20prolonged%20and%20repeated%20moderate%20intensity%20exercise%20in%20middle-aged%20men%20and%20women%22,FS-009645.pdf,
browser_OA_D_will_fetch,3,FS-013354,Comparison of the effect of rest interval between sets and set - repetition configuration during bouts of eccentric exercise on muscle damage and inflammatory markers,INTERNATIONAL JOURNAL OF APPLIED EXERCISE PHYSIOLOGY,2018,10.22631/ijaep.v7i1.238,,https://doi.org/10.22631/ijaep.v7i1.238,,https://europepmc.org/abstract/DOI/10.22631/ijaep.v7i1.238,https://scholar.google.com/scholar?q=%22Comparison%20of%20the%20effect%20of%20rest%20interval%20between%20sets%20and%20set%20-%20repetition%20configuration%20during%20bouts%20of%20eccentric%20exercise%20on%20muscle%20damage%20and%20inflammatory%20markers%22,FS-013354.pdf,
browser_OA_D_will_fetch,3,FS-003797,Acute effects of strength exercises and effects of regular strength training on cell free DNA concentrations in blood plasma.,PloS one,2017,10.1371/journal.pone.0184668,28910365,https://doi.org/10.1371/journal.pone.0184668,https://pubmed.ncbi.nlm.nih.gov/28910365/,https://europepmc.org/article/MED/28910365,https://scholar.google.com/scholar?q=%22Acute%20effects%20of%20strength%20exercises%20and%20effects%20of%20regular%20strength%20training%20on%20cell%20free%20DNA%20concentrations%20in%20blood%20plasma.%22,FS-003797.pdf,
browser_OA_D_will_fetch,3,FS-004070,"The Effects of a 4-Week, Intensified Training, and Competition Period on Salivary Hormones, Immunoglobulin A, Illness Symptoms, and Mood State in Elite Synchronised Swimmers.","Sports (Basel, Switzerland)",2017,10.3390/sports5030064,29910424,https://doi.org/10.3390/sports5030064,https://pubmed.ncbi.nlm.nih.gov/29910424/,https://europepmc.org/article/MED/29910424,https://scholar.google.com/scholar?q=%22The%20Effects%20of%20a%204-Week%2C%20Intensified%20Training%2C%20and%20Competition%20Period%20on%20Salivary%20Hormones%2C%20Immunoglobulin%20A%2C%20Illness%20Symptoms%2C%20and%20Mood%20State%20in%20Elite%20Synchronised%20Swimmers.%22,FS-004070.pdf,
browser_OA_D_will_fetch,3,FS-003373,Plasma Cytokine Profiles in Long-Term Strenuous Exercise.,Journal of sports medicine (Hindawi Publishing Corporation),2016,10.1155/2016/7186137,27239554,https://doi.org/10.1155/2016/7186137,https://pubmed.ncbi.nlm.nih.gov/27239554/,https://europepmc.org/article/MED/27239554,https://scholar.google.com/scholar?q=%22Plasma%20Cytokine%20Profiles%20in%20Long-Term%20Strenuous%20Exercise.%22,FS-003373.pdf,
browser_OA_D_will_fetch,3,FS-002678,Montmorency cherries reduce the oxidative stress and inflammatory responses to repeated days high-intensity stochastic cycling.,Nutrients,2014,10.3390/nu6020829,24566440,https://doi.org/10.3390/nu6020829,https://pubmed.ncbi.nlm.nih.gov/24566440/,https://europepmc.org/article/MED/24566440,https://scholar.google.com/scholar?q=%22Montmorency%20cherries%20reduce%20the%20oxidative%20stress%20and%20inflammatory%20responses%20to%20repeated%20days%20high-intensity%20stochastic%20cycling.%22,FS-002678.pdf,
browser_OA_D_will_fetch,3,FS-002754,Systemic cytokine response to three bouts of eccentric exercise.,Results in immunology,2014,10.1016/j.rinim.2014.04.002,24809007,https://doi.org/10.1016/j.rinim.2014.04.002,https://pubmed.ncbi.nlm.nih.gov/24809007/,https://europepmc.org/article/MED/24809007,https://scholar.google.com/scholar?q=%22Systemic%20cytokine%20response%20to%20three%20bouts%20of%20eccentric%20exercise.%22,FS-002754.pdf,
browser_OA_D_will_fetch,3,FS-002824,"Exercise training, lymphocyte subsets and their cytokines production: experience of an Italian professional football team and their impact on allergy.",BioMed research international,2014,10.1155/2014/429248,25050349,https://doi.org/10.1155/2014/429248,https://pubmed.ncbi.nlm.nih.gov/25050349/,https://europepmc.org/article/MED/25050349,https://scholar.google.com/scholar?q=%22Exercise%20training%2C%20lymphocyte%20subsets%20and%20their%20cytokines%20production%3A%20experience%20of%20an%20Italian%20professional%20football%20team%20and%20their%20impact%20on%20allergy.%22,FS-002824.pdf,
browser_OA_D_will_fetch,3,FS-010146,Three consecutive days of interval runs to exhaustion affects lymphocyte subset apoptosis and migration,BioMed Research International,2014,10.1155/2014/694801,24895602,https://doi.org/10.1155/2014/694801,https://pubmed.ncbi.nlm.nih.gov/24895602/,https://europepmc.org/article/MED/24895602,https://scholar.google.com/scholar?q=%22Three%20consecutive%20days%20of%20interval%20runs%20to%20exhaustion%20affects%20lymphocyte%20subset%20apoptosis%20and%20migration%22,FS-010146.pdf,
browser_OA_D_will_fetch,3,FS-002014,Eleven days of moderate exercise and heat exposure induces acclimation without significant HSP70 and apoptosis responses of lymphocytes in college-aged males.,Cell stress & chaperones,2012,10.1007/s12192-011-0283-5,21796498,https://doi.org/10.1007/s12192-011-0283-5,https://pubmed.ncbi.nlm.nih.gov/21796498/,https://europepmc.org/article/MED/21796498,https://scholar.google.com/scholar?q=%22Eleven%20days%20of%20moderate%20exercise%20and%20heat%20exposure%20induces%20acclimation%20without%20significant%20HSP70%20and%20apoptosis%20responses%20of%20lymphocytes%20in%20college-aged%20males.%22,FS-002014.pdf,
browser_OA_D_will_fetch,3,FS-001311,The effect of exercise on innate mucosal immunity.,British journal of sports medicine,2010,10.1136/bjsm.2008.046532,18499767,https://doi.org/10.1136/bjsm.2008.046532,https://pubmed.ncbi.nlm.nih.gov/18499767/,https://europepmc.org/article/MED/18499767,https://scholar.google.com/scholar?q=%22The%20effect%20of%20exercise%20on%20innate%20mucosal%20immunity.%22,FS-001311.pdf,
browser_OA_D_will_fetch,3,FS-001124,"Deleterious effects of short-term, high-intensity exercise on immune function: evidence from leucocyte mitochondrial alterations and apoptosis.",British journal of sports medicine,2008,10.1136/bjsm.2006.029314,17504785,https://doi.org/10.1136/bjsm.2006.029314,https://pubmed.ncbi.nlm.nih.gov/17504785/,https://europepmc.org/article/MED/17504785,https://scholar.google.com/scholar?q=%22Deleterious%20effects%20of%20short-term%2C%20high-intensity%20exercise%20on%20immune%20function%3A%20evidence%20from%20leucocyte%20mitochondrial%20alterations%20and%20apoptosis.%22,FS-001124.pdf,
browser_OA_D_will_fetch,3,FS-000460,"Strength, workload, anaerobic intensity and the immune response to resistance exercise in women.",Acta physiologica Scandinavica,2003,10.1046/j.1365-201x.2003.01124.x,12780390,https://doi.org/10.1046/j.1365-201x.2003.01124.x,https://pubmed.ncbi.nlm.nih.gov/12780390/,https://europepmc.org/article/MED/12780390,https://scholar.google.com/scholar?q=%22Strength%2C%20workload%2C%20anaerobic%20intensity%20and%20the%20immune%20response%20to%20resistance%20exercise%20in%20women.%22,FS-000460.pdf,
