record_id,source_sheet,human_scope,ai_final_layer,ai_E5,ai_E4,B_E5,B_E5_subtypes,B_E4,B_core_absent,B_layer,B_comment,C_E5,C_E5_subtypes,C_E4,C_core_absent,C_layer,C_comment,consensus_E5,consensus_E4,consensus_layer,single_rater,D_E5,D_E5_subtypes,D_E4,D_core_absent,D_comment,final_layer,decided_by
FS-000022,MX_sample,HUMAN_SAMPLE_VERIFY,M,absent,young_adult_age_unclear,absent,,young_adult_age_unclear,none,M,,absent,,young_adult_age_unclear,none,M,两种强度时长交叉，非监测；一般功能和谷氨酰胺关联非验证。,absent,young_adult_age_unclear,M,,,,,,,M,B_C_consensus
FS-000033,MX_sample,HUMAN_SAMPLE_VERIFY,M,absent,adults_stated,absent,,adults_stated,none,M,,absent,,adults_stated,none,M,明确19–29岁，十二周训练前后两次运动，无重复监测或验证。,absent,adults_stated,M,,,,,,,M,B_C_consensus
FS-000034,MX_sample,HUMAN_SAMPLE_VERIFY,M,absent,young_adult_age_unclear,absent,,young_adult_age_unclear,none,M,,absent,,unclear,none,M,三种药物条件随机交叉非监测；离体 NK 杀伤非实际临床结局。,absent,DISAGREE,M,,absent,,young_adult_age_unclear,none,男性没有明确年龄，按优先序留待全文；三种药物条件随机交叉及离体 NK 杀伤无 E5。,M,D
FS-000040,MX_sample,HUMAN_SAMPLE_VERIFY,M,absent,young_adult_age_unclear,absent,,young_adult_age_unclear,none,M,,absent,,young_adult_age_unclear,none,M,药物前后两次运动 T 细胞变化，非三次或多周个体监测。,absent,young_adult_age_unclear,M,,,,,,,M,B_C_consensus
FS-000044,ADJ_sample,ADJUDICATION_SAMPLE_VERIFY,M,absent,adults_stated,absent,,adults_stated,none,M,,absent,,adults_stated,none,M,年龄 67–84 岁；训练前后两次急性测试及细胞功能比较无 E5。,absent,adults_stated,M,,,,,,,M,B_C_consensus
FS-000047,MX_sample,HUMAN_SAMPLE_VERIFY,X,absent,clinical_or_infected_cohort,absent,,clinical_or_infected_cohort,none,M,,absent,,clinical_or_infected_cohort,E4_population,X,纳入缓解期克罗恩病患者；症状和免疫功能分别报告，未作关联分析。,absent,clinical_or_infected_cohort,DISAGREE,,absent,,clinical_or_infected_cohort,none,临床症状与中性粒功能分别报告，无指定结局关联；临床队列不自动作 E4 核心缺失。,M,D
FS-000056,ADJ_sample,ADJUDICATION_SAMPLE_VERIFY,M,absent,young_adult_age_unclear,absent,,young_adult_age_unclear,none,M,,absent,,young_adult_age_unclear,none,M,运动模式及饮料条件为实验设计，靶向细胞功能比较无四类 E5。,absent,young_adult_age_unclear,M,,,,,,,M,B_C_consensus
FS-000059,V_confirm,HUMAN_CONFIRM_ALL,V,present,unclear,absent,repeated_monitoring,young_adult_age_unclear,,M,,present,repeated_monitoring,young_adult_age_unclear,,V,明确以两周减量训练期间的恢复监测为目的，追踪同一批游泳者；仅报告神经内分泌变量预测成绩，未明确免疫指标与成绩的分析。未报告年龄范围或最低年龄。,DISAGREE,young_adult_age_unclear,DISAGREE,,present,repeated_monitoring,young_adult_age_unclear,,以恢复监测为明确目的，跨两周减量期追踪同人含白细胞指标；符合 repeated_monitoring。,V,D
FS-000060,MX_sample,HUMAN_SAMPLE_VERIFY,M,absent,unclear,absent,,young_adult_age_unclear,none,M,,absent,,unclear,none,M,单次离心运动九天恢复，按 CK 分组比较；非多次运动监测，12名女性无年龄描述。,absent,DISAGREE,M,,absent,,young_adult_age_unclear,none,女性没有明确年龄，按优先序留待全文；单次运动九天恢复不构成多次运动或多周监测。,M,D
FS-000076,ADJ_sample,ADJUDICATION_SAMPLE_VERIFY,V,present,unclear,present,repeated_monitoring,young_adult_age_unclear,none,V,Neutrophil responses tracked across three consecutive exercise bouts.,present,repeated_monitoring,unclear,none,V,同一批男性三天独立骑车，逐日追踪细胞和 IL-6 响应，符合重复监测；年龄未描述。,present,DISAGREE,V,,present,repeated_monitoring,young_adult_age_unclear,none,同人三天骑行逐日追踪免疫响应；男性无明确年龄，按优先序留年龄到全文。,V,D
FS-000097,MX_sample,HUMAN_SAMPLE_VERIFY,M,absent,young_adult_age_unclear,absent,,young_adult_age_unclear,none,M,,absent,,unclear,none,M,训练者一次运动后单核细胞药物敏感性；药物剂量反应非免疫指标验证阈值。,absent,DISAGREE,M,,absent,,young_adult_age_unclear,none,男性没有明确年龄，按优先序留待全文；单次运动的药物剂量反应属于机制实验，无 E5 验证。,M,D
FS-000102,V_confirm,HUMAN_CONFIRM_ALL,V,present,young_adult_age_unclear,present,outcome_linkage,young_adult_age_unclear,,V,URTI symptoms were analysed against salivary immunoglobulins.,present,outcome_linkage,young_adult_age_unclear,,V,URTI 症状与唾液免疫球蛋白的实际相关分析为阴性，仍满足结局关联。未给年龄范围或最低年龄。,present,young_adult_age_unclear,V,,,,,,,V,B_C_consensus
FS-000106,ADJ_sample,ADJUDICATION_SAMPLE_VERIFY,M,absent,young_adult_age_unclear,absent,,young_adult_age_unclear,none,M,,present,outcome_linkage,young_adult_age_unclear,none,V,实测胃肠症状与包括溶菌酶在内的黏膜完整性指标作关联分析，阴性结果仍属结局关联。,DISAGREE,young_adult_age_unclear,DISAGREE,,present,outcome_linkage,young_adult_age_unclear,none,实际登记胃肠症状发生/持续时间，并分析其与 lysozyme 等免疫性黏膜指标关系；按 illness 症状结局计，阴性亦符合。,V,D
FS-000121,MX_sample,HUMAN_SAMPLE_VERIFY,M,absent,young_adult_age_unclear,absent,,young_adult_age_unclear,none,M,,absent,,young_adult_age_unclear,none,M,单场半马后五种预选 HSP 的流式定量，非组学发现。,absent,young_adult_age_unclear,M,,,,,,,M,B_C_consensus
FS-000124,V_confirm,HUMAN_CONFIRM_ALL,V,present,unclear,present,metric_validation,unclear,,V,Myeloid dendritic cell counts had an intraclass correlation coefficient of 0.95.,present,metric_validation,unclear,,V,重复样本的 ICC=0.95 明确满足指标验证；摘要未描述受试者队列的年龄或健康状态。,present,unclear,V,,,,,,,V,B_C_consensus
FS-000126,MX_sample,HUMAN_SAMPLE_VERIFY,M,absent,young_adult_age_unclear,absent,,young_adult_age_unclear,none,M,,absent,,young_adult_age_unclear,none,M,健康不同族裔马拉松前后计数比较，普通均值差异非验证。,absent,young_adult_age_unclear,M,,,,,,,M,B_C_consensus
FS-000131,V_confirm,HUMAN_CONFIRM_ALL,V,present,young_adult_age_unclear,absent,metric_validation,young_adult_age_unclear,,M,,absent,metric_validation,young_adult_age_unclear,,M,正常上限只用于 COMP/MIA 关节代谢/损伤指标，未验证具名免疫指标；临床样本作为比较组，跑者队列单独报告，跑者年龄范围未说明。,absent,young_adult_age_unclear,M,,,,,,,M,B_C_consensus
FS-000136,ADJ_sample,ADJUDICATION_SAMPLE_VERIFY,M,absent,young_adult_age_unclear,absent,,young_adult_age_unclear,none,M,,absent,,young_adult_age_unclear,none,M,三种强度和跑坡条件是实验比较，不属于重复监测。,absent,young_adult_age_unclear,M,,,,,,,M,B_C_consensus
FS-000142,V_confirm,HUMAN_CONFIRM_ALL,V,present,young_adult_age_unclear,present,outcome_linkage;repeated_monitoring,young_adult_age_unclear,,V,Immune markers were tracked across training sessions and analysed against respiratory illness.,present,outcome_linkage;repeated_monitoring,young_adult_age_unclear,,V,12 周同一批游泳者的免疫序列及实际 URTI 关联分析均明确，阴性关联仍计入。未给年龄范围或最低年龄。,present,young_adult_age_unclear,V,,,,,,,V,B_C_consensus
FS-000156,V_confirm,HUMAN_CONFIRM_ALL,V,present,adults_stated,present,outcome_linkage;repeated_monitoring,adults_stated,,V,Infection symptoms were analysed alongside immune responses.,present,outcome_linkage;repeated_monitoring,adults_stated,,V,感染症状发生率实际测量并与免疫反应及干预组作关联解释；两次年度比赛不是跨三次以上的个体监测。年龄范围 21.4–30.1 岁。,present,adults_stated,V,,,,,,,V,B_C_consensus
FS-000162,ADJ_sample,ADJUDICATION_SAMPLE_VERIFY,M,absent,unclear,absent,,unclear,none,M,,absent,,unclear,none,M,强度条件及两次短时运动用于机制实验，不是跨三次运动监测；人群年龄未描述。,absent,unclear,M,,,,,,,M,B_C_consensus
FS-000163,MX_sample,HUMAN_SAMPLE_VERIFY,M,absent,young_adult_age_unclear,absent,,young_adult_age_unclear,none,M,,absent,,young_adult_age_unclear,none,M,连续两天两次划船未达三次，补充条件比较无 E5。,absent,young_adult_age_unclear,M,,,,,,,M,B_C_consensus
FS-000164,MX_sample,HUMAN_SAMPLE_VERIFY,M,absent,young_adult_age_unclear,absent,,young_adult_age_unclear,none,M,,absent,,young_adult_age_unclear,none,M,讲话、运动和药物三种应激条件比较，不属重复监测。,absent,young_adult_age_unclear,M,,,,,,,M,B_C_consensus
FS-000182,V_confirm,HUMAN_CONFIRM_ALL,V,present,adults_stated,present,omics_discovery,adults_stated,,V,Muscle gene expression profiling included inflammatory IL-1beta.,present,omics_discovery,adults_stated,,V,表达谱明确含炎症反应基因 IL-1beta，年龄组范围均为成人；个体反应差异的解释不另计指标验证。,present,adults_stated,V,,,,,,,V,B_C_consensus
FS-000183,MX_sample,HUMAN_SAMPLE_VERIFY,M,absent,unclear,absent,,young_adult_age_unclear,none,M,,absent,,unclear,none,M,一次偏心运动后恢复及组织损伤比较没有验证或结局关联；人群年龄未描述。,absent,DISAGREE,M,,absent,,young_adult_age_unclear,none,男女没有明确年龄，按优先序留待全文；单次运动组织炎症与损伤比较无 E5。,M,D
FS-000190,V_confirm,HUMAN_CONFIRM_ALL,V,present,young_adult_age_unclear,absent,repeated_monitoring,young_adult_age_unclear,,M,,absent,repeated_monitoring,young_adult_age_unclear,,M,多周 HMB 剂量试验仅报告组间安全性/效应及连续采样，未说明跟踪个体的监测目的；未报告其余三类 E5 要素。大学男性未给年龄范围。,absent,young_adult_age_unclear,M,,,,,,,M,B_C_consensus
FS-000210,V_confirm,HUMAN_CONFIRM_ALL,V,present,unclear,absent,outcome_linkage,young_adult_age_unclear,,M,,absent,outcome_linkage,young_adult_age_unclear,,M,感染风险只在背景中出现；研究仅测一次比赛前后中性粒细胞功能，未测感染结局或其余 E5 要素。未给年龄。,absent,young_adult_age_unclear,M,,,,,,,M,B_C_consensus
FS-000212,V_confirm,HUMAN_CONFIRM_ALL,V,present,adults_stated,present,outcome_linkage,adults_stated,,V,Post-exercise secretory IgA was analysed against subsequent URTI symptoms.,present,outcome_linkage,young_adult_age_unclear,,V,有三周 URTI 日志及与 SIgA 下降的实际关联判断，阴性结果仍满足；三次 Wingate 属同一测试协议且仅一次前后采样，不计重复监测。成人描述无年龄数字。,present,DISAGREE,V,,present,outcome_linkage,young_adult_age_unclear,,成人描述无数字年龄；实际记录三周 URTI 并分析其与 sIgA 下降关系，阴性结果仍符合 E5。,V,D
FS-000213,V_confirm,HUMAN_CONFIRM_ALL,V,present,adults_stated,absent,outcome_linkage,adults_stated,,M,,absent,outcome_linkage,young_adult_age_unclear,,M,比较三种骑行条件与放松的实验设计不属于重复监测；URTI 为背景，未报告验证统计量。成人描述未给年龄范围或最低年龄。,absent,DISAGREE,M,,absent,,young_adult_age_unclear,,成人描述无数字年龄；三种骑行与放松条件比较非监测，URTI 仅背景，删除不适用的旧子类。,M,D
FS-000220,MX_sample,HUMAN_SAMPLE_VERIFY,M,absent,unclear,absent,,young_adult_age_unclear,none,M,,absent,,young_adult_age_unclear,none,M,单场马拉松后趋化因子动力学；HIV 临床影响仅讨论。,absent,young_adult_age_unclear,M,,,,,,,M,B_C_consensus
FS-000237,MX_sample,HUMAN_SAMPLE_VERIFY,M,absent,unclear,absent,,adults_stated,none,M,,absent,,young_adult_age_unclear,none,M,两个赛事汇集不同跑者的单场应答，未有同人三次追踪；年龄分组未给最低年龄。,absent,DISAGREE,M,,absent,,adults_stated,none,≥50 岁成人层有人数及单独比较，满足数字支持的成人层；较年轻层最低年龄待全文，无 E5。,M,D
FS-000239,MX_sample,HUMAN_SAMPLE_VERIFY,M,absent,young_adult_age_unclear,absent,,young_adult_age_unclear,none,M,,absent,,young_adult_age_unclear,none,M,单次划船，NAC 组的免疫与肺功能分别比较，未报告指标–结局分析。,absent,young_adult_age_unclear,M,,,,,,,M,B_C_consensus
FS-000242,V_confirm,HUMAN_CONFIRM_ALL,V,present,unclear,present,outcome_linkage,unclear,,V,Neutrophil changes were compared with the timing of strength deficits.,present,outcome_linkage,unclear,,V,实际测量等长力量缺损并报告与中性粒细胞增多的时间关系；两次离心运动加对照为实验比较，不计重复监测。仅有受试者人数，未描述人群特征。,present,unclear,V,,,,,,,V,B_C_consensus
FS-000245,ADJ_sample,ADJUDICATION_SAMPLE_VERIFY,M,absent,young_adult_age_unclear,absent,,young_adult_age_unclear,none,M,,absent,,young_adult_age_unclear,none,M,三个补充条件是实验比较，不是重复监测；IgA 与谷氨酰胺关联不属于所列临床或表现结局。,absent,young_adult_age_unclear,M,,,,,,,M,B_C_consensus
FS-000250,ADJ_sample,ADJUDICATION_SAMPLE_VERIFY,M,absent,young_adult_age_unclear,absent,,young_adult_age_unclear,none,M,,absent,,young_adult_age_unclear,none,M,两个运动任务和静坐条件的靶向肺蛋白比较无 E5；肺损伤诊断用途仅为建议。,absent,young_adult_age_unclear,M,,,,,,,M,B_C_consensus
FS-000266,MX_sample,HUMAN_SAMPLE_VERIFY,X,absent,clinical_or_infected_cohort,absent,,clinical_or_infected_cohort,none,M,,present,outcome_linkage,clinical_or_infected_cohort,E4_population,X,明确哮喘队列；实测运动后荨麻疹病例，并报告仅该病例外周血浆组胺上升。,DISAGREE,clinical_or_infected_cohort,DISAGREE,,present,outcome_linkage,clinical_or_infected_cohort,none,实际发生运动后荨麻疹并报告仅该病例血浆组胺升高，属已测疾病事件关联；临床标签不作 X。,V,D
FS-000274,MX_sample,HUMAN_SAMPLE_VERIFY,M,absent,young_adult_age_unclear,present,repeated_monitoring,young_adult_age_unclear,none,V,Inflammatory markers were tracked during seven identified exercise bouts.,present,repeated_monitoring,young_adult_age_unclear,none,V,同一组连续七天相同离心运动并跨多个赛段测免疫指标，符合重复监测。,present,young_adult_age_unclear,V,,,,,,,V,B_C_consensus
FS-000277,MX_sample,HUMAN_SAMPLE_VERIFY,M,absent,unclear,absent,,young_adult_age_unclear,none,M,,absent,,young_adult_age_unclear,none,M,单场超马补充剂平行比较细胞因子，非重复监测。,absent,young_adult_age_unclear,M,,,,,,,M,B_C_consensus
FS-000286,MX_sample,HUMAN_SAMPLE_VERIFY,M,absent,unclear,absent,,young_adult_age_unclear,none,M,,absent,,unclear,E2_no_post_sample,X,血及肌肉转录测量均在持续180分钟运动中，未报告停止后采样。,absent,DISAGREE,DISAGREE,,absent,,young_adult_age_unclear,E2_no_post_sample,测量仅报告持续运动中 90/180 分钟的转录及血液变化，未有停止后样本；E2_no_post_sample，无 E5。,X,D
FS-000287,V_confirm,HUMAN_CONFIRM_ALL,V,present,young_adult_age_unclear,absent,metric_validation,young_adult_age_unclear,,M,,present,metric_validation,young_adult_age_unclear,,V,建立新免疫检测法并报告所测细胞因子检测限较 ELISA 降低约十倍，按指标检测阈值评估计入；两种运动条件不计重复监测。健康年轻男性没有年龄范围。,DISAGREE,young_adult_age_unclear,DISAGREE,,present,metric_validation,young_adult_age_unclear,,建立免疫检测法并量化 cytokine 检出限较 ELISA 降低十倍，属于实际评估的检测阈值。,V,D
FS-000288,MX_sample,HUMAN_SAMPLE_VERIFY,M,absent,unclear,absent,,young_adult_age_unclear,none,M,,absent,,unclear,none,M,单次阻力运动后免疫功能；只称训练和未训练女性，无年龄及健康描述。,absent,DISAGREE,M,,absent,,young_adult_age_unclear,none,女性训练组没有明确年龄，按优先序留待全文；单次力量运动免疫功能变化无 E5。,M,D
FS-000297,V_confirm,HUMAN_CONFIRM_ALL,V,present,unclear,present,outcome_linkage,adults_stated,,V,Post-race salivary IgA was compared between runners with and without URTI.,present,outcome_linkage,young_adult_age_unclear,,V,实际比较有/无 URTI 跑者的 spIgA；仅老年分组给出 ≥50 岁，75 名较年轻组仅 <50 岁，不能确认全队列最低年龄。,present,DISAGREE,V,,present,outcome_linkage,adults_stated,,≥50 岁成人层有数字人数及单独比较；较年轻层最低年龄待全文，实际 URTI 与 spIgA 关系符合 E5。,V,D
FS-000319,V_confirm,HUMAN_CONFIRM_ALL,V,present,adults_stated,present,omics_discovery,adults_stated,,V,Muscle gene expression profiling identified inflammatory response genes after exercise.,present,omics_discovery,adults_stated,,V,表达谱分析包含炎症反应基因；两年龄组均给出成人范围。未报告变异验证统计量。,present,adults_stated,V,,,,,,,V,B_C_consensus
FS-000384,ADJ_sample,ADJUDICATION_SAMPLE_VERIFY,M,absent,young_adult_age_unclear,absent,,young_adult_age_unclear,none,M,,absent,,young_adult_age_unclear,none,M,一次分段运动实验及两种补充条件非跨运动个体监测；细胞功能变化无其余 E5。,absent,young_adult_age_unclear,M,,,,,,,M,B_C_consensus
FS-000389,V_confirm,HUMAN_CONFIRM_ALL,V,present,young_adult_age_unclear,absent,repeated_monitoring,young_adult_age_unclear,,M,,present,repeated_monitoring,young_adult_age_unclear,,V,同一批骑手在基线及三个训练阶段追踪免疫状态，构成训练期监测；同时测成绩/URI 不等同于明确免疫指标与这些结局的关联分析。健康男性未给年龄。,DISAGREE,young_adult_age_unclear,DISAGREE,,present,repeated_monitoring,young_adult_age_unclear,,同人基线及三个训练阶段追踪淋巴细胞/细胞因子，明确训练期免疫状态监测；符合 E5。,V,D
FS-000390,ADJ_sample,ADJUDICATION_SAMPLE_VERIFY,M,absent,unclear,absent,,young_adult_age_unclear,none,M,,absent,,unclear,none,M,两个药物条件的损伤、细胞浸润与力量结果分别比较，未报告免疫指标与表现下降关联。,absent,DISAGREE,M,,absent,,young_adult_age_unclear,none,人类受试者无明确年龄，按优先序保留年龄待全文；两药物条件的细胞浸润及力量分别比较，无 E5。,M,D
FS-000402,MX_sample,HUMAN_SAMPLE_VERIFY,X,present,clinical_or_infected_cohort,absent,,clinical_or_infected_cohort,none,M,,absent,,clinical_or_infected_cohort,E4_population,X,明确慢性心衰队列；基线 VO2 与细胞因子相关，非纵向实测表现下降。,absent,clinical_or_infected_cohort,DISAGREE,,absent,,clinical_or_infected_cohort,none,基线 VO2 水平/运动耐受相关不等于实测表现下降；有运动后样本，临床标签不作核心缺失。,M,D
FS-000404,V_confirm,HUMAN_CONFIRM_ALL,V,present,unclear,present,metric_validation,young_adult_age_unclear,,V,Modified hematologic reference ranges reported for marathon runners.,present,metric_validation,young_adult_age_unclear,,V,明确为马拉松人群提供修订的血液实验室参考范围。未给参赛者年龄范围或最低年龄。,present,young_adult_age_unclear,V,,,,,,,V,B_C_consensus
FS-000411,ADJ_sample,ADJUDICATION_SAMPLE_VERIFY,M,absent,young_adult_age_unclear,absent,,young_adult_age_unclear,none,M,,absent,,young_adult_age_unclear,none,M,两个饮料条件及 13 个预选基因 RT-PCR 不是组学发现或重复监测。,absent,young_adult_age_unclear,M,,,,,,,M,B_C_consensus
FS-000419,MX_sample,HUMAN_SAMPLE_VERIFY,M,absent,young_adult_age_unclear,absent,,young_adult_age_unclear,none,M,,absent,,young_adult_age_unclear,none,M,海拔两条件间歇运动，非个体监测。,absent,young_adult_age_unclear,M,,,,,,,M,B_C_consensus
FS-000425,V_confirm,HUMAN_CONFIRM_ALL,V,present,unclear,present,repeated_monitoring,young_adult_age_unclear,,V,Immune markers tracked across 19 rowing tests during a training year.,present,repeated_monitoring,young_adult_age_unclear,,V,同一批 13 名划船者一年内 19 次标准测试前后采样，明确追踪变化并讨论训练监测；未给年龄。,present,young_adult_age_unclear,V,,,,,,,V,B_C_consensus
FS-000429,MX_sample,HUMAN_SAMPLE_VERIFY,M,absent,young_adult_age_unclear,absent,,young_adult_age_unclear,none,M,,absent,,young_adult_age_unclear,none,M,三种补充条件实验非监测；采样停止时点未明确，不能判缺失。,absent,young_adult_age_unclear,M,,,,,,,M,B_C_consensus
FS-000434,MX_sample,HUMAN_SAMPLE_VERIFY,M,absent,unclear,absent,,young_adult_age_unclear,none,M,,absent,,young_adult_age_unclear,none,M,减量训练前后两次运动，CD4 及氧化指标比较，无三次监测或验证。,absent,young_adult_age_unclear,M,,,,,,,M,B_C_consensus
FS-000437,ADJ_sample,ADJUDICATION_SAMPLE_VERIFY,M,absent,young_adult_age_unclear,absent,,adults_stated,none,M,,absent,,young_adult_age_unclear,none,M,三次 Wingate 相隔三分钟构成一次间歇协议，训练前后仅两次测试；功率下降与 SIgA 未作关联。,absent,DISAGREE,M,,absent,,young_adult_age_unclear,none,健康成人描述无数字年龄；三次 Wingate 整套协议前后仅两次采样，未测免疫与功率下降关联。,M,D
FS-000439,V_confirm,HUMAN_CONFIRM_ALL,V,present,young_adult_age_unclear,absent,outcome_linkage,young_adult_age_unclear,,M,,absent,outcome_linkage,young_adult_age_unclear,,M,感染易感性仅为背景与讨论推测，未实际测感染结局；一次 30 km 跑前后功能变化不满足验证或重复监测。未给年龄。,absent,young_adult_age_unclear,M,,,,,,,M,B_C_consensus
FS-000441,ADJ_sample,ADJUDICATION_SAMPLE_VERIFY,M,absent,young_adult_age_unclear,absent,,young_adult_age_unclear,none,M,,absent,,unclear,none,M,两种饮料条件的靶向 IL-6 释放无 E5；运动后肌肉活检已明确，男性年龄未说明。,absent,DISAGREE,M,,absent,,young_adult_age_unclear,none,七名男性无明确年龄，按优先序保留年龄待全文；两饮料条件的靶向 IL-6 释放无 E5。,M,D
FS-000445,V_confirm,HUMAN_CONFIRM_ALL,V,present,young_adult_age_unclear,absent,outcome_linkage,young_adult_age_unclear,,M,,absent,outcome_linkage,young_adult_age_unclear,,M,一次 Qi-training 后两个采样点不构成跨运动监测；对感染抵抗力的结论为推测，无实际感染结局。健康男性/年轻成人未给年龄范围。,absent,young_adult_age_unclear,M,,,,,,,M,B_C_consensus
FS-000448,MX_sample,HUMAN_SAMPLE_VERIFY,M,absent,young_adult_age_unclear,absent,,young_adult_age_unclear,none,M,,absent,,young_adult_age_unclear,none,M,两个温度条件交叉；年龄给95%均值置信区间，非个体年龄范围。,absent,young_adult_age_unclear,M,,,,,,,M,B_C_consensus
FS-000450,V_confirm,HUMAN_CONFIRM_ALL,V,present,young_adult_age_unclear,present,repeated_monitoring,young_adult_age_unclear,,V,"NK cells tracked after runs at weeks 0, 2, and 10.",present,repeated_monitoring,young_adult_age_unclear,,V,同一批跑者在 WK0、WK2、WK10 三次相同跑步测试前后追踪 NK 功能/细胞，属于跨训练阶段的纵向追踪。未给年龄范围。,present,young_adult_age_unclear,V,,,,,,,V,B_C_consensus
FS-000451,V_confirm,HUMAN_CONFIRM_ALL,V,present,young_adult_age_unclear,present,outcome_linkage;repeated_monitoring,young_adult_age_unclear,,V,IgA tracked after repeated sessions and analysed against URTI occurrence.,present,outcome_linkage;repeated_monitoring,young_adult_age_unclear,,V,12 周同一批运动员的 SIgA 监测及 URTI 预测关联实际分析明确；未报告定量预测性能，不另计指标验证。未给年龄。,present,young_adult_age_unclear,V,,,,,,,V,B_C_consensus
FS-000460,V_confirm,HUMAN_CONFIRM_ALL,V,present,young_adult_age_unclear,present,repeated_monitoring,young_adult_age_unclear,,V,"Lymphocyte responses tracked after bouts at months 0, 3, and 6.",present,repeated_monitoring,young_adult_age_unclear,,V,同一批女性在 T0/T3/T6 三次标准挑战追踪免疫反应及训练进程，非两三个急性条件交叉比较；力量增加/负荷为解释变量，不等于表现下降结局。未给年龄。,present,young_adult_age_unclear,V,,,,,,,V,B_C_consensus
FS-000472,V_confirm,HUMAN_CONFIRM_ALL,V,present,young_adult_age_unclear,present,outcome_linkage,young_adult_age_unclear,,V,"Postexercise leukocyte imaging, without biosampling, was related to impaired force recovery.",present,outcome_linkage,young_adult_age_unclear,,V,测得力量下降及恢复停滞并分析与白细胞浸润的时间关系；年龄仅均值±SD，不换算成年范围。,present,young_adult_age_unclear,V,,,,,,,V,B_C_consensus
FS-000475,ADJ_sample,ADJUDICATION_SAMPLE_VERIFY,M,absent,adults_stated,absent,,adults_stated,none,M,,absent,,adults_stated,none,M,年龄 18–30 岁；四个运动强度或能耗条件是实验比较，氧化应激阈值仅为推论。,absent,adults_stated,M,,,,,,,M,B_C_consensus
FS-000484,MX_sample,HUMAN_SAMPLE_VERIFY,X,absent,clinical_or_infected_cohort,absent,,clinical_or_infected_cohort,none,M,,absent,,clinical_or_infected_cohort,E4_population,X,明确2型糖尿病队列，描述运动前后采样；未报告 E5。,absent,clinical_or_infected_cohort,DISAGREE,,absent,,clinical_or_infected_cohort,none,运动前后细胞因子及代谢变化无四类 E5；2 型糖尿病标签不自动作 E4 核心缺失。,M,D
FS-000490,MX_sample,HUMAN_SAMPLE_VERIFY,X,absent,clinical_or_infected_cohort,absent,,clinical_or_infected_cohort,none,M,,absent,,clinical_or_infected_cohort,E4_population,X,明确已有 EIB 的队列；肺功能与炎症分别作饮食条件比较，未分析二者关联。,absent,clinical_or_infected_cohort,DISAGREE,,absent,,clinical_or_infected_cohort,none,肺功能及炎症分别比较饮食条件，未作结局与标志物关联；交叉非监测，临床标签不作 X。,M,D
FS-000498,V_confirm,HUMAN_CONFIRM_ALL,V,present,adults_stated,absent,metric_validation,adults_stated,,M,,absent,metric_validation,adults_stated,,M,个体 SIgA 增加比例及变化范围不等于可靠性/变异验证统计量；仅一次运动后的反应，没有其余 E5 要素。年龄范围明确为 18–29 岁。,absent,adults_stated,M,,,,,,,M,B_C_consensus
FS-000504,V_confirm,HUMAN_CONFIRM_ALL,V,present,unclear,present,metric_validation;outcome_linkage,young_adult_age_unclear,,V,Mid-race salivary IgA was analysed against post-race URTI.,present,metric_validation;outcome_linkage,young_adult_age_unclear,,V,URTI经访谈实测并与sIgA关联；未报告预测性能统计量。,present,young_adult_age_unclear,V,,,,,,,V,B_C_consensus
FS-000526,V_confirm,HUMAN_CONFIRM_ALL,V,present,young_adult_age_unclear,absent,outcome_linkage;repeated_monitoring,young_adult_age_unclear,,M,,absent,outcome_linkage;repeated_monitoring,young_adult_age_unclear,,M,仅训练前后两次急性试验，未明确个体监测；疲劳和感染未与免疫指标作结局关联分析。,absent,young_adult_age_unclear,M,,,,,,,M,B_C_consensus
FS-000531,ADJ_sample,ADJUDICATION_SAMPLE_VERIFY,M,absent,unclear,absent,,young_adult_age_unclear,none,M,,absent,,unclear,none,M,一次运动的靶向细胞因子时程及运动组比较无四类 E5；年龄未描述。,absent,DISAGREE,M,,absent,,young_adult_age_unclear,none,人类训练/非训练受试者无明确年龄，按优先序保留年龄待全文；单次运动靶向细胞因子时程无 E5。,M,D
FS-000533,V_confirm,HUMAN_CONFIRM_ALL,V,present,young_adult_age_unclear,present,metric_validation,young_adult_age_unclear,,V,Resting TGF-beta-1 intra-individual coefficient of variation was reported.,present,metric_validation,young_adult_age_unclear,,V,明确报告TGF-beta-1个体内CV=9.8%。,present,young_adult_age_unclear,V,,,,,,,V,B_C_consensus
FS-000563,MX_sample,HUMAN_SAMPLE_VERIFY,M,absent,unclear,absent,,young_adult_age_unclear,none,M,,absent,,young_adult_age_unclear,none,M,单次跑步比较温度及两种靶向热休克蛋白，不是组学发现；未报告年龄范围。,absent,young_adult_age_unclear,M,,,,,,,M,B_C_consensus
FS-000566,ADJ_sample,ADJUDICATION_SAMPLE_VERIFY,M,absent,unclear,absent,,young_adult_age_unclear,none,M,,absent,,young_adult_age_unclear,none,M,两个坡度条件，ROS 与功能下降时序讨论未与免疫白细胞指标作结局关联。,absent,young_adult_age_unclear,M,,,,,,,M,B_C_consensus
FS-000572,MX_sample,HUMAN_SAMPLE_VERIFY,M,absent,young_adult_age_unclear,absent,,young_adult_age_unclear,none,M,,absent,,young_adult_age_unclear,none,M,一次30秒力竭后淋巴细胞，应答幅度非变异验证。,absent,young_adult_age_unclear,M,,,,,,,M,B_C_consensus
FS-000573,V_confirm,HUMAN_CONFIRM_ALL,V,present,unclear,absent,outcome_linkage,young_adult_age_unclear,,M,,present,outcome_linkage,young_adult_age_unclear,,V,过度训练运动员实测T细胞增殖与IL-1/6并报告无变化，属于与过度训练结局的实测关联。,DISAGREE,young_adult_age_unclear,DISAGREE,,present,outcome_linkage,young_adult_age_unclear,,实际过度训练组测 T 细胞增殖及 IL-1/6，并分析过度训练与指标关系；阴性结果也计入。,V,D
FS-000574,V_confirm,HUMAN_CONFIRM_ALL,V,present,young_adult_age_unclear,absent,outcome_linkage,adults_stated,,M,,absent,outcome_linkage,young_adult_age_unclear,,M,感染易感性只在结论推测，未实测感染。,absent,DISAGREE,M,,absent,,young_adult_age_unclear,,男女跑者没有明确年龄，留到全文；感染易感性仅讨论推测，无 E5，删除旧结局子类。,M,D
FS-000575,MX_sample,HUMAN_SAMPLE_VERIFY,M,absent,young_adult_age_unclear,absent,,young_adult_age_unclear,none,M,,absent,,young_adult_age_unclear,none,M,摘要明确称 S100B 为细胞因子，赛后测量；CNS 损伤仅讨论。,absent,young_adult_age_unclear,M,,,,,,,M,B_C_consensus
FS-000578,MX_sample,HUMAN_SAMPLE_VERIFY,M,absent,unclear,absent,,young_adult_age_unclear,none,M,,absent,,young_adult_age_unclear,none,M,单场滑雪赛免疫内分泌变化，健康风险为研究动机而非实际结局分析。,absent,young_adult_age_unclear,M,,,,,,,M,B_C_consensus
FS-000582,ADJ_sample,ADJUDICATION_SAMPLE_VERIFY,M,absent,young_adult_age_unclear,absent,,young_adult_age_unclear,none,M,,absent,,young_adult_age_unclear,none,M,单次抗阻运动的细胞时程和皮质醇关联无 E5；感染易感性仅为讨论，年龄仅均值及标准差。,absent,young_adult_age_unclear,M,,,,,,,M,B_C_consensus
FS-000606,ADJ_sample,ADJUDICATION_SAMPLE_VERIFY,X,absent,adults_stated,absent,,adults_stated,E3_no_immune_marker,X,WBC DNA damage and oxidative stress measured; no immune marker named.,absent,,adults_stated,E3_no_immune_marker,X,年龄 18–20 岁；WBC 的 DNA 氧化损伤单细胞凝胶试验不是单细胞组学或免疫功能指标，仅其他氧化应激和表现指标。,absent,adults_stated,X,,,,,,,X,B_C_consensus
FS-000607,MX_sample,HUMAN_SAMPLE_VERIFY,M,absent,unclear,absent,,young_adult_age_unclear,none,M,,absent,,unclear,none,M,心理与运动应激两任务比较，不属监测；只描述活动程度分组。,absent,DISAGREE,M,,absent,,young_adult_age_unclear,none,活动分组受试者无明确年龄，按优先序留待全文；心理与运动两任务比较非重复监测，无 E5。,M,D
FS-000608,V_confirm,HUMAN_CONFIRM_ALL,V,present,young_adult_age_unclear,absent,metric_validation,young_adult_age_unclear,,M,,absent,metric_validation,young_adult_age_unclear,,M,虽称方法可靠，未报告可靠性或验证统计量。,absent,young_adult_age_unclear,M,,,,,,,M,B_C_consensus
FS-000615,ADJ_sample,ADJUDICATION_SAMPLE_VERIFY,X,absent,young_adult_age_unclear,absent,,young_adult_age_unclear,E2_no_post_sample,X,IL-6 samples were collected before and during exercise only.,absent,,young_adult_age_unclear,E2_no_post_sample,X,血液和组织样本仅休息及运动过程至 180 分钟，未报告结束后采样；两个药物条件无 E5。,absent,young_adult_age_unclear,X,,,,,,,X,B_C_consensus
FS-000645,V_confirm,HUMAN_CONFIRM_ALL,V,present,adults_stated,present,omics_discovery,adults_stated,,V,PBMC microarray profiled exercise-responsive inflammatory genes.,present,omics_discovery,adults_stated,,V,18–30岁，PBMC微阵列转录组发现。,present,adults_stated,V,,,,,,,V,B_C_consensus
FS-000657,ADJ_sample,ADJUDICATION_SAMPLE_VERIFY,M,absent,adults_stated,absent,,adults_stated,none,M,,absent,,young_adult_age_unclear,none,M,单次马拉松的细胞功能与皮质醇关联无 E5；年轻组仅给上限 50 岁，整体无成年最低年龄。,absent,DISAGREE,M,,absent,,adults_stated,none,≥50 岁成人层有人数及单独结果，满足明确成人层数字支持；较年轻层最低年龄待全文，无 E5。,M,D
FS-000674,V_confirm,HUMAN_CONFIRM_ALL,V,present,young_adult_age_unclear,absent,metric_validation,young_adult_age_unclear,,M,,absent,metric_validation,young_adult_age_unclear,,M,靶向五个SNP与三种细胞因子；个体差异描述没有变异验证统计量，非组学谱发现。,absent,young_adult_age_unclear,M,,,,,,,M,B_C_consensus
FS-000676,ADJ_sample,ADJUDICATION_SAMPLE_VERIFY,X,absent,unclear,absent,,young_adult_age_unclear,E2_no_post_sample,X,Resting blood samples were taken before and after the training camp.,absent,,young_adult_age_unclear,E2_no_post_sample,X,明确只在训练营前后静息采血，没有单次运动后样本；两次检测非重复监测。,absent,young_adult_age_unclear,X,,,,,,,X,B_C_consensus
FS-000679,V_confirm,HUMAN_CONFIRM_ALL,V,present,young_adult_age_unclear,absent,outcome_linkage,young_adult_age_unclear,,M,,absent,outcome_linkage,young_adult_age_unclear,,M,单次气功后的两次采样；感染抵抗只是推测。,absent,young_adult_age_unclear,M,,,,,,,M,B_C_consensus
FS-000681,V_confirm,HUMAN_CONFIRM_ALL,V,present,young_adult_age_unclear,present,repeated_monitoring,young_adult_age_unclear,,V,NK cell markers tracked across four exercise visits over ten weeks.,present,repeated_monitoring,young_adult_age_unclear,,V,同批铁三运动员在0、2、5、10周四次试验跟踪NK指标。,present,young_adult_age_unclear,V,,,,,,,V,B_C_consensus
FS-000684,V_confirm,HUMAN_CONFIRM_ALL,V,present,unclear,absent,outcome_linkage,young_adult_age_unclear,,M,,absent,outcome_linkage,young_adult_age_unclear,,M,感染抵抗减弱为讨论推测，未测感染结局。,absent,young_adult_age_unclear,M,,,,,,,M,B_C_consensus
FS-000693,V_confirm,HUMAN_CONFIRM_ALL,V,present,unclear,present,outcome_linkage;repeated_monitoring,young_adult_age_unclear,,V,Reduced time to fatigue identified overreaching alongside altered leukocyte HSP responses.,present,outcome_linkage;repeated_monitoring,young_adult_age_unclear,,V,以力竭时间下降判定过度负荷，并分析该状态的白细胞HSP反应；仅两次测试。,present,young_adult_age_unclear,V,,,,,,,V,B_C_consensus
FS-000701,MX_sample,HUMAN_SAMPLE_VERIFY,M,absent,unclear,absent,,young_adult_age_unclear,none,M,,absent,,unclear,none,M,单次运动按体能分组比较白细胞，未描述年龄或健康状态。,absent,DISAGREE,M,,absent,,young_adult_age_unclear,none,体能分组受试者无明确年龄，按优先序留待全文；单次运动白细胞比较无 E5。,M,D
FS-000703,ADJ_sample,ADJUDICATION_SAMPLE_VERIFY,X,absent,young_adult_age_unclear,absent,,young_adult_age_unclear,E2_no_post_sample,X,"Samples were taken before and after 30 days, without bout-linked timing.",absent,,young_adult_age_unclear,E2_no_post_sample,X,治疗前后两次生化检测未关联单次运动后采样；仅肌损伤生化指标，药物免疫作用来自背景。,absent,young_adult_age_unclear,X,,,,,,,X,B_C_consensus
FS-000709,MX_sample,HUMAN_SAMPLE_VERIFY,M,absent,unclear,absent,,young_adult_age_unclear,none,M,,absent,,young_adult_age_unclear,none,M,潜水前后中性粒细胞 MPO 及 iNOS；维生素条件交叉无 E5。,absent,young_adult_age_unclear,M,,,,,,,M,B_C_consensus
FS-000714,MX_sample,HUMAN_SAMPLE_VERIFY,M,absent,young_adult_age_unclear,absent,,young_adult_age_unclear,none,M,,absent,,young_adult_age_unclear,none,M,健康人单次运动后离体 PMN/血小板功能，无 E5。,absent,young_adult_age_unclear,M,,,,,,,M,B_C_consensus
FS-000719,V_confirm,HUMAN_CONFIRM_ALL,V,present,young_adult_age_unclear,present,repeated_monitoring,young_adult_age_unclear,,V,Leukocyte responses tracked across four time trials during a training block.,present,repeated_monitoring,young_adult_age_unclear,,V,同批人在第0、14、28、30天四次计时赛测同一白细胞指标。,present,young_adult_age_unclear,V,,,,,,,V,B_C_consensus
FS-000726,V_confirm,HUMAN_CONFIRM_ALL,V,present,unclear,present,repeated_monitoring,young_adult_age_unclear,,V,Leukocytes sampled around repeated races; several athletes participated three or four times.,present,repeated_monitoring,young_adult_age_unclear,,V,同人跨三至四场比赛采样；未提供年龄范围。,present,young_adult_age_unclear,V,,,,,,,V,B_C_consensus
FS-000729,MX_sample,HUMAN_SAMPLE_VERIFY,M,absent,young_adult_age_unclear,absent,,young_adult_age_unclear,none,M,,absent,,young_adult_age_unclear,none,M,两种步行与静息条件比较，非重复监测。,absent,young_adult_age_unclear,M,,,,,,,M,B_C_consensus
FS-000731,V_confirm,HUMAN_CONFIRM_ALL,V,present,unclear,absent,outcome_linkage;repeated_monitoring,young_adult_age_unclear,,M,,present,outcome_linkage;repeated_monitoring,young_adult_age_unclear,,V,同人训练前、训练后及恢复后共三次运动试验跟踪T细胞；感染只属推测。,DISAGREE,young_adult_age_unclear,DISAGREE,,present,repeated_monitoring,young_adult_age_unclear,,加量训练前、后及恢复两周后三次独立力竭试验追踪同人 T 细胞；感染仅为推测，不加 outcome_linkage。,V,D
FS-000732,MX_sample,HUMAN_SAMPLE_VERIFY,M,absent,unclear,present,repeated_monitoring,young_adult_age_unclear,none,V,Immune markers tracked across an incremental test and four interval sessions.,absent,,unclear,none,M,不同强度间歇实验比较，不属重复监测；仅称训练受试者。,DISAGREE,DISAGREE,DISAGREE,,absent,,young_adult_age_unclear,none,测试及四强度间歇为条件反应实验，非个体纵向监测；人体血样体外测定不构成 E4 缺失。,M,D
FS-000734,ADJ_sample,ADJUDICATION_SAMPLE_VERIFY,M,absent,young_adult_age_unclear,absent,,young_adult_age_unclear,none,M,,absent,,young_adult_age_unclear,none,M,两周训练前后比较，白细胞和实际表现分别报告，未作关联；诊断潜力未报告性能统计。,absent,young_adult_age_unclear,M,,,,,,,M,B_C_consensus
FS-000747,MX_sample,HUMAN_SAMPLE_VERIFY,M,absent,unclear,absent,,unclear,none,M,,absent,,unclear,none,M,一次四小时骑行与静息对照，感染风险仅背景；摘要没有人口年龄描述。,absent,unclear,M,,,,,,,M,B_C_consensus
FS-000749,V_confirm,HUMAN_CONFIRM_ALL,V,present,young_adult_age_unclear,absent,metric_validation,young_adult_age_unclear,,M,,absent,metric_validation,young_adult_age_unclear,,M,处理方式的均值差异不等于可靠性、重复性或一致性验证统计量。,absent,young_adult_age_unclear,M,,,,,,,M,B_C_consensus
FS-000751,V_confirm,HUMAN_CONFIRM_ALL,V,present,young_adult_age_unclear,present,outcome_linkage,young_adult_age_unclear,,V,Post-race URTI symptoms were assessed in relation to lymphocyte recovery.,present,outcome_linkage,young_adult_age_unclear,,V,实测赛后URTI并分析与淋巴细胞恢复的无关联。,present,young_adult_age_unclear,V,,,,,,,V,B_C_consensus
FS-000758,MX_sample,HUMAN_SAMPLE_VERIFY,M,absent,young_adult_age_unclear,absent,,young_adult_age_unclear,none,M,,absent,,young_adult_age_unclear,none,M,两个环境条件交叉比较 sIgA，不属重复监测。,absent,young_adult_age_unclear,M,,,,,,,M,B_C_consensus
FS-000760,V_confirm,HUMAN_CONFIRM_ALL,V,present,unclear,absent,metric_validation,young_adult_age_unclear,,M,,absent,metric_validation,young_adult_age_unclear,,M,提到ELISA与另一方法比较，但未报告一致性或验证性能统计量。,absent,young_adult_age_unclear,M,,,,,,,M,B_C_consensus
FS-000766,ADJ_sample,ADJUDICATION_SAMPLE_VERIFY,M,absent,young_adult_age_unclear,absent,,young_adult_age_unclear,none,M,,absent,,young_adult_age_unclear,none,M,单次、双次运动及休息条件为实验比较，不属于重复监测；志愿者年龄范围未给。,absent,young_adult_age_unclear,M,,,,,,,M,B_C_consensus
FS-000787,ADJ_sample,ADJUDICATION_SAMPLE_VERIFY,M,absent,unclear,absent,,young_adult_age_unclear,none,M,,absent,,young_adult_age_unclear,none,M,两个周期条件下急性运动比较及靶向指标无 E5；参与者活动水平明确但年龄范围缺失。,absent,young_adult_age_unclear,M,,,,,,,M,B_C_consensus
FS-000794,MX_sample,HUMAN_SAMPLE_VERIFY,M,absent,young_adult_age_unclear,absent,,young_adult_age_unclear,none,M,,absent,,young_adult_age_unclear,none,M,不同训练背景者单次运动后 TNF 动力学，未报告 E5 要素。,absent,young_adult_age_unclear,M,,,,,,,M,B_C_consensus
FS-000795,MX_sample,HUMAN_SAMPLE_VERIFY,X,present,unclear,present,outcome_linkage,unclear,E2_no_post_sample,X,Pre-exercise samples only; immune changes assessed against performance decline.,present,outcome_linkage;repeated_monitoring,unclear,E2_no_post_sample,X,十五天训练恢复期间四次追踪并实际比较表现下降与免疫参数；血样明确仅运动前。,present,unclear,X,,,,,,,X,B_C_consensus
FS-000802,ADJ_sample,ADJUDICATION_SAMPLE_VERIFY,M,absent,adults_stated,absent,,adults_stated,none,M,,absent,,adults_stated,none,M,年龄 22–30 岁；单次运动后趋化机制及功能关联非实际感染或表现下降结局。,absent,adults_stated,M,,,,,,,M,B_C_consensus
FS-000807,MX_sample,HUMAN_SAMPLE_VERIFY,M,absent,young_adult_age_unclear,absent,,young_adult_age_unclear,none,M,,absent,,young_adult_age_unclear,none,M,老人训练前后两次急性测试；力量改善及 HSP 相关，不是实测表现下降。,absent,young_adult_age_unclear,M,,,,,,,M,B_C_consensus
FS-000816,V_confirm,HUMAN_CONFIRM_ALL,V,present,young_adult_age_unclear,present,omics_discovery,young_adult_age_unclear,,V,Leukocyte microarrays profiled stress and inflammation gene responses.,present,omics_discovery,young_adult_age_unclear,,V,健康青年志愿者白细胞炎症相关转录组发现；未实测哮喘。,present,young_adult_age_unclear,V,,,,,,,V,B_C_consensus
FS-000823,MX_sample,HUMAN_SAMPLE_VERIFY,X,absent,clinical_or_infected_cohort,absent,,clinical_or_infected_cohort,E3_no_immune_marker,X,"Measured oxidative damage markers, with no named immune marker.",absent,,clinical_or_infected_cohort,E3_no_immune_marker,X,COPD 队列；所列指标均为氧化损伤，PBMC DNA 损伤非具名免疫效应功能或组学，首缺 E3。,absent,clinical_or_infected_cohort,X,,,,,,,X,B_C_consensus
FS-000826,ADJ_sample,ADJUDICATION_SAMPLE_VERIFY,M,absent,unclear,absent,,young_adult_age_unclear,none,M,,absent,,unclear,none,M,两个温度条件及靶向细胞因子功能比较无四类 E5；男性年龄及健康状态未说明。,absent,DISAGREE,M,,absent,,young_adult_age_unclear,none,男性无明确年龄，按优先序保留年龄待全文；两个温度条件的靶向免疫功能比较无 E5。,M,D
FS-000829,V_confirm,HUMAN_CONFIRM_ALL,V,present,young_adult_age_unclear,present,metric_validation,young_adult_age_unclear,,V,A calprotectin reference interval was reported.,present,metric_validation,young_adult_age_unclear,,V,报告中性粒细胞钙卫蛋白参考区间18.6–31.4 pg/cell。,present,young_adult_age_unclear,V,,,,,,,V,B_C_consensus
FS-000830,MX_sample,HUMAN_SAMPLE_VERIFY,M,absent,young_adult_age_unclear,absent,,young_adult_age_unclear,none,M,,absent,,unclear,none,M,两种强度实验比较淋巴细胞凋亡，非监测；仅称久坐男性。,absent,DISAGREE,M,,absent,,young_adult_age_unclear,none,久坐男性无明确年龄，按优先序留待全文；两种强度条件的淋巴细胞凋亡比较无 E5。,M,D
FS-000837,V_confirm,HUMAN_CONFIRM_ALL,V,present,young_adult_age_unclear,present,metric_validation;omics_discovery,young_adult_age_unclear,,V,Inflammation-focused microarray screened for immune-related candidate genes.,present,metric_validation;omics_discovery,young_adult_age_unclear,,V,炎症相关微阵列发现；可靠性表述与回归显著性未给出验证性能统计量。,present,young_adult_age_unclear,V,,,,,,,V,B_C_consensus
FS-000872,MX_sample,HUMAN_SAMPLE_VERIFY,M,absent,young_adult_age_unclear,absent,,young_adult_age_unclear,none,M,,absent,,young_adult_age_unclear,none,M,雌二醇与安慰剂两条件交叉；指标相互相关不属于验证或临床结局关联。,absent,young_adult_age_unclear,M,,,,,,,M,B_C_consensus
FS-000873,ADJ_sample,ADJUDICATION_SAMPLE_VERIFY,V,present,young_adult_age_unclear,present,outcome_linkage,young_adult_age_unclear,none,V,Loss of maximal force was correlated with delayed leukocytosis.,present,outcome_linkage,young_adult_age_unclear,none,V,实测力量损失与延迟白细胞增多及 CRP 变化相关，报告相关系数，符合表现下降结局关联。,present,young_adult_age_unclear,V,,,,,,,V,B_C_consensus
FS-000884,V_confirm,HUMAN_CONFIRM_ALL,V,present,unclear,absent,outcome_linkage,young_adult_age_unclear,,M,,absent,outcome_linkage,young_adult_age_unclear,,M,感染易感性只在讨论推测，单场赛事多采样不构成重复监测。,absent,young_adult_age_unclear,M,,,,,,,M,B_C_consensus
FS-000885,V_confirm,HUMAN_CONFIRM_ALL,V,present,young_adult_age_unclear,present,outcome_linkage;repeated_monitoring,young_adult_age_unclear,,V,"Salivary IgA tracked after identified running bouts on days 1, 4, and 6.",present,outcome_linkage;repeated_monitoring,young_adult_age_unclear,,V,同人第1、4、6天三次运动跟踪sIgA；未测URTI结局。,present,young_adult_age_unclear,V,,,,,,,V,B_C_consensus
FS-000901,V_confirm,HUMAN_CONFIRM_ALL,V,present,unclear,present,omics_discovery,young_adult_age_unclear,,V,Inflammation-focused microarrays profiled blood gene expression after a half marathon.,present,omics_discovery,young_adult_age_unclear,,V,炎症相关cDNA表达谱发现，单场比赛。,present,young_adult_age_unclear,V,,,,,,,V,B_C_consensus
FS-000912,V_confirm,HUMAN_CONFIRM_ALL,V,present,young_adult_age_unclear,absent,repeated_monitoring,young_adult_age_unclear,,M,,present,repeated_monitoring,young_adult_age_unclear,,V,跨三周巡回赛跟踪同人急性期蛋白；重复监测不要求三次赛后样本，赛期追踪本身符合。,DISAGREE,young_adult_age_unclear,DISAGREE,,present,repeated_monitoring,young_adult_age_unclear,,同人三周赛事前、第 11 天和第 21 天追踪 CRP、补体等，符合赛期重复监测；均值年龄不足确认成人。,V,D
FS-000914,MX_sample,HUMAN_SAMPLE_VERIFY,M,absent,young_adult_age_unclear,absent,,young_adult_age_unclear,none,M,,absent,,young_adult_age_unclear,none,M,半马与全马不同群体单次赛后 NK 及粒细胞功能，无 E5。,absent,young_adult_age_unclear,M,,,,,,,M,B_C_consensus
FS-000922,MX_sample,HUMAN_SAMPLE_VERIFY,M,absent,young_adult_age_unclear,absent,,young_adult_age_unclear,none,M,,absent,,young_adult_age_unclear,none,M,一次力量运动后巨噬细胞亚群和靶向基因测量不构成 E5；年轻及老年组未给年龄范围。,absent,young_adult_age_unclear,M,,,,,,,M,B_C_consensus
FS-000925,V_confirm,HUMAN_CONFIRM_ALL,V,present,unclear,present,repeated_monitoring,young_adult_age_unclear,,V,Immune cells tracked across a season; sampling relative to individual bouts is unspecified.,present,repeated_monitoring,young_adult_age_unclear,,V,同批球员一赛季四次生物学随访；采样与单次运动关系不明不影响E5监测判断。,present,young_adult_age_unclear,V,,,,,,,V,B_C_consensus
FS-000935,ADJ_sample,ADJUDICATION_SAMPLE_VERIFY,M,absent,young_adult_age_unclear,absent,,young_adult_age_unclear,none,M,,absent,,young_adult_age_unclear,none,M,三种运动和热身条件为实验比较，不是重复监测；靶向细胞功能无其余 E5。,absent,young_adult_age_unclear,M,,,,,,,M,B_C_consensus
FS-000936,ADJ_sample,ADJUDICATION_SAMPLE_VERIFY,M,absent,young_adult_age_unclear,absent,,young_adult_age_unclear,none,M,,absent,,young_adult_age_unclear,none,M,海平面和两个高海拔适应时点用于暴露条件比较，未明确个体追踪目的，无其余 E5。,absent,young_adult_age_unclear,M,,,,,,,M,B_C_consensus
FS-000937,ADJ_sample,ADJUDICATION_SAMPLE_VERIFY,M,absent,young_adult_age_unclear,absent,,young_adult_age_unclear,none,M,,absent,,young_adult_age_unclear,none,M,三个饮料剂量条件是随机实验比较，不属于重复监测；年龄仅均值及标准差。,absent,young_adult_age_unclear,M,,,,,,,M,B_C_consensus
FS-000951,V_confirm,HUMAN_CONFIRM_ALL,V,present,young_adult_age_unclear,present,outcome_linkage,young_adult_age_unclear,,V,Postrace IgA change was analysed against reported URTI episodes.,present,outcome_linkage,young_adult_age_unclear,,V,赛后URTI日志与sIgA下降幅度作实际分析。,present,young_adult_age_unclear,V,,,,,,,V,B_C_consensus
FS-000953,V_confirm,HUMAN_CONFIRM_ALL,V,present,young_adult_age_unclear,absent,repeated_monitoring,young_adult_age_unclear,,M,,present,repeated_monitoring,young_adult_age_unclear,,V,65天内五次跟踪同人细胞因子跨训练期和比赛；正常对照均值不等于参考区间。,DISAGREE,young_adult_age_unclear,DISAGREE,,present,repeated_monitoring,young_adult_age_unclear,,65 天训练赛事内多时点追踪同一车手细胞因子，符合 repeated_monitoring；正常值比较未建立参考区间。,V,D
FS-000965,MX_sample,HUMAN_SAMPLE_VERIFY,X,absent,clinical_or_infected_cohort,absent,,clinical_or_infected_cohort,E2_no_post_sample,X,Athlete and comparator blood measures were not linked to an exercise bout.,absent,,clinical_or_infected_cohort,E2_no_post_sample,X,运动员与久坐及 T2DM 分组静息横断面，无运动后样本；普通相关非验证。,absent,clinical_or_infected_cohort,X,,,,,,,X,B_C_consensus
FS-000971,MX_sample,HUMAN_SAMPLE_VERIFY,M,absent,young_adult_age_unclear,absent,,young_adult_age_unclear,none,M,,absent,,young_adult_age_unclear,none,M,一次运动后细胞黏附功能和体适能组比较不构成 E5；年龄仅均值和标准差。,absent,young_adult_age_unclear,M,,,,,,,M,B_C_consensus
FS-000972,V_confirm,HUMAN_CONFIRM_ALL,V,present,unclear,present,repeated_monitoring,young_adult_age_unclear,,V,Salivary IgA was tracked after each daily race.,present,repeated_monitoring,young_adult_age_unclear,,V,同人逐日比赛前后跟踪IgA累积反应；URTI仅背景。,present,young_adult_age_unclear,V,,,,,,,V,B_C_consensus
FS-000974,V_confirm,HUMAN_CONFIRM_ALL,V,present,young_adult_age_unclear,absent,metric_validation,young_adult_age_unclear,,M,,absent,metric_validation,young_adult_age_unclear,,M,敏感和可靠仅定性结论，未报告验证统计量。,absent,young_adult_age_unclear,M,,,,,,,M,B_C_consensus
FS-000983,V_confirm,HUMAN_CONFIRM_ALL,V,present,young_adult_age_unclear,absent,repeated_monitoring,young_adult_age_unclear,,M,,present,repeated_monitoring,young_adult_age_unclear,,V,同批车手三周赛期三次跟踪免疫球蛋白；无需三个赛后采样点。,DISAGREE,young_adult_age_unclear,DISAGREE,,present,repeated_monitoring,young_adult_age_unclear,,同一车手三周赛事前、中、末追踪唾液及血液免疫指标；普通相关不算验证，未分析实际疾病结局。,V,D
FS-000990,V_confirm,HUMAN_CONFIRM_ALL,V,present,unclear,absent,outcome_linkage;repeated_monitoring,young_adult_age_unclear,,M,"Samples followed training periods, with no identified bout-linked draw.",present,outcome_linkage;repeated_monitoring,young_adult_age_unclear,,V,以过度训练炎症标志物为目的，12周四阶段重复跟踪cfDNA与CRP；未实测过度训练诊断结局。,DISAGREE,young_adult_age_unclear,DISAGREE,,present,repeated_monitoring,young_adult_age_unclear,,同人 12 周四阶段追踪 cfDNA、CRP 等与训练负荷变化；过度训练仅为候选用途，不加结局关联。,V,D
FS-000995,V_confirm,HUMAN_CONFIRM_ALL,V,present,young_adult_age_unclear,present,repeated_monitoring,young_adult_age_unclear,,V,Neutrophil function tracked after three identified exercise loads.,present,repeated_monitoring,young_adult_age_unclear,,V,同批大学柔道运动员训练前、64天训练后及训练营后三次相同负荷，跟踪免疫适应。,present,young_adult_age_unclear,V,,,,,,,V,B_C_consensus
FS-000997,ADJ_sample,ADJUDICATION_SAMPLE_VERIFY,M,absent,young_adult_age_unclear,absent,,young_adult_age_unclear,none,M,,absent,,young_adult_age_unclear,none,M,两个饮料条件的 NK 功能测量无 E5；两种功能方法未报告验证统计，年龄仅均值。,absent,young_adult_age_unclear,M,,,,,,,M,B_C_consensus
FS-001004,MX_sample,HUMAN_SAMPLE_VERIFY,X,absent,young_adult_age_unclear,absent,,young_adult_age_unclear,none,M,,absent,,young_adult_age_unclear,none,M,三种药物条件交叉，非监测；采样结束时间未明确，不能推断核心缺失。,absent,young_adult_age_unclear,M,,,,,,,M,B_C_consensus
FS-001006,MX_sample,HUMAN_SAMPLE_VERIFY,X,absent,clinical_or_infected_cohort,absent,,clinical_or_infected_cohort,E2_no_post_sample,X,"Immune markers were measured, but no post-exercise biosample is described.",absent,,clinical_or_infected_cohort,E2_no_post_sample,X,实验室指标明确为空腹例行检测，未报告运动后采样；含1型糖尿病患者。,absent,clinical_or_infected_cohort,X,,,,,,,X,B_C_consensus
FS-001024,V_confirm,HUMAN_CONFIRM_ALL,V,present,young_adult_age_unclear,present,omics_discovery;repeated_monitoring,young_adult_age_unclear,,V,White blood cell gene expression profiling identified inflammatory response genes.,present,omics_discovery;repeated_monitoring,unclear,,V,WBC炎症相关表达谱发现；两强度比较非监测，男性人数未提供年龄或健康人群限定。,present,DISAGREE,V,,present,omics_discovery,young_adult_age_unclear,,男性无明确年龄，留到全文；WBC 微阵列发现炎症候选，两个强度比较非监测，删除旧重复监测子类。,V,D
FS-001028,MX_sample,HUMAN_SAMPLE_VERIFY,M,absent,young_adult_age_unclear,absent,,young_adult_age_unclear,none,M,,absent,,young_adult_age_unclear,none,M,运动与静息两条件，单次力竭后颗粒溶素与 NK 数量，无 E5。,absent,young_adult_age_unclear,M,,,,,,,M,B_C_consensus
FS-001039,V_confirm,HUMAN_CONFIRM_ALL,V,present,unclear,present,metric_validation,young_adult_age_unclear,,V,Postmarathon MPO values were evaluated against a clinical threshold.,present,metric_validation,young_adult_age_unclear,,V,MPO赛后浓度相对厂家临床阈值作评价。,present,young_adult_age_unclear,V,,,,,,,V,B_C_consensus
FS-001040,MX_sample,HUMAN_SAMPLE_VERIFY,X,absent,unclear,absent,,young_adult_age_unclear,E2_no_post_sample,X,Fasting samples were unrelated to an identified exercise bout.,absent,,young_adult_age_unclear,E2_no_post_sample,X,习惯活动访谈及空腹基线免疫指标，只有静息样本。,absent,young_adult_age_unclear,X,,,,,,,X,B_C_consensus
FS-001044,V_confirm,HUMAN_CONFIRM_ALL,V,present,young_adult_age_unclear,present,repeated_monitoring,young_adult_age_unclear,,V,Immune markers sampled around four time trials in the same cyclists.,present,repeated_monitoring,young_adult_age_unclear,,V,四次计时赛跟踪免疫指标；URTI按补充组比较，未分析与免疫指标关联。,present,young_adult_age_unclear,V,,,,,,,V,B_C_consensus
FS-001046,MX_sample,HUMAN_SAMPLE_VERIFY,M,absent,young_adult_age_unclear,absent,,unclear,none,M,,absent,,young_adult_age_unclear,none,M,单次划船，记录疾病发生率但未报告其与免疫指标的分析。,absent,DISAGREE,M,,absent,,young_adult_age_unclear,none,男性无明确年龄，按优先序留待全文；疾病发生率虽记录，未与免疫指标分析关系，不计 E5。,M,D
FS-001081,ADJ_sample,ADJUDICATION_SAMPLE_VERIFY,M,absent,young_adult_age_unclear,absent,,young_adult_age_unclear,none,M,,absent,,young_adult_age_unclear,none,M,HRR 阈值为非免疫指标分类，CRP 与心率恢复关联不等于所列疾病或表现下降结局；年龄仅均值。,absent,young_adult_age_unclear,M,,,,,,,M,B_C_consensus
FS-001089,MX_sample,HUMAN_SAMPLE_VERIFY,M,absent,unclear,absent,,young_adult_age_unclear,none,M,,absent,,unclear,none,M,阈值40–60% VO2max针对运动强度，非免疫指标阈值；单次递增协议。,absent,DISAGREE,M,,absent,,young_adult_age_unclear,none,未训练人类受试者无明确年龄，留待全文；阈值针对运动强度而非免疫标志物验证，无 E5。,M,D
FS-001115,ADJ_sample,ADJUDICATION_SAMPLE_VERIFY,M,absent,young_adult_age_unclear,absent,,young_adult_age_unclear,none,M,,absent,,young_adult_age_unclear,none,M,11 个预选基因 PCR 与药物机制比较非组学发现或重复监测。,absent,young_adult_age_unclear,M,,,,,,,M,B_C_consensus
FS-001117,V_confirm,HUMAN_CONFIRM_ALL,V,present,unclear,present,outcome_linkage,unclear,,V,Postexercise inflammatory markers were associated with measured force reductions.,present,outcome_linkage,unclear,,V,实测肌力/反射下降并报告与IL-6、PGE2及CRP关系；未提供年龄。,present,unclear,V,,,,,,,V,B_C_consensus
FS-001118,ADJ_sample,ADJUDICATION_SAMPLE_VERIFY,M,absent,young_adult_age_unclear,absent,,young_adult_age_unclear,none,M,,absent,,young_adult_age_unclear,none,M,三个强度或时长条件是实验比较，不是重复监测；大学生年龄仅均值及标准差。,absent,young_adult_age_unclear,M,,,,,,,M,B_C_consensus
FS-001124,ADJ_sample,ADJUDICATION_SAMPLE_VERIFY,V,present,young_adult_age_unclear,present,repeated_monitoring,young_adult_age_unclear,none,V,Leucocyte markers were tracked after three consecutive exercise sessions.,present,repeated_monitoring,young_adult_age_unclear,none,V,同一批志愿者三天独立运动，每次前后采血并追踪免疫功能，符合重复监测。,present,young_adult_age_unclear,V,,,,,,,V,B_C_consensus
FS-001129,V_confirm,HUMAN_CONFIRM_ALL,V,present,adults_stated,absent,outcome_linkage;repeated_monitoring,adults_stated,,M,,absent,outcome_linkage;repeated_monitoring,young_adult_age_unclear,,M,三温度条件比较不算监测，感染仅讨论；年龄仅均值±SD。,absent,DISAGREE,M,,absent,,young_adult_age_unclear,,年龄仅 22±2 岁，留到全文；三温度条件比较非监测，感染仅推测，删除旧子类。,M,D
FS-001140,V_confirm,HUMAN_CONFIRM_ALL,V,present,young_adult_age_unclear,absent,metric_validation,young_adult_age_unclear,,M,,present,metric_validation,young_adult_age_unclear,,V,实际机械疲劳及等长力与血清IL-6峰值相关；未给出方法一致性或可靠性统计量。,DISAGREE,young_adult_age_unclear,DISAGREE,,present,outcome_linkage,young_adult_age_unclear,,实际测机械疲劳并分析其与血清 IL-6 的关系，符合表现下降关联；两种采样法差异与普通相关不足构成验证。,V,D
FS-001146,V_confirm,HUMAN_CONFIRM_ALL,V,present,unclear,present,repeated_monitoring,unclear,,V,"HSP72 tracked across exercise bouts on acclimation days 1, 6, and 10.",present,repeated_monitoring,unclear,,V,同人第1、6、10天三次热习服运动后跟踪PBMC HSP72；仅性别人数无年龄。,present,unclear,V,,,,,,,V,B_C_consensus
FS-001172,V_confirm,HUMAN_CONFIRM_ALL,V,present,young_adult_age_unclear,present,repeated_monitoring,young_adult_age_unclear,,V,Cytokines tracked after each of three daily cycling bouts.,present,repeated_monitoring,young_adult_age_unclear,,V,同人连续三天相同骑行分别前后采样跟踪细胞因子；随机补充组不改变跨三次相同运动的跟踪。,present,young_adult_age_unclear,V,,,,,,,V,B_C_consensus
FS-001176,V_confirm,HUMAN_CONFIRM_ALL,V,present,young_adult_age_unclear,absent,repeated_monitoring,young_adult_age_unclear,,M,,present,repeated_monitoring,young_adult_age_unclear,,V,三次相同骑行前后跟踪免疫；URTI仅按补充组比较，未与免疫指标作关联。,DISAGREE,young_adult_age_unclear,DISAGREE,,present,repeated_monitoring,young_adult_age_unclear,,同人三天三次骑行前后重复追踪免疫指标；虽记录 URI，未分析免疫指标与 URI 的关系，不加结局关联。,V,D
FS-001177,MX_sample,HUMAN_SAMPLE_VERIFY,M,absent,unclear,absent,,unclear,none,M,,absent,,unclear,none,M,运动、被动热暴露和静息条件比较非监测；仅称8名受试者。,absent,unclear,M,,,,,,,M,B_C_consensus
FS-001180,V_confirm,HUMAN_CONFIRM_ALL,V,present,young_adult_age_unclear,absent,metric_validation,young_adult_age_unclear,,M,,absent,metric_validation,unclear,,M,仅定性称检测可重复，无验证统计；男性人数无年龄或健康限定。,absent,DISAGREE,M,,absent,,young_adult_age_unclear,,男性无明确年龄，留到全文；只称检测可重复，未报告验证统计，删除旧验证子类。,M,D
FS-001195,ADJ_sample,ADJUDICATION_SAMPLE_VERIFY,M,absent,young_adult_age_unclear,absent,,young_adult_age_unclear,none,M,,absent,,young_adult_age_unclear,none,M,两个步行强度条件的 CRP 恢复比较无 E5；年龄仅均值及标准差。,absent,young_adult_age_unclear,M,,,,,,,M,B_C_consensus
FS-001197,V_confirm,HUMAN_CONFIRM_ALL,V,present,young_adult_age_unclear,present,metric_validation,young_adult_age_unclear,,V,Quantified CD8 identification errors and proportion of T cells captured.,present,metric_validation,young_adult_age_unclear,,V,报告CD8识别错误比例及CD8亮细胞仅识别79.2%的T细胞，属于标志物分类性能。,present,young_adult_age_unclear,V,,,,,,,V,B_C_consensus
FS-001207,V_confirm,HUMAN_CONFIRM_ALL,V,present,young_adult_age_unclear,present,outcome_linkage;repeated_monitoring,young_adult_age_unclear,,V,Cytokines compared between groups defined by upper-respiratory symptom frequency.,present,outcome_linkage;repeated_monitoring,young_adult_age_unclear,,V,依实测年度URS次数分组并比较细胞因子；三个强度/时长条件比较非监测。,present,young_adult_age_unclear,V,,,,,,,V,B_C_consensus
FS-001211,V_confirm,HUMAN_CONFIRM_ALL,V,present,adults_stated,present,omics_discovery,adults_stated,,V,Neutrophil gene expression was profiled after cycling.,present,omics_discovery,adults_stated,,V,19–29岁，中性粒细胞全表达谱发现。,present,adults_stated,V,,,,,,,V,B_C_consensus
FS-001224,MX_sample,HUMAN_SAMPLE_VERIFY,M,absent,young_adult_age_unclear,absent,,young_adult_age_unclear,none,M,,present,outcome_linkage,young_adult_age_unclear,none,V,明确测力量下降并分析炎症应答与其关系；阴性关联仍符合结局关联。,DISAGREE,young_adult_age_unclear,DISAGREE,,present,outcome_linkage,young_adult_age_unclear,none,实测最大力量下降并分析炎症与 strength loss 的关系；阴性关联仍满足 outcome_linkage。,V,D
FS-001226,V_confirm,HUMAN_CONFIRM_ALL,V,present,unclear,absent,outcome_linkage,young_adult_age_unclear,,M,,absent,outcome_linkage,young_adult_age_unclear,,M,URTI与免疫指标虽均测量，但未报告二者关联分析。,absent,young_adult_age_unclear,M,,,,,,,M,B_C_consensus
FS-001237,MX_sample,HUMAN_SAMPLE_VERIFY,M,absent,unclear,absent,,young_adult_age_unclear,none,M,,absent,,young_adult_age_unclear,none,M,一次超马前后及预选细胞因子和四个基因分析不符合 E5。,absent,young_adult_age_unclear,M,,,,,,,M,B_C_consensus
FS-001248,V_confirm,HUMAN_CONFIRM_ALL,V,present,unclear,absent,outcome_linkage,young_adult_age_unclear,,M,,absent,outcome_linkage,young_adult_age_unclear,,M,URTI和免疫变化分别按补充组比较，未报告免疫指标与感染结局关联。,absent,young_adult_age_unclear,M,,,,,,,M,B_C_consensus
FS-001257,MX_sample,HUMAN_SAMPLE_VERIFY,M,absent,young_adult_age_unclear,absent,,young_adult_age_unclear,none,M,,absent,,young_adult_age_unclear,none,M,一场连续多日探险赛，赛前中后样本不是三次独立运动；无 E5。,absent,young_adult_age_unclear,M,,,,,,,M,B_C_consensus
FS-001269,U_decide,HUMAN_DECIDE,U,unclear,young_adult_age_unclear,unclear,,young_adult_age_unclear,,U,Serum chemokines are mentioned; bout timing and season-long tracking are unspecified.,unclear,,young_adult_age_unclear,,U,摘要缺乏具体设计、监测次数及验证结果，题名的赛季描述不足以确认 E5。,unclear,young_adult_age_unclear,U,,,,,,,U,B_C_consensus
FS-001275,ADJ_sample,ADJUDICATION_SAMPLE_VERIFY,M,absent,young_adult_age_unclear,absent,,young_adult_age_unclear,none,M,,absent,,young_adult_age_unclear,none,M,单次超马恢复时程及定性正常范围没有验证统计；未报告参考区间值或建立评估阈值。,absent,young_adult_age_unclear,M,,,,,,,M,B_C_consensus
FS-001276,MX_sample,HUMAN_SAMPLE_VERIFY,M,absent,young_adult_age_unclear,absent,,young_adult_age_unclear,none,M,,absent,,young_adult_age_unclear,none,M,咖啡因与安慰剂比较，体能改善与免疫应答未作关联分析。,absent,young_adult_age_unclear,M,,,,,,,M,B_C_consensus
FS-001277,MX_sample,HUMAN_SAMPLE_VERIFY,M,absent,young_adult_age_unclear,absent,,young_adult_age_unclear,none,M,,absent,,young_adult_age_unclear,none,M,三种强度条件比较不属重复监测；抗菌蛋白无实际临床结局。,absent,young_adult_age_unclear,M,,,,,,,M,B_C_consensus
FS-001280,V_confirm,HUMAN_CONFIRM_ALL,V,present,young_adult_age_unclear,present,repeated_monitoring,young_adult_age_unclear,,V,C-reactive protein was measured after cycling on three days.,present,repeated_monitoring,young_adult_age_unclear,,V,同人三天相同骑行分别前后采样，跟踪CRP反应；非三种运动条件交叉比较。,present,young_adult_age_unclear,V,,,,,,,V,B_C_consensus
FS-001283,ADJ_sample,ADJUDICATION_SAMPLE_VERIFY,M,absent,unclear,absent,,young_adult_age_unclear,none,M,,absent,,unclear,none,M,两次运动及八个预选基因非重复监测或组学；力量下降和基因表达分别报告，未分析其关联。,absent,DISAGREE,M,,absent,,young_adult_age_unclear,none,男性无明确年龄；两次运动及八个预选基因不构成组学或重复监测，力量与表达分别报告，无 E5。,M,D
FS-001293,ADJ_sample,ADJUDICATION_SAMPLE_VERIFY,X,present,clinical_or_infected_cohort,present,repeated_monitoring,clinical_or_infected_cohort,none,V,"Cytokines sampled around exercise at weeks 0, 4, and 8.",present,repeated_monitoring,clinical_or_infected_cohort,E4_population,X,同一人第 0、4、8 周三次独立运动前后跟踪细胞因子，符合重复监测；纳入多发性硬化患者。,present,clinical_or_infected_cohort,DISAGREE,,present,repeated_monitoring,clinical_or_infected_cohort,none,同一人第 0、4、8 周运动前后测细胞因子；临床队列标签不自动构成 core_absent。,V,D
FS-001309,MX_sample,HUMAN_SAMPLE_VERIFY,M,absent,young_adult_age_unclear,absent,,young_adult_age_unclear,none,M,,absent,,unclear,none,M,人体运动前后 CCR2 及离体培养，非仅体外队列；只称未训练受试者。,absent,DISAGREE,M,,absent,,young_adult_age_unclear,none,未训练人类受试者无明确年龄，留待全文；人体急性运动加离体机制实验，不属纯体外，无 E5。,M,D
FS-001310,V_confirm,HUMAN_CONFIRM_ALL,V,present,young_adult_age_unclear,present,repeated_monitoring,young_adult_age_unclear,,V,Inflammatory markers were tracked across three successive exercise tests.,absent,repeated_monitoring,young_adult_age_unclear,,M,三次紧接的坡度试验属于一次重复负荷实验，无明确长期个体监测；镰状细胞携带未说明临床疾病。,DISAGREE,young_adult_age_unclear,DISAGREE,,present,repeated_monitoring,young_adult_age_unclear,,三次相继最大运动试验各有终止及恢复，分别追踪同人细胞因子，达到至少三次独立运动监测定义。,V,D
FS-001311,ADJ_sample,ADJUDICATION_SAMPLE_VERIFY,V,present,young_adult_age_unclear,absent,,young_adult_age_unclear,none,M,,present,repeated_monitoring,young_adult_age_unclear,none,V,同一批赛艇运动员跨五个月赛季三个阶段追踪唾液抗菌蛋白，符合重复监测；另有急性运动样本。,DISAGREE,young_adult_age_unclear,DISAGREE,,present,repeated_monitoring,young_adult_age_unclear,none,同一队列五个月赛季追踪唾液抗菌蛋白，另有急性运动测量；符合 repeated_monitoring。,V,D
FS-001324,V_confirm,HUMAN_CONFIRM_ALL,V,present,young_adult_age_unclear,present,metric_validation;outcome_linkage;repeated_monitoring,young_adult_age_unclear,,V,"Weekly IgA tracking reported variability, a risk threshold, and URI associations.",present,metric_validation;outcome_linkage;repeated_monitoring,young_adult_age_unclear,,V,50周每周监测sIgA；个体内/间CV、40%风险阈值及确诊URI关联均报告。,present,young_adult_age_unclear,V,,,,,,,V,B_C_consensus
FS-001339,V_confirm,HUMAN_CONFIRM_ALL,V,present,young_adult_age_unclear,absent,repeated_monitoring,young_adult_age_unclear,,M,,present,repeated_monitoring,young_adult_age_unclear,,V,同批大学赛艇运动员训练前、增量训练后、恢复后三次划船跟踪细胞因子。,DISAGREE,young_adult_age_unclear,DISAGREE,,present,repeated_monitoring,young_adult_age_unclear,,加量前、后及恢复期三次两小时划船均采运动后血，追踪同人免疫指标，符合 repeated_monitoring。,V,D
FS-001347,ADJ_sample,ADJUDICATION_SAMPLE_VERIFY,M,absent,unclear,absent,,unclear,none,M,,absent,,unclear,none,M,四个氧环境及强度条件为实验设计，不是重复监测；人群年龄未说明。,absent,unclear,M,,,,,,,M,B_C_consensus
FS-001359,ADJ_sample,ADJUDICATION_SAMPLE_VERIFY,M,absent,young_adult_age_unclear,absent,,young_adult_age_unclear,none,M,,absent,,young_adult_age_unclear,none,M,三个膳食条件为交叉比较，未分析免疫指标与实际表现下降关系；年龄仅均值。,absent,young_adult_age_unclear,M,,,,,,,M,B_C_consensus
FS-001364,V_confirm,HUMAN_CONFIRM_ALL,V,present,unclear,absent,metric_validation,young_adult_age_unclear,,M,,present,metric_validation,unclear,,V,方法间报告r=0.66和平均偏倚−1.4±2.1 pg/mL；仅性别人数无年龄。,DISAGREE,DISAGREE,DISAGREE,,present,metric_validation,young_adult_age_unclear,,实际评估 IL-6 两检测法的检出比例、系统低估及均值偏差，构成分析性能与一致性验证。,V,D
FS-001370,V_confirm,HUMAN_CONFIRM_ALL,V,present,young_adult_age_unclear,present,outcome_linkage,young_adult_age_unclear,,V,Reported illness symptoms were assessed in relation to SIgA changes.,present,outcome_linkage,young_adult_age_unclear,,V,实际一例URI与SIgA变化作无关联分析；仅两次采样。,present,young_adult_age_unclear,V,,,,,,,V,B_C_consensus
FS-001372,V_confirm,HUMAN_CONFIRM_ALL,V,present,young_adult_age_unclear,present,repeated_monitoring,young_adult_age_unclear,,V,Airway markers were tracked after exercise across three seasonal periods.,present,repeated_monitoring,young_adult_age_unclear,,V,同人一年内三个训练/竞赛阶段运动后痰液炎症指标跟踪。,present,young_adult_age_unclear,V,,,,,,,V,B_C_consensus
FS-001374,MX_sample,HUMAN_SAMPLE_VERIFY,M,absent,young_adult_age_unclear,absent,,young_adult_age_unclear,none,M,,absent,,unclear,none,M,单次骑行前后 HSP72 及离体趋化功能，无临床结局；久坐女性无年龄健康描述。,absent,DISAGREE,M,,absent,,young_adult_age_unclear,none,久坐女性无明确年龄，按优先序留待全文；单次运动 Hsp72 与离体趋化机制无 E5。,M,D
FS-001387,MX_sample,HUMAN_SAMPLE_VERIFY,X,absent,clinical_or_infected_cohort,absent,,clinical_or_infected_cohort,none,M,,absent,,clinical_or_infected_cohort,E4_population,X,明确已有食物或空气过敏队列；IgE 分组变化非新发病结局关联。,absent,clinical_or_infected_cohort,DISAGREE,,absent,,clinical_or_infected_cohort,none,仅比较过敏组/对照运动后的 IgE，无实测疾病事件关联；临床标签不自动作核心缺失。,M,D
FS-001415,MX_sample,HUMAN_SAMPLE_VERIFY,M,absent,young_adult_age_unclear,absent,,young_adult_age_unclear,none,M,,absent,,young_adult_age_unclear,none,M,单场半马后 CK 与白细胞相关；CK 肌损伤非所列临床或表现下降结局。,absent,young_adult_age_unclear,M,,,,,,,M,B_C_consensus
FS-001424,V_confirm,HUMAN_CONFIRM_ALL,V,present,unclear,absent,metric_validation,young_adult_age_unclear,,M,,absent,metric_validation,young_adult_age_unclear,,M,正常范围只是沿用参考背景，未建立参考区间或报告鉴别诊断性能。,absent,young_adult_age_unclear,M,,,,,,,M,B_C_consensus
FS-001426,ADJ_sample,ADJUDICATION_SAMPLE_VERIFY,M,absent,unclear,absent,,young_adult_age_unclear,none,M,,absent,,young_adult_age_unclear,none,M,一跑与两跑条件的交叉比较不属于重复监测；未报告其余 E5。,absent,young_adult_age_unclear,M,,,,,,,M,B_C_consensus
FS-001459,ADJ_sample,ADJUDICATION_SAMPLE_VERIFY,M,absent,young_adult_age_unclear,absent,,young_adult_age_unclear,none,M,,absent,,young_adult_age_unclear,none,M,三个运动强度或表面条件为实验比较，不属于重复监测。,absent,young_adult_age_unclear,M,,,,,,,M,B_C_consensus
FS-001468,MX_sample,HUMAN_SAMPLE_VERIFY,X,absent,clinical_or_infected_cohort,absent,,clinical_or_infected_cohort,none,M,,absent,,clinical_or_infected_cohort,E4_population,X,明确慢性疲劳综合征患者；组间指标比较非实际结局与指标关联。,absent,clinical_or_infected_cohort,DISAGREE,,absent,,clinical_or_infected_cohort,none,慢性疲劳与对照的标志物分别比较，无结局关联；仅两测试不属监测，临床标签不作 X。,M,D
FS-001489,V_confirm,HUMAN_CONFIRM_ALL,V,present,young_adult_age_unclear,present,metric_validation,young_adult_age_unclear,,V,SP-D was tracked in individuals over six months to assess stability.,present,metric_validation,young_adult_age_unclear,,V,健康人六个月内及日内重复追踪SP-D；中位数CI不是个体变异/可靠性统计量。,present,young_adult_age_unclear,V,,,,,,,V,B_C_consensus
FS-001493,V_confirm,HUMAN_CONFIRM_ALL,V,present,young_adult_age_unclear,absent,repeated_monitoring,young_adult_age_unclear,,M,Training-day blood draws lack timing relative to individual sessions.,present,repeated_monitoring,young_adult_age_unclear,,V,同批剑道运动员训练第1、3、5天及训练前后跟踪淋巴细胞/CD95。,DISAGREE,young_adult_age_unclear,DISAGREE,,present,repeated_monitoring,young_adult_age_unclear,,六天剑道训练前、期间及恢复后一周追踪同人 CD95 淋巴细胞，符合跨训练期重复监测。,V,D
FS-001501,MX_sample,HUMAN_SAMPLE_VERIFY,M,absent,young_adult_age_unclear,absent,,young_adult_age_unclear,none,M,"Exercise-induced IL-6 is reported, but bout and sampling timing are unspecified.",absent,,unclear,none,M,十周葡萄糖/安慰剂单腿训练比较，未描述三次以上指标监测；仅称9名受试者。,absent,DISAGREE,M,,absent,,young_adult_age_unclear,none,人类受试者无明确年龄，留待全文；十周两腿条件比较未描述个体指标监测，采样时点不清而非明确缺失。,M,D
FS-001505,V_confirm,HUMAN_CONFIRM_ALL,V,present,young_adult_age_unclear,present,repeated_monitoring,young_adult_age_unclear,,V,Airway markers were tracked after three seasonal races in the same runners.,present,repeated_monitoring,young_adult_age_unclear,,V,同批跑者秋、冬、夏三次赛事后跟踪气道免疫细胞。,present,young_adult_age_unclear,V,,,,,,,V,B_C_consensus
FS-001536,V_confirm,HUMAN_CONFIRM_ALL,V,present,unclear,present,metric_validation;outcome_linkage;repeated_monitoring,young_adult_age_unclear,,V,Exercise marker responses were compared by measured respiratory symptom frequency.,present,metric_validation;outcome_linkage;repeated_monitoring,young_adult_age_unclear,,V,依据实际URS病史分组比较CRP；三运动条件非监测，未报告诊断性能统计量。,present,young_adult_age_unclear,V,,,,,,,V,B_C_consensus
FS-001539,V_confirm,HUMAN_CONFIRM_ALL,V,present,unclear,absent,metric_validation,young_adult_age_unclear,,M,,absent,metric_validation,young_adult_age_unclear,,M,个体反应差异没有变异验证统计量；RPE强度关联不属于指定感染或表现下降结局。,absent,young_adult_age_unclear,M,,,,,,,M,B_C_consensus
FS-001550,MX_sample,HUMAN_SAMPLE_VERIFY,M,absent,young_adult_age_unclear,absent,,young_adult_age_unclear,none,M,,absent,,young_adult_age_unclear,none,M,LIST 与比赛两条件比较，白细胞及体能共同测量但未关联分析。,absent,young_adult_age_unclear,M,,,,,,,M,B_C_consensus
FS-001575,V_confirm,HUMAN_CONFIRM_ALL,V,present,young_adult_age_unclear,present,outcome_linkage,young_adult_age_unclear,,V,URTI incidence was linked to decreased mucosal immunity.,present,outcome_linkage,young_adult_age_unclear,,V,七周七次跟踪黏膜指标，并报告免疫下降后实测URTI增加；年龄仅均值。,present,young_adult_age_unclear,V,,,,,,,V,B_C_consensus
FS-001584,V_confirm,HUMAN_CONFIRM_ALL,V,present,adults_stated,present,omics_discovery,adults_stated,,V,Transcriptome profiling identified inflammatory and immune responses.,present,omics_discovery,adults_stated,,V,明确成人37/73岁，微阵列炎症转录谱并实测NF-kappaB与IL-6信号。,present,adults_stated,V,,,,,,,V,B_C_consensus
FS-001589,V_confirm,HUMAN_CONFIRM_ALL,V,present,unclear,absent,outcome_linkage,young_adult_age_unclear,,M,,absent,outcome_linkage,young_adult_age_unclear,,M,单场比赛周围五天采样不属于跨比赛或多周监测；两例URTI后的可能关联未报告实际分析。,absent,young_adult_age_unclear,M,,,,,,,M,B_C_consensus
FS-001595,V_confirm,HUMAN_CONFIRM_ALL,V,present,unclear,present,omics_discovery,unclear,,V,Leukocyte microarray profiled immune-cell gene expression.,present,omics_discovery,unclear,,V,白细胞微阵列表达谱及免疫细胞簇发现；人群无描述。,present,unclear,V,,,,,,,V,B_C_consensus
FS-001598,V_confirm,HUMAN_CONFIRM_ALL,V,present,adults_stated,absent,repeated_monitoring,adults_stated,,M,,present,repeated_monitoring,adults_stated,,V,18–55岁；同人第0、1、2、6、8周跟踪炎症指标。,DISAGREE,adults_stated,DISAGREE,,present,repeated_monitoring,adults_stated,,明确 18–55 岁成人；两周滑雪及其恢复期多周追踪同人 CRP、TNF、IL-6，符合重复监测。,V,D
FS-001603,ADJ_sample,ADJUDICATION_SAMPLE_VERIFY,M,absent,unclear,absent,,young_adult_age_unclear,none,M,,absent,,unclear,none,M,两个 HIF1α 靶向剪接变体及两个周期条件不是组学或重复监测；年龄未说明。,absent,DISAGREE,M,,absent,,young_adult_age_unclear,none,男女无明确年龄，按优先序保留年龄待全文；两个靶向剪接变体及周期条件无 E5。,M,D
FS-001606,MX_sample,HUMAN_SAMPLE_VERIFY,M,absent,adults_stated,absent,,young_adult_age_unclear,none,M,,absent,,young_adult_age_unclear,none,M,十六周训练前后急性应答，未描述三次以上免疫监测；肌力改善不属表现下降。,absent,young_adult_age_unclear,M,,,,,,,M,B_C_consensus
FS-001612,V_confirm,HUMAN_CONFIRM_ALL,V,present,young_adult_age_unclear,present,outcome_linkage,young_adult_age_unclear,,V,Leukocyte accumulation correlated with measured muscle weakness.,present,outcome_linkage,young_adult_age_unclear,,V,白细胞积聚与实测肌力下降r=0.8；肌力下降属于规定表现结局，不因运动肌损伤而排除。,present,young_adult_age_unclear,V,,,,,,,V,B_C_consensus
FS-001615,V_confirm,HUMAN_CONFIRM_ALL,V,present,unclear,present,omics_discovery,young_adult_age_unclear,,V,Proteomics identified immune-relevant plasma proteins after exercise.,present,omics_discovery,young_adult_age_unclear,,V,蛋白组发现ACT和C1抑制蛋白等免疫相关候选标志物。,present,young_adult_age_unclear,V,,,,,,,V,B_C_consensus
FS-001622,V_confirm,HUMAN_CONFIRM_ALL,V,present,young_adult_age_unclear,present,outcome_linkage,young_adult_age_unclear,,V,Serial immunoglobulins tracked across weeks; URTI symptoms analysed against secretion rates.,present,outcome_linkage,young_adult_age_unclear,,V,六周纵向跟踪免疫球蛋白及URTI，报告实际无关联。,present,young_adult_age_unclear,V,,,,,,,V,B_C_consensus
FS-001625,V_confirm,HUMAN_CONFIRM_ALL,V,present,young_adult_age_unclear,absent,metric_validation,young_adult_age_unclear,,M,,absent,metric_validation,young_adult_age_unclear,,M,静息昼夜对照未报告可靠性/变异统计；单次骑行感染仅背景。,absent,young_adult_age_unclear,M,,,,,,,M,B_C_consensus
FS-001635,V_confirm,HUMAN_CONFIRM_ALL,V,present,adults_stated,present,omics_discovery,adults_stated,,V,Neutrophil miRNA profiling identified exercise-responsive candidates.,present,omics_discovery,adults_stated,,V,19–30岁中性粒细胞miRNA谱发现；十个短间歇属于同一运动课。,present,adults_stated,V,,,,,,,V,B_C_consensus
FS-001649,MX_sample,HUMAN_SAMPLE_VERIFY,M,absent,young_adult_age_unclear,absent,,young_adult_age_unclear,none,M,,absent,,young_adult_age_unclear,none,M,单次跑后铁调素，只有定性个体变异描述，没有变异统计量。,absent,young_adult_age_unclear,M,,,,,,,M,B_C_consensus
FS-001673,MX_sample,HUMAN_SAMPLE_VERIFY,X,absent,clinical_or_infected_cohort,absent,,clinical_or_infected_cohort,none,M,,absent,,clinical_or_infected_cohort,E4_population,X,颈髓损伤疾病队列，单次臂摇车后 NK 功能应答，未有 E5 要素。,absent,clinical_or_infected_cohort,DISAGREE,,absent,,clinical_or_infected_cohort,none,单次臂摇车 NK 功能时程无四类 E5；有运动后样本，颈髓损伤仅作 E4 标签。,M,D
FS-001677,MX_sample,HUMAN_SAMPLE_VERIFY,M,absent,young_adult_age_unclear,absent,,young_adult_age_unclear,none,M,,absent,,young_adult_age_unclear,none,M,针灸与静息两条件实验，疲劳评分及 SIgA 共测未直接分析。,absent,young_adult_age_unclear,M,,,,,,,M,B_C_consensus
FS-001703,ADJ_sample,ADJUDICATION_SAMPLE_VERIFY,M,absent,young_adult_age_unclear,absent,,young_adult_age_unclear,none,M,,absent,,young_adult_age_unclear,none,M,四个月赛季仅首末两次测试，旨在前后效果比较，未明确个体监测目的。,absent,young_adult_age_unclear,M,,,,,,,M,B_C_consensus
FS-001706,MX_sample,HUMAN_SAMPLE_VERIFY,M,absent,young_adult_age_unclear,absent,,young_adult_age_unclear,none,M,,absent,,young_adult_age_unclear,none,M,激光与安慰剂交叉实验，CRP 及耐力分别比较，未报告指标与表现下降关联。,absent,young_adult_age_unclear,M,,,,,,,M,B_C_consensus
FS-001709,MX_sample,HUMAN_SAMPLE_VERIFY,M,absent,young_adult_age_unclear,absent,,young_adult_age_unclear,none,M,,absent,,young_adult_age_unclear,none,M,马拉松与短场地两条件，祖细胞和 IL-6 应答，无 E5。,absent,young_adult_age_unclear,M,,,,,,,M,B_C_consensus
FS-001712,MX_sample,HUMAN_SAMPLE_VERIFY,M,absent,young_adult_age_unclear,absent,,unclear,none,M,,absent,,unclear,none,M,两温度条件比较，相关系数仅生理变量关联；只称男性受试者。,absent,unclear,M,,,,,,,M,B_C_consensus
FS-001733,V_confirm,HUMAN_CONFIRM_ALL,V,present,unclear,present,metric_validation;repeated_monitoring,unclear,,V,Three identical trials tracked cytokine responses and reported coefficients of variation.,present,metric_validation;repeated_monitoring,unclear,,V,三个相同试验跟踪同人IL-6指标，并报告个体内/间CV；未提供年龄。,present,unclear,V,,,,,,,V,B_C_consensus
FS-001749,MX_sample,HUMAN_SAMPLE_VERIFY,M,absent,young_adult_age_unclear,absent,,young_adult_age_unclear,none,M,,absent,,young_adult_age_unclear,none,M,潜伏 CMV 血清状态非活动性感染结局；单次运动后 CD8 应答，年龄仅均值和标准差。,absent,young_adult_age_unclear,M,,,,,,,M,B_C_consensus
FS-001752,ADJ_sample,ADJUDICATION_SAMPLE_VERIFY,X,absent,clinical_or_infected_cohort,absent,,clinical_or_infected_cohort,none,M,,absent,,clinical_or_infected_cohort,E4_population,X,单次有氧加抗阻运动测量不符合 E5；纳入 HIV 感染队列。,absent,clinical_or_infected_cohort,DISAGREE,,absent,,clinical_or_infected_cohort,none,单次有氧加抗阻比较，无所列 E5；HIV 人群仅作 E4 标签，不自动判核心缺失。,M,D
FS-001774,MX_sample,HUMAN_SAMPLE_VERIFY,M,absent,unclear,absent,,unclear,none,M,,absent,,unclear,none,M,一次运动后的 cfDNA 时程和采样时间讨论没有定量可靠性或验证性能；人群未描述。,absent,unclear,M,,,,,,,M,B_C_consensus
FS-001787,V_confirm,HUMAN_CONFIRM_ALL,V,present,unclear,present,outcome_linkage,unclear,,V,Postexercise sIL-6R was correlated with reduced peak muscle torque.,present,outcome_linkage,unclear,,V,新研究实测sIL-6R与峰值肌力下降相关r=−0.42/−0.57；单次运动恢复采样。,present,unclear,V,,,,,,,V,B_C_consensus
FS-001788,V_confirm,HUMAN_CONFIRM_ALL,V,present,young_adult_age_unclear,absent,outcome_linkage,young_adult_age_unclear,,M,,absent,outcome_linkage,young_adult_age_unclear,,M,单次骑行多恢复点；URI只在背景/结论推测。,absent,young_adult_age_unclear,M,,,,,,,M,B_C_consensus
FS-001794,ADJ_sample,ADJUDICATION_SAMPLE_VERIFY,M,absent,young_adult_age_unclear,absent,,young_adult_age_unclear,none,M,,absent,,young_adult_age_unclear,none,M,两个饮食条件下单次跑步恢复比较，无四类 E5；年轻健康男性无年龄范围。,absent,young_adult_age_unclear,M,,,,,,,M,B_C_consensus
FS-001829,ADJ_sample,ADJUDICATION_SAMPLE_VERIFY,M,absent,young_adult_age_unclear,absent,,young_adult_age_unclear,none,M,,absent,,young_adult_age_unclear,none,M,四个运动模式和强度条件为交叉实验，不属于重复监测；中年健康人无数字年龄范围。,absent,young_adult_age_unclear,M,,,,,,,M,B_C_consensus
FS-001833,V_confirm,HUMAN_CONFIRM_ALL,V,present,young_adult_age_unclear,present,repeated_monitoring,young_adult_age_unclear,,V,The same participants completed three HIIT bouts with repeated immune measurements.,present,repeated_monitoring,young_adult_age_unclear,,V,同人三次相同HIIT分别采样并分析跨日适应；CV指细胞存活率而非变异系数。,present,young_adult_age_unclear,V,,,,,,,V,B_C_consensus
FS-001835,V_confirm,HUMAN_CONFIRM_ALL,V,present,young_adult_age_unclear,absent,outcome_linkage,young_adult_age_unclear,,M,,present,outcome_linkage,young_adult_age_unclear,,V,实际肌力恢复的组间差异与白细胞升高减弱作关联解释；年龄仅均值±SD。,DISAGREE,young_adult_age_unclear,DISAGREE,,present,outcome_linkage,young_adult_age_unclear,,实际测运动后肌力与功率下降及恢复，并将恢复差异与白细胞升高减弱关联，符合表现下降结局关联。,V,D
FS-001850,ADJ_sample,ADJUDICATION_SAMPLE_VERIFY,V,present,young_adult_age_unclear,present,outcome_linkage,young_adult_age_unclear,none,V,Changes in rowing performance were analysed against postexercise IL-6.,absent,,young_adult_age_unclear,none,M,两次测试仅报告表现改善与 IL-6 关联，没有表现下降结局；年龄仅均值及标准差。,DISAGREE,young_adult_age_unclear,DISAGREE,,absent,,young_adult_age_unclear,none,仅表现改善与 IL-6 关联，未测表现下降；两次年度测试亦未达到三次监测标准。,M,D
FS-001852,MX_sample,HUMAN_SAMPLE_VERIFY,X,absent,young_adult_age_unclear,absent,,young_adult_age_unclear,E2_no_post_sample,X,"Samples were collected after training and detraining, with no stated bout-linked draw.",absent,,young_adult_age_unclear,E2_no_post_sample,X,训练前、训练后和停训后为计划阶段采样，未说明单次运动后采样或个体监测目的。,absent,young_adult_age_unclear,X,,,,,,,X,B_C_consensus
FS-001904,V_confirm,HUMAN_CONFIRM_ALL,V,present,young_adult_age_unclear,absent,metric_validation;repeated_monitoring,young_adult_age_unclear,,M,,unclear,metric_validation;repeated_monitoring,young_adult_age_unclear,,U,摘要仅报告重复性检查方法而无结果，无法确认是否有验证统计量。,DISAGREE,young_adult_age_unclear,DISAGREE,,unclear,,young_adult_age_unclear,,说明两次运动旨在检查重复性，但未报告重复性统计或结果；仅两次试验不构成重复监测，E5 留待全文。,U,D
FS-001905,V_confirm,HUMAN_CONFIRM_ALL,V,present,young_adult_age_unclear,present,repeated_monitoring,young_adult_age_unclear,,V,"Lymphocyte subsets tracked after exercise on days 1, 3, and 5.",present,repeated_monitoring,young_adult_age_unclear,,V,同人第1、3、5天三次相同运动前后跟踪淋巴细胞亚群，非不同运动条件交叉。,present,young_adult_age_unclear,V,,,,,,,V,B_C_consensus
FS-001909,MX_sample,HUMAN_SAMPLE_VERIFY,M,absent,young_adult_age_unclear,absent,,young_adult_age_unclear,none,M,,absent,,young_adult_age_unclear,none,M,单场5公里后淋巴细胞和细胞因子；比值低于1仅描述，非阈值验证。,absent,young_adult_age_unclear,M,,,,,,,M,B_C_consensus
FS-001915,ADJ_sample,ADJUDICATION_SAMPLE_VERIFY,M,absent,adults_stated,absent,,adults_stated,none,M,,absent,,adults_stated,none,M,年龄明确 20–25 岁；两次急性测试及免疫标志物间关联不属于 E5。,absent,adults_stated,M,,,,,,,M,B_C_consensus
FS-001918,V_confirm,HUMAN_CONFIRM_ALL,V,present,adults_stated,present,omics_discovery,adults_stated,,V,PBMC gene expression profiling identified immune response pathways and markers.,present,omics_discovery,adults_stated,,V,20–24岁，PBMC全局表达谱发现。,present,adults_stated,V,,,,,,,V,B_C_consensus
FS-001927,ADJ_sample,ADJUDICATION_SAMPLE_VERIFY,M,absent,young_adult_age_unclear,absent,,young_adult_age_unclear,none,M,,absent,,young_adult_age_unclear,none,M,三个饮食条件为交叉比较，不属于重复监测；单次运动的免疫时程无其余 E5。,absent,young_adult_age_unclear,M,,,,,,,M,B_C_consensus
FS-001935,V_confirm,HUMAN_CONFIRM_ALL,V,present,unclear,absent,outcome_linkage;repeated_monitoring,young_adult_age_unclear,,M,,absent,outcome_linkage;repeated_monitoring,young_adult_age_unclear,,M,仅两场比赛；感染风险为讨论推测，无实测结局。,absent,young_adult_age_unclear,M,,,,,,,M,B_C_consensus
FS-001943,ADJ_sample,ADJUDICATION_SAMPLE_VERIFY,M,absent,young_adult_age_unclear,absent,,young_adult_age_unclear,none,M,,absent,,young_adult_age_unclear,none,M,两个接触条件各重复测试为交叉实验；CRP 和实测表现下降分别报告，未作关联分析。,absent,young_adult_age_unclear,M,,,,,,,M,B_C_consensus
FS-001952,MX_sample,HUMAN_SAMPLE_VERIFY,M,absent,young_adult_age_unclear,absent,,young_adult_age_unclear,none,M,,absent,,young_adult_age_unclear,none,M,实测冲刺疲劳下降但未与 IL-6 作关联分析；两个补充条件不是重复监测。,absent,young_adult_age_unclear,M,,,,,,,M,B_C_consensus
FS-001954,ADJ_sample,ADJUDICATION_SAMPLE_VERIFY,M,absent,unclear,absent,,young_adult_age_unclear,none,M,,absent,,young_adult_age_unclear,none,M,六周补充前后两次急性测试的 CRP 变化无四类 E5；未给年龄范围。,absent,young_adult_age_unclear,M,,,,,,,M,B_C_consensus
FS-001963,ADJ_sample,ADJUDICATION_SAMPLE_VERIFY,M,absent,young_adult_age_unclear,absent,,young_adult_age_unclear,none,M,,absent,,young_adult_age_unclear,none,M,两个振动条件下运动前后 SIgA 比较无 E5；RPE 关联针对皮质醇且非表现下降，年龄仅均值。,absent,young_adult_age_unclear,M,,,,,,,M,B_C_consensus
FS-001987,V_confirm,HUMAN_CONFIRM_ALL,V,present,young_adult_age_unclear,present,omics_discovery,young_adult_age_unclear,,V,Inflammation-related circulating miRNAs profiled after cycling before and after training.,present,omics_discovery,young_adult_age_unclear,,V,炎症相关miRNA谱分析；VO2max改善不是表现下降，两个训练前后运动测试未明确个体监测目的。,present,young_adult_age_unclear,V,,,,,,,V,B_C_consensus
FS-001994,V_confirm,HUMAN_CONFIRM_ALL,V,present,young_adult_age_unclear,present,omics_discovery;repeated_monitoring,young_adult_age_unclear,,V,White blood cell transcriptomic profiles assessed after two treadmill tests.,present,omics_discovery;repeated_monitoring,young_adult_age_unclear,,V,WBC全基因组表达谱；两种强度比较非重复监测。,present,young_adult_age_unclear,V,,,,,,,V,B_C_consensus
FS-001998,MX_sample,HUMAN_SAMPLE_VERIFY,X,absent,clinical_or_infected_cohort,absent,,clinical_or_infected_cohort,none,M,,absent,,clinical_or_infected_cohort,E4_population,X,单次运动的受体和细胞亚群变化不构成 E5；纳入充血性心力衰竭患者。,absent,clinical_or_infected_cohort,DISAGREE,,absent,,clinical_or_infected_cohort,none,受体/细胞亚群与激素的机制相关不是所列验证或结局；心衰标签不作核心缺失。,M,D
FS-002004,MX_sample,HUMAN_SAMPLE_VERIFY,X,absent,clinical_or_infected_cohort,absent,,clinical_or_infected_cohort,none,M,,absent,,clinical_or_infected_cohort,E4_population,X,高血压患者运动及肾上腺切除者心理应激，含临床队列；普通相关系数非验证。,absent,clinical_or_infected_cohort,DISAGREE,,absent,,clinical_or_infected_cohort,none,肾上腺素与受体仅机制相关，非验证统计；含明确运动后测量，临床标签不作 X。,M,D
FS-002008,MX_sample,HUMAN_SAMPLE_VERIFY,M,absent,unclear,absent,,young_adult_age_unclear,none,M,,absent,,young_adult_age_unclear,none,M,单次女足比赛后白细胞应答，普通代谢相关非 E5。,absent,young_adult_age_unclear,M,,,,,,,M,B_C_consensus
FS-002009,ADJ_sample,ADJUDICATION_SAMPLE_VERIFY,M,absent,adults_stated,absent,,adults_stated,none,M,,absent,,young_adult_age_unclear,none,M,两种训练方案及训练前后急性功能比较无 E5；中年成人未给数字年龄支持。,absent,DISAGREE,M,,absent,,young_adult_age_unclear,none,中年成人没有数字年龄支持，按严格 E4 留年龄待全文；训练方案及免疫功能变化无 E5。,M,D
FS-002014,V_confirm,HUMAN_CONFIRM_ALL,V,present,young_adult_age_unclear,present,repeated_monitoring,young_adult_age_unclear,,V,Lymphocyte markers tracked after exercise on five acclimation days.,present,repeated_monitoring,young_adult_age_unclear,,V,同人第1、4、7、10、11天五次运动后跟踪T细胞HSP70/凋亡。,present,young_adult_age_unclear,V,,,,,,,V,B_C_consensus
FS-002021,V_confirm,HUMAN_CONFIRM_ALL,V,present,young_adult_age_unclear,present,metric_validation;omics_discovery,clinical_or_infected_cohort,,V,Proteomics identified complement markers; biosample timing relative to exercise is unclear.,present,metric_validation;omics_discovery,young_adult_age_unclear,,V,蛋白/代谢组发现补体候选物并报告组分类分离性能分数；运动探索样本明确健康，手术/饮食患者另作验证。,present,DISAGREE,V,,present,metric_validation;omics_discovery,clinical_or_infected_cohort,,明确另纳入肥胖手术/饮食患者，优先临床标签；蛋白/代谢组发现补体候选并报告分组分离性能分数。,V,D
FS-002024,MX_sample,HUMAN_SAMPLE_VERIFY,M,absent,young_adult_age_unclear,absent,,young_adult_age_unclear,none,M,,absent,,young_adult_age_unclear,none,M,基线预测运动后脂肪因子的回归系数，非验证性能统计量；单次实验无 E5。,absent,young_adult_age_unclear,M,,,,,,,M,B_C_consensus
FS-002032,MX_sample,HUMAN_SAMPLE_VERIFY,X,present,clinical_or_infected_cohort,present,omics_discovery,clinical_or_infected_cohort,none,V,Sputum proteomics identified exercise-responsive complement C3a in asthma.,present,omics_discovery,clinical_or_infected_cohort,E4_population,X,诱导痰 shotgun 蛋白组发现补体等候选；明确含哮喘患者队列。,present,clinical_or_infected_cohort,DISAGREE,,present,omics_discovery,clinical_or_infected_cohort,none,痰 shotgun 蛋白组发现补体等免疫候选且报告运动效应；临床人群不自动作核心缺失。,V,D
FS-002033,MX_sample,HUMAN_SAMPLE_VERIFY,M,absent,unclear,absent,,young_adult_age_unclear,none,M,,absent,,unclear,none,M,两种饮料条件交叉，sIgA 变化无 E5；只称10名男性。,absent,DISAGREE,M,,absent,,young_adult_age_unclear,none,男性无明确年龄，按优先序留待全文；两饮料条件的 sIgA 应答无 E5。,M,D
FS-002034,V_confirm,HUMAN_CONFIRM_ALL,V,present,young_adult_age_unclear,absent,metric_validation,young_adult_age_unclear,,M,,absent,metric_validation,young_adult_age_unclear,,M,仅描述反应差异与组均值CI，未报告个体变异验证统计；心率/RPE仅强度，不是表现下降。,absent,young_adult_age_unclear,M,,,,,,,M,B_C_consensus
FS-002039,V_confirm,HUMAN_CONFIRM_ALL,V,present,young_adult_age_unclear,present,repeated_monitoring,young_adult_age_unclear,,V,Neutrophil apoptosis tracked after repeated severe exercise bouts across training and detraining.,present,repeated_monitoring,young_adult_age_unclear,,V,初次及每月严重运动前后，跨训练和去训练共四个月跟踪中性粒细胞。,present,young_adult_age_unclear,V,,,,,,,V,B_C_consensus
FS-002045,MX_sample,HUMAN_SAMPLE_VERIFY,X,absent,adults_stated,absent,,adults_stated,E2_no_post_sample,X,"CRP sampled before and after training, with no bout-linked draw stated.",absent,,adults_stated,E2_no_post_sample,X,18–24岁，十五周计划前后测量，未报告单次运动结束后的采样。,absent,adults_stated,X,,,,,,,X,B_C_consensus
FS-002046,V_confirm,HUMAN_CONFIRM_ALL,V,present,young_adult_age_unclear,absent,outcome_linkage,young_adult_age_unclear,,M,,absent,outcome_linkage,young_adult_age_unclear,,M,四种环境/水合条件实验；表现下降归因属推测，未与免疫细胞HSP作结局关联分析。,absent,young_adult_age_unclear,M,,,,,,,M,B_C_consensus
FS-002048,MX_sample,HUMAN_SAMPLE_VERIFY,M,absent,unclear,absent,,unclear,none,M,,absent,,unclear,none,M,单场50公里后细胞因子，未报告四类 E5；仅称参与者，无人口描述。,absent,unclear,M,,,,,,,M,B_C_consensus
FS-002054,V_confirm,HUMAN_CONFIRM_ALL,V,present,unclear,absent,omics_discovery,young_adult_age_unclear,,M,,absent,omics_discovery,young_adult_age_unclear,,M,候选14基因及内参的靶向RT-PCR，不属转录组谱发现；未给验证统计。,absent,young_adult_age_unclear,M,,,,,,,M,B_C_consensus
FS-002059,V_confirm,HUMAN_CONFIRM_ALL,V,present,young_adult_age_unclear,present,omics_discovery,young_adult_age_unclear,,V,Postexercise microarray profiled immune activation genes in muscle biopsies.,present,omics_discovery,young_adult_age_unclear,,V,明确免疫激活目的，运动后肌肉全转录组微阵列。,present,young_adult_age_unclear,V,,,,,,,V,B_C_consensus
FS-002071,ADJ_sample,ADJUDICATION_SAMPLE_VERIFY,V,present,young_adult_age_unclear,present,repeated_monitoring,young_adult_age_unclear,none,V,Neutrophil functions were tracked after repeated exercise tests across several months.,present,repeated_monitoring,young_adult_age_unclear,none,V,四个月内每月重复急性测试并前后测同一人的中性粒细胞功能，符合重复监测。,present,young_adult_age_unclear,V,,,,,,,V,B_C_consensus
FS-002077,V_confirm,HUMAN_CONFIRM_ALL,V,present,young_adult_age_unclear,present,repeated_monitoring,young_adult_age_unclear,,V,T-cell subsets tracked across six months; blood was also sampled two weeks postrace.,present,repeated_monitoring,young_adult_age_unclear,,V,同批铁三运动员六个月六次跟踪T细胞；感染只是推测。,present,young_adult_age_unclear,V,,,,,,,V,B_C_consensus
FS-002079,V_confirm,HUMAN_CONFIRM_ALL,V,present,young_adult_age_unclear,present,repeated_monitoring,young_adult_age_unclear,,V,"Monocyte markers were tracked after bouts at weeks 0, 4, and 8.",present,repeated_monitoring,young_adult_age_unclear,,V,同批健康人在0、4、8周三次标准骑行前后跟踪单核细胞标志。,present,young_adult_age_unclear,V,,,,,,,V,B_C_consensus
FS-002088,V_confirm,HUMAN_CONFIRM_ALL,V,present,unclear,absent,repeated_monitoring,young_adult_age_unclear,,M,,present,repeated_monitoring,young_adult_age_unclear,,V,八周每两周静息sIgA跟踪另有两次急性测试；监测不局限赛后样本。,DISAGREE,young_adult_age_unclear,DISAGREE,,present,repeated_monitoring,young_adult_age_unclear,,八周训练每两周追踪同人静息 sIgA，另有训练前后急性运动后样本；符合训练期重复监测。,V,D
FS-002090,MX_sample,HUMAN_SAMPLE_VERIFY,M,absent,young_adult_age_unclear,absent,,adults_stated,none,M,,absent,,clinical_or_infected_cohort,E4_population,X,主体成年跑者及额外哮喘亚组，单次补体测量；哮喘病因作用仅推测。,absent,DISAGREE,DISAGREE,,absent,,clinical_or_infected_cohort,none,额外哮喘组使 E4 取临床优先标签；病因仅推测，补体靶向测量无四类 E5，核心不缺失。,M,D
FS-002103,ADJ_sample,ADJUDICATION_SAMPLE_VERIFY,M,absent,unclear,absent,,unclear,none,M,,absent,,young_adult_age_unclear,none,M,两个周期条件的运动比较，IL-6 与肌肉酸痛关联不属于所列感染、过度训练或表现下降结局。,absent,DISAGREE,M,,absent,,young_adult_age_unclear,none,月经期女跑者没有明确年龄，按优先序留待全文；DOMS 与 IL-6 关联不属于规定结局，无 E5。,M,D
FS-002117,V_confirm,HUMAN_CONFIRM_ALL,V,present,young_adult_age_unclear,absent,metric_validation,young_adult_age_unclear,,M,,absent,metric_validation,young_adult_age_unclear,,M,昼夜差异与处理延迟变化未报告可靠性、变异或一致性验证统计；采样处理时限非标志物阈值。,absent,young_adult_age_unclear,M,,,,,,,M,B_C_consensus
FS-002122,ADJ_sample,ADJUDICATION_SAMPLE_VERIFY,V,present,unclear,present,repeated_monitoring,unclear,none,V,IL-12 measured after three identified Wingate tests across Ramadan.,absent,,unclear,none,M,三个斋月阶段用于禁食条件比较，未明确个体监测目的；人群年龄未描述。,DISAGREE,unclear,DISAGREE,,present,repeated_monitoring,unclear,none,同一人按时间顺序完成三个明确 Wingate 测试，非随机条件交叉；符合三次监测分支。,V,D
FS-002123,V_confirm,HUMAN_CONFIRM_ALL,V,present,young_adult_age_unclear,present,omics_discovery,young_adult_age_unclear,,V,PBMC microRNA profiling identified exercise-responsive inflammatory candidates.,present,omics_discovery,young_adult_age_unclear,,V,青年男性PBMC miRNA微阵列谱发现。,present,young_adult_age_unclear,V,,,,,,,V,B_C_consensus
FS-002125,ADJ_sample,ADJUDICATION_SAMPLE_VERIFY,M,absent,unclear,absent,,unclear,none,M,,absent,,unclear,none,M,六个 Wingate 构成一次间歇运动协议，前后及恢复细胞测量不属于跨运动重复监测。,absent,unclear,M,,,,,,,M,B_C_consensus
FS-002126,ADJ_sample,ADJUDICATION_SAMPLE_VERIFY,M,absent,unclear,absent,,unclear,none,M,,absent,,young_adult_age_unclear,none,M,两种运动模式为交叉实验，细胞因子与代谢变化无四类 E5；无临床疾病但年龄范围未给。,absent,DISAGREE,M,,absent,,young_adult_age_unclear,none,明确无临床代谢/心血管疾病，但未给年龄范围；两运动条件交叉及代谢改变无 E5。,M,D
FS-002144,V_confirm,HUMAN_CONFIRM_ALL,V,present,unclear,absent,repeated_monitoring,young_adult_age_unclear,,M,,absent,repeated_monitoring,unclear,,M,两环境交叉条件及课内间歇，不是跨训练期个体监测；仅男性人数无人群年龄。,absent,DISAGREE,M,,absent,,young_adult_age_unclear,,男性无明确年龄，留到全文；两环境条件及协议内间歇非重复监测，删除旧监测子类。,M,D
FS-002154,ADJ_sample,ADJUDICATION_SAMPLE_VERIFY,M,absent,unclear,absent,,young_adult_age_unclear,none,M,,absent,,young_adult_age_unclear,none,M,两个训练强度阶段各一次测试不构成重复监测；细胞计数的时间积分并非验证 AUC。,absent,young_adult_age_unclear,M,,,,,,,M,B_C_consensus
FS-002156,V_confirm,HUMAN_CONFIRM_ALL,V,present,unclear,present,omics_discovery,unclear,,V,Immune-cell transcriptional profiling included cells mobilized after exercise.,present,omics_discovery,unclear,,V,单核细胞转录谱及免疫炎症基因发现；无受试人群描述。,present,unclear,V,,,,,,,V,B_C_consensus
FS-002162,V_confirm,HUMAN_CONFIRM_ALL,V,present,unclear,present,metric_validation,young_adult_age_unclear,,V,IgE threshold and Phadiatop status were assessed against respiratory symptoms.,present,metric_validation,young_adult_age_unclear,,V,实际RTS与Phadiatop、IgE及白细胞关系并给症状条件阳性比例，评价预测表现。,present,young_adult_age_unclear,V,,,,,,,V,B_C_consensus
FS-002172,V_confirm,HUMAN_CONFIRM_ALL,V,present,unclear,unclear,outcome_linkage,young_adult_age_unclear,,U,IgE measured; its sampling time and direct analysis against symptoms are unclear.,present,outcome_linkage,young_adult_age_unclear,,V,IgE参与过敏定义，研究分析该过敏状态与赛后URS；未给标志物预测性能统计。,DISAGREE,young_adult_age_unclear,DISAGREE,,unclear,,young_adult_age_unclear,,实际记录 URS，但结果明确的预测因子是问卷；IgE 与 URS 是否直接或通过联合过敏定义分析不清，E5 待全文。,U,D
FS-002175,V_confirm,HUMAN_CONFIRM_ALL,V,present,unclear,present,omics_discovery;repeated_monitoring,young_adult_age_unclear,,V,Metabolomic profiling accompanied immune measurements after two cycling trials.,present,omics_discovery;repeated_monitoring,young_adult_age_unclear,,V,炎症和先天免疫研究同时采用代谢组谱发现；两补充条件交叉非监测。,present,young_adult_age_unclear,V,,,,,,,V,B_C_consensus
FS-002180,V_confirm,HUMAN_CONFIRM_ALL,V,present,young_adult_age_unclear,absent,repeated_monitoring,young_adult_age_unclear,,M,Samples were described as pre-race or during the race.,present,repeated_monitoring,young_adult_age_unclear,,V,同人三周环意赛在赛前、第12、22天跟踪CRP等指标。,DISAGREE,young_adult_age_unclear,DISAGREE,,present,repeated_monitoring,young_adult_age_unclear,,同人三周环意赛前、第 12、22 天追踪 CRP 等，符合赛期重复监测；采样与单阶段终止关系未说明。,V,D
FS-002189,MX_sample,HUMAN_SAMPLE_VERIFY,M,absent,unclear,absent,,young_adult_age_unclear,none,M,,absent,,young_adult_age_unclear,none,M,睡眠及时段条件实验，力量下降与 IL-6 共测但未报告关联分析。,absent,young_adult_age_unclear,M,,,,,,,M,B_C_consensus
FS-002204,ADJ_sample,ADJUDICATION_SAMPLE_VERIFY,M,absent,young_adult_age_unclear,absent,,unclear,none,M,,absent,,young_adult_age_unclear,none,M,两个训练表面条件及次日表现分别比较，未分析免疫指标与表现下降关联。,absent,DISAGREE,M,,absent,,young_adult_age_unclear,none,运动员没有明确年龄，按优先序留待全文；两表面条件与次日表现分别比较，缺免疫结局关联。,M,D
FS-002208,MX_sample,HUMAN_SAMPLE_VERIFY,M,absent,adults_stated,absent,,adults_stated,none,M,,absent,,adults_stated,none,M,明确18–35岁，单次离心与静息比较，无 E5。,absent,adults_stated,M,,,,,,,M,B_C_consensus
FS-002213,ADJ_sample,ADJUDICATION_SAMPLE_VERIFY,M,absent,young_adult_age_unclear,absent,,young_adult_age_unclear,none,M,,absent,,young_adult_age_unclear,none,M,两个运动测试及两组补充条件无 E5；力量下降与 IL-6/CRP 分别比较，未作关联。,absent,young_adult_age_unclear,M,,,,,,,M,B_C_consensus
FS-002232,MX_sample,HUMAN_SAMPLE_VERIFY,X,absent,clinical_or_infected_cohort,absent,,clinical_or_infected_cohort,none,M,,absent,,clinical_or_infected_cohort,E4_population,X,明确结节病治疗及未治疗队列，单次运动激素与 IL-6 普通关联非 E5。,absent,clinical_or_infected_cohort,DISAGREE,,absent,,clinical_or_infected_cohort,none,单次运动激素与 IL-6 仅机制相关，无四类 E5；有明确运动后样本，结节病不自动判 X。,M,D
FS-002241,V_confirm,HUMAN_CONFIRM_ALL,V,present,young_adult_age_unclear,present,omics_discovery,young_adult_age_unclear,,V,PBMC microarrays profiled immune signaling genes after exercise.,present,omics_discovery,young_adult_age_unclear,,V,健康车手PBMC的TGF-beta通路微阵列表达谱。,present,young_adult_age_unclear,V,,,,,,,V,B_C_consensus
FS-002243,MX_sample,HUMAN_SAMPLE_VERIFY,M,absent,unclear,absent,,unclear,none,M,,absent,,unclear,none,M,五种高度及运动条件实验非监测；7名受试者未有人群年龄描述。,absent,unclear,M,,,,,,,M,B_C_consensus
FS-002245,MX_sample,HUMAN_SAMPLE_VERIFY,M,absent,young_adult_age_unclear,absent,,young_adult_age_unclear,none,M,,absent,,young_adult_age_unclear,none,M,血流限制与对照两条件，单次急性细胞因子，无 E5。,absent,young_adult_age_unclear,M,,,,,,,M,B_C_consensus
FS-002252,MX_sample,HUMAN_SAMPLE_VERIFY,M,absent,young_adult_age_unclear,absent,,young_adult_age_unclear,E3_no_immune_marker,X,"Post-exercise inflammation assessed, but no named immune marker or biosample specified.",absent,,young_adult_age_unclear,none,M,葡萄补充前后体能测试及一次离心损伤，无免疫指标与表现下降分析。,absent,young_adult_age_unclear,DISAGREE,,absent,,young_adult_age_unclear,none,肌肉炎症测量未说明标志物或生物样本，E3 不确定而非明确缺失；无结局关联或其他 E5。,M,D
FS-002264,V_confirm,HUMAN_CONFIRM_ALL,V,present,unclear,present,omics_discovery,young_adult_age_unclear,,V,Serum proteomics identified candidate inflammatory proteins after a marathon.,present,omics_discovery,young_adult_age_unclear,,V,血清蛋白组发现候选细胞因子/炎症蛋白；MRI损伤非指定表现下降结局，无预测性能统计。,present,young_adult_age_unclear,V,,,,,,,V,B_C_consensus
FS-002265,V_confirm,HUMAN_CONFIRM_ALL,V,present,unclear,present,outcome_linkage;repeated_monitoring,young_adult_age_unclear,,V,NK cells were tracked across a season and analysed against respiratory symptoms.,present,outcome_linkage;repeated_monitoring,young_adult_age_unclear,,V,赛季NK亚群四次监测，与实测URS次数/分组作相关分析。,present,young_adult_age_unclear,V,,,,,,,V,B_C_consensus
FS-002273,V_confirm,HUMAN_CONFIRM_ALL,V,present,young_adult_age_unclear,absent,metric_validation,young_adult_age_unclear,,M,,absent,metric_validation,unclear,,M,预测另一免疫反应未报告预测性能统计；仅男性人数，无年龄/健康限定。,absent,DISAGREE,M,,absent,,young_adult_age_unclear,,男性无明确年龄，留到全文；定性预测其他免疫反应无预测性能统计，删除旧验证子类。,M,D
FS-002275,MX_sample,HUMAN_SAMPLE_VERIFY,M,absent,adults_stated,absent,,adults_stated,none,M,,absent,,adults_stated,none,M,明确18–30岁，三种运动方案比较不属个体重复监测。,absent,adults_stated,M,,,,,,,M,B_C_consensus
FS-002276,V_confirm,HUMAN_CONFIRM_ALL,V,present,young_adult_age_unclear,absent,metric_validation,young_adult_age_unclear,,M,,absent,metric_validation,young_adult_age_unclear,,M,放射细胞迁移测量技术未报告一致性、可靠性等验证统计量。,absent,young_adult_age_unclear,M,,,,,,,M,B_C_consensus
FS-002283,V_confirm,HUMAN_CONFIRM_ALL,V,present,unclear,absent,omics_discovery,young_adult_age_unclear,,M,,present,omics_discovery,young_adult_age_unclear,,V,明确炎症/免疫目的的代谢谱发现；两个补充条件交叉非监测。,DISAGREE,young_adult_age_unclear,DISAGREE,,present,omics_discovery,young_adult_age_unclear,,明确以炎症及免疫为研究目的使用全局代谢谱；阴性结果不影响 omics_discovery，两条件交叉不加监测。,V,D
FS-002293,MX_sample,HUMAN_SAMPLE_VERIFY,M,absent,young_adult_age_unclear,absent,,adults_stated,none,M,,absent,,young_adult_age_unclear,none,M,不同运动组单次白细胞变化，无 E5；中年描述无年龄范围。,absent,DISAGREE,M,,absent,,young_adult_age_unclear,none,中年女性没有数字年龄支持，留到全文；单次运动组白细胞比较无 E5。,M,D
FS-002294,MX_sample,HUMAN_SAMPLE_VERIFY,M,absent,young_adult_age_unclear,absent,,young_adult_age_unclear,none,M,,absent,,young_adult_age_unclear,none,M,四种摄入条件交叉比较不属重复监测；HSP 在免疫细胞内测量，年龄仅均值及标准差。,absent,young_adult_age_unclear,M,,,,,,,M,B_C_consensus
FS-002301,V_confirm,HUMAN_CONFIRM_ALL,V,present,unclear,present,outcome_linkage;repeated_monitoring,young_adult_age_unclear,,V,Salivary IgA tracked after four sessions across the season.,present,outcome_linkage;repeated_monitoring,young_adult_age_unclear,,V,同批泳者三个月四次训练前后跟踪IgA；感染仅推测。,present,young_adult_age_unclear,V,,,,,,,V,B_C_consensus
FS-002304,MX_sample,HUMAN_SAMPLE_VERIFY,X,absent,young_adult_age_unclear,absent,,young_adult_age_unclear,E2_no_post_sample,X,Blood samples were collected before and during exercise only.,absent,,young_adult_age_unclear,E2_no_post_sample,X,血样明确在运动中每15分钟采集，无停止后的样本。,absent,young_adult_age_unclear,X,,,,,,,X,B_C_consensus
FS-002305,ADJ_sample,ADJUDICATION_SAMPLE_VERIFY,X,absent,clinical_or_infected_cohort,absent,,clinical_or_infected_cohort,none,M,,absent,,clinical_or_infected_cohort,E4_population,X,实测鼻炎症状与细胞因子分别作条件比较，未作两者的关联分析；纳入过敏性鼻炎患者。,absent,clinical_or_infected_cohort,DISAGREE,,absent,,clinical_or_infected_cohort,none,鼻炎症状与细胞因子分别比较，未分析两者关联；临床人群本身不作核心缺失。,M,D
FS-002317,V_confirm,HUMAN_CONFIRM_ALL,V,present,adults_stated,absent,metric_validation,adults_stated,,M,,present,metric_validation,young_adult_age_unclear,,V,NGAL实测结果相对临床正常范围评价，64%超范围；仅均值±SD不确认成人。,DISAGREE,DISAGREE,DISAGREE,,present,metric_validation,young_adult_age_unclear,,评价运动后 NGAL 对临床正常范围的超限比例及归一化影响，属于标志物阈值适用性评估；年龄仅均值±SD。,V,D
FS-002327,V_confirm,HUMAN_CONFIRM_ALL,V,present,unclear,present,metric_validation;repeated_monitoring,unclear,,V,Force loss was assessed alongside muscle leucocyte markers.,present,metric_validation;repeated_monitoring,unclear,,V,按实测肌力下降/恢复分层分析炎症细胞，报告中性粒细胞无关；抗体适用性无量化验证统计。,present,unclear,V,,,,,,,V,B_C_consensus
FS-002331,V_confirm,HUMAN_CONFIRM_ALL,V,present,adults_stated,absent,outcome_linkage,adults_stated,,M,,absent,outcome_linkage,young_adult_age_unclear,,M,皮肤葡萄球菌计数不是实际感染/疾病结局，免疫下降风险仅推测；年龄仅均值±SD。,absent,DISAGREE,M,,absent,,young_adult_age_unclear,,年龄仅 22.3±2 岁，留到全文；皮肤菌数非实际感染结局，感染风险仅推测，删除旧结局子类。,M,D
FS-002335,MX_sample,HUMAN_SAMPLE_VERIFY,X,absent,clinical_or_infected_cohort,absent,,clinical_or_infected_cohort,none,M,,absent,,clinical_or_infected_cohort,E4_population,X,明确膝骨关节炎队列；力量及炎症分别变化，未关联分析。,absent,clinical_or_infected_cohort,DISAGREE,,absent,,clinical_or_infected_cohort,none,力量下降和炎症分别报告，未关联分析；单次运动，临床队列标签不作核心缺失。,M,D
FS-002346,V_confirm,HUMAN_CONFIRM_ALL,V,present,adults_stated,present,omics_discovery,adults_stated,,V,NK cell gene and miRNA expression profiled after exercise.,present,omics_discovery,adults_stated,,V,20–29岁NK细胞转录组及miRNA谱发现。,present,adults_stated,V,,,,,,,V,B_C_consensus
FS-002365,ADJ_sample,ADJUDICATION_SAMPLE_VERIFY,M,absent,unclear,absent,,unclear,none,M,,absent,,unclear,none,M,两个蛋糕条件及一天内两次运动构成短期实验，未符合跨三次运动监测；年龄未说明。,absent,unclear,M,,,,,,,M,B_C_consensus
FS-002372,MX_sample,HUMAN_SAMPLE_VERIFY,M,absent,unclear,absent,,young_adult_age_unclear,none,M,,absent,,young_adult_age_unclear,none,M,单次运动/静息比较肽及 T、B、NK 细胞，无 E5。,absent,young_adult_age_unclear,M,,,,,,,M,B_C_consensus
FS-002374,V_confirm,HUMAN_CONFIRM_ALL,V,present,young_adult_age_unclear,present,metric_validation;repeated_monitoring,young_adult_age_unclear,,V,Serial inflammatory markers tracked across sessions and compared with reference change values.,present,metric_validation;repeated_monitoring,young_adult_age_unclear,,V,个体序列变化与RCV95%阈值比较，跨七周多次运动后跟踪CRP/白细胞。,present,young_adult_age_unclear,V,,,,,,,V,B_C_consensus
FS-002381,ADJ_sample,ADJUDICATION_SAMPLE_VERIFY,X,absent,unclear,absent,,unclear,E3_no_immune_marker,X,"Inflammation was mentioned, but no immune marker was named.",unclear,,unclear,none,U,虽说测了炎症但未给指标或相关结果，无法充分确定 E5；三个恢复条件非重复监测。,DISAGREE,unclear,DISAGREE,,absent,,unclear,none,三个随机恢复条件不属监测，无标志物与结局关联；炎症指标未具名，不据此判 E3 明确缺失。,M,D
FS-002402,MX_sample,HUMAN_SAMPLE_VERIFY,M,absent,young_adult_age_unclear,absent,,young_adult_age_unclear,none,M,,absent,,young_adult_age_unclear,none,M,碳水与安慰剂条件单次阻力运动，sIgA 及细胞因子变化无 E5。,absent,young_adult_age_unclear,M,,,,,,,M,B_C_consensus
FS-002421,V_confirm,HUMAN_CONFIRM_ALL,V,present,unclear,present,omics_discovery,young_adult_age_unclear,,V,Neutrophil transcriptome profiled after an exercise trial.,present,omics_discovery,young_adult_age_unclear,,V,中性粒细胞转录组免疫通路发现；肌红蛋白仅损伤标志，不是指定临床/表现结局。,present,young_adult_age_unclear,V,,,,,,,V,B_C_consensus
FS-002434,ADJ_sample,ADJUDICATION_SAMPLE_VERIFY,X,absent,clinical_or_infected_cohort,absent,,clinical_or_infected_cohort,none,M,,absent,,unclear,none,M,单次步行的凝血及白细胞变化无验证性能或实测血栓结局；女性年龄未描述。,absent,DISAGREE,M,,absent,,clinical_or_infected_cohort,none,明确以肥胖女性为研究队列，优先临床标签；单次步行白细胞及凝血变化无 E5，临床标签不构成核心缺失。,M,D
FS-002435,V_confirm,HUMAN_CONFIRM_ALL,V,present,unclear,present,omics_discovery;repeated_monitoring,young_adult_age_unclear,,V,Immunomodulatory metabolites profiled; neutrophil markers tracked after four identified cycling days.,present,omics_discovery;repeated_monitoring,young_adult_age_unclear,,V,明确免疫调节代谢物谱，6天块内四次运动前后跟踪中性粒细胞；补充交叉之外仍有重复同条件运动。,present,young_adult_age_unclear,V,,,,,,,V,B_C_consensus
FS-002448,V_confirm,HUMAN_CONFIRM_ALL,V,present,young_adult_age_unclear,absent,outcome_linkage,young_adult_age_unclear,,M,,absent,outcome_linkage,young_adult_age_unclear,,M,潜伏CMV血清状态为背景分层，未测新发感染或临床症状结局；健康人非活动性感染队列。,absent,young_adult_age_unclear,M,,,,,,,M,B_C_consensus
FS-002452,ADJ_sample,ADJUDICATION_SAMPLE_VERIFY,M,absent,unclear,absent,,unclear,none,M,,present,metric_validation,unclear,none,V,评估鼻灌洗 PMN 对支气管肺泡灌洗 PMN 的替代测量效度，报告个体层面相关系数及阴性结果；人群年龄未说明。,DISAGREE,unclear,DISAGREE,,absent,,unclear,none,NL/BAL 仅报告相关系数，未给可靠性、误差、阈值或诊断性能统计；不符合严格 metric_validation。,M,D
FS-002460,MX_sample,HUMAN_SAMPLE_VERIFY,M,absent,young_adult_age_unclear,absent,,young_adult_age_unclear,none,M,,absent,,young_adult_age_unclear,none,M,两种摄入交叉，体能改善与中性粒细胞分别比较，未分析实际表现下降关联。,absent,young_adult_age_unclear,M,,,,,,,M,B_C_consensus
FS-002494,MX_sample,HUMAN_SAMPLE_VERIFY,M,absent,unclear,absent,,young_adult_age_unclear,none,M,,absent,,young_adult_age_unclear,none,M,单场超马，神经肌肉力量下降及 CRP 共测但未分析二者关联。,absent,young_adult_age_unclear,M,,,,,,,M,B_C_consensus
FS-002501,V_confirm,HUMAN_CONFIRM_ALL,V,present,young_adult_age_unclear,absent,metric_validation,young_adult_age_unclear,,M,,absent,metric_validation,young_adult_age_unclear,,M,CCL2变异大仅定性；肌力和CCL2分别作组比较，未报告二者结局关联分析。,absent,young_adult_age_unclear,M,,,,,,,M,B_C_consensus
FS-002511,ADJ_sample,ADJUDICATION_SAMPLE_VERIFY,V,present,unclear,present,repeated_monitoring,young_adult_age_unclear,none,V,Salivary markers tracked before and after five race stages.,present,repeated_monitoring,young_adult_age_unclear,none,V,五个独立比赛阶段均前后采样，符合重复监测；虽跟踪 URS，未报告与免疫指标的分析。,present,young_adult_age_unclear,V,,,,,,,V,B_C_consensus
FS-002515,V_confirm,HUMAN_CONFIRM_ALL,V,present,unclear,absent,outcome_linkage,young_adult_age_unclear,,M,,absent,outcome_linkage,young_adult_age_unclear,,M,URTI与IgA分别在两个独立实验，未分析免疫指标与感染结局关系。,absent,young_adult_age_unclear,M,,,,,,,M,B_C_consensus
FS-002532,V_confirm,HUMAN_CONFIRM_ALL,V,present,adults_stated,present,omics_discovery,adults_stated,,V,Metabolomics profiled exercise recovery in a study of inflammation.,present,omics_discovery,adults_stated,,V,19–45岁；明确炎症干预目的采用代谢组发现酚类/肠源代谢谱。,present,adults_stated,V,,,,,,,V,B_C_consensus
FS-002536,V_confirm,HUMAN_CONFIRM_ALL,V,present,unclear,present,outcome_linkage,young_adult_age_unclear,,V,IL-10 responses differed by upper-airway symptom status.,present,outcome_linkage,young_adult_age_unclear,,V,有/无上气道症状运动员比较IL-10等细胞因子，实际症状关联。,present,young_adult_age_unclear,V,,,,,,,V,B_C_consensus
FS-002541,ADJ_sample,ADJUDICATION_SAMPLE_VERIFY,M,absent,unclear,absent,,young_adult_age_unclear,none,M,,absent,,young_adult_age_unclear,none,M,一个候选 IL-6 多态性及单次运动恢复不属于组学或重复监测；肌损伤 CK 变化非所列结局。,absent,young_adult_age_unclear,M,,,,,,,M,B_C_consensus
FS-002552,V_confirm,HUMAN_CONFIRM_ALL,V,present,young_adult_age_unclear,absent,outcome_linkage,young_adult_age_unclear,,M,,absent,outcome_linkage,young_adult_age_unclear,,M,仅三日运动块前后和恢复采样，未跨三次运动跟踪；URTI与免疫分别组比较，未作标志物关联。,absent,young_adult_age_unclear,M,,,,,,,M,B_C_consensus
FS-002554,V_confirm,HUMAN_CONFIRM_ALL,V,present,unclear,present,omics_discovery,unclear,,V,Targeted lipidomics profiled inflammatory and resolving mediators after exercise.,present,omics_discovery,unclear,,V,LC-MS炎症/消退脂质介质谱；受试人群未描述。,present,unclear,V,,,,,,,V,B_C_consensus
FS-002562,V_confirm,HUMAN_CONFIRM_ALL,V,present,young_adult_age_unclear,absent,outcome_linkage;repeated_monitoring,young_adult_age_unclear,,M,,absent,outcome_linkage;repeated_monitoring,young_adult_age_unclear,,M,饮食/训练条件比较非个体监测；URTI按饮食比较，免疫介导仅推测。,absent,young_adult_age_unclear,M,,,,,,,M,B_C_consensus
FS-002569,V_confirm,HUMAN_CONFIRM_ALL,V,present,young_adult_age_unclear,present,outcome_linkage,young_adult_age_unclear,,V,Postexercise cholesteryl esters were evaluated against an antimicrobial effective range.,present,outcome_linkage,young_adult_age_unclear,,V,实测鼻液抗菌脂质相对有效抗菌范围评价；URTI只是推测。,present,young_adult_age_unclear,V,,,,,,,V,B_C_consensus
FS-002573,V_confirm,HUMAN_CONFIRM_ALL,V,present,young_adult_age_unclear,present,repeated_monitoring,young_adult_age_unclear,,V,"Plasma IL-6 was tracked after acute exercise at weeks 1, 5, and 8.",present,repeated_monitoring,young_adult_age_unclear,,V,同批军校生在第1、5、8周三次运动前后跟踪IL-6；VO2max提高非下降结局。,present,young_adult_age_unclear,V,,,,,,,V,B_C_consensus
FS-002578,V_confirm,HUMAN_CONFIRM_ALL,V,present,young_adult_age_unclear,present,repeated_monitoring,young_adult_age_unclear,,V,Post-time-trial cytokines were tracked at five points across the training and taper period.,present,repeated_monitoring,young_adult_age_unclear,,V,五次40TT后跟踪细胞因子；表现提高及感染风险推测不构成指定结局关联。,present,young_adult_age_unclear,V,,,,,,,V,B_C_consensus
FS-002581,V_confirm,HUMAN_CONFIRM_ALL,V,present,adults_stated,absent,outcome_linkage,adults_stated,,M,,absent,outcome_linkage,young_adult_age_unclear,,M,皮肤菌数和感染风险非实际感染结局；虽称成人，年龄只有均值±SD。,absent,DISAGREE,M,,absent,,young_adult_age_unclear,,年龄仅 22.3±1.6 岁，留到全文；皮肤菌数及风险非实际感染结局，删除旧结局子类。,M,D
FS-002585,MX_sample,HUMAN_SAMPLE_VERIFY,M,absent,young_adult_age_unclear,absent,,young_adult_age_unclear,none,M,,absent,,young_adult_age_unclear,none,M,两种补充条件交叉，跑步耐力及炎症分别比较，未进行所列临床或表现下降关联分析。,absent,young_adult_age_unclear,M,,,,,,,M,B_C_consensus
FS-002587,ADJ_sample,ADJUDICATION_SAMPLE_VERIFY,M,absent,young_adult_age_unclear,absent,,young_adult_age_unclear,none,M,,absent,,young_adult_age_unclear,none,M,三个饮料条件为交叉设计；比赛完成时间和免疫指标分别比较，没有表现下降关联分析。,absent,young_adult_age_unclear,M,,,,,,,M,B_C_consensus
FS-002589,ADJ_sample,ADJUDICATION_SAMPLE_VERIFY,V,present,young_adult_age_unclear,present,metric_validation,young_adult_age_unclear,none,V,The 90th percentile defined high IL-6 responders.,present,metric_validation,young_adult_age_unclear,none,V,为 IL-6 响应建立第 90 百分位高响应分类界值并比较分类后的反应，符合指标阈值要素；年龄仅均值及标准差。,present,young_adult_age_unclear,V,,,,,,,V,B_C_consensus
FS-002596,MX_sample,HUMAN_SAMPLE_VERIFY,M,absent,young_adult_age_unclear,absent,,young_adult_age_unclear,none,M,,absent,,young_adult_age_unclear,none,M,三种强度比较属于实验设计；离体肿瘤细胞杀伤非实际感染或临床结局。,absent,young_adult_age_unclear,M,,,,,,,M,B_C_consensus
FS-002606,ADJ_sample,ADJUDICATION_SAMPLE_VERIFY,M,absent,young_adult_age_unclear,absent,,young_adult_age_unclear,none,M,,absent,,young_adult_age_unclear,none,M,首末两次运动测试及炎症变化无 E5；肌钙蛋白的时间积分 AUC 不是免疫指标诊断性能。,absent,young_adult_age_unclear,M,,,,,,,M,B_C_consensus
FS-002613,ADJ_sample,ADJUDICATION_SAMPLE_VERIFY,X,absent,young_adult_age_unclear,absent,,young_adult_age_unclear,E2_no_post_sample,X,"Immune markers were measured at study visits, with no stated post-exercise sample.",absent,,young_adult_age_unclear,E2_no_post_sample,X,免疫指标为空腹基线及干预结束测量，没有运动结束后样本；表现改善与指标分别比较。,absent,young_adult_age_unclear,X,,,,,,,X,B_C_consensus
FS-002618,V_confirm,HUMAN_CONFIRM_ALL,V,present,young_adult_age_unclear,present,omics_discovery,young_adult_age_unclear,,V,"Muscle transcriptomics identified immune pathways, but no named immune marker.",present,omics_discovery,young_adult_age_unclear,,V,题名明确炎症至重塑目的，肌肉全转录组发现白细胞/趋化信号。,present,young_adult_age_unclear,V,,,,,,,V,B_C_consensus
FS-002619,V_confirm,HUMAN_CONFIRM_ALL,V,present,unclear,present,omics_discovery,young_adult_age_unclear,,V,Proteomics identified inflammation-related plasma proteins.,present,omics_discovery,young_adult_age_unclear,,V,血浆蛋白组明确识别炎症候选蛋白。,present,young_adult_age_unclear,V,,,,,,,V,B_C_consensus
FS-002621,MX_sample,HUMAN_SAMPLE_VERIFY,M,absent,young_adult_age_unclear,absent,,young_adult_age_unclear,none,M,,absent,,young_adult_age_unclear,none,M,单次 HIIE 后两天餐后监测，非多次运动或多周追踪；TG 时间 AUC 非验证性能。,absent,young_adult_age_unclear,M,,,,,,,M,B_C_consensus
FS-002626,V_confirm,HUMAN_CONFIRM_ALL,V,present,unclear,absent,omics_discovery,young_adult_age_unclear,,M,,present,omics_discovery,young_adult_age_unclear,,V,包括炎症miR-21/155的miRNA谱分析；有氧能力关联非表现下降。,DISAGREE,young_adult_age_unclear,DISAGREE,,present,omics_discovery,young_adult_age_unclear,,以候选生物标志物为目的分析包括炎症 miR-21/155 的 miRNA 谱，符合发现；有氧能力相关不等于表现下降。,V,D
FS-002627,ADJ_sample,ADJUDICATION_SAMPLE_VERIFY,M,absent,young_adult_age_unclear,absent,,young_adult_age_unclear,none,M,,absent,,young_adult_age_unclear,none,M,两个避孕药周期条件是交叉实验，不属于重复监测。,absent,young_adult_age_unclear,M,,,,,,,M,B_C_consensus
FS-002635,V_confirm,HUMAN_CONFIRM_ALL,V,present,adults_stated,present,omics_discovery,adults_stated,,V,Monocyte gene and miRNA arrays profiled inflammatory responses.,present,omics_discovery,adults_stated,,V,22–30岁，单核细胞全基因及miRNA谱发现。,present,adults_stated,V,,,,,,,V,B_C_consensus
FS-002638,V_confirm,HUMAN_CONFIRM_ALL,V,present,young_adult_age_unclear,present,omics_discovery,young_adult_age_unclear,,V,Circulating miRNA profiles included inflammation-related miR-146a.,present,omics_discovery,young_adult_age_unclear,,V,包含炎症miR-146a的循环miRNA谱；单场比赛多个采样非监测。,present,young_adult_age_unclear,V,,,,,,,V,B_C_consensus
FS-002641,V_confirm,HUMAN_CONFIRM_ALL,V,present,young_adult_age_unclear,present,repeated_monitoring,young_adult_age_unclear,,V,Salivary IgA tracked before and after sessions across four training periods.,present,repeated_monitoring,young_adult_age_unclear,,V,同批球员跨四训练阶段跟踪sIgA；同时比较强度，仍有纵向训练阶段序列。,present,young_adult_age_unclear,V,,,,,,,V,B_C_consensus
FS-002643,ADJ_sample,ADJUDICATION_SAMPLE_VERIFY,X,present,clinical_or_infected_cohort,absent,,clinical_or_infected_cohort,none,M,,absent,,clinical_or_infected_cohort,E4_population,X,脊髓损伤明确为临床队列；单次比赛速度水平关联未报告表现下降。,absent,clinical_or_infected_cohort,DISAGREE,,absent,,clinical_or_infected_cohort,none,仅单次比赛速度水平关联，未测表现下降；脊髓损伤作 E4 标签，不自动判核心缺失。,M,D
FS-002651,V_confirm,HUMAN_CONFIRM_ALL,V,present,unclear,absent,outcome_linkage,young_adult_age_unclear,,M,,absent,outcome_linkage,young_adult_age_unclear,,M,炎症和表现下降共同测量，但未报告免疫标志物与表现的关联分析。,absent,young_adult_age_unclear,M,,,,,,,M,B_C_consensus
FS-002652,V_confirm,HUMAN_CONFIRM_ALL,V,present,unclear,absent,metric_validation,young_adult_age_unclear,,M,,absent,metric_validation,unclear,,M,题名虽称分析变异，摘要仅比较生物标志物均值，无验证统计量；年龄/健康状态未述。,absent,DISAGREE,M,,absent,,young_adult_age_unclear,,男性无明确年龄，留到全文；只比较标志物浓度，未报告分析变异验证，删除旧验证子类。,M,D
FS-002666,V_confirm,HUMAN_CONFIRM_ALL,V,present,unclear,present,omics_discovery,young_adult_age_unclear,,V,Blood transcriptome profiling identified exercise-responsive immune genes.,present,omics_discovery,young_adult_age_unclear,,V,白细胞刺激/未刺激微阵列表达谱，明确免疫炎症发现。,present,young_adult_age_unclear,V,,,,,,,V,B_C_consensus
FS-002669,V_confirm,HUMAN_CONFIRM_ALL,V,present,unclear,present,omics_discovery,young_adult_age_unclear,,V,Secretome profiling identified exercise-induced chemokines.,present,omics_discovery,unclear,,V,分泌组微阵列发现CX3CL1、CCL2等趋化因子；仅男性人数无年龄。,present,DISAGREE,V,,present,omics_discovery,young_adult_age_unclear,,男性无明确年龄，留到全文；分泌组微阵列发现 CX3CL1、CCL2 等趋化因子，符合 E5。,V,D
FS-002670,ADJ_sample,ADJUDICATION_SAMPLE_VERIFY,M,absent,young_adult_age_unclear,absent,,young_adult_age_unclear,none,M,,absent,,young_adult_age_unclear,none,M,仅首次及第六次训练采样，不满足三次以上运动监测；年龄仅均值及标准差。,absent,young_adult_age_unclear,M,,,,,,,M,B_C_consensus
FS-002674,V_confirm,HUMAN_CONFIRM_ALL,V,present,unclear,absent,outcome_linkage,young_adult_age_unclear,,M,,absent,outcome_linkage,young_adult_age_unclear,,M,仅第3日运动后采样，未跨三次运动跟踪；过度负荷为措辞而无实际诊断或表现下降关联。,absent,young_adult_age_unclear,M,,,,,,,M,B_C_consensus
FS-002678,V_confirm,HUMAN_CONFIRM_ALL,V,present,unclear,present,repeated_monitoring,young_adult_age_unclear,,V,Inflammatory markers tracked after three identified cycling trials.,present,repeated_monitoring,young_adult_age_unclear,,V,同批车手第5、6、7天三次相同模拟赛前后跟踪炎症指标；补充组不等于三运动条件交叉。,present,young_adult_age_unclear,V,,,,,,,V,B_C_consensus
FS-002683,MX_sample,HUMAN_SAMPLE_VERIFY,M,absent,young_adult_age_unclear,absent,,young_adult_age_unclear,none,M,,absent,,young_adult_age_unclear,none,M,运动前置与对照潜水两条件，少数 MP/细胞表型非组学；未实测 DCS 结局。,absent,young_adult_age_unclear,M,,,,,,,M,B_C_consensus
FS-002684,V_confirm,HUMAN_CONFIRM_ALL,V,present,young_adult_age_unclear,absent,metric_validation;outcome_linkage,young_adult_age_unclear,,M,,absent,metric_validation;outcome_linkage,unclear,,M,仅报告方法均值接近，无可靠性、偏倚/一致性或检测限验证统计量；疲劳关联仅背景。,absent,DISAGREE,M,,absent,,young_adult_age_unclear,,男女无明确年龄，留到全文；方法均值比较无一致性/检出限统计，疲劳仅背景，删除旧子类。,M,D
FS-002697,ADJ_sample,ADJUDICATION_SAMPLE_VERIFY,M,absent,unclear,absent,,young_adult_age_unclear,none,M,,absent,,unclear,none,M,两个草药条件的单次运动恢复和疼痛比较无 E5；男性年龄及整体健康状态未描述。,absent,DISAGREE,M,,absent,,young_adult_age_unclear,none,男性没有明确年龄，按优先序留待全文；两草药条件的单次运动恢复与疼痛比较无 E5。,M,D
FS-002702,MX_sample,HUMAN_SAMPLE_VERIFY,M,absent,unclear,absent,,young_adult_age_unclear,none,M,,absent,,young_adult_age_unclear,none,M,训练前后静息及单次急性后样本，未连续监测；PBMC 免疫刺激后的 ROS 是具名细胞功能。,absent,young_adult_age_unclear,M,,,,,,,M,B_C_consensus
FS-002712,MX_sample,HUMAN_SAMPLE_VERIFY,M,absent,young_adult_age_unclear,absent,,young_adult_age_unclear,none,M,,absent,,young_adult_age_unclear,none,M,单次骑行后预选 Th 细胞因子，感染仅背景，无所列 E5。,absent,young_adult_age_unclear,M,,,,,,,M,B_C_consensus
FS-002736,MX_sample,HUMAN_SAMPLE_VERIFY,M,absent,unclear,absent,,unclear,none,M,,absent,,young_adult_age_unclear,none,M,单场超马后抗菌蛋白，疾病预测仅讨论，未实际测量感染结局。,absent,DISAGREE,M,,absent,,young_adult_age_unclear,none,男女跑者无明确年龄，按优先序留待全文；疾病预测仅讨论，单场超马抗菌蛋白变化无 E5。,M,D
FS-002739,V_confirm,HUMAN_CONFIRM_ALL,V,present,young_adult_age_unclear,present,omics_discovery,young_adult_age_unclear,,V,Immune-cell miRNA arrays profiled post-exercise responses.,present,omics_discovery,young_adult_age_unclear,,V,免疫细胞miRNA及端粒mRNA阵列谱发现；年龄仅均值±SD。,present,young_adult_age_unclear,V,,,,,,,V,B_C_consensus
FS-002742,V_confirm,HUMAN_CONFIRM_ALL,V,present,young_adult_age_unclear,present,omics_discovery,young_adult_age_unclear,,V,Global metabolomics profiled inflammation-related metabolites after cycling.,present,omics_discovery,young_adult_age_unclear,,V,炎症/细胞因子关联目的的全局代谢组谱；单次75公里。,present,young_adult_age_unclear,V,,,,,,,V,B_C_consensus
FS-002745,ADJ_sample,ADJUDICATION_SAMPLE_VERIFY,M,absent,young_adult_age_unclear,absent,,adults_stated,none,M,,absent,,young_adult_age_unclear,none,M,一次运动前后代谢和未具名细胞因子比较，无 E5；成人未给年龄范围，肥胖本身不定为临床疾病。,absent,DISAGREE,M,,absent,,clinical_or_infected_cohort,none,队列明确包括轻度肥胖者，按优先序标临床；未给数字年龄，单次运动代谢与细胞因子比较无 E5。,M,D
FS-002753,MX_sample,HUMAN_SAMPLE_VERIFY,M,absent,unclear,absent,,unclear,none,M,,absent,,young_adult_age_unclear,none,M,两种补充条件下单次比赛前后测量及两个靶向基因表达，不符合四类 E5。,absent,DISAGREE,M,,absent,,young_adult_age_unclear,none,参赛者没有明确年龄，按优先序留待全文；单场比赛两个靶向基因和补充条件比较无 E5。,M,D
FS-002754,V_confirm,HUMAN_CONFIRM_ALL,V,present,unclear,present,repeated_monitoring,young_adult_age_unclear,,V,Cytokines tracked after three identified bouts.,present,repeated_monitoring,unclear,,V,同人三天相同离心运动分别采样，跟踪细胞因子；仅男性人数无年龄。,present,DISAGREE,V,,present,repeated_monitoring,young_adult_age_unclear,,男性无明确年龄，留到全文；同人三天独立离心运动分别采样追踪细胞因子，符合 E5。,V,D
FS-002764,V_confirm,HUMAN_CONFIRM_ALL,V,present,young_adult_age_unclear,present,outcome_linkage;omics_discovery,young_adult_age_unclear,,V,Immune gene profiling one week after marathon; infection risk only discussed.,present,outcome_linkage;omics_discovery,young_adult_age_unclear,,V,PBMC 84基因免疫PCR阵列谱发现；URTI仅讨论；一周后采样仍属赛后。,present,young_adult_age_unclear,V,,,,,,,V,B_C_consensus
FS-002767,ADJ_sample,ADJUDICATION_SAMPLE_VERIFY,M,absent,unclear,absent,,young_adult_age_unclear,none,M,,absent,,young_adult_age_unclear,none,M,免疫细胞因子仅首次赛前和第三阶段后两次测量；逐阶段追踪的是非免疫肌损伤指标。,absent,young_adult_age_unclear,M,,,,,,,M,B_C_consensus
FS-002768,ADJ_sample,ADJUDICATION_SAMPLE_VERIFY,X,absent,young_adult_age_unclear,absent,,young_adult_age_unclear,E2_no_post_sample,X,"Blood draws were dated within training, without a stated link to an exercise bout.",absent,,young_adult_age_unclear,E2_no_post_sample,X,训练阶段四次采样未报告单次运动后样本；所列为氧化应激指标，未明确免疫指标的个体监测。,absent,young_adult_age_unclear,X,,,,,,,X,B_C_consensus
FS-002772,V_confirm,HUMAN_CONFIRM_ALL,V,present,young_adult_age_unclear,present,omics_discovery,young_adult_age_unclear,,V,Inflammation-related gene profiling after exercise.,present,omics_discovery,young_adult_age_unclear,,V,炎症相关PBMC微阵列谱发现。,present,young_adult_age_unclear,V,,,,,,,V,B_C_consensus
FS-002781,MX_sample,HUMAN_SAMPLE_VERIFY,M,absent,unclear,absent,,unclear,none,M,,absent,,unclear,none,M,热适应前后两次耐力测试，非三次监测；摘要未描述参与人群。,absent,unclear,M,,,,,,,M,B_C_consensus
FS-002785,MX_sample,HUMAN_SAMPLE_VERIFY,M,absent,young_adult_age_unclear,absent,,young_adult_age_unclear,none,M,,absent,,young_adult_age_unclear,none,M,不同族裔大学年龄女性单次跑后免疫及氧化应答，无 E5。,absent,young_adult_age_unclear,M,,,,,,,M,B_C_consensus
FS-002787,MX_sample,HUMAN_SAMPLE_VERIFY,M,absent,young_adult_age_unclear,absent,,young_adult_age_unclear,none,M,,absent,,young_adult_age_unclear,none,M,单次骑行后药物比较；时间曲线 AUCI 非诊断或预测性能。,absent,young_adult_age_unclear,M,,,,,,,M,B_C_consensus
FS-002790,ADJ_sample,ADJUDICATION_SAMPLE_VERIFY,M,absent,young_adult_age_unclear,absent,,young_adult_age_unclear,none,M,,absent,,young_adult_age_unclear,none,M,两个风速条件及单次分段骑车的前后 IL-6 测量非重复监测；两组年龄均仅均值。,absent,young_adult_age_unclear,M,,,,,,,M,B_C_consensus
FS-002798,V_confirm,HUMAN_CONFIRM_ALL,V,present,young_adult_age_unclear,absent,outcome_linkage;repeated_monitoring,young_adult_age_unclear,,M,,absent,outcome_linkage;repeated_monitoring,young_adult_age_unclear,,M,两水合条件比较非监测；URTI风险仅背景，未测感染。,absent,young_adult_age_unclear,M,,,,,,,M,B_C_consensus
FS-002801,V_confirm,HUMAN_CONFIRM_ALL,V,present,young_adult_age_unclear,absent,metric_validation,young_adult_age_unclear,,M,,absent,metric_validation,young_adult_age_unclear,,M,ALD个体差异仅定性且非免疫标志；没有免疫指标与指定表现/感染结局关联分析。,absent,young_adult_age_unclear,M,,,,,,,M,B_C_consensus
FS-002803,V_confirm,HUMAN_CONFIRM_ALL,V,present,young_adult_age_unclear,present,repeated_monitoring,young_adult_age_unclear,,V,Seminal cytokines tracked across a 16-week training period.,present,repeated_monitoring,young_adult_age_unclear,,V,16周重复设计跟踪同人精液细胞因子及恢复；两个运动后采样阶段不排除跨训练块监测。,present,young_adult_age_unclear,V,,,,,,,V,B_C_consensus
FS-002811,MX_sample,HUMAN_SAMPLE_VERIFY,M,absent,unclear,absent,,young_adult_age_unclear,none,M,,absent,,unclear,none,M,两种服装条件比较力量及细胞因子，没有分析二者关系；只称训练男性无年龄范围。,absent,DISAGREE,M,,absent,,young_adult_age_unclear,none,训练男性无明确年龄，留到全文；两服装条件的力量与细胞因子分别比较，未分析其关系，无 E5。,M,D
FS-002812,MX_sample,HUMAN_SAMPLE_VERIFY,M,absent,unclear,absent,,unclear,none,M,,absent,,young_adult_age_unclear,none,M,单次潜水后的预选炎症基因表达不构成组学发现；潜水明确包含急性运动。,absent,DISAGREE,M,,absent,,young_adult_age_unclear,none,男潜水者无明确年龄，按优先序留待全文；明确急性运动，预选炎症基因检测非组学发现。,M,D
FS-002815,MX_sample,HUMAN_SAMPLE_VERIFY,M,absent,young_adult_age_unclear,absent,,young_adult_age_unclear,none,M,,absent,,young_adult_age_unclear,none,M,三种恢复条件交叉，非监测；IL-6、CRP 与肌力分别比较。,absent,young_adult_age_unclear,M,,,,,,,M,B_C_consensus
FS-002824,V_confirm,HUMAN_CONFIRM_ALL,V,present,unclear,present,repeated_monitoring,young_adult_age_unclear,,V,Lymphocyte markers assessed at three stages of a season.,present,repeated_monitoring,young_adult_age_unclear,,V,同批职业球员一赛季三阶段跟踪淋巴亚群和细胞因子；E5不以运动后采样为前提。,present,young_adult_age_unclear,V,,,,,,,V,B_C_consensus
FS-002827,ADJ_sample,ADJUDICATION_SAMPLE_VERIFY,M,absent,young_adult_age_unclear,absent,,young_adult_age_unclear,none,M,,absent,,unclear,none,M,两个补充条件的表现容量与细胞因子分别比较，没有表现下降关联；男性年龄及整体健康状态未说明。,absent,DISAGREE,M,,absent,,young_adult_age_unclear,none,男性无明确年龄，按优先序留待全文；补充条件的运动能力与细胞因子分别比较，缺 E5 结局关联。,M,D
FS-002831,V_confirm,HUMAN_CONFIRM_ALL,V,present,young_adult_age_unclear,absent,outcome_linkage,young_adult_age_unclear,,M,,absent,outcome_linkage,young_adult_age_unclear,,M,病毒感染/复制只在细胞培养功能实验，未测受试者感染结局。,absent,young_adult_age_unclear,M,,,,,,,M,B_C_consensus
FS-002832,V_confirm,HUMAN_CONFIRM_ALL,V,present,young_adult_age_unclear,absent,omics_discovery;repeated_monitoring,young_adult_age_unclear,,M,,absent,omics_discovery;repeated_monitoring,young_adult_age_unclear,,M,代谢组以能量需求/激素为目的，未作免疫候选谱发现；两运动条件比较非监测。,absent,young_adult_age_unclear,M,,,,,,,M,B_C_consensus
FS-002841,V_confirm,HUMAN_CONFIRM_ALL,V,present,young_adult_age_unclear,present,repeated_monitoring,young_adult_age_unclear,,V,"Cytokines sampled after exercise bouts at weeks 0, 6, and 12.",present,repeated_monitoring,young_adult_age_unclear,,V,同批大学年龄健康男性第0、6、12周三次相同阻力试验跟踪17种细胞因子。,present,young_adult_age_unclear,V,,,,,,,V,B_C_consensus
FS-002842,MX_sample,HUMAN_SAMPLE_VERIFY,M,absent,unclear,absent,,young_adult_age_unclear,none,M,,absent,,young_adult_age_unclear,none,M,静态与动态潜水后 CRP 等指标，非三次监测或结局分析。,absent,young_adult_age_unclear,M,,,,,,,M,B_C_consensus
FS-002851,ADJ_sample,ADJUDICATION_SAMPLE_VERIFY,M,absent,adults_stated,absent,,adults_stated,none,M,,absent,,adults_stated,none,M,单次游泳后的短期恢复采样非重复监测；参考范围仅定性描述，没有区间数值或阈值验证；年龄明确 61 岁。,absent,adults_stated,M,,,,,,,M,B_C_consensus
FS-002852,V_confirm,HUMAN_CONFIRM_ALL,V,present,unclear,absent,outcome_linkage,young_adult_age_unclear,,M,,absent,outcome_linkage,young_adult_age_unclear,,M,男女免疫反应实验比较；感染风险只是推测，无实测感染。,absent,young_adult_age_unclear,M,,,,,,,M,B_C_consensus
FS-002878,V_confirm,HUMAN_CONFIRM_ALL,V,present,unclear,present,omics_discovery,young_adult_age_unclear,,V,PBMC methylation profiling identified genes associated with IL-6.,present,omics_discovery,young_adult_age_unclear,,V,PBMC甲基化组与IL-6关系，明确免疫细胞表观组谱发现。,present,young_adult_age_unclear,V,,,,,,,V,B_C_consensus
FS-002890,MX_sample,HUMAN_SAMPLE_VERIFY,M,absent,young_adult_age_unclear,absent,,young_adult_age_unclear,none,M,,absent,,young_adult_age_unclear,none,M,四个环境暴露后的配对测试为条件实验，不属重复监测。,absent,young_adult_age_unclear,M,,,,,,,M,B_C_consensus
FS-002905,V_confirm,HUMAN_CONFIRM_ALL,V,present,young_adult_age_unclear,present,metric_validation,adults_stated,,V,Post-run monocytes were analysed in relation to running time.,absent,metric_validation,young_adult_age_unclear,,M,一般跑步能力/成绩关联不等于表现下降；未报告预测性能统计量；中位年龄非成人范围。,DISAGREE,DISAGREE,DISAGREE,,absent,,young_adult_age_unclear,,一般跑步成绩关联未测表现下降，也未报告 AUC 等预测性能统计；中位年龄不是明确成人范围。,M,D
FS-002906,MX_sample,HUMAN_SAMPLE_VERIFY,X,absent,clinical_or_infected_cohort,absent,,clinical_or_infected_cohort,none,M,,present,repeated_monitoring,clinical_or_infected_cohort,E4_population,X,铁缺乏接受静脉治疗的队列；三次同类运动前后跨四周追踪铁调素。,DISAGREE,clinical_or_infected_cohort,DISAGREE,,present,repeated_monitoring,clinical_or_infected_cohort,none,同人治疗前、24 小时及四周后三个同类运动测试追踪铁调素；非随机运动条件比较，符合监测。,V,D
FS-002909,MX_sample,HUMAN_SAMPLE_VERIFY,M,absent,young_adult_age_unclear,absent,,young_adult_age_unclear,none,M,,absent,,young_adult_age_unclear,none,M,预选 CEBPB 等基因的 qPCR 非组学；肌力关联为背景，实测分析主要按 CK 分组。,absent,young_adult_age_unclear,M,,,,,,,M,B_C_consensus
FS-002910,ADJ_sample,ADJUDICATION_SAMPLE_VERIFY,M,absent,young_adult_age_unclear,absent,,young_adult_age_unclear,none,M,,absent,,young_adult_age_unclear,none,M,受体响应百分比范围为样本描述，未报告可靠性或指标验证统计；单次运动时程无其余 E5。,absent,young_adult_age_unclear,M,,,,,,,M,B_C_consensus
FS-002911,V_confirm,HUMAN_CONFIRM_ALL,V,present,unclear,present,omics_discovery,young_adult_age_unclear,,V,Metabolomics profiled post-exercise candidates related to leukotoxic effects.,present,omics_discovery,young_adult_age_unclear,,V,代谢组发现白细胞毒性/氧化应激候选；表现下降与免疫标志未作关联分析。,present,young_adult_age_unclear,V,,,,,,,V,B_C_consensus
FS-002915,MX_sample,HUMAN_SAMPLE_VERIFY,M,absent,unclear,absent,,young_adult_age_unclear,none,M,,absent,,young_adult_age_unclear,none,M,赛季末单次跑步前后 CRP，不是跨赛季监测。,absent,young_adult_age_unclear,M,,,,,,,M,B_C_consensus
FS-002922,MX_sample,HUMAN_SAMPLE_VERIFY,M,absent,young_adult_age_unclear,absent,,young_adult_age_unclear,none,M,,absent,,young_adult_age_unclear,none,M,疾病自由的中年男性两种运动比较细胞因子，无 E5。,absent,young_adult_age_unclear,M,,,,,,,M,B_C_consensus
FS-002928,V_confirm,HUMAN_CONFIRM_ALL,V,present,unclear,absent,metric_validation;repeated_monitoring,unclear,,M,,present,metric_validation;repeated_monitoring,unclear,,V,静脉/毛细血管IL-6方法比较报告相关r=0.79、0.71，评价替代测量效度；两次非监测。,DISAGREE,unclear,DISAGREE,,absent,,young_adult_age_unclear,,只报告不同样本 IL-6 的普通相关，缺一致性、误差或预测性能统计；两次实验不达重复监测定义。,M,D
FS-002940,ADJ_sample,ADJUDICATION_SAMPLE_VERIFY,V,present,young_adult_age_unclear,present,repeated_monitoring,young_adult_age_unclear,none,V,"Inflammatory markers were tracked after exercise on days 1, 3, and 5.",present,repeated_monitoring,young_adult_age_unclear,none,V,五天独立运动，在第 1、3、5 天均有运动后免疫采样，符合重复监测；年龄仅均值。,present,young_adult_age_unclear,V,,,,,,,V,B_C_consensus
FS-002941,MX_sample,HUMAN_SAMPLE_VERIFY,M,absent,young_adult_age_unclear,absent,,young_adult_age_unclear,none,M,,absent,,young_adult_age_unclear,none,M,两个环境条件运动后细胞因子，非重复监测。,absent,young_adult_age_unclear,M,,,,,,,M,B_C_consensus
FS-002947,V_confirm,HUMAN_CONFIRM_ALL,V,present,unclear,absent,outcome_linkage;repeated_monitoring,young_adult_age_unclear,,M,,absent,outcome_linkage;repeated_monitoring,young_adult_age_unclear,,M,三负荷条件实验比较非监测，URTI关联仅背景。,absent,young_adult_age_unclear,M,,,,,,,M,B_C_consensus
FS-002948,V_confirm,HUMAN_CONFIRM_ALL,V,present,young_adult_age_unclear,present,repeated_monitoring,young_adult_age_unclear,,V,Salivary IgA tracked in the same athletes across three matches.,present,repeated_monitoring,young_adult_age_unclear,,V,同批球员三周三场比赛监测sIgA；工作量关联非表现下降。,present,young_adult_age_unclear,V,,,,,,,V,B_C_consensus
FS-002961,MX_sample,HUMAN_SAMPLE_VERIFY,X,absent,clinical_or_infected_cohort,absent,,clinical_or_infected_cohort,E3_no_immune_marker,X,"Measured endothelial progenitor cells, not an immune marker.",absent,,clinical_or_infected_cohort,E3_no_immune_marker,X,健康与 MetS 混合，测量仅内皮祖细胞数，非免疫细胞或具名炎症指标，首缺 E3。,absent,clinical_or_infected_cohort,X,,,,,,,X,B_C_consensus
FS-002968,MX_sample,HUMAN_SAMPLE_VERIFY,M,absent,young_adult_age_unclear,absent,,young_adult_age_unclear,none,M,,absent,,young_adult_age_unclear,none,M,两种 Rg1 条件交叉，少数基因表达非组学，耐力改善无指标关联分析。,absent,young_adult_age_unclear,M,,,,,,,M,B_C_consensus
FS-002971,MX_sample,HUMAN_SAMPLE_VERIFY,M,absent,young_adult_age_unclear,absent,,young_adult_age_unclear,none,M,,absent,,young_adult_age_unclear,none,M,单次跑后 SDF-1α 与祖细胞功能，无 E5。,absent,young_adult_age_unclear,M,,,,,,,M,B_C_consensus
FS-002979,V_confirm,HUMAN_CONFIRM_ALL,V,present,unclear,absent,metric_validation,unclear,,M,,absent,metric_validation,unclear,,M,方法一致性差仅定性，无验证统计量；摘要无人群描述。,absent,unclear,M,,,,,,,M,B_C_consensus
FS-002988,MX_sample,HUMAN_SAMPLE_VERIFY,M,absent,young_adult_age_unclear,absent,,young_adult_age_unclear,none,M,,absent,,young_adult_age_unclear,none,M,温度和坡度实验条件；两个 HSP 基因靶向 qPCR，非组学。,absent,young_adult_age_unclear,M,,,,,,,M,B_C_consensus
FS-002994,ADJ_b235,ADJUDICATION_SAMPLE_VERIFY,X,unclear,unclear,unclear,,unclear,none,U,Title does not establish a bout-linked biosample or measured marker.,unclear,,unclear,none,U,无摘要；题名为模型改进，不能确定四类 E5 或研究人群。,unclear,unclear,U,,,,,,,U,B_C_consensus
FS-003000,MX_sample,HUMAN_SAMPLE_VERIFY,M,absent,young_adult_age_unclear,absent,,young_adult_age_unclear,none,M,,absent,,young_adult_age_unclear,none,M,健康人运动后来源单核细胞的离体培养，未实测临床感染；无年龄数值。,absent,young_adult_age_unclear,M,,,,,,,M,B_C_consensus
FS-003019,V_confirm,HUMAN_CONFIRM_ALL,V,present,young_adult_age_unclear,absent,metric_validation,young_adult_age_unclear,,M,,absent,metric_validation,young_adult_age_unclear,,M,肾损伤非规定E5感染/过度训练/表现下降结局；新方法没有验证统计量。,absent,young_adult_age_unclear,M,,,,,,,M,B_C_consensus
FS-003022,V_confirm,HUMAN_CONFIRM_ALL,V,present,unclear,present,repeated_monitoring,young_adult_age_unclear,,V,Cytokines tracked before and after five race stages.,present,repeated_monitoring,young_adult_age_unclear,,V,五赛段前后跟踪同人内毒素/细胞因子；胃肠症状未与指标分析。,present,young_adult_age_unclear,V,,,,,,,V,B_C_consensus
FS-003024,MX_sample,HUMAN_SAMPLE_VERIFY,X,absent,clinical_or_infected_cohort,absent,,clinical_or_infected_cohort,none,M,,absent,,clinical_or_infected_cohort,E4_population,X,明确 PAOD 患者，运动恢复期白细胞；疼痛伴随变化非所列实际临床结局分析。,absent,clinical_or_infected_cohort,DISAGREE,,absent,,clinical_or_infected_cohort,none,单次运动的缺血/白细胞流变学变化不属四类 E5；恢复期有样本，PAOD 标签不作 X。,M,D
FS-003025,MX_sample,HUMAN_SAMPLE_VERIFY,M,absent,young_adult_age_unclear,absent,,clinical_or_infected_cohort,none,M,Inflammatory mediator sampling time relative to the bout is unstated.,absent,,young_adult_age_unclear,none,M,肥胖本身未定为临床病；训练前后急性试验及炎症分别比较，不属 E5。,absent,DISAGREE,M,,absent,,clinical_or_infected_cohort,none,明确 BMI 30–40 的肥胖女性队列，优先临床标签；炎症采样时点不清而非明确缺失，训练比较无 E5。,M,D
FS-003030,V_confirm,HUMAN_CONFIRM_ALL,V,present,unclear,present,repeated_monitoring,young_adult_age_unclear,,V,Immunoglobulin A and neopterin tracked across five games.,present,repeated_monitoring,young_adult_age_unclear,,V,同批球员五场比赛跟踪IgA/新蝶呤；不同恢复措施之外仍有自然比赛序列。,present,young_adult_age_unclear,V,,,,,,,V,B_C_consensus
FS-003042,MX_sample,HUMAN_SAMPLE_VERIFY,M,absent,young_adult_age_unclear,absent,,young_adult_age_unclear,none,M,,absent,,young_adult_age_unclear,none,M,两种水合条件交叉，抗菌蛋白应答无 E5。,absent,young_adult_age_unclear,M,,,,,,,M,B_C_consensus
FS-003045,MX_sample,HUMAN_SAMPLE_VERIFY,M,absent,unclear,absent,,unclear,none,M,,unclear,,unclear,none,U,摘要为机制概述，无法确定组学发现或重复监测设计；人类部分的年龄和采样细节未说明。,DISAGREE,unclear,DISAGREE,,unclear,,unclear,none,人鼠机制概述未交代人类组学或多次监测方法，E5 不足以判断；不推定仅动物或无运动。,U,D
FS-003069,MX_sample,HUMAN_SAMPLE_VERIFY,M,absent,unclear,absent,,young_adult_age_unclear,none,M,,absent,,young_adult_age_unclear,none,M,单场马拉松后 CRP 与 URTS 分别作处理组比较，未报告免疫指标–症状关联。,absent,young_adult_age_unclear,M,,,,,,,M,B_C_consensus
FS-003073,V_confirm,HUMAN_CONFIRM_ALL,V,present,unclear,present,omics_discovery;repeated_monitoring,young_adult_age_unclear,,V,Profiled 106 circulating inflammatory microRNAs after races.,present,omics_discovery;repeated_monitoring,young_adult_age_unclear,,V,106种炎症miRNA谱发现；不同距离剂量比较非监测。,present,young_adult_age_unclear,V,,,,,,,V,B_C_consensus
FS-003074,MX_sample,HUMAN_SAMPLE_VERIFY,M,absent,young_adult_age_unclear,absent,,young_adult_age_unclear,none,M,,absent,,young_adult_age_unclear,none,M,单次餐后运动或静息比较痰细胞及 eNO，无 E5。,absent,young_adult_age_unclear,M,,,,,,,M,B_C_consensus
FS-003083,ADJ_sample,ADJUDICATION_SAMPLE_VERIFY,M,absent,adults_stated,absent,,adults_stated,none,M,,absent,,includes_under_18,E4_population,X,包含 8–10 岁儿童；一次运动后中性粒细胞响应未报告 E5。,absent,DISAGREE,DISAGREE,,absent,,adults_stated,none,19–21 岁成人组单列且报告分组结果，儿童组不使成人层核心缺失；无 E5 验证要素。,M,D
FS-003098,ADJ_sample,ADJUDICATION_SAMPLE_VERIFY,M,absent,adults_stated,absent,,adults_stated,none,M,,absent,,adults_stated,none,M,年龄 18–30 岁；单次运动 GRK2 与体适能关联非实测表现下降，无其余 E5。,absent,adults_stated,M,,,,,,,M,B_C_consensus
FS-003108,V_confirm,HUMAN_CONFIRM_ALL,V,present,unclear,present,outcome_linkage,young_adult_age_unclear,,V,Leukocyte counts compared between exercise finishers and nonfinishers.,present,outcome_linkage,young_adult_age_unclear,,V,实测体力耗竭/无法完赛，并按完赛状态比较CRP及白细胞，构成表现下降关联。,present,young_adult_age_unclear,V,,,,,,,V,B_C_consensus
FS-003114,ADJ_sample,ADJUDICATION_SAMPLE_VERIFY,X,absent,clinical_or_infected_cohort,absent,,clinical_or_infected_cohort,E2_no_post_sample,X,Exercise training is described without a bout-linked sample.,absent,,clinical_or_infected_cohort,E4_population,X,患者症状改善及细胞因子变化分别报告，未作两者的关联分析；为前庭性偏头痛临床队列。,absent,clinical_or_infected_cohort,X,,absent,,clinical_or_infected_cohort,E2_no_post_sample,明确前庭性偏头痛临床队列；只有训练方案前后采样，无可识别运动后样本，首项核心缺失 E2。,X,D
FS-003116,V_confirm,HUMAN_CONFIRM_ALL,V,present,young_adult_age_unclear,present,repeated_monitoring,young_adult_age_unclear,,V,Cytokines measured after treadmill tests at three points across 12 weeks.,present,repeated_monitoring,young_adult_age_unclear,,V,同人训练前、第6、12周三次Bruce试验跟踪细胞因子；随机补充组不否定训练期监测。,present,young_adult_age_unclear,V,,,,,,,V,B_C_consensus
FS-003125,MX_sample,HUMAN_SAMPLE_VERIFY,M,absent,young_adult_age_unclear,absent,,young_adult_age_unclear,none,M,,absent,,young_adult_age_unclear,none,M,六天用药的每日计数非三次运动或多周训练监测；离体细菌功能非实际感染结局。,absent,young_adult_age_unclear,M,,,,,,,M,B_C_consensus
FS-003156,ADJ_sample,ADJUDICATION_SAMPLE_VERIFY,M,absent,young_adult_age_unclear,absent,,young_adult_age_unclear,none,M,,absent,,young_adult_age_unclear,none,M,两个月经周期条件下单次运动前后 SIgA 比较非重复监测；健康女性未给年龄范围。,absent,young_adult_age_unclear,M,,,,,,,M,B_C_consensus
FS-003160,ADJ_sample,ADJUDICATION_SAMPLE_VERIFY,M,absent,adults_stated,absent,,adults_stated,none,M,,absent,,adults_stated,none,M,年龄范围 18–30 岁；标志物预测作用仅为讨论，未报告验证性能或表现下降关联。,absent,adults_stated,M,,,,,,,M,B_C_consensus
FS-003164,MX_sample,HUMAN_SAMPLE_VERIFY,M,absent,young_adult_age_unclear,absent,,young_adult_age_unclear,none,M,,absent,,unclear,none,M,两种运动方式比较 CD4/CD8；过度训练仅背景，男性志愿者未描述年龄或健康。,absent,DISAGREE,M,,absent,,young_adult_age_unclear,none,男性志愿者无明确年龄，按优先序留待全文；过度训练仅背景，两种运动方式无 E5。,M,D
FS-003169,V_confirm,HUMAN_CONFIRM_ALL,V,present,unclear,absent,metric_validation,young_adult_age_unclear,,M,,present,metric_validation,young_adult_age_unclear,,V,实测赛后13%FLC比率异常，评价临床阈值适用性；成人题名无数字年龄。,DISAGREE,young_adult_age_unclear,DISAGREE,,present,metric_validation,young_adult_age_unclear,,实际评价赛后 FLC 比率异常判定比例及临床解释，构成既有标志物阈值适用性评估；题名成人无数字范围。,V,D
FS-003173,V_confirm,HUMAN_CONFIRM_ALL,V,present,young_adult_age_unclear,present,repeated_monitoring,young_adult_age_unclear,,V,Inflammatory markers tracked after three games in the same players.,present,repeated_monitoring,young_adult_age_unclear,,V,同批球员一周三场比赛逐次跟踪炎症；表现和指标分别报告，无明确标志物关联分析。,present,young_adult_age_unclear,V,,,,,,,V,B_C_consensus
FS-003184,ADJ_sample,ADJUDICATION_SAMPLE_VERIFY,M,absent,young_adult_age_unclear,absent,,young_adult_age_unclear,none,M,,absent,,young_adult_age_unclear,none,M,仅两次跑步和三个靶向细胞因子；糖原关联及力竭时长不是实际表现下降结局。,absent,young_adult_age_unclear,M,,,,,,,M,B_C_consensus
FS-003190,V_confirm,HUMAN_CONFIRM_ALL,V,present,young_adult_age_unclear,absent,outcome_linkage,young_adult_age_unclear,,M,,absent,outcome_linkage,young_adult_age_unclear,,M,训练方法前后比较；过度训练只根据生理应激措辞，未测指定过度训练/表现下降结局关联。,absent,young_adult_age_unclear,M,,,,,,,M,B_C_consensus
FS-003195,MX_sample,HUMAN_SAMPLE_VERIFY,M,absent,young_adult_age_unclear,absent,,young_adult_age_unclear,none,M,,absent,,young_adult_age_unclear,none,M,人体单次运动后少数预选肌因子 mRNA，加离体肌管实验，非组学发现。,absent,young_adult_age_unclear,M,,,,,,,M,B_C_consensus
FS-003196,MX_sample,HUMAN_SAMPLE_VERIFY,M,absent,young_adult_age_unclear,absent,,young_adult_age_unclear,none,M,,absent,,young_adult_age_unclear,none,M,健康年轻与老年单次运动 NK 功能，未提供年龄范围或 E5。,absent,young_adult_age_unclear,M,,,,,,,M,B_C_consensus
FS-003200,ADJ_sample,ADJUDICATION_SAMPLE_VERIFY,X,absent,young_adult_age_unclear,absent,,young_adult_age_unclear,E1_no_exercise,X,"Cytokines were measured after electrical stimulation, with no exercise bout.",absent,,young_adult_age_unclear,none,M,一次神经肌肉电刺激后的靶向细胞因子时程无 E5；运动资格存在边界但摘要未足以认定明确缺失。,absent,young_adult_age_unclear,DISAGREE,,absent,,young_adult_age_unclear,E1_no_exercise,摘要仅实施 NMES 治疗并明确与主动运动区分，未实施运动 bout；E1_no_exercise，无 E5。,X,D
FS-003206,V_confirm,HUMAN_CONFIRM_ALL,V,present,unclear,present,metric_validation;outcome_linkage,unclear,,V,Weekly SIgA tracking linked thresholds and predictive values to subsequent respiratory symptoms.,present,metric_validation;outcome_linkage,unclear,,V,三周每周泪液IgA与PCR确诊URI关联，5.5阈值、30%变化及阴性预测值>80%报告；无人群年龄。,present,unclear,V,,,,,,,V,B_C_consensus
FS-003209,V_confirm,HUMAN_CONFIRM_ALL,V,present,unclear,present,omics_discovery,young_adult_age_unclear,,V,Crossover cycling sessions profiled inflammatory muscle transcriptomes during recovery.,present,omics_discovery,young_adult_age_unclear,,V,明确炎症-肌再生转录组目的的微阵列发现；三补充条件交叉非监测。,present,young_adult_age_unclear,V,,,,,,,V,B_C_consensus
FS-003210,V_confirm,HUMAN_CONFIRM_ALL,V,present,unclear,present,outcome_linkage;repeated_monitoring,young_adult_age_unclear,,V,Blood counts tracked across stages; granulocytes differed by stage completion.,present,outcome_linkage;repeated_monitoring,young_adult_age_unclear,,V,五日多赛段白细胞跟踪，与不能按时完赛的实际表现结局比较。,present,young_adult_age_unclear,V,,,,,,,V,B_C_consensus
FS-003211,MX_sample,HUMAN_SAMPLE_VERIFY,M,absent,young_adult_age_unclear,absent,,young_adult_age_unclear,none,M,,absent,,young_adult_age_unclear,none,M,两种饮料训练条件比较，未明确跨至少三次运动的个体监测，也未分析 SIgA 与表现下降的关联。,absent,young_adult_age_unclear,M,,,,,,,M,B_C_consensus
FS-003212,MX_sample,HUMAN_SAMPLE_VERIFY,M,absent,young_adult_age_unclear,absent,,young_adult_age_unclear,none,M,,absent,,young_adult_age_unclear,none,M,两种骑车条件的急性激素和 IL-6 时程不构成 E5；健康男性未给年龄范围。,absent,young_adult_age_unclear,M,,,,,,,M,B_C_consensus
FS-003224,V_confirm,HUMAN_CONFIRM_ALL,V,present,young_adult_age_unclear,present,repeated_monitoring,young_adult_age_unclear,,V,C-reactive protein assessed before and after each of three stages.,present,repeated_monitoring,young_adult_age_unclear,,V,三日三阶段赛前后同人跟踪CRP等；年龄仅均值±SD。,present,young_adult_age_unclear,V,,,,,,,V,B_C_consensus
FS-003225,V_confirm,HUMAN_CONFIRM_ALL,V,present,unclear,absent,omics_discovery;repeated_monitoring,young_adult_age_unclear,,M,,absent,omics_discovery;repeated_monitoring,young_adult_age_unclear,,M,代谢组仅燃料/水果酚类和氧化利用，未明确免疫候选谱；三饮食条件非监测。,absent,young_adult_age_unclear,M,,,,,,,M,B_C_consensus
FS-003230,MX_sample,HUMAN_SAMPLE_VERIFY,M,absent,adults_stated,absent,,adults_stated,none,M,,absent,,adults_stated,none,M,明确23–39及50–64岁；潜伏 CMV 状态非活动性感染或研究新发结局。,absent,adults_stated,M,,,,,,,M,B_C_consensus
FS-003235,MX_sample,HUMAN_SAMPLE_VERIFY,X,absent,clinical_or_infected_cohort,absent,,clinical_or_infected_cohort,none,M,,absent,,clinical_or_infected_cohort,E4_population,X,明确多发性硬化患者队列，单次运动后 DC 功能，无 E5。,absent,clinical_or_infected_cohort,DISAGREE,,absent,,clinical_or_infected_cohort,none,单次运动后树突细胞及功能变化，无四类 E5；多发性硬化标签不自动判核心缺失。,M,D
FS-003239,ADJ_sample,ADJUDICATION_SAMPLE_VERIFY,X,absent,young_adult_age_unclear,absent,,young_adult_age_unclear,none,M,,absent,,young_adult_age_unclear,E2_no_post_sample,X,心脏检查和横断实验室资料未描述运动后采血；IL-6 高低组未给建立或评估的阈值，AF 仅为风险推测。,absent,young_adult_age_unclear,DISAGREE,,absent,,young_adult_age_unclear,none,IL-6 高低未给验证阈值，房颤为风险推测；采血与运动时序未明，不把未报告当明确 E2 缺失。,M,D
FS-003242,V_confirm,HUMAN_CONFIRM_ALL,V,present,unclear,absent,outcome_linkage;repeated_monitoring,young_adult_age_unclear,,M,,absent,outcome_linkage;repeated_monitoring,young_adult_age_unclear,,M,两个运动顺序实验；TNF对力量下降的作用仅结论推测，未报告标志物与表现关联分析。,absent,young_adult_age_unclear,M,,,,,,,M,B_C_consensus
FS-003254,V_confirm,HUMAN_CONFIRM_ALL,V,present,unclear,present,outcome_linkage;repeated_monitoring,young_adult_age_unclear,,V,IL-6 tracked across ascents and related to mountain sickness scores.,present,outcome_linkage;repeated_monitoring,young_adult_age_unclear,,V,三次登高及海平面运动跟踪；实际AMS症状评分与IL-6关联分析。,present,young_adult_age_unclear,V,,,,,,,V,B_C_consensus
FS-003267,MX_sample,HUMAN_SAMPLE_VERIFY,M,absent,young_adult_age_unclear,absent,,unclear,none,M,,absent,,unclear,none,M,三种手臂和腿部运动条件比较非监测；仅称男性个体。,absent,unclear,M,,,,,,,M,B_C_consensus
FS-003274,V_confirm,HUMAN_CONFIRM_ALL,V,present,adults_stated,unclear,omics_discovery,adults_stated,,U,"Gene signatures reported, but immune-relevant discovery profiling is unclear.",present,omics_discovery,adults_stated,,V,19–31岁，炎症目的痰液基因签名发现；两个颗粒暴露条件比较非监测。,DISAGREE,adults_stated,DISAGREE,,unclear,,adults_stated,,19–31 岁明确成人，痰液基因签名的检测范围及发现方法未说明，无法确认是否构成转录组发现，E5 待全文。,U,D
FS-003288,MX_sample,HUMAN_SAMPLE_VERIFY,M,absent,young_adult_age_unclear,absent,,young_adult_age_unclear,none,M,,absent,,young_adult_age_unclear,none,M,六个预选细胞因子的培养分析不是组学发现；供者实际运动并有运动后细胞采集，年龄仅均值。,absent,young_adult_age_unclear,M,,,,,,,M,B_C_consensus
FS-003289,V_confirm,HUMAN_CONFIRM_ALL,V,present,unclear,absent,metric_validation,young_adult_age_unclear,,M,,absent,metric_validation,young_adult_age_unclear,,M,参考上限仅用于非免疫心肌标志物NT-proBNP，不是免疫标志物验证。,absent,young_adult_age_unclear,M,,,,,,,M,B_C_consensus
FS-003290,V_confirm,HUMAN_CONFIRM_ALL,V,present,adults_stated,present,metric_validation,adults_stated,,V,Reports salivary free light chain reference ranges.,present,metric_validation,adults_stated,,V,18–36及60–80岁，唾液FLC 5–95百分位参考区间明确建立。,present,adults_stated,V,,,,,,,V,B_C_consensus
FS-003303,V_confirm,HUMAN_CONFIRM_ALL,V,present,unclear,absent,repeated_monitoring,young_adult_age_unclear,,M,Fasting morning samples are not linked to a specific training session.,present,repeated_monitoring,young_adult_age_unclear,,V,训练营一周重复晨间监测免疫/恢复标志物；运动后关系不明不自动取消E5。,DISAGREE,young_adult_age_unclear,DISAGREE,,present,repeated_monitoring,young_adult_age_unclear,,六天训练营内连续晨间采样监测同人恢复与免疫状态，符合训练块个体追踪；未报告免疫指标与表现下降直接关联。,V,D
FS-003310,MX_sample,HUMAN_SAMPLE_VERIFY,M,absent,young_adult_age_unclear,absent,,young_adult_age_unclear,none,M,,absent,,young_adult_age_unclear,none,M,两种间隔实验，重复次数和 IL-10 分别比较，未直接关联。,absent,young_adult_age_unclear,M,,,,,,,M,B_C_consensus
FS-003334,V_confirm,HUMAN_CONFIRM_ALL,V,present,unclear,present,repeated_monitoring,young_adult_age_unclear,,V,Urinary neopterin tracked three times weekly across a six-week camp.,present,repeated_monitoring,young_adult_age_unclear,,V,同批格斗运动员六周每周三次尿新蝶呤跟踪；运动后时点不明不影响监测要素。,present,young_adult_age_unclear,V,,,,,,,V,B_C_consensus
FS-003340,MX_sample,HUMAN_SAMPLE_VERIFY,M,absent,unclear,absent,,young_adult_age_unclear,none,M,,absent,,young_adult_age_unclear,none,M,预选氨基酸及新蝶呤分析并非组学发现；与峰值摄氧量关联未测表现下降。,absent,young_adult_age_unclear,M,,,,,,,M,B_C_consensus
FS-003344,MX_sample,HUMAN_SAMPLE_VERIFY,M,absent,young_adult_age_unclear,absent,,young_adult_age_unclear,none,M,,absent,,young_adult_age_unclear,none,M,补充剂前后运动及离体温度条件，预选细胞因子生产率非组学或监测。,absent,young_adult_age_unclear,M,,,,,,,M,B_C_consensus
FS-003348,MX_sample,HUMAN_SAMPLE_VERIFY,M,absent,adults_stated,absent,,adults_stated,none,M,,absent,,adults_stated,none,M,明确19–22岁；两种强度实验比较非重复监测。,absent,adults_stated,M,,,,,,,M,B_C_consensus
FS-003353,MX_sample,HUMAN_SAMPLE_VERIFY,M,absent,young_adult_age_unclear,absent,,young_adult_age_unclear,none,M,,absent,,young_adult_age_unclear,none,M,两组单次运动的炎症变化无验证或结局关联；大学生未报告年龄范围。,absent,young_adult_age_unclear,M,,,,,,,M,B_C_consensus
FS-003358,MX_sample,HUMAN_SAMPLE_VERIFY,M,absent,unclear,absent,,unclear,none,M,,absent,,unclear,none,M,两个运动条件下靶向 T 细胞亚群和凋亡比较无四类 E5；年龄及健康状态未描述。,absent,unclear,M,,,,,,,M,B_C_consensus
FS-003364,MX_sample,HUMAN_SAMPLE_VERIFY,M,absent,young_adult_age_unclear,absent,,adults_stated,none,M,,absent,,young_adult_age_unclear,none,M,五日计划仅首日急性及末日后采样，非逐次运动或多周监测。,absent,DISAGREE,M,,absent,,young_adult_age_unclear,none,健康年轻男性无数字年龄，留到全文；五日方案仅首末采样，两通气条件比较无 E5。,M,D
FS-003371,V_confirm,HUMAN_CONFIRM_ALL,V,present,unclear,present,omics_discovery,young_adult_age_unclear,,V,"Multiplex profiling examined 78 plasma variables, including immune proteins.",present,omics_discovery,unclear,,V,78变量广泛血浆免疫蛋白谱发现；训练状态可见但年龄/健康描述未述。,present,DISAGREE,V,,present,omics_discovery,young_adult_age_unclear,,训练分组受试者无明确年龄，留到全文；明确免疫稳态目的做 78 项广泛血浆蛋白谱发现，符合 E5。,V,D
FS-003373,MX_sample,HUMAN_SAMPLE_VERIFY,M,absent,unclear,absent,,young_adult_age_unclear,none,M,,unclear,,young_adult_age_unclear,none,U,马拉松与军训的细胞因子变化；军训时长及同人监测次数未交代，感染仅讨论。,DISAGREE,young_adult_age_unclear,DISAGREE,,unclear,,young_adult_age_unclear,none,军训时长及同人追踪次数未明，不能判重复监测；感染仅背景/讨论，E5 unclear。,U,D
FS-003378,MX_sample,HUMAN_SAMPLE_VERIFY,M,absent,young_adult_age_unclear,absent,,young_adult_age_unclear,none,M,,absent,,young_adult_age_unclear,none,M,向心与离心两条件，糖代谢非所列临床结局或表现下降。,absent,young_adult_age_unclear,M,,,,,,,M,B_C_consensus
FS-003412,MX_sample,HUMAN_SAMPLE_VERIFY,M,absent,adults_stated,absent,,adults_stated,none,M,,absent,,adults_stated,none,M,明确24–45岁，单次10公里后 T 细胞变化，无 E5。,absent,adults_stated,M,,,,,,,M,B_C_consensus
FS-003415,MX_sample,HUMAN_SAMPLE_VERIFY,M,absent,young_adult_age_unclear,absent,,young_adult_age_unclear,none,M,,absent,,young_adult_age_unclear,none,M,三种投球间隔条件比较，表现下降及 IL-6 分别分析，未报告二者关联。,absent,young_adult_age_unclear,M,,,,,,,M,B_C_consensus
FS-003426,V_confirm,HUMAN_CONFIRM_ALL,V,present,young_adult_age_unclear,absent,repeated_monitoring,young_adult_age_unclear,,M,,present,repeated_monitoring,young_adult_age_unclear,,V,三次相同举重后逐次采样跟踪单核细胞比例；肌力下降未与免疫指标关联。,DISAGREE,young_adult_age_unclear,DISAGREE,,present,repeated_monitoring,young_adult_age_unclear,,三次相同力量训练后逐次采血追踪单核细胞比例，符合重复监测；肌力下降未与免疫指标分析关系。,V,D
FS-003434,V_confirm,HUMAN_CONFIRM_ALL,V,present,unclear,present,repeated_monitoring,young_adult_age_unclear,,V,Immune markers were monitored weekly; sampling relative to bouts was unspecified.,present,repeated_monitoring,young_adult_age_unclear,,V,三周每周明确监测系统/黏膜免疫；运动后关系不明仍按E5如实判断。,present,young_adult_age_unclear,V,,,,,,,V,B_C_consensus
FS-003445,V_confirm,HUMAN_CONFIRM_ALL,V,present,unclear,present,repeated_monitoring,young_adult_age_unclear,,V,The same immune markers were sampled around three heat stress tests.,present,repeated_monitoring,young_adult_age_unclear,,V,同人18天三次相同热应激测试前后跟踪IL-6/IgM/LPS。,present,young_adult_age_unclear,V,,,,,,,V,B_C_consensus
FS-003446,MX_sample,HUMAN_SAMPLE_VERIFY,X,absent,clinical_or_infected_cohort,absent,,clinical_or_infected_cohort,none,M,,absent,,clinical_or_infected_cohort,E4_population,X,明确周围血管病患者队列；普通均值差异与候选讨论非验证。,absent,clinical_or_infected_cohort,DISAGREE,,absent,,clinical_or_infected_cohort,none,均值差异及候选标志物讨论无正式验证统计；有运动恢复样本，临床标签不作 X。,M,D
FS-003451,MX_sample,HUMAN_SAMPLE_VERIFY,M,absent,young_adult_age_unclear,absent,,young_adult_age_unclear,none,M,,absent,,young_adult_age_unclear,none,M,一次跑后唾液细胞及溶菌酶，普通均值及组标准差非验证。,absent,young_adult_age_unclear,M,,,,,,,M,B_C_consensus
FS-003457,ADJ_sample,ADJUDICATION_SAMPLE_VERIFY,X,absent,young_adult_age_unclear,absent,,young_adult_age_unclear,none,M,Inflammatory and immune measures are reported but not named.,absent,,young_adult_age_unclear,none,M,两次骑行条件和分别比较的免疫及表现结果不构成 E5；未分析表现下降关联。,absent,young_adult_age_unclear,M,,,,,,,M,B_C_consensus
FS-003464,V_confirm,HUMAN_CONFIRM_ALL,V,present,young_adult_age_unclear,absent,outcome_linkage;repeated_monitoring,young_adult_age_unclear,,M,,absent,outcome_linkage;repeated_monitoring,young_adult_age_unclear,,M,仅训练前后两次力竭试验；性能影响只在结论推测，未实测指标关联。,absent,young_adult_age_unclear,M,,,,,,,M,B_C_consensus
FS-003468,V_confirm,HUMAN_CONFIRM_ALL,V,present,unclear,present,metric_validation,unclear,,V,Coefficients of variation reported for inflammatory markers.,present,metric_validation,unclear,,V,明确报告IL-6、LPS、IgM等测试重测CV及置信限；人群无年龄描述。,present,unclear,V,,,,,,,V,B_C_consensus
FS-003475,V_confirm,HUMAN_CONFIRM_ALL,V,present,young_adult_age_unclear,present,omics_discovery,young_adult_age_unclear,,V,Genome-wide blood gene expression profiled immune responses.,present,omics_discovery,young_adult_age_unclear,,V,健康自由潜水运动员白细胞全基因组谱及免疫细胞去卷积。,present,young_adult_age_unclear,V,,,,,,,V,B_C_consensus
FS-003491,MX_sample,HUMAN_SAMPLE_VERIFY,X,absent,includes_under_18,absent,,young_adult_age_unclear,none,M,,absent,,includes_under_18,E4_population,X,IL-6 与身体接触次数相关，未与实际表现下降作关联分析；为青年手球队。,absent,DISAGREE,DISAGREE,,absent,,includes_under_18,E4_population,明确仅 junior 手球队，按摘要阶段年龄定义取 E4_population；IL-6 仅与接触次数关联。,X,D
FS-003508,MX_sample,HUMAN_SAMPLE_VERIFY,M,absent,young_adult_age_unclear,absent,,young_adult_age_unclear,none,M,,absent,,young_adult_age_unclear,none,M,三种药物条件实验，体温非所列实测疾病或表现下降结局；采样时点不清不判缺失。,absent,young_adult_age_unclear,M,,,,,,,M,B_C_consensus
FS-003509,ADJ_sample,ADJUDICATION_SAMPLE_VERIFY,X,absent,clinical_or_infected_cohort,absent,,young_adult_age_unclear,none,M,,absent,,clinical_or_infected_cohort,none,M,一次跑步与被动治疗及五周治疗前后机制比较无四类 E5；另纳入外周动脉病患者，但健康志愿者有实际运动样本。,absent,DISAGREE,M,,absent,,clinical_or_infected_cohort,none,另有外周动脉病治疗队列，按优先序临床标签；健康志愿者有急性运动样本，单基因及治疗前后变化无 E5。,M,D
FS-003517,V_confirm,HUMAN_CONFIRM_ALL,V,present,young_adult_age_unclear,absent,metric_validation;omics_discovery;repeated_monitoring,young_adult_age_unclear,,M,,absent,metric_validation;omics_discovery;repeated_monitoring,young_adult_age_unclear,,M,重测变化未报告可靠性或变异统计量；尿代谢谱用于确认负荷一致，未发现免疫候选谱；两次非监测。,absent,young_adult_age_unclear,M,,,,,,,M,B_C_consensus
FS-003521,MX_sample,HUMAN_SAMPLE_VERIFY,M,absent,young_adult_age_unclear,absent,,adults_stated,none,M,,absent,,young_adult_age_unclear,none,M,三种恢复间隔条件实验比较不属监测；年龄仅均值和标准差。,absent,DISAGREE,M,,absent,,young_adult_age_unclear,none,年龄仅 23.5±3.1 岁，留到全文；三种恢复间隔条件随机比较无 E5。,M,D
FS-003525,V_confirm,HUMAN_CONFIRM_ALL,V,present,young_adult_age_unclear,present,omics_discovery,young_adult_age_unclear,,V,Leukocyte gene expression profiled immune pathways after a half-marathon.,present,omics_discovery,young_adult_age_unclear,,V,全血白细胞mRNA/免疫信号通路表达谱，半马后发现。,present,young_adult_age_unclear,V,,,,,,,V,B_C_consensus
FS-003532,V_confirm,HUMAN_CONFIRM_ALL,V,present,young_adult_age_unclear,present,metric_validation;repeated_monitoring,young_adult_age_unclear,,V,"IgA reliability quantified with ICC, coefficient of variation, and typical error.",present,metric_validation;repeated_monitoring,young_adult_age_unclear,,V,sIgA报告ICC 0.96–0.99、CV及典型误差；仅两次重测不算监测。,present,young_adult_age_unclear,V,,,,,,,V,B_C_consensus
FS-003535,ADJ_sample,ADJUDICATION_SAMPLE_VERIFY,M,absent,young_adult_age_unclear,absent,,young_adult_age_unclear,none,M,,absent,,young_adult_age_unclear,none,M,两个运动量条件的靶向 IL-6/IL-10 比较不构成 E5；年龄仅均值及标准差。,absent,young_adult_age_unclear,M,,,,,,,M,B_C_consensus
FS-003536,V_confirm,HUMAN_CONFIRM_ALL,V,present,young_adult_age_unclear,absent,metric_validation,young_adult_age_unclear,,M,,absent,metric_validation,young_adult_age_unclear,,M,检测率优于血清及相关弱/中仅定性，未报告检测率数值或验证性能统计量。,absent,young_adult_age_unclear,M,,,,,,,M,B_C_consensus
FS-003540,V_confirm,HUMAN_CONFIRM_ALL,V,present,young_adult_age_unclear,absent,outcome_linkage;repeated_monitoring,young_adult_age_unclear,,M,,absent,outcome_linkage;repeated_monitoring,young_adult_age_unclear,,M,URTI按补充组比较，未与新蝶呤等作关联；两次训练前后试验非个体监测。,absent,young_adult_age_unclear,M,,,,,,,M,B_C_consensus
FS-003542,MX_sample,HUMAN_SAMPLE_VERIFY,M,absent,young_adult_age_unclear,absent,,young_adult_age_unclear,none,M,,absent,,young_adult_age_unclear,none,M,七日补充期仅一次比赛后免疫采样；组间体能与炎症比较无直接关联分析。,absent,young_adult_age_unclear,M,,,,,,,M,B_C_consensus
FS-003543,ADJ_sample,ADJUDICATION_SAMPLE_VERIFY,M,absent,unclear,absent,,unclear,none,M,,absent,,young_adult_age_unclear,none,M,两种训练方案前后两次急性测试及预选肌因子无 E5；志愿女性年龄范围未给。,absent,DISAGREE,M,,absent,,young_adult_age_unclear,none,超重女性志愿者无明确疾病及年龄范围，留年龄到全文；两次训练前后急性测试无 E5。,M,D
FS-003546,MX_sample,HUMAN_SAMPLE_VERIFY,M,absent,young_adult_age_unclear,absent,,young_adult_age_unclear,none,M,,absent,,young_adult_age_unclear,none,M,单次下坡跑五个时间点，不是五次运动；跳跃下降及炎症共测未关联。,absent,young_adult_age_unclear,M,,,,,,,M,B_C_consensus
FS-003556,V_confirm,HUMAN_CONFIRM_ALL,V,present,young_adult_age_unclear,present,omics_discovery,young_adult_age_unclear,,V,Metabolomics profiled candidates in relation to exercise-induced IL-6.,present,omics_discovery,young_adult_age_unclear,,V,代谢谱明确分析IL-6免疫介质与脂质候选关系；关系回归非标志物诊断效度验证。,present,young_adult_age_unclear,V,,,,,,,V,B_C_consensus
FS-003560,MX_sample,HUMAN_SAMPLE_VERIFY,M,absent,young_adult_age_unclear,absent,,young_adult_age_unclear,none,M,,absent,,young_adult_age_unclear,none,M,单次运动及离体 β 受体机制；EC50 是药物效价，非免疫指标验证阈值。,absent,young_adult_age_unclear,M,,,,,,,M,B_C_consensus
FS-003567,MX_sample,HUMAN_SAMPLE_VERIFY,M,absent,young_adult_age_unclear,absent,,young_adult_age_unclear,none,M,,absent,,young_adult_age_unclear,none,M,一场铁人赛后白细胞与 HRV 相关，预测体能仅讨论，无实际表现下降。,absent,young_adult_age_unclear,M,,,,,,,M,B_C_consensus
FS-003568,ADJ_sample,ADJUDICATION_SAMPLE_VERIFY,M,absent,young_adult_age_unclear,absent,,young_adult_age_unclear,none,M,,absent,,young_adult_age_unclear,none,M,训练首末两次急性测试与少量预选基因分析不符合 E5；年龄仅均值。,absent,young_adult_age_unclear,M,,,,,,,M,B_C_consensus
FS-003581,V_confirm,HUMAN_CONFIRM_ALL,V,present,unclear,present,omics_discovery,young_adult_age_unclear,,V,Neutrophil transcriptomes were profiled to identify exercise-responsive gene networks.,present,omics_discovery,young_adult_age_unclear,,V,运动后中性粒细胞转录组与肌肉共表达网络发现；单次运动多时间点。,present,young_adult_age_unclear,V,,,,,,,V,B_C_consensus
FS-003587,MX_sample,HUMAN_SAMPLE_VERIFY,M,absent,unclear,absent,,young_adult_age_unclear,none,M,,absent,,young_adult_age_unclear,none,M,高脂餐后的单次运动与静息比较，痰细胞及呼出 NO，无 E5。,absent,young_adult_age_unclear,M,,,,,,,M,B_C_consensus
FS-003588,MX_sample,HUMAN_SAMPLE_VERIFY,X,absent,clinical_or_infected_cohort,absent,,clinical_or_infected_cohort,none,M,,absent,,clinical_or_infected_cohort,E4_population,X,明确 T2D 临床队列，单次 HIIT 后 TLR2 与 TNF，无 E5。,absent,clinical_or_infected_cohort,DISAGREE,,absent,,clinical_or_infected_cohort,none,单次 HIIT 后 TLR2/TNF 变化无四类 E5；T2D 仅作临床标签，不自动判核心缺失。,M,D
FS-003593,MX_sample,HUMAN_SAMPLE_VERIFY,M,absent,young_adult_age_unclear,absent,,young_adult_age_unclear,E3_no_immune_marker,X,Named microvesicles assess vascular function; no named immune marker.,absent,,young_adult_age_unclear,none,M,两种收缩方式比较少数微囊泡计数，未组学谱分析或实际疾病结局关联。,absent,young_adult_age_unclear,DISAGREE,,absent,,young_adult_age_unclear,none,两种收缩条件的少数 EV 表型计数非组学发现；炎症蛋白未具名，不据未详判 E3 明确缺失。,M,D
FS-003615,ADJ_sample,ADJUDICATION_SAMPLE_VERIFY,V,present,young_adult_age_unclear,present,outcome_linkage,young_adult_age_unclear,none,V,Salivary IgA compared between race finishers and dropouts.,present,outcome_linkage,young_adult_age_unclear,none,V,实际比赛完成或退出作为表现结局分组，IgA 变化在完成者与退出者之间作分析；年龄仅均值。,present,young_adult_age_unclear,V,,,,,,,V,B_C_consensus
FS-003618,MX_sample,HUMAN_SAMPLE_VERIFY,X,present,unclear,present,omics_discovery,young_adult_age_unclear,E2_no_post_sample,X,Programme samples lack bout timing; biopsy transcriptomics profiled macrophage markers.,present,omics_discovery,unclear,E2_no_post_sample,X,十二周计划前后血及组织检测，未描述单次运动后样本；RNA 测序分析 AT 巨噬细胞和 TLR 免疫机制。,present,DISAGREE,X,,present,omics_discovery,young_adult_age_unclear,E2_no_post_sample,男性无明确年龄，按优先序留待全文；RNA 测序研究巨噬细胞/TLR，只有方案采样，首项核心缺失 E2。,X,D
FS-003625,V_confirm,HUMAN_CONFIRM_ALL,V,present,unclear,absent,outcome_linkage;repeated_monitoring,young_adult_age_unclear,,M,,absent,outcome_linkage;repeated_monitoring,young_adult_age_unclear,,M,SQJ与CRP等分别按补充组分析，未报告免疫指标与表现下降/恢复的关联分析；仅两次LIST。,absent,young_adult_age_unclear,M,,,,,,,M,B_C_consensus
FS-003642,V_confirm,HUMAN_CONFIRM_ALL,V,present,unclear,present,repeated_monitoring,young_adult_age_unclear,,V,Leukocyte ROS tracked across four season time points; bout timing is unspecified.,present,repeated_monitoring,young_adult_age_unclear,,V,同批球员赛季四阶段跟踪白细胞ROS；CK损伤相关不是指定结局。,present,young_adult_age_unclear,V,,,,,,,V,B_C_consensus
FS-003646,V_confirm,HUMAN_CONFIRM_ALL,V,present,young_adult_age_unclear,absent,metric_validation,young_adult_age_unclear,,M,,absent,metric_validation,young_adult_age_unclear,,M,储存/刺激条件差异无验证统计量；不能仅因方法学目的认定指标验证。,absent,young_adult_age_unclear,M,,,,,,,M,B_C_consensus
FS-003663,MX_sample,HUMAN_SAMPLE_VERIFY,M,absent,unclear,absent,,young_adult_age_unclear,none,M,,absent,,young_adult_age_unclear,none,M,单次赛走，回归解释生理变异非指标预测性能验证；赛时不是实测表现下降。,absent,young_adult_age_unclear,M,,,,,,,M,B_C_consensus
FS-003671,MX_sample,HUMAN_SAMPLE_VERIFY,X,absent,unclear,absent,,clinical_or_infected_cohort,E2_no_post_sample,X,Inflammatory profile assessed only before and after the training programme.,absent,,unclear,none,M,训练前与末次运动72小时后比较，未报告验证或多次追踪；仅称超重肥胖男性无年龄说明。,absent,DISAGREE,DISAGREE,,absent,,clinical_or_infected_cohort,none,只作训练效果前后比较，无 E5；明确训练后 72 小时评估，不把晚采样当 E2 缺失。,M,D
FS-003683,V_confirm,HUMAN_CONFIRM_ALL,V,present,young_adult_age_unclear,absent,outcome_linkage,young_adult_age_unclear,,M,,absent,outcome_linkage,young_adult_age_unclear,,M,结果报告GSN与CK/酸痛相关，未报告与实测肌力缺损关系；酸痛/CK单独非指定结局。,absent,young_adult_age_unclear,M,,,,,,,M,B_C_consensus
FS-003684,ADJ_sample,ADJUDICATION_SAMPLE_VERIFY,M,absent,unclear,absent,,young_adult_age_unclear,none,M,,absent,,unclear,none,M,三个间歇协议为实验比较，不属于重复监测；效应量和置信区间非指标变异验证，人群年龄未给。,absent,DISAGREE,M,,absent,,young_adult_age_unclear,none,男性无明确年龄，按优先序留待全文；三种间歇协议为实验比较，效应量不是变异验证。,M,D
FS-003691,V_confirm,HUMAN_CONFIRM_ALL,V,present,young_adult_age_unclear,present,outcome_linkage,young_adult_age_unclear,,V,Post-exercise IL-6 was correlated with a knee extension torque measure.,present,outcome_linkage,young_adult_age_unclear,,V,肌力下降40%，IL-6与24小时刺激扭矩r=−0.64，实测表现下降关联。,present,young_adult_age_unclear,V,,,,,,,V,B_C_consensus
FS-003692,MX_sample,HUMAN_SAMPLE_VERIFY,M,absent,young_adult_age_unclear,absent,,young_adult_age_unclear,none,M,,absent,,young_adult_age_unclear,none,M,三种补充条件实验，力量与 IL-6 分别比较，无直接关联。,absent,young_adult_age_unclear,M,,,,,,,M,B_C_consensus
FS-003693,MX_sample,HUMAN_SAMPLE_VERIFY,X,present,adults_stated,present,omics_discovery,young_adult_age_unclear,E2_no_post_sample,X,Programme-end blood methylation profiling; no bout-linked sample stated.,present,omics_discovery,young_adult_age_unclear,E2_no_post_sample,X,五个月步行计划前后全基因组甲基化发现炎性基因；未报告单次运动后采样。,present,young_adult_age_unclear,X,,,,,,,X,B_C_consensus
FS-003695,V_confirm,HUMAN_CONFIRM_ALL,V,present,young_adult_age_unclear,present,omics_discovery,young_adult_age_unclear,,V,Circulating microRNA profiles were assessed after acute exercise.,present,omics_discovery,young_adult_age_unclear,,V,循环miRNA谱与炎症IL-10联系；三个平行运动组非个体监测。,present,young_adult_age_unclear,V,,,,,,,V,B_C_consensus
FS-003697,ADJ_sample,ADJUDICATION_SAMPLE_VERIFY,M,absent,young_adult_age_unclear,absent,,young_adult_age_unclear,none,M,,absent,,young_adult_age_unclear,none,M,两个药物条件的淋巴细胞受体时程无 E5；健康志愿者无年龄范围。,absent,young_adult_age_unclear,M,,,,,,,M,B_C_consensus
FS-003698,V_confirm,HUMAN_CONFIRM_ALL,V,present,young_adult_age_unclear,present,repeated_monitoring,young_adult_age_unclear,,V,Cell-free DNA tracked across three bouts in the same men.,present,repeated_monitoring,young_adult_age_unclear,,V,同人三次相同力竭跑步，间隔72小时，跟踪cfDNA累积/耐受反应；非三条件比较。,present,young_adult_age_unclear,V,,,,,,,V,B_C_consensus
FS-003704,ADJ_sample,ADJUDICATION_SAMPLE_VERIFY,X,absent,adults_stated,absent,,adults_stated,none,M,,unclear,,adults_stated,none,U,年龄 60–75 岁明确；炎症标志物及采样与运动的关系未具体报告，E5 信息不足。,DISAGREE,adults_stated,DISAGREE,,absent,,adults_stated,none,7 天补充交叉仅比较生理/生化效果，无四类 E5；运动后采血关系不明，核心缺失不确定。,M,D
FS-003713,V_confirm,HUMAN_CONFIRM_ALL,V,present,unclear,absent,outcome_linkage,young_adult_age_unclear,,M,,absent,outcome_linkage,young_adult_age_unclear,,M,单场马拉松前后采样；感染仅推测，无明确个体训练监测目的。,absent,young_adult_age_unclear,M,,,,,,,M,B_C_consensus
FS-003721,MX_sample,HUMAN_SAMPLE_VERIFY,M,absent,young_adult_age_unclear,absent,,young_adult_age_unclear,none,M,,absent,,young_adult_age_unclear,none,M,三种 HIIT 条件比较非重复监测；年龄仅均值和标准差。,absent,young_adult_age_unclear,M,,,,,,,M,B_C_consensus
FS-003728,V_confirm,HUMAN_CONFIRM_ALL,V,present,young_adult_age_unclear,absent,metric_validation,young_adult_age_unclear,,M,,absent,metric_validation,young_adult_age_unclear,,M,虽称精密度验证，摘要无精密度/一致性等验证统计量。,absent,young_adult_age_unclear,M,,,,,,,M,B_C_consensus
FS-003739,ADJ_sample,ADJUDICATION_SAMPLE_VERIFY,M,absent,unclear,absent,,unclear,none,M,,absent,,unclear,none,M,三个运动条件为实验比较，IL-6 与食欲激素的时间 AUC 关联非验证或所列结局；年龄未说明。,absent,unclear,M,,,,,,,M,B_C_consensus
FS-003744,V_confirm,HUMAN_CONFIRM_ALL,V,present,adults_stated,present,metric_validation,adults_stated,,V,Reference change thresholds were evaluated for blood cell counts.,present,metric_validation,adults_stated,,V,30–52岁；实际血细胞变化与生物变异、DSB及计算RCV阈值评价。,present,adults_stated,V,,,,,,,V,B_C_consensus
FS-003750,MX_sample,HUMAN_SAMPLE_VERIFY,M,absent,unclear,absent,,young_adult_age_unclear,none,M,,absent,,young_adult_age_unclear,none,M,单次跳跃后力量下降与 hsCRP 分别比较，疼痛非所列结局。,absent,young_adult_age_unclear,M,,,,,,,M,B_C_consensus
FS-003753,V_confirm,HUMAN_CONFIRM_ALL,V,present,young_adult_age_unclear,present,outcome_linkage;repeated_monitoring,young_adult_age_unclear,,V,Salivary IgA correlated with performance changes; sampling relative to sessions is unstated.,present,outcome_linkage;repeated_monitoring,young_adult_age_unclear,,V,三周训练四个日程跟踪sIgA昼夜谱；表现提高相关不属于表现下降。,present,young_adult_age_unclear,V,,,,,,,V,B_C_consensus
FS-003754,MX_sample,HUMAN_SAMPLE_VERIFY,X,absent,clinical_or_infected_cohort,absent,,clinical_or_infected_cohort,none,M,,absent,,clinical_or_infected_cohort,E4_population,X,明确 T2DM 与健康对照混合；两个长运动段及次日采样，非重复监测。,absent,clinical_or_infected_cohort,DISAGREE,,absent,,clinical_or_infected_cohort,none,两运动段及休息交叉仅比较代谢/细胞因子，无验证、下降关联或三 bout 监测；临床标签不作 X。,M,D
FS-003758,ADJ_sample,ADJUDICATION_SAMPLE_VERIFY,M,absent,young_adult_age_unclear,absent,,young_adult_age_unclear,none,M,,absent,,young_adult_age_unclear,none,M,虽有三天训练，摘要仅明确首日运动后及第 4 天结果，未证明至少三次运动的同指标个体监测。,absent,young_adult_age_unclear,M,,,,,,,M,B_C_consensus
FS-003773,V_confirm,HUMAN_CONFIRM_ALL,V,present,young_adult_age_unclear,absent,metric_validation,young_adult_age_unclear,,M,,absent,metric_validation,young_adult_age_unclear,,M,NLR>4的预后价值是背景，研究分析自主神经与炎症关系，未评价标志物阈值或诊断预测性能。,absent,young_adult_age_unclear,M,,,,,,,M,B_C_consensus
FS-003776,MX_sample,HUMAN_SAMPLE_VERIFY,M,absent,young_adult_age_unclear,absent,,young_adult_age_unclear,none,M,,absent,,young_adult_age_unclear,none,M,两种可可条件各两段计时赛，属于实验条件比较，非重复监测。,absent,young_adult_age_unclear,M,,,,,,,M,B_C_consensus
FS-003778,V_confirm,HUMAN_CONFIRM_ALL,V,present,young_adult_age_unclear,present,repeated_monitoring,young_adult_age_unclear,,V,Salivary IgA responses tracked across four identified exercise bouts.,present,repeated_monitoring,young_adult_age_unclear,,V,六周多次跟踪静息sIgA，另有四课急性反应；非两三条件交叉。,present,young_adult_age_unclear,V,,,,,,,V,B_C_consensus
FS-003783,V_confirm,HUMAN_CONFIRM_ALL,V,present,young_adult_age_unclear,present,repeated_monitoring,young_adult_age_unclear,,V,Immune markers measured after each of three downhill running bouts.,present,repeated_monitoring,young_adult_age_unclear,,V,同人三天相同下坡跑逐次跟踪免疫指标；未报告指标与肌力下降关系。,present,young_adult_age_unclear,V,,,,,,,V,B_C_consensus
FS-003794,V_confirm,HUMAN_CONFIRM_ALL,V,present,young_adult_age_unclear,absent,omics_discovery,young_adult_age_unclear,,M,General proteomics reports immune pathway enrichment without a stated immune objective.,present,omics_discovery,young_adult_age_unclear,,V,血清shotgun蛋白组谱发现炎症/免疫反应内容。,DISAGREE,young_adult_age_unclear,DISAGREE,,absent,,young_adult_age_unclear,,总体骨脂分化及血清蛋白组研究，免疫通路仅为事后富集结果，缺明确免疫发现目的，不计 E5 组学。,M,D
FS-003797,V_confirm,HUMAN_CONFIRM_ALL,V,present,unclear,absent,repeated_monitoring,unclear,,M,,present,repeated_monitoring,unclear,,V,四周每课前及首末课后跟踪cfDNA；人群无描述。,DISAGREE,unclear,DISAGREE,,present,repeated_monitoring,unclear,,四周每次训练前及首末次课内追踪同人 cfDNA，明确负荷标志物目的；未说明人口年龄。,V,D
FS-003800,V_confirm,HUMAN_CONFIRM_ALL,V,present,unclear,present,metric_validation;omics_discovery,unclear,,V,Plasma small RNA sequencing profiled inflammation-related candidates.,present,metric_validation;omics_discovery,unclear,,V,人类两独立运动队列小RNA-seq发现炎症候选，鼠仅另外机制实验；无数值年龄。,present,unclear,V,,,,,,,V,B_C_consensus
FS-003805,MX_sample,HUMAN_SAMPLE_VERIFY,X,absent,clinical_or_infected_cohort,absent,,clinical_or_infected_cohort,E2_no_post_sample,X,Baseline IL-15 compared across activity groups; no bout-linked sample.,absent,,clinical_or_infected_cohort,E2_no_post_sample,X,习惯活动分组的基线横断面样本，无单次运动后采样；含 T2DM 队列。,absent,clinical_or_infected_cohort,X,,,,,,,X,B_C_consensus
FS-003806,ADJ_sample,ADJUDICATION_SAMPLE_VERIFY,X,absent,young_adult_age_unclear,absent,,young_adult_age_unclear,E2_no_post_sample,X,Blood was sampled at baseline and during exercise only.,absent,,young_adult_age_unclear,E2_no_post_sample,X,血样仅基线、运动峰值及匹配工作负荷时点，没有运动结束后样本；NK 与呼吸压力关联非所列结局。,absent,young_adult_age_unclear,X,,,,,,,X,B_C_consensus
FS-003808,V_confirm,HUMAN_CONFIRM_ALL,V,present,young_adult_age_unclear,present,outcome_linkage,young_adult_age_unclear,,V,Immune markers were analysed against upper respiratory tract infections; sampling time unstated.,present,outcome_linkage,young_adult_age_unclear,,V,报告免疫指标与URTI无关系，实际结局分析的零结果仍符合。,present,young_adult_age_unclear,V,,,,,,,V,B_C_consensus
FS-003815,V_confirm,HUMAN_CONFIRM_ALL,V,present,adults_stated,present,repeated_monitoring,adults_stated,,V,"Immune markers were tracked after exercise tests at 0, 3, and 6 months.",present,repeated_monitoring,adults_stated,,V,18–25岁，同人第0、3、6月三次CET前后跟踪免疫亚群/功能。,present,adults_stated,V,,,,,,,V,B_C_consensus
FS-003827,MX_sample,HUMAN_SAMPLE_VERIFY,M,absent,young_adult_age_unclear,absent,,young_adult_age_unclear,none,M,,absent,,young_adult_age_unclear,none,M,三种压缩条件交叉实验不属重复监测；未报告 CRP 与表现关联。,absent,young_adult_age_unclear,M,,,,,,,M,B_C_consensus
FS-003828,V_confirm,HUMAN_CONFIRM_ALL,V,present,young_adult_age_unclear,absent,omics_discovery,young_adult_age_unclear,,M,"Immune pathways emerged from profiling, but no immune marker was named.",present,omics_discovery,young_adult_age_unclear,,V,全血全基因组免疫/炎症表达谱发现。,DISAGREE,young_adult_age_unclear,DISAGREE,,present,omics_discovery,young_adult_age_unclear,,以既有运动免疫炎症表达影响为出发点做全血全基因组微阵列发现，符合免疫相关转录组发现。,V,D
FS-003838,V_confirm,HUMAN_CONFIRM_ALL,V,present,unclear,present,omics_discovery,young_adult_age_unclear,,V,Microarray profiling identified exercise-responsive interleukin-6 signal transducer expression.,present,omics_discovery,young_adult_age_unclear,,V,运动后血液微阵列发现IL-6信号转导基因等候选；LV肥厚未说明疾病诊断。,present,young_adult_age_unclear,V,,,,,,,V,B_C_consensus
FS-003840,ADJ_sample,ADJUDICATION_SAMPLE_VERIFY,M,absent,young_adult_age_unclear,absent,,young_adult_age_unclear,none,M,,present,repeated_monitoring,young_adult_age_unclear,none,V,连续三天独立 HIIT 并在整个训练恢复期反复采血追踪 hsCRP 等指标，符合重复监测；年龄仅均值及标准差。,DISAGREE,young_adult_age_unclear,DISAGREE,,present,repeated_monitoring,young_adult_age_unclear,none,同一训练块连续三个明确 HIIT bout，并贯穿训练恢复期采血追踪 hsCRP；符合 repeated_monitoring。,V,D
FS-003844,V_confirm,HUMAN_CONFIRM_ALL,V,present,unclear,present,repeated_monitoring,unclear,,V,Monocyte HSP72 tracked across five acclimation sessions.,present,repeated_monitoring,unclear,,V,同人热/低氧习服第1、3、5、6、10天五次单核细胞HSP72跟踪，不因平行习服组而取消监测。,present,unclear,V,,,,,,,V,B_C_consensus
FS-003848,MX_sample,HUMAN_SAMPLE_VERIFY,M,absent,adults_stated,absent,,adults_stated,none,M,,absent,,young_adult_age_unclear,none,M,仅 DNMT3A/3B 蛋白定量，不是甲基组发现；普通 IL-6 关联非验证。,absent,DISAGREE,M,,absent,,young_adult_age_unclear,none,四年龄组均仅均值±SD，不据此确认范围；两个 DNMT 蛋白定量及 IL-6 普通相关无 E5。,M,D
FS-003850,MX_sample,HUMAN_SAMPLE_VERIFY,M,absent,unclear,absent,,young_adult_age_unclear,none,M,,absent,,young_adult_age_unclear,none,M,一次离心运动后的激光功率比较，体能和炎性指标分别分析，未直接关联。,absent,young_adult_age_unclear,M,,,,,,,M,B_C_consensus
FS-003851,V_confirm,HUMAN_CONFIRM_ALL,V,present,young_adult_age_unclear,absent,outcome_linkage,young_adult_age_unclear,,M,,absent,outcome_linkage,young_adult_age_unclear,,M,健康志愿者单次运动；机会感染下降只是结论推测。,absent,young_adult_age_unclear,M,,,,,,,M,B_C_consensus
FS-003879,V_confirm,HUMAN_CONFIRM_ALL,V,present,unclear,present,repeated_monitoring,young_adult_age_unclear,,V,Salivary IgA tracked across training phases; sample timing relative to bouts is unstated.,present,repeated_monitoring,young_adult_age_unclear,,V,同人16周训练及10日比赛持续sIgA监测；残奥身份未说明临床疾病，不推定。,present,young_adult_age_unclear,V,,,,,,,V,B_C_consensus
FS-003901,V_confirm,HUMAN_CONFIRM_ALL,V,present,young_adult_age_unclear,present,metric_validation,young_adult_age_unclear,,V,Diagnostic threshold evaluated for galectin-3.,present,metric_validation,young_adult_age_unclear,,V,GAL-3及抗炎AAT分别相对诊断阈值/参考区间评价赛后结果。,present,young_adult_age_unclear,V,,,,,,,V,B_C_consensus
FS-003909,MX_sample,HUMAN_SAMPLE_VERIFY,X,absent,unclear,absent,,young_adult_age_unclear,E2_no_post_sample,X,"Postexercise sensitisation; immunity measured by later skinfold response, without a postexercise biosample.",present,metric_validation,unclear,none,V,报告抗原回忆反应的最低有效剂量，实际评估免疫反应敏感阈值；31名男性无年龄健康描述。,DISAGREE,DISAGREE,DISAGREE,,present,metric_validation,young_adult_age_unclear,E2_no_post_sample,建立最低抗原剂量阳性反应阈值，E5 metric_validation；仅皮褶反应，无停止后生物样本，E2 缺失。,X,D
FS-003911,ADJ_sample,ADJUDICATION_SAMPLE_VERIFY,M,absent,unclear,absent,,young_adult_age_unclear,none,M,,absent,,young_adult_age_unclear,none,M,两个运动模式的靶向炎症指标比较无 E5；训练者年龄范围未给。,absent,young_adult_age_unclear,M,,,,,,,M,B_C_consensus
FS-003931,ADJ_sample,ADJUDICATION_SAMPLE_VERIFY,X,absent,unclear,absent,,young_adult_age_unclear,none,M,,unclear,,young_adult_age_unclear,none,U,仅概述单次骑行后的炎症及表现变化，未具名免疫指标或说明是否作结局关联，E5 信息不足。,DISAGREE,young_adult_age_unclear,DISAGREE,,absent,,young_adult_age_unclear,none,单次骑行后的表现和炎症变化仅并列报告，未作标志物与下降关联；炎症未具名不等于明确缺失。,M,D
FS-003934,MX_sample,HUMAN_SAMPLE_VERIFY,X,absent,unclear,absent,,young_adult_age_unclear,E3_no_immune_marker,X,Measured cfDNA as an exercise-load marker; immune markers were mentioned but not measured.,absent,,young_adult_age_unclear,none,M,短与长间歇比较及足球测试/比赛，负荷距离相关非表现下降或验证；一周静息序列非明确个体监测。,absent,young_adult_age_unclear,DISAGREE,,absent,,young_adult_age_unclear,E3_no_immune_marker,实测仅负荷相关 cfDNA/乳酸，免疫指标仅讨论；E3_no_immune_marker，负荷距离相关不属 E5。,X,D
FS-003935,ADJ_sample,ADJUDICATION_SAMPLE_VERIFY,M,absent,unclear,absent,,young_adult_age_unclear,none,M,,absent,,young_adult_age_unclear,none,M,三种水温交叉条件非重复监测；炎症及症状分别比较，未报告其关联。,absent,young_adult_age_unclear,M,,,,,,,M,B_C_consensus
FS-003938,V_confirm,HUMAN_CONFIRM_ALL,V,present,young_adult_age_unclear,present,outcome_linkage,young_adult_age_unclear,,V,Innate proteins analysed by respiratory symptom and infection status; no bout-linked sample.,present,outcome_linkage,young_adult_age_unclear,,V,实际RTI/呼吸症状状态与IL-1RA、HSPA1作比较分析；季节两条件非监测。,present,young_adult_age_unclear,V,,,,,,,V,B_C_consensus
FS-003943,V_confirm,HUMAN_CONFIRM_ALL,V,present,young_adult_age_unclear,present,repeated_monitoring,young_adult_age_unclear,,V,"IL-6 was tracked after exercise on days 1, 2, and 11.",present,repeated_monitoring,young_adult_age_unclear,,V,每个习服块第1、2、11天另CRP第6天运动后跟踪；交叉水合条件之外有多次训练纵向测量。,present,young_adult_age_unclear,V,,,,,,,V,B_C_consensus
FS-003949,ADJ_sample,ADJUDICATION_SAMPLE_VERIFY,M,absent,young_adult_age_unclear,absent,,young_adult_age_unclear,none,M,,absent,,young_adult_age_unclear,none,M,四种锌浓度条件是实验比较；暴露浓度阈值非标志物阈值，症状和炎症分别随浓度报告，未作标志物结局关联。,absent,young_adult_age_unclear,M,,,,,,,M,B_C_consensus
FS-003951,V_confirm,HUMAN_CONFIRM_ALL,V,present,unclear,absent,outcome_linkage,young_adult_age_unclear,,M,,absent,outcome_linkage,young_adult_age_unclear,,M,两环境赛事比较，免疫激活与表现分别报告；结局解释为推测且无具名免疫指标关联。,absent,young_adult_age_unclear,M,,,,,,,M,B_C_consensus
FS-003955,MX_sample,HUMAN_SAMPLE_VERIFY,M,absent,young_adult_age_unclear,absent,,young_adult_age_unclear,none,M,,absent,,young_adult_age_unclear,none,M,两种运动、补充剂前后四条件设计，非重复监测。,absent,young_adult_age_unclear,M,,,,,,,M,B_C_consensus
FS-003962,ADJ_sample,ADJUDICATION_SAMPLE_VERIFY,M,absent,unclear,absent,,young_adult_age_unclear,none,M,,absent,,young_adult_age_unclear,none,M,干预前后两次急性测试非重复监测；过度训练阈值和防感染仅为推论。,absent,young_adult_age_unclear,M,,,,,,,M,B_C_consensus
FS-003994,V_confirm,HUMAN_CONFIRM_ALL,V,present,unclear,present,omics_discovery;repeated_monitoring,young_adult_age_unclear,,V,Metabolite profiling examined candidates alongside inflammatory markers.,present,omics_discovery;repeated_monitoring,young_adult_age_unclear,,V,全局代谢谱及人单核细胞炎症COX-2反应发现；四饮食条件仍属交叉实验非监测。,present,young_adult_age_unclear,V,,,,,,,V,B_C_consensus
FS-003995,MX_sample,HUMAN_SAMPLE_VERIFY,X,absent,adults_stated,absent,,adults_stated,E1_no_exercise,X,"Feeding intervention; immune cells measured in resting blood, separate from performance tests.",absent,,adults_stated,E2_no_post_sample,X,明确20及50岁年龄组；采样明确仅静息，饮食前后肌力与免疫分别比较。,absent,adults_stated,X,,absent,,adults_stated,E2_no_post_sample,明确 20 岁及 50 岁成人；虽有最大运动测试，免疫仅静息采样，首项明确缺失 E2，不能先判无运动。,X,D
FS-004004,MX_sample,HUMAN_SAMPLE_VERIFY,M,absent,unclear,absent,,unclear,none,M,,absent,,unclear,none,M,三种碳水摄入条件交叉非监测；只有9名参与者的人口描述。,absent,unclear,M,,,,,,,M,B_C_consensus
FS-004009,MX_sample,HUMAN_SAMPLE_VERIFY,M,absent,adults_stated,absent,,adults_stated,none,M,,absent,,young_adult_age_unclear,none,M,离体肿瘤细胞杀伤及血清机制关联不属于实际感染或表现结局；成人未给年龄范围。,absent,DISAGREE,M,,absent,,young_adult_age_unclear,none,成人描述无数字年龄，留到全文；离体 NK 杀伤及血清机制关联不属实际疾病结局，无 E5。,M,D
FS-004011,V_confirm,HUMAN_CONFIRM_ALL,V,present,unclear,present,omics_discovery;repeated_monitoring,young_adult_age_unclear,,V,Circulating inflammation-related microRNAs were profiled after acute exercise.,present,omics_discovery;repeated_monitoring,young_adult_age_unclear,,V,炎症相关miRNA谱，跟踪同批运动员三个月篮球赛季。,present,young_adult_age_unclear,V,,,,,,,V,B_C_consensus
FS-004025,MX_sample,HUMAN_SAMPLE_VERIFY,X,absent,clinical_or_infected_cohort,absent,,clinical_or_infected_cohort,none,M,,absent,,clinical_or_infected_cohort,E4_population,X,单次运动后细胞因子变化不符合 E5；纳入多发性硬化患者。,absent,clinical_or_infected_cohort,DISAGREE,,absent,,clinical_or_infected_cohort,none,单次有氧运动后细胞因子/脂肪因子变化，无四类 E5；多发性硬化标签不自动作核心缺失。,M,D
FS-004039,V_confirm,HUMAN_CONFIRM_ALL,V,present,unclear,absent,metric_validation,young_adult_age_unclear,,M,,absent,metric_validation,unclear,,M,PTX3预测表达仅关联表述，无预测性能统计；训练状态可见但年龄/健康描述未述。,absent,DISAGREE,M,,absent,,young_adult_age_unclear,,训练分组受试者无明确年龄，留到全文；PTX3 预测表述没有性能统计，删除旧验证子类。,M,D
FS-004049,V_confirm,HUMAN_CONFIRM_ALL,V,present,unclear,present,outcome_linkage,adults_stated,,V,TNF-α was associated with measured exercise tolerance; blood sampling time is unstated.,absent,outcome_linkage,young_adult_age_unclear,,M,TNF与一般运动耐受能力关联，未报告实际表现下降；绝经状态未给数值年龄。,DISAGREE,DISAGREE,DISAGREE,,absent,,young_adult_age_unclear,,TNF 与横断面运动耐受能力关联，未记录能力从基线下降；绝经状态无数字年龄支持，不确认成人范围。,M,D
FS-004064,MX_sample,HUMAN_SAMPLE_VERIFY,M,absent,young_adult_age_unclear,absent,,young_adult_age_unclear,none,M,,absent,,young_adult_age_unclear,none,M,一次运动后按分钟计数，心率恢复相关非所列结局或验证。,absent,young_adult_age_unclear,M,,,,,,,M,B_C_consensus
FS-004070,V_confirm,HUMAN_CONFIRM_ALL,V,present,unclear,absent,outcome_linkage;repeated_monitoring,young_adult_age_unclear,,M,,present,outcome_linkage;repeated_monitoring,young_adult_age_unclear,,V,四周训练/比赛四阶段跟踪sIgA；结果未报告sIgA与实测疾病的关系。,DISAGREE,young_adult_age_unclear,DISAGREE,,present,repeated_monitoring,young_adult_age_unclear,,四周训练、比赛、恢复四阶段追踪同人 sIgA；记录疾病但未分析疾病与免疫指标关系，只计重复监测。,V,D
FS-004078,MX_sample,HUMAN_SAMPLE_VERIFY,M,absent,adults_stated,absent,,adults_stated,none,M,,absent,,adults_stated,none,M,明确18–25及60–75岁；单次骑行 T 细胞表型变化，无 E5。,absent,adults_stated,M,,,,,,,M,B_C_consensus
FS-004083,ADJ_sample,ADJUDICATION_SAMPLE_VERIFY,V,present,unclear,absent,,young_adult_age_unclear,none,M,Weekly IL-6 sampling has no stated timing relative to training bouts.,present,repeated_monitoring,young_adult_age_unclear,none,V,三周训练阶段每周 IL-6 采样追踪疲劳恢复，符合重复监测；未明确年龄范围及单次采样时点。,DISAGREE,young_adult_age_unclear,DISAGREE,,present,repeated_monitoring,young_adult_age_unclear,none,三周训练期每周追踪同一运动员 IL-6，符合多周监测；末次 bout 与采样时序不明不自动判缺失。,V,D
FS-004084,MX_sample,HUMAN_SAMPLE_VERIFY,M,absent,young_adult_age_unclear,absent,,young_adult_age_unclear,none,M,,absent,,young_adult_age_unclear,none,M,两种蛋白摄入条件的组织免疫浸润，非组学或个体长期监测。,absent,young_adult_age_unclear,M,,,,,,,M,B_C_consensus
FS-004093,MX_sample,HUMAN_SAMPLE_VERIFY,M,absent,young_adult_age_unclear,absent,,young_adult_age_unclear,none,M,,absent,,young_adult_age_unclear,none,M,两个运动条件的交叉试验和单次运动后的多个时间点不属于重复监测；仅报告年龄均值及标准差。,absent,young_adult_age_unclear,M,,,,,,,M,B_C_consensus
FS-004098,V_confirm,HUMAN_CONFIRM_ALL,V,present,unclear,present,metric_validation,young_adult_age_unclear,,V,A proposed salivary transferrin threshold was evaluated.,present,metric_validation,young_adult_age_unclear,,V,实测转铁蛋白浓度相对提出的0.5 mg/dL阈值评价；SWC数字另针对非免疫指标。,present,young_adult_age_unclear,V,,,,,,,V,B_C_consensus
FS-004110,V_confirm,HUMAN_CONFIRM_ALL,V,present,young_adult_age_unclear,absent,outcome_linkage,young_adult_age_unclear,,M,,absent,outcome_linkage,young_adult_age_unclear,,M,感染易感性为讨论解释，未实测感染结局。,absent,young_adult_age_unclear,M,,,,,,,M,B_C_consensus
FS-004116,V_confirm,HUMAN_CONFIRM_ALL,V,present,unclear,absent,omics_discovery,young_adult_age_unclear,,M,Biocorona proteomics reports no named immune marker in the human plasma.,present,omics_discovery,unclear,,V,蛋白组发现运动血浆纳米颗粒冠并评价巨噬细胞反应；个体差异无验证统计。,DISAGREE,DISAGREE,DISAGREE,,present,omics_discovery,young_adult_age_unclear,,运动前后人血浆蛋白冠组学发现并实际检验巨噬细胞反应，属于免疫相关候选发现；个体差异无验证统计。,V,D
FS-004136,V_confirm,HUMAN_CONFIRM_ALL,V,present,adults_stated,present,metric_validation;repeated_monitoring,adults_stated,,V,Ferritin and haptoglobin were measured after four consecutive walking bouts.,present,metric_validation;repeated_monitoring,young_adult_age_unclear,,V,同人四日步行后跟踪铁蛋白/结合珠蛋白；参考阈值仅用于铁浓度非免疫标志。,present,DISAGREE,V,,present,repeated_monitoring,young_adult_age_unclear,,年龄仅均值±SD，留到全文；同人四日步行后追踪铁蛋白/结合珠蛋白，参考界值针对铁而非免疫指标。,V,D
FS-004138,V_confirm,HUMAN_CONFIRM_ALL,V,present,unclear,present,repeated_monitoring,young_adult_age_unclear,,V,Cytokines were tracked after walking on four consecutive days.,present,repeated_monitoring,young_adult_age_unclear,,V,同人四日步行后跟踪细胞因子适应；体重状态未说明临床疾病。,present,young_adult_age_unclear,V,,,,,,,V,B_C_consensus
FS-004147,V_confirm,HUMAN_CONFIRM_ALL,V,present,unclear,present,metric_validation,young_adult_age_unclear,,V,Signal-to-noise ratios assessed sensitivity of inflammatory measures.,present,metric_validation,young_adult_age_unclear,,V,MMP-9、IL-6、hsCRP等检测真实变化的信噪比>1.5，量化敏感度。,present,young_adult_age_unclear,V,,,,,,,V,B_C_consensus
FS-004152,V_confirm,HUMAN_CONFIRM_ALL,V,present,young_adult_age_unclear,present,outcome_linkage;omics_discovery;repeated_monitoring,young_adult_age_unclear,,V,Proteomics identified immune-related proteins across three exercise days.,present,outcome_linkage;omics_discovery;repeated_monitoring,young_adult_age_unclear,,V,免疫急性期蛋白组发现并跨三日相同运动及恢复跟踪；FOR为运动条件标签，未报告实际过度负荷诊断/表现下降测量。,present,young_adult_age_unclear,V,,,,,,,V,B_C_consensus
FS-004154,V_confirm,HUMAN_CONFIRM_ALL,V,present,unclear,absent,repeated_monitoring,young_adult_age_unclear,,M,,present,repeated_monitoring,young_adult_age_unclear,,V,三周同人基线、适应后、糖恢复后三次相同竞走测试跟踪sIgA。,DISAGREE,young_adult_age_unclear,DISAGREE,,present,repeated_monitoring,young_adult_age_unclear,,同人训练前、适应后、糖恢复后三次相同竞走测试均测 sIgA，符合至少三次独立运动监测。,V,D
FS-004171,ADJ_sample,ADJUDICATION_SAMPLE_VERIFY,M,absent,unclear,absent,,unclear,none,M,,absent,,unclear,none,M,两个补充条件的靶向 TLR4 信号蛋白测量不是组学发现；年龄未说明。,absent,unclear,M,,,,,,,M,B_C_consensus
FS-004179,V_confirm,HUMAN_CONFIRM_ALL,V,present,young_adult_age_unclear,present,outcome_linkage;repeated_monitoring,young_adult_age_unclear,,V,Weekly individual sIgA tracking; URI symptoms analyzed against sIgA.,present,outcome_linkage;repeated_monitoring,young_adult_age_unclear,,V,23周及11周个体sIgA监测，与实际URI发生/未来两周URI作无关联分析。,present,young_adult_age_unclear,V,,,,,,,V,B_C_consensus
FS-004189,MX_sample,HUMAN_SAMPLE_VERIFY,M,absent,young_adult_age_unclear,absent,,young_adult_age_unclear,none,M,,absent,,young_adult_age_unclear,none,M,一次 Yo-Yo 后巨噬细胞表型及细胞因子，无 E5。,absent,young_adult_age_unclear,M,,,,,,,M,B_C_consensus
FS-004193,V_confirm,HUMAN_CONFIRM_ALL,V,present,young_adult_age_unclear,present,metric_validation,young_adult_age_unclear,,V,Reports proportions exceeding sST2 cutoff values.,present,metric_validation,young_adult_age_unclear,,V,sST2赛前48%、赛后94%超阈值，阈值评价；更快运动员关联并非表现下降。,present,young_adult_age_unclear,V,,,,,,,V,B_C_consensus
FS-004200,MX_sample,HUMAN_SAMPLE_VERIFY,M,absent,young_adult_age_unclear,absent,,young_adult_age_unclear,none,M,,absent,,young_adult_age_unclear,none,M,训练前后两次急性测试及三个靶向基因不符合重复监测或组学；年龄仅均值及标准差。,absent,young_adult_age_unclear,M,,,,,,,M,B_C_consensus
FS-004202,ADJ_sample,ADJUDICATION_SAMPLE_VERIFY,M,absent,young_adult_age_unclear,absent,,young_adult_age_unclear,none,M,,absent,,young_adult_age_unclear,none,M,四种温度和补液条件是实验比较，非重复监测；大学运动员未给年龄范围。,absent,young_adult_age_unclear,M,,,,,,,M,B_C_consensus
FS-004210,V_confirm,HUMAN_CONFIRM_ALL,V,present,young_adult_age_unclear,present,repeated_monitoring,young_adult_age_unclear,,V,Neutrophils tracked across consecutive cycling days to assess accumulated changes.,present,repeated_monitoring,young_adult_age_unclear,,V,明确跟踪七日骑行中性粒细胞累积/隔夜恢复；高维流式不自动等于组学。,present,young_adult_age_unclear,V,,,,,,,V,B_C_consensus
FS-004226,V_confirm,HUMAN_CONFIRM_ALL,V,present,young_adult_age_unclear,present,outcome_linkage,young_adult_age_unclear,,V,Post-marathon salivary markers analyzed against subsequent LRTI.,present,outcome_linkage,young_adult_age_unclear,,V,实际LRTI症状判定与溶菌酶/趋化因子作分析。,present,young_adult_age_unclear,V,,,,,,,V,B_C_consensus
FS-004230,V_confirm,HUMAN_CONFIRM_ALL,V,present,unclear,absent,metric_validation,unclear,,M,,absent,metric_validation,unclear,,M,两检测方法发现更多细胞因子变化，但未报告精密度、检测限或一致性统计；无人群描述。,absent,unclear,M,,,,,,,M,B_C_consensus
FS-004231,V_confirm,HUMAN_CONFIRM_ALL,V,present,unclear,present,omics_discovery,unclear,,V,Multiplex RNA and protein profiling identified cytokine responses after a half-marathon.,present,omics_discovery,unclear,,V,90个RNA/蛋白靶标组成联合免疫表达谱；未报告可靠性或诊断性能统计量。,present,unclear,V,,,,,,,V,B_C_consensus
FS-004239,MX_sample,HUMAN_SAMPLE_VERIFY,M,absent,adults_stated,absent,,adults_stated,none,M,,absent,,adults_stated,none,M,明确50–60岁，两个预选 KIR 基因靶向甲基化测定非甲基组发现。,absent,adults_stated,M,,,,,,,M,B_C_consensus
FS-004243,V_confirm,HUMAN_CONFIRM_ALL,V,present,young_adult_age_unclear,present,outcome_linkage;repeated_monitoring,young_adult_age_unclear,,V,Seasonal SIgA secretion was correlated with respiratory symptom scores.,present,outcome_linkage;repeated_monitoring,young_adult_age_unclear,,V,赛季四个阶段追踪SIgA，且与实际记录的呼吸道症状作相关分析。,present,young_adult_age_unclear,V,,,,,,,V,B_C_consensus
FS-004246,V_confirm,HUMAN_CONFIRM_ALL,V,present,young_adult_age_unclear,absent,metric_validation;repeated_monitoring,young_adult_age_unclear,,M,,absent,metric_validation;repeated_monitoring,young_adult_age_unclear,,M,三种运动条件比较不属重复监测；反应者比例未给出指标验证所需的变异或阈值统计。,absent,young_adult_age_unclear,M,,,,,,,M,B_C_consensus
FS-004250,V_confirm,HUMAN_CONFIRM_ALL,V,present,young_adult_age_unclear,absent,metric_validation,young_adult_age_unclear,,M,,absent,metric_validation,young_adult_age_unclear,,M,CRP与跑步经济性相关，但未测量表现下降结局；未报告指标验证统计。,absent,young_adult_age_unclear,M,,,,,,,M,B_C_consensus
FS-004252,V_confirm,HUMAN_CONFIRM_ALL,V,present,unclear,present,repeated_monitoring,unclear,,V,"IL-6 and TNF-α were measured after sessions 1, 5, and 10.",present,repeated_monitoring,unclear,,V,热适应第1、5、10次运动前后追踪细胞因子；只描述男性人数，未交代年龄。,present,unclear,V,,,,,,,V,B_C_consensus
FS-004269,V_confirm,HUMAN_CONFIRM_ALL,V,present,young_adult_age_unclear,absent,repeated_monitoring,young_adult_age_unclear,,M,Travel was the exposure; waking IgA samples lacked bout linkage.,present,repeated_monitoring,young_adult_age_unclear,,V,两周基线和旅行前后连续跟踪个人SIgA，符合多周监测；运动核心要素须另判。,DISAGREE,young_adult_age_unclear,DISAGREE,,present,repeated_monitoring,young_adult_age_unclear,,两周基线及旅行前后明确连续追踪个人 sIgA，符合多周监测；实测疾病未与免疫指标作关联分析。,V,D
FS-004280,MX_sample,HUMAN_SAMPLE_VERIFY,M,absent,young_adult_age_unclear,absent,,young_adult_age_unclear,none,M,,absent,,young_adult_age_unclear,none,M,进食与空腹两条件交叉，IL-6 动力学，无 E5。,absent,young_adult_age_unclear,M,,,,,,,M,B_C_consensus
FS-004295,MX_sample,HUMAN_SAMPLE_VERIFY,M,absent,unclear,absent,,young_adult_age_unclear,none,M,,absent,,unclear,none,M,一次 HIIE 的八段间歇为单个协议；有吞噬和 ROS 功能，无 E5 或年龄说明。,absent,DISAGREE,M,,absent,,young_adult_age_unclear,none,久坐男性无明确年龄，按优先序留待全文；单次间歇协议后的免疫功能变化无 E5。,M,D
FS-004303,V_confirm,HUMAN_CONFIRM_ALL,V,present,adults_stated,present,metric_validation,adults_stated,,V,A CRP reference limit was reported.,present,metric_validation,adults_stated,,V,CRP报告参考上限及赛后实际浓度范围，评估其越界；年龄范围24–70岁。,present,adults_stated,V,,,,,,,V,B_C_consensus
FS-004308,V_confirm,HUMAN_CONFIRM_ALL,V,present,young_adult_age_unclear,present,omics_discovery,young_adult_age_unclear,,V,Protein arrays profiled 174 cytokines.,present,omics_discovery,young_adult_age_unclear,,V,174种细胞因子蛋白阵列用于脑脊液与血清免疫蛋白谱分析。,present,young_adult_age_unclear,V,,,,,,,V,B_C_consensus
FS-004310,ADJ_sample,ADJUDICATION_SAMPLE_VERIFY,V,present,young_adult_age_unclear,absent,,young_adult_age_unclear,none,M,,absent,,young_adult_age_unclear,none,M,整体甲基化总量和三个预选基因位点不是表观组谱发现；两次急性测试非重复监测。,absent,young_adult_age_unclear,M,,,,,,,M,B_C_consensus
FS-004314,MX_sample,HUMAN_SAMPLE_VERIFY,M,absent,young_adult_age_unclear,absent,,young_adult_age_unclear,none,M,,absent,,young_adult_age_unclear,none,M,单场游泳后白细胞与心肌损伤标志物相关，未实测所列临床或表现下降结局。,absent,young_adult_age_unclear,M,,,,,,,M,B_C_consensus
FS-004336,V_confirm,HUMAN_CONFIRM_ALL,V,present,young_adult_age_unclear,present,outcome_linkage,young_adult_age_unclear,,V,Measured bronchoconstriction was analysed in relation to HSP70 and WBC.,present,outcome_linkage,young_adult_age_unclear,,V,实测运动诱发支气管收缩并与HSP70及白细胞分析；入组为非哮喘跑者。,present,young_adult_age_unclear,V,,,,,,,V,B_C_consensus
FS-004341,V_confirm,HUMAN_CONFIRM_ALL,V,present,young_adult_age_unclear,absent,omics_discovery,young_adult_age_unclear,,M,,absent,omics_discovery,young_adult_age_unclear,,M,仅测预设微粒计数、大小及血小板/中性粒细胞TF表型，未开展组学发现或广泛谱分析。,absent,young_adult_age_unclear,M,,,,,,,M,B_C_consensus
FS-004343,ADJ_sample,ADJUDICATION_SAMPLE_VERIFY,M,absent,young_adult_age_unclear,absent,,young_adult_age_unclear,none,M,,absent,,young_adult_age_unclear,none,M,一次跳跃及恢复方案比较，细胞比值监测用途仅为建议，无验证统计；年龄仅均值。,absent,young_adult_age_unclear,M,,,,,,,M,B_C_consensus
FS-004344,MX_sample,HUMAN_SAMPLE_VERIFY,M,absent,unclear,absent,,young_adult_age_unclear,none,M,,absent,,young_adult_age_unclear,none,M,两种水合条件，胃肠症状与免疫指标分别比较，未报告二者关联。,absent,young_adult_age_unclear,M,,,,,,,M,B_C_consensus
FS-004349,V_confirm,HUMAN_CONFIRM_ALL,V,present,young_adult_age_unclear,absent,outcome_linkage,young_adult_age_unclear,,M,,present,outcome_linkage,young_adult_age_unclear,,V,实际测得心肺功能下降，且FEV1下降与eNO下降作相关分析。,DISAGREE,young_adult_age_unclear,DISAGREE,,present,outcome_linkage,young_adult_age_unclear,,实际测赛后心肺运动能力下降，并分析 FEV1 下降与炎症相关 eNO 下降关系，符合表现下降关联。,V,D
FS-004361,ADJ_sample,ADJUDICATION_SAMPLE_VERIFY,V,present,young_adult_age_unclear,present,repeated_monitoring,young_adult_age_unclear,none,V,Inflammatory markers tracked during a three-bout simulated tournament.,present,repeated_monitoring,young_adult_age_unclear,none,V,同一批球员五天内三次独立 LIST 模拟比赛并跟踪炎症恢复，符合重复监测；年龄仅均值及标准差。,present,young_adult_age_unclear,V,,,,,,,V,B_C_consensus
FS-004364,V_confirm,HUMAN_CONFIRM_ALL,V,present,adults_stated,absent,outcome_linkage,adults_stated,,M,,absent,outcome_linkage,adults_stated,,M,指标与完赛时间的关联不等于表现下降结局；明确年龄20–50岁。,absent,adults_stated,M,,,,,,,M,B_C_consensus
FS-004374,V_confirm,HUMAN_CONFIRM_ALL,V,present,young_adult_age_unclear,present,omics_discovery,young_adult_age_unclear,,V,Proteomic profiling identified exercise-responsive immune proteins.,present,omics_discovery,young_adult_age_unclear,,V,自上而下血清蛋白组发现运动响应蛋白形式，包含免疫和抗炎蛋白。,present,young_adult_age_unclear,V,,,,,,,V,B_C_consensus
FS-004385,V_confirm,HUMAN_CONFIRM_ALL,V,present,unclear,absent,outcome_linkage,young_adult_age_unclear,,M,,present,outcome_linkage,young_adult_age_unclear,,V,实际记录过度负荷症状，GDF15变化与最大心率下降相关。,DISAGREE,young_adult_age_unclear,DISAGREE,,present,outcome_linkage,young_adult_age_unclear,,实际测过度负荷症状，并分析 GDF15 与训练引起心率下降关系，符合过度训练/过度负荷结局关联。,V,D
FS-004390,V_confirm,HUMAN_CONFIRM_ALL,V,present,young_adult_age_unclear,present,metric_validation;repeated_monitoring,young_adult_age_unclear,,V,Interleukin-6 was sampled around five identified exercise bouts in the same volunteers.,present,metric_validation;repeated_monitoring,young_adult_age_unclear,,V,23天内五次标准运动前后重复采样；唯一报告的ROC AUC属于RPE，不能作为免疫指标验证。,present,young_adult_age_unclear,V,,,,,,,V,B_C_consensus
FS-004391,MX_sample,HUMAN_SAMPLE_VERIFY,M,absent,young_adult_age_unclear,absent,,young_adult_age_unclear,none,M,,absent,,young_adult_age_unclear,none,M,五周训练仅首末两次运动后指标；非三次以上监测，少数 qPCR 基因非组学。,absent,young_adult_age_unclear,M,,,,,,,M,B_C_consensus
FS-004392,V_confirm,HUMAN_CONFIRM_ALL,V,present,young_adult_age_unclear,present,omics_discovery,young_adult_age_unclear,,V,Genome-wide NK-cell DNA methylation profiled after exercise.,present,omics_discovery,young_adult_age_unclear,,V,分离NK细胞进行全基因组DNA甲基化谱分析。,present,young_adult_age_unclear,V,,,,,,,V,B_C_consensus
FS-004406,ADJ_sample,ADJUDICATION_SAMPLE_VERIFY,V,present,unclear,absent,,young_adult_age_unclear,none,M,,absent,,young_adult_age_unclear,none,M,验证重点为非免疫的心肌损伤标志物；CRP 仅报告未超过正常上限，未建立或评估其验证性能。,absent,young_adult_age_unclear,M,,,,,,,M,B_C_consensus
FS-004414,V_confirm,HUMAN_CONFIRM_ALL,V,present,young_adult_age_unclear,present,omics_discovery,young_adult_age_unclear,,V,Exercise-related vesicles profiled for immune-cell origins and surface markers.,present,omics_discovery,young_adult_age_unclear,,V,EV Array与多重表型平台发现运动囊泡的免疫细胞来源和亚类谱。,present,young_adult_age_unclear,V,,,,,,,V,B_C_consensus
FS-004434,V_confirm,HUMAN_CONFIRM_ALL,V,present,unclear,present,omics_discovery,young_adult_age_unclear,,V,Targeted lipidomics profiled inflammatory and resolving mediators in muscle.,present,omics_discovery,unclear,,V,LC-MS靶向脂质组分析炎症与消退介质谱；仅给男性受试者人数。,present,DISAGREE,V,,present,omics_discovery,young_adult_age_unclear,,男性无明确年龄，留到全文；LC-MS 靶向脂质组分析炎症与消退介质谱，符合 E5。,V,D
FS-004443,MX_sample,HUMAN_SAMPLE_VERIFY,X,absent,unclear,absent,,young_adult_age_unclear,E2_no_post_sample,X,Wheel running was chronic; no bout-linked sample was described.,absent,,unclear,E1_no_exercise,X,运动干预仅发生在小鼠；人群部分为体重差异横断面，没有人类运动暴露。,absent,DISAGREE,X,,absent,,young_adult_age_unclear,E1_no_exercise,人类部分仅 BMI/炎症横断面，无人类运动暴露；运动干预发生在小鼠，首项明确核心缺失 E1。,X,D
FS-004455,ADJ_sample,ADJUDICATION_SAMPLE_VERIFY,M,absent,unclear,absent,,unclear,none,M,,absent,,unclear,none,M,三个饮食条件与每天两次训练的短期实验不符合重复监测；靶向基因和 IL-6 比较无其余 E5。,absent,unclear,M,,,,,,,M,B_C_consensus
FS-004458,ADJ_sample,ADJUDICATION_SAMPLE_VERIFY,M,absent,adults_stated,absent,,adults_stated,none,M,,absent,,adults_stated,none,M,明确最低年龄 65 岁；六周前后两次检测非重复监测，末次训练后 24–48 小时采样；CMV 血清状态不等于活动感染。,absent,adults_stated,M,,,,,,,M,B_C_consensus
FS-004477,MX_sample,HUMAN_SAMPLE_VERIFY,M,absent,young_adult_age_unclear,absent,,young_adult_age_unclear,none,M,,absent,,young_adult_age_unclear,none,M,两种强度与静息三条件实验，LECT2 等肝因子，无 E5。,absent,young_adult_age_unclear,M,,,,,,,M,B_C_consensus
FS-004480,ADJ_sample,ADJUDICATION_SAMPLE_VERIFY,M,absent,young_adult_age_unclear,absent,,young_adult_age_unclear,none,M,,absent,,young_adult_age_unclear,none,M,两个睡眠条件的急性运动恢复比较，没有免疫指标与力量下降的关联分析；年龄仅均值及标准差。,absent,young_adult_age_unclear,M,,,,,,,M,B_C_consensus
FS-004509,V_confirm,HUMAN_CONFIRM_ALL,V,present,unclear,present,omics_discovery,clinical_or_infected_cohort,,V,"Circulating vesicles profiled by cell origin, including monocyte markers.",present,omics_discovery,unclear,,V,系统分析囊泡大小及细胞来源谱，含单核/巨噬细胞标记；未描述年龄或成人身份。,present,DISAGREE,V,,present,omics_discovery,clinical_or_infected_cohort,,明确含肥胖人群，优先临床标签；系统分析 EV 大小及多细胞来源谱，含单核/巨噬细胞，符合候选囊泡谱分析。,V,D
FS-004513,MX_sample,HUMAN_SAMPLE_VERIFY,X,absent,clinical_or_infected_cohort,absent,,clinical_or_infected_cohort,none,M,EV sampling time relative to the last bout is unclear.,absent,,clinical_or_infected_cohort,E4_population,X,糖尿病前期临床队列；少数预选 EV 表型计数及体能改善关联不构成组学发现或表现下降关联。,absent,clinical_or_infected_cohort,DISAGREE,,present,omics_discovery,clinical_or_infected_cohort,none,多细胞来源 EV 联合表型谱包含 CD45 白细胞囊泡，符合规则列出的 EV profiling；改善非表现下降，采样时序未明。,V,D
FS-004514,MX_sample,HUMAN_SAMPLE_VERIFY,X,absent,young_adult_age_unclear,absent,,clinical_or_infected_cohort,E2_no_post_sample,X,Fasting blood measurements were compared by habitual exercise frequency.,absent,,young_adult_age_unclear,E2_no_post_sample,X,运动习惯分组的空腹血样没有单次运动后采样；认知指标关联不属于所列表现下降结局。,absent,DISAGREE,X,,absent,,clinical_or_infected_cohort,E2_no_post_sample,明确肥胖队列，优先临床标签；仅运动习惯分组空腹血样，无单次运动后采样，首项核心缺失 E2。,X,D
FS-004516,MX_sample,HUMAN_SAMPLE_VERIFY,M,absent,young_adult_age_unclear,absent,,young_adult_age_unclear,none,M,,absent,,young_adult_age_unclear,none,M,单次 LIST 后 CRP 与体能恢复分别比较，无指标–表现下降关联。,absent,young_adult_age_unclear,M,,,,,,,M,B_C_consensus
FS-004518,V_confirm,HUMAN_CONFIRM_ALL,V,present,young_adult_age_unclear,present,metric_validation,young_adult_age_unclear,,V,ST2 values were assessed against cutoff values.,unclear,metric_validation,young_adult_age_unclear,,U,摘要末句关于ST2超过阈值不完整，不能确认阈值评估结果；三种赛事群体不是个体重复监测。,DISAGREE,young_adult_age_unclear,DISAGREE,,unclear,,young_adult_age_unclear,,ST2 超阈值末句不完整，无法可靠确认阈值评估结果；不同群体参加三种赛事不构成个体重复监测。,U,D
FS-004520,V_confirm,HUMAN_CONFIRM_ALL,V,present,young_adult_age_unclear,absent,repeated_monitoring,young_adult_age_unclear,,M,,absent,repeated_monitoring,young_adult_age_unclear,,M,两种饮食条件交叉的训练块属于条件比较，未作个体长期监测。,absent,young_adult_age_unclear,M,,,,,,,M,B_C_consensus
FS-004537,V_confirm,HUMAN_CONFIRM_ALL,V,present,unclear,absent,repeated_monitoring,young_adult_age_unclear,,M,,present,repeated_monitoring,young_adult_age_unclear,,V,赛季开始和中段跟踪同一队员铁状态及hsCRP；是否有单次运动后采样另判。,DISAGREE,young_adult_age_unclear,DISAGREE,,present,repeated_monitoring,young_adult_age_unclear,,赛季开始及中段明确追踪同一队员铁状态、铁蛋白及 hsCRP，符合赛季个体监测；普通相关非验证。,V,D
FS-004544,V_confirm,HUMAN_CONFIRM_ALL,V,present,unclear,present,repeated_monitoring,young_adult_age_unclear,,V,Same markers measured around three exercise bouts in the same men.,present,repeated_monitoring,unclear,,V,三次相同力竭运动相隔72小时，逐次测量cfDNA和吞噬细胞ROS；仅述男性人数。,present,DISAGREE,V,,present,repeated_monitoring,young_adult_age_unclear,,男性无明确年龄，留到全文；三次相同力竭跑相隔 72 小时逐次追踪 cfDNA/吞噬细胞 ROS，符合 E5。,V,D
FS-004556,MX_sample,HUMAN_SAMPLE_VERIFY,M,absent,unclear,absent,,young_adult_age_unclear,none,M,,absent,,young_adult_age_unclear,none,M,三个预选多态位点非组学；500U/L 阈值针对 CK，非免疫指标验证。,absent,young_adult_age_unclear,M,,,,,,,M,B_C_consensus
FS-004568,V_confirm,HUMAN_CONFIRM_ALL,V,present,unclear,present,repeated_monitoring,young_adult_age_unclear,,V,Blood cell counts tracked around exercise at three seasonal measurements.,present,repeated_monitoring,young_adult_age_unclear,,V,同批摔跤运动员在基线、三月、六月运动前后跟踪白细胞亚群。,present,young_adult_age_unclear,V,,,,,,,V,B_C_consensus
FS-004571,MX_sample,HUMAN_SAMPLE_VERIFY,M,absent,adults_stated,absent,,adults_stated,none,M,,absent,,adults_stated,none,M,年龄 26–45 岁；未将白细胞指标与实际疾病或表现下降作关联分析，背景风险不算结局关联。,absent,adults_stated,M,,,,,,,M,B_C_consensus
FS-004580,V_confirm,HUMAN_CONFIRM_ALL,V,present,young_adult_age_unclear,absent,repeated_monitoring,young_adult_age_unclear,,M,,present,repeated_monitoring,young_adult_age_unclear,,V,七个月跨两个赛季和休赛期追踪免疫细胞；年龄仅均值±标准差。,DISAGREE,young_adult_age_unclear,DISAGREE,,present,repeated_monitoring,young_adult_age_unclear,,七个月跨两个赛季及休赛期追踪同人免疫细胞，符合重复监测；CMV 血清阳性不等于活动感染队列。,V,D
FS-004586,V_confirm,HUMAN_CONFIRM_ALL,V,present,unclear,present,outcome_linkage,young_adult_age_unclear,,V,Immune protein changes profiled alongside measured overreaching symptoms and reduced aerobic capacity.,present,outcome_linkage,young_adult_age_unclear,,V,21种蛋白的靶向蛋白组谱含补体和急性期蛋白；过度负荷与蛋白变化并述，未报告关联分析。,present,young_adult_age_unclear,V,,,,,,,V,B_C_consensus
FS-004593,V_confirm,HUMAN_CONFIRM_ALL,V,present,young_adult_age_unclear,present,outcome_linkage,young_adult_age_unclear,,V,Post-race IL-10 was correlated with finish time.,absent,outcome_linkage,young_adult_age_unclear,,M,IL-10与完赛时间相关，不是实际表现下降；仅一次赛后采样。,DISAGREE,young_adult_age_unclear,DISAGREE,,absent,,young_adult_age_unclear,,IL-10 仅与一般完赛时间相关，未测实际表现下降；只有一次赛后采样，不构成三次运动监测。,M,D
FS-004624,V_confirm,HUMAN_CONFIRM_ALL,V,present,young_adult_age_unclear,present,outcome_linkage,young_adult_age_unclear,,V,Marker levels were compared between groups defined by strength recovery.,present,outcome_linkage,young_adult_age_unclear,,V,实测力量恢复迟延并按恢复比例分组比较TGF-β1，属于表现下降结局关联。,present,young_adult_age_unclear,V,,,,,,,V,B_C_consensus
FS-004640,V_confirm,HUMAN_CONFIRM_ALL,V,present,young_adult_age_unclear,present,outcome_linkage,young_adult_age_unclear,,V,Inflammatory marker changes were associated with acute mountain sickness symptoms.,present,outcome_linkage,young_adult_age_unclear,,V,人体研究实际测量高山病症状并与IL-1β/CXCR-4表达关联；兼有体外实验。,present,young_adult_age_unclear,V,,,,,,,V,B_C_consensus
FS-004648,V_confirm,HUMAN_CONFIRM_ALL,V,present,young_adult_age_unclear,present,omics_discovery;repeated_monitoring,young_adult_age_unclear,,V,Weekly immune monitoring and urinary proteomics; sampling relative to individual bouts is unspecified.,present,omics_discovery;repeated_monitoring,young_adult_age_unclear,,V,尿液iTRAQ发现免疫相关蛋白，四周逐周追踪白细胞与淋巴细胞。,present,young_adult_age_unclear,V,,,,,,,V,B_C_consensus
FS-004650,MX_sample,HUMAN_SAMPLE_VERIFY,X,absent,young_adult_age_unclear,absent,,young_adult_age_unclear,E2_no_post_sample,X,Human CRP measurements were not linked to an identified exercise bout.,absent,,young_adult_age_unclear,none,M,健康人训练及大鼠实验并存；人 CRP 变化，无 E5；人采样与单次运动的时间不清，不能推断缺失。,absent,young_adult_age_unclear,DISAGREE,,absent,,young_adult_age_unclear,none,人类 CRP 与训练效果及动物结果并列，无四类 E5；人类 bout 与采样时序不明，不判明确缺失。,M,D
FS-004664,MX_sample,HUMAN_SAMPLE_VERIFY,M,absent,unclear,absent,,unclear,none,M,,absent,,unclear,none,M,阻力、骑行和静息三条件比较，非监测；只称10名男性。,absent,unclear,M,,,,,,,M,B_C_consensus
FS-004666,V_confirm,HUMAN_CONFIRM_ALL,V,present,young_adult_age_unclear,absent,repeated_monitoring,young_adult_age_unclear,,M,,present,repeated_monitoring,young_adult_age_unclear,,V,训练第1和第8周每日采血，明确监测CRP随多次训练的变化。,DISAGREE,young_adult_age_unclear,DISAGREE,,present,repeated_monitoring,young_adult_age_unclear,,训练第 1、8 周每日采血，明确监测同人 CRP 随多次训练变化，符合 repeated_monitoring。,V,D
FS-004674,ADJ_sample,ADJUDICATION_SAMPLE_VERIFY,X,absent,clinical_or_infected_cohort,absent,,clinical_or_infected_cohort,none,M,,absent,,unclear,none,M,一次骑车后七个预选肌因子时程不是组学；女性队列无年龄或整体健康描述。,absent,DISAGREE,M,,absent,,clinical_or_infected_cohort,none,明确肥胖女性与健康对照，优先临床标签；单次骑车后预选肌因子时程无 E5，核心要素无明确缺失。,M,D
FS-004675,MX_sample,HUMAN_SAMPLE_VERIFY,X,absent,young_adult_age_unclear,absent,,young_adult_age_unclear,E3_no_immune_marker,X,Leukocyte clock genes measured for circadian timing; no immune marker identified.,absent,,young_adult_age_unclear,E3_no_immune_marker,X,白细胞中仅预选昼夜时钟基因，不是免疫指标或免疫相关组学；两运动时段条件非监测。,absent,young_adult_age_unclear,X,,,,,,,X,B_C_consensus
FS-004690,ADJ_sample,ADJUDICATION_SAMPLE_VERIFY,M,absent,unclear,absent,,unclear,none,M,,absent,,unclear,none,M,仅第 1、6 周两次运动测试，IL-10 与抗氧化能力关联非实测疾病或表现下降；人群年龄未描述。,absent,unclear,M,,,,,,,M,B_C_consensus
FS-004701,MX_sample,HUMAN_SAMPLE_VERIFY,M,absent,young_adult_age_unclear,absent,,young_adult_age_unclear,none,M,,absent,,young_adult_age_unclear,none,M,两种运动交叉比较，没有 SII 验证性能或其余 E5；健康男性未报告年龄范围。,absent,young_adult_age_unclear,M,,,,,,,M,B_C_consensus
FS-004712,V_confirm,HUMAN_CONFIRM_ALL,V,present,young_adult_age_unclear,present,omics_discovery;repeated_monitoring,young_adult_age_unclear,,V,"Profiles circulating miRNAs, including inflammation-related candidates, after two exercise tests.",present,omics_discovery;repeated_monitoring,young_adult_age_unclear,,V,分析含炎症相关miRNA的17种循环miRNA谱；两个运动方案不属重复监测，未分析表现下降。,present,young_adult_age_unclear,V,,,,,,,V,B_C_consensus
FS-004718,V_confirm,HUMAN_CONFIRM_ALL,V,present,unclear,absent,outcome_linkage,young_adult_age_unclear,,M,,absent,outcome_linkage,young_adult_age_unclear,,M,头痛史分组与CGRP变化并述，未报告头痛结局关联分析；相关对象为跑步时间。,absent,young_adult_age_unclear,M,,,,,,,M,B_C_consensus
FS-004719,V_confirm,HUMAN_CONFIRM_ALL,V,present,young_adult_age_unclear,present,outcome_linkage,adults_stated,,V,Post-marathon IL-8 and IL-10 correlated with finishing time.,present,outcome_linkage,young_adult_age_unclear,,V,实际诊断EIB并比较有无EIB者细胞因子，阴性差异仍属结局分析；括号年龄未明确为范围。,present,DISAGREE,V,,present,outcome_linkage,clinical_or_infected_cohort,,实测诊断 EIB 并比较免疫指标，优先临床标签；括号年龄范围含义未说明，结局阴性比较仍符合 E5。,V,D
FS-004724,V_confirm,HUMAN_CONFIRM_ALL,V,present,unclear,absent,outcome_linkage,young_adult_age_unclear,,M,Blood measurements follow altitude exposure; no sample is linked to treadmill cessation.,present,outcome_linkage,unclear,,V,实际高山病评分与嗜酸细胞/CRP作分析并建立预测式；未给免疫指标性能统计或年龄。,DISAGREE,DISAGREE,DISAGREE,,present,outcome_linkage,young_adult_age_unclear,,实际测高山病发病及症状评分，并分析其与嗜酸细胞和 CRP 的关系；预测方程未报告性能，不加验证。,V,D
FS-004727,MX_sample,HUMAN_SAMPLE_VERIFY,M,absent,young_adult_age_unclear,absent,,young_adult_age_unclear,none,M,,absent,,young_adult_age_unclear,none,M,两种运动强度比较 T 细胞及 PD-L1，与 IL-6 普通相关非验证。,absent,young_adult_age_unclear,M,,,,,,,M,B_C_consensus
FS-004759,V_confirm,HUMAN_CONFIRM_ALL,V,present,unclear,absent,metric_validation,young_adult_age_unclear,,M,,present,metric_validation,young_adult_age_unclear,,V,CRP超过5 mg/L阈值的比例和浓度范围实际报告；灵敏度/特异度属于BIVA，未计入免疫验证。,DISAGREE,young_adult_age_unclear,DISAGREE,,absent,,young_adult_age_unclear,,CRP 超过 5 mg/L 仅描述炎症，未评价该阈值效度；灵敏度和特异度属于 BIVA，肾损伤不计结局关联。,M,D
FS-004764,V_confirm,HUMAN_CONFIRM_ALL,V,present,young_adult_age_unclear,absent,omics_discovery,young_adult_age_unclear,,M,,absent,omics_discovery,young_adult_age_unclear,,M,仅用PCR测LINE-1及数个预设基因甲基化，未开展表观组发现或广泛谱分析。,absent,young_adult_age_unclear,M,,,,,,,M,B_C_consensus
FS-004766,ADJ_sample,ADJUDICATION_SAMPLE_VERIFY,M,absent,unclear,absent,,young_adult_age_unclear,none,M,,absent,,young_adult_age_unclear,none,M,两种恢复饮料条件及免疫功能与胃肠症状分别比较，无结局关联或其余 E5。,absent,young_adult_age_unclear,M,,,,,,,M,B_C_consensus
FS-004769,V_confirm,HUMAN_CONFIRM_ALL,V,present,unclear,present,metric_validation;omics_discovery,young_adult_age_unclear,,V,Multi-omic profiling identified inflammatory responses after exercise.,present,metric_validation;omics_discovery,young_adult_age_unclear,,V,单次运动前后多组学包含免疫组和炎症通路；预测模型未报告性能统计。,present,young_adult_age_unclear,V,,,,,,,V,B_C_consensus
FS-004773,MX_sample,HUMAN_SAMPLE_VERIFY,M,absent,unclear,absent,,young_adult_age_unclear,none,M,,present,repeated_monitoring,young_adult_age_unclear,none,V,同一潜水员运动后追踪至第1及41个月，明确个体多周随访。,DISAGREE,young_adult_age_unclear,DISAGREE,,present,repeated_monitoring,young_adult_age_unclear,none,同一潜水员免疫指标跨多周及多月明确随访追踪，满足多周个体监测分支。,V,D
FS-004786,V_confirm,HUMAN_CONFIRM_ALL,V,present,adults_stated,present,repeated_monitoring,adults_stated,,V,Markers measured after five exercise tests and a road race.,present,repeated_monitoring,adults_stated,,V,八周内五次最大运动测试加一次比赛，逐次测选择素及血小板标记；年龄18–50岁。,present,adults_stated,V,,,,,,,V,B_C_consensus
FS-004797,MX_sample,HUMAN_SAMPLE_VERIFY,M,absent,unclear,absent,,young_adult_age_unclear,none,M,,absent,,young_adult_age_unclear,none,M,两种闭塞恢复条件，力量与 CRP 共测但未关联分析。,absent,young_adult_age_unclear,M,,,,,,,M,B_C_consensus
FS-004798,V_confirm,HUMAN_CONFIRM_ALL,V,present,young_adult_age_unclear,present,outcome_linkage,young_adult_age_unclear,,V,CRP was correlated with measured performance decrement indices.,present,outcome_linkage,young_adult_age_unclear,,V,实际测量折返跑表现递减比例和疲劳指数，并与CRP作相关分析。,present,young_adult_age_unclear,V,,,,,,,V,B_C_consensus
FS-004809,V_confirm,HUMAN_CONFIRM_ALL,V,present,young_adult_age_unclear,unclear,omics_discovery,young_adult_age_unclear,,U,Candidate RNA biomarkers reported; profiling method unspecified.,absent,omics_discovery,young_adult_age_unclear,,M,摘要仅报告预设候选蛋白及数种RNA的变化，未说明广泛组学发现或谱分析；恢复加快仅为推测。,DISAGREE,young_adult_age_unclear,DISAGREE,,unclear,,young_adult_age_unclear,,候选炎症 RNA 检测的方法及谱范围不明，不能确认组学发现；恢复加快仅为推测，E5 待全文。,U,D
FS-004819,V_confirm,HUMAN_CONFIRM_ALL,V,present,unclear,unclear,omics_discovery,unclear,,U,RNA biomarkers and pathways reported; profiling method unspecified.,present,omics_discovery,unclear,,V,多种炎症蛋白和RNA联合谱及通路分类用于发现响应模式；未给人群年龄描述。,DISAGREE,unclear,DISAGREE,,unclear,,unclear,,多种炎症 RNA 与通路分类已报告，但未说明检测谱及发现方法，E5 待全文；没有明确人口描述。,U,D
FS-004825,V_confirm,HUMAN_CONFIRM_ALL,V,present,unclear,absent,metric_validation,unclear,,M,,absent,metric_validation,unclear,,M,回归和相关r值描述疼痛关系，未报告可靠性、阈值或预测性能验证；疼痛不属规定结局。,absent,unclear,M,,,,,,,M,B_C_consensus
FS-004826,V_confirm,HUMAN_CONFIRM_ALL,V,present,unclear,present,metric_validation;repeated_monitoring,unclear,,V,ICC reliability reported for inflammatory markers.,present,metric_validation;repeated_monitoring,unclear,,V,明确报告免疫细胞和多种细胞因子的ICC；两次相同运动不满足三次监测。,present,unclear,V,,,,,,,V,B_C_consensus
FS-004839,V_confirm,HUMAN_CONFIRM_ALL,V,present,adults_stated,present,metric_validation;repeated_monitoring,young_adult_age_unclear,,V,Minimal clinically important difference evaluated for IL-10.,present,metric_validation;repeated_monitoring,young_adult_age_unclear,,V,IL-10最小临床重要差异阈值实际用于判别并报告人数；年龄仅均值±标准差。,present,young_adult_age_unclear,V,,,,,,,V,B_C_consensus
FS-004841,ADJ_sample,ADJUDICATION_SAMPLE_VERIFY,M,absent,young_adult_age_unclear,absent,,young_adult_age_unclear,none,M,,absent,,young_adult_age_unclear,none,M,仅两天两次运动，达不到三次运动监测；年龄仅均值及标准差。,absent,young_adult_age_unclear,M,,,,,,,M,B_C_consensus
FS-004845,MX_sample,HUMAN_SAMPLE_VERIFY,M,absent,young_adult_age_unclear,absent,,adults_stated,none,M,,absent,,young_adult_age_unclear,none,M,早晚两种运动实验，脂质运载蛋白2等应答，无 E5；成人描述无年龄数值。,absent,DISAGREE,M,,absent,,clinical_or_infected_cohort,none,明确含肥胖男性组，优先临床标签；无年龄范围，早晚两条件激素应答无 E5。,M,D
FS-004853,V_confirm,HUMAN_CONFIRM_ALL,V,present,young_adult_age_unclear,absent,omics_discovery,young_adult_age_unclear,,M,"PBMC MALAT1 was studied for cancer and redox effects, without an immune objective.",present,omics_discovery,young_adult_age_unclear,,V,另有白血病队列微阵列表达谱分析；运动部分为健康男性PBMC单个lncRNA，不将其误称全转录组。,DISAGREE,young_adult_age_unclear,DISAGREE,,absent,,young_adult_age_unclear,,运动部分仅 MALAT1 等靶基因，另一微阵列为肿瘤/氧化还原目的，缺免疫候选发现目的，不计 E5。,M,D
FS-004867,MX_sample,HUMAN_SAMPLE_VERIFY,M,absent,unclear,absent,,young_adult_age_unclear,none,M,,absent,,young_adult_age_unclear,none,M,不同距离各单场跑步后的血管及炎症比较，未报告免疫指标–所列结局分析。,absent,young_adult_age_unclear,M,,,,,,,M,B_C_consensus
FS-004882,ADJ_sample,ADJUDICATION_SAMPLE_VERIFY,X,absent,adults_stated,absent,,adults_stated,E3_no_immune_marker,X,PBMC measurements concern antioxidant signaling; no immune marker is identified.,absent,,adults_stated,E3_no_immune_marker,X,年龄范围明确；仅 PBMC 的抗氧化 Nrf2 及靶向下游基因，未具名免疫炎症指标或免疫相关组学，两次急性测试非重复监测。,absent,adults_stated,X,,,,,,,X,B_C_consensus
FS-004886,V_confirm,HUMAN_CONFIRM_ALL,V,present,adults_stated,present,metric_validation;repeated_monitoring,adults_stated,,V,Lymphocyte response reliability was reported with an intraclass correlation coefficient.,present,metric_validation;repeated_monitoring,adults_stated,,V,淋巴细胞ICC>0.5；四种恢复条件交叉不计重复监测；年龄20–35岁。,present,adults_stated,V,,,,,,,V,B_C_consensus
FS-004889,V_confirm,HUMAN_CONFIRM_ALL,V,present,adults_stated,present,outcome_linkage;repeated_monitoring,adults_stated,,V,Neutrophil phenotypes were tracked across three consecutive walking days.,present,outcome_linkage;repeated_monitoring,young_adult_age_unclear,,V,连续三天步行后跟踪中性粒细胞；主观身体感觉下降不是规定表现下降或患病结局，括号年龄未明示范围。,present,DISAGREE,V,,present,repeated_monitoring,young_adult_age_unclear,,年龄中位数及括号区间未明示最低年龄；三天同人监测中性粒细胞符合 E5，主观身体感觉不单独计规定结局。,V,D
FS-004909,MX_sample,HUMAN_SAMPLE_VERIFY,M,absent,young_adult_age_unclear,absent,,young_adult_age_unclear,none,M,,absent,,young_adult_age_unclear,none,M,单次阻力运动后14个预选 TLR 信号基因，不属组学发现。,absent,young_adult_age_unclear,M,,,,,,,M,B_C_consensus
FS-004932,MX_sample,HUMAN_SAMPLE_VERIFY,M,absent,unclear,absent,,young_adult_age_unclear,none,M,,absent,,young_adult_age_unclear,none,M,单次运动后的 HBOT 平行条件，免疫指标变化无 E5。,absent,young_adult_age_unclear,M,,,,,,,M,B_C_consensus
FS-004939,MX_sample,HUMAN_SAMPLE_VERIFY,X,absent,young_adult_age_unclear,absent,,young_adult_age_unclear,E2_no_post_sample,X,Sampling is described during races only.,unclear,,young_adult_age_unclear,E2_no_post_sample,U,只描述赛事过程中免疫状态；六日跑未说明独立阶段及同人监测安排，E5 不明。,DISAGREE,young_adult_age_unclear,DISAGREE,,unclear,,young_adult_age_unclear,E2_no_post_sample,仅报告赛事中样本，E2_no_post_sample；六日赛未说明独立 bout 及个体追踪安排，E5 unclear。,X,D
FS-004945,MX_sample,HUMAN_SAMPLE_VERIFY,M,absent,young_adult_age_unclear,absent,,young_adult_age_unclear,none,M,,absent,,young_adult_age_unclear,none,M,两个环境条件的细胞因子与肺功能共测，未直接分析关联。,absent,young_adult_age_unclear,M,,,,,,,M,B_C_consensus
FS-004954,V_confirm,HUMAN_CONFIRM_ALL,V,present,unclear,present,repeated_monitoring,young_adult_age_unclear,,V,C-reactive protein was measured after each of ten exercise sessions.,present,repeated_monitoring,unclear,,V,十周每次训练前及两日后采样CRP；仅描述24名男性而无年龄。,present,DISAGREE,V,,present,repeated_monitoring,young_adult_age_unclear,,男性无明确年龄，留到全文；十周每次训练前及两日后追踪同人 CRP，符合重复监测。,V,D
FS-004959,MX_sample,HUMAN_SAMPLE_VERIFY,M,absent,adults_stated,absent,,adults_stated,none,M,,absent,,adults_stated,none,M,明确20–24岁，补充剂前后两次测试，非三次以上监测。,absent,adults_stated,M,,,,,,,M,B_C_consensus
FS-004964,MX_sample,HUMAN_SAMPLE_VERIFY,M,absent,young_adult_age_unclear,absent,,young_adult_age_unclear,none,M,,absent,,young_adult_age_unclear,none,M,两个能量条件的72小时实验，铁吸收非所列临床或表现下降结局，未有 E5。,absent,young_adult_age_unclear,M,,,,,,,M,B_C_consensus
FS-004968,MX_sample,HUMAN_SAMPLE_VERIFY,M,absent,young_adult_age_unclear,absent,,young_adult_age_unclear,none,M,,absent,,young_adult_age_unclear,none,M,两次相同运动用于抗氧化补充前后比较，不达三次。,absent,young_adult_age_unclear,M,,,,,,,M,B_C_consensus
FS-004989,V_confirm,HUMAN_CONFIRM_ALL,V,present,young_adult_age_unclear,present,outcome_linkage,young_adult_age_unclear,,V,A broad gene expression panel profiled inflammatory pathways after exercise.,present,outcome_linkage,young_adult_age_unclear,,V,224基因联合通路谱含炎症反应，并将其与实测力量受损及恢复作解释分析，阴性结果仍有效。,present,young_adult_age_unclear,V,,,,,,,V,B_C_consensus
FS-005010,MX_sample,HUMAN_SAMPLE_VERIFY,X,absent,young_adult_age_unclear,absent,,young_adult_age_unclear,none,M,,absent,,young_adult_age_unclear,none,M,避孕药周期两阶段实验，CK 与跳跃下降分别分析，未有免疫关联。,absent,young_adult_age_unclear,M,,,,,,,M,B_C_consensus
FS-005034,ADJ_sample,ADJUDICATION_SAMPLE_VERIFY,X,absent,includes_under_18,absent,,young_adult_age_unclear,none,M,,absent,,young_adult_age_unclear,none,M,单次运动的 IL-6 与 TNF/WBC 关联非临床或表现结局；21 岁以下队未明确含 18 岁以下。,absent,young_adult_age_unclear,M,,,,,,,M,B_C_consensus
FS-005045,V_confirm,HUMAN_CONFIRM_ALL,V,present,adults_stated,present,omics_discovery,adults_stated,,V,Multiplex profiling identified exercise-responsive inflammatory proteins.,present,omics_discovery,adults_stated,,V,多重邻近延伸免疫蛋白谱和代谢物分析；明确年龄范围22–52岁。,present,adults_stated,V,,,,,,,V,B_C_consensus
FS-005046,V_confirm,HUMAN_CONFIRM_ALL,V,present,young_adult_age_unclear,present,outcome_linkage,young_adult_age_unclear,,V,Inflammatory marker responses were analysed against jump performance.,present,outcome_linkage,young_adult_age_unclear,,V,MCP-1及IL-10浓度时间曲线与运动后跳跃功能关联；该AUC不是诊断ROC AUC。,present,young_adult_age_unclear,V,,,,,,,V,B_C_consensus
FS-005076,ADJ_sample,ADJUDICATION_SAMPLE_VERIFY,M,absent,unclear,absent,,unclear,none,M,,absent,,unclear,none,M,两个饮料条件的恢复指标及次日表现分别比较，未报告免疫指标与表现下降关联；年龄未说明。,absent,unclear,M,,,,,,,M,B_C_consensus
FS-005083,MX_sample,HUMAN_SAMPLE_VERIFY,M,absent,young_adult_age_unclear,absent,,young_adult_age_unclear,none,M,,absent,,young_adult_age_unclear,none,M,一次运动后预选嘌呤代谢和细胞因子，普通相关非 E5。,absent,young_adult_age_unclear,M,,,,,,,M,B_C_consensus
FS-005118,V_confirm,HUMAN_CONFIRM_ALL,V,present,young_adult_age_unclear,present,metric_validation;outcome_linkage,unclear,,V,Endotoxin threshold reported; concentrations analysed against gastrointestinal illness symptoms.,present,metric_validation;outcome_linkage,clinical_or_infected_cohort,,V,内毒素上限0.1 ng/ml及超限比例实际报告，且与胃肠症状关联；招募为需医疗帐篷治疗的跑者。,present,DISAGREE,V,,present,metric_validation;outcome_linkage,clinical_or_infected_cohort,,明确需医疗帐篷治疗的跑者，优先临床标签；内毒素临床上限及超限比例、实际胃肠疾病症状关联符合 E5。,V,D
FS-005129,V_confirm,HUMAN_CONFIRM_ALL,V,present,unclear,present,repeated_monitoring,young_adult_age_unclear,,V,Citrullinated histones measured after three identified treadmill bouts in the same men.,present,repeated_monitoring,unclear,,V,三次相同跑台力竭测试相隔72小时，逐次追踪组蛋白/PAD4；未说明年龄。,present,DISAGREE,V,,present,repeated_monitoring,young_adult_age_unclear,,男性无明确年龄，留到全文；三次力竭跑逐次追踪组蛋白/PAD4，符合重复监测。,V,D
FS-005137,MX_sample,HUMAN_SAMPLE_VERIFY,X,present,clinical_or_infected_cohort,absent,,clinical_or_infected_cohort,none,M,,absent,,clinical_or_infected_cohort,E4_population,X,体适能和步速的横断关联未报告表现下降；纳入进展型多发性硬化患者。,absent,clinical_or_infected_cohort,DISAGREE,,absent,,clinical_or_infected_cohort,none,体适能/步速水平相关不是纵向表现下降，单次测试无其他 E5；临床队列不自动判 X。,M,D
FS-005157,ADJ_sample,ADJUDICATION_SAMPLE_VERIFY,M,absent,young_adult_age_unclear,absent,,young_adult_age_unclear,none,M,,absent,,young_adult_age_unclear,none,M,两个负荷条件有表现下降但未与 CRP 作关联分析；老年健康志愿者未给数字年龄。,absent,young_adult_age_unclear,M,,,,,,,M,B_C_consensus
FS-005160,V_confirm,HUMAN_CONFIRM_ALL,V,present,young_adult_age_unclear,present,metric_validation;repeated_monitoring,young_adult_age_unclear,,V,Coefficient of variation reported for dendritic cell response.,present,metric_validation;repeated_monitoring,young_adult_age_unclear,,V,树突细胞变化明确以变异系数报告，并给数值和置信区间；两条件交叉不是重复监测。,present,young_adult_age_unclear,V,,,,,,,V,B_C_consensus
FS-005163,V_confirm,HUMAN_CONFIRM_ALL,V,present,young_adult_age_unclear,absent,outcome_linkage,young_adult_age_unclear,,M,,absent,outcome_linkage,young_adult_age_unclear,,M,URTI与细胞因子分别比较补充剂组，未报告两者关联分析；一次比赛多时点不属重复监测。,absent,young_adult_age_unclear,M,,,,,,,M,B_C_consensus
FS-005165,V_confirm,HUMAN_CONFIRM_ALL,V,present,young_adult_age_unclear,present,repeated_monitoring,young_adult_age_unclear,,V,hsCRP tracked across three daily exercise sessions.,present,repeated_monitoring,young_adult_age_unclear,,V,每种条件下连续三次相同训练，逐日跟踪hsCRP；两条件比较不取消各组内三次追踪。,present,young_adult_age_unclear,V,,,,,,,V,B_C_consensus
FS-005168,V_confirm,HUMAN_CONFIRM_ALL,V,present,young_adult_age_unclear,absent,metric_validation;omics_discovery,young_adult_age_unclear,,M,,absent,metric_validation;omics_discovery,young_adult_age_unclear,,M,NGS发现一般应激cfDNA序列，未建立免疫组学目标；高敏感仅定性，未给验证统计。,absent,young_adult_age_unclear,M,,,,,,,M,B_C_consensus
FS-005169,V_confirm,HUMAN_CONFIRM_ALL,V,present,young_adult_age_unclear,present,repeated_monitoring,young_adult_age_unclear,,V,Muscle immune cells tracked across repeated exercise sessions.,present,repeated_monitoring,young_adult_age_unclear,,V,跨两个训练块、休息周及恢复阶段反复采肌肉，跟踪巨噬细胞等；不只两次急性样本。,present,young_adult_age_unclear,V,,,,,,,V,B_C_consensus
FS-005183,V_confirm,HUMAN_CONFIRM_ALL,V,present,unclear,present,omics_discovery,young_adult_age_unclear,,V,Serum miRNAs profiled by microarray before and after exercise.,present,omics_discovery,unclear,,V,miRNA微阵列与细胞因子联合分析包含免疫相关通路；只述无运动习惯男性，未给年龄。,present,DISAGREE,V,,present,omics_discovery,young_adult_age_unclear,,男性无明确年龄，留到全文；miRNA 微阵列与细胞因子联合发现包括免疫相关候选，符合 E5。,V,D
FS-005202,MX_sample,HUMAN_SAMPLE_VERIFY,M,absent,young_adult_age_unclear,absent,,young_adult_age_unclear,none,M,,absent,,young_adult_age_unclear,none,M,咖啡因两条件中疲劳和 IL-10 各自比较，二者关系仅推测，未直接分析。,absent,young_adult_age_unclear,M,,,,,,,M,B_C_consensus
FS-005222,MX_sample,HUMAN_SAMPLE_VERIFY,M,absent,unclear,absent,,young_adult_age_unclear,E1_no_exercise,X,Gas mixture and decompression exposure; no exercise bout stated.,absent,,young_adult_age_unclear,none,M,两组各一次潜水后细胞因子；DCS 仅背景，没有实际疾病关联分析。,absent,young_adult_age_unclear,DISAGREE,,absent,,young_adult_age_unclear,none,两组各一次潜水的细胞因子比较，DCS 仅背景；潜水可能体力任务，不能明确判 E1 缺失。,M,D
FS-005226,V_confirm,HUMAN_CONFIRM_ALL,V,present,adults_stated,present,repeated_monitoring,adults_stated,,V,Immune cells tracked across a season; blood draw timing relative to matches is unstated.,present,repeated_monitoring,adults_stated,,V,36周连续跟踪个人白细胞亚群与累计比赛负荷；年龄18–30岁。,present,adults_stated,V,,,,,,,V,B_C_consensus
FS-005253,V_confirm,HUMAN_CONFIRM_ALL,V,present,young_adult_age_unclear,present,outcome_linkage,young_adult_age_unclear,,V,Sprint performance was analysed in relation to IL-6.,absent,outcome_linkage,young_adult_age_unclear,,M,IL-6与冲刺成绩相关，但未报告实际表现递减或下降结局；两种饮品条件交叉不计监测。,DISAGREE,young_adult_age_unclear,DISAGREE,,absent,,young_adult_age_unclear,,报告冲刺成绩差异及 IL-6 相关，但未测表现从基线递减；两饮品条件交叉不构成重复监测。,M,D
FS-005259,V_confirm,HUMAN_CONFIRM_ALL,V,present,adults_stated,absent,omics_discovery,adults_stated,,M,,present,omics_discovery,adults_stated,,V,82种炎症/心血管蛋白的邻近延伸谱用于发现关联；明确50岁成人。,DISAGREE,adults_stated,DISAGREE,,present,omics_discovery,adults_stated,,明确 50 岁成人；82 种蛋白联合谱用于发现新关联并识别 IL-6、IL-1RA 等炎症候选，符合组学发现。,V,D
FS-005277,MX_sample,HUMAN_SAMPLE_VERIFY,X,present,unclear,absent,,young_adult_age_unclear,E2_no_post_sample,X,"Blood markers are described during exercise, with no post-exercise sample stated.",absent,,young_adult_age_unclear,E2_no_post_sample,X,血液及激素在测试运动中测量，未报告结束后样本；与体能关联非实际表现下降。,absent,young_adult_age_unclear,X,,,,,,,X,B_C_consensus
FS-005301,V_confirm,HUMAN_CONFIRM_ALL,V,present,unclear,present,omics_discovery;repeated_monitoring,unclear,,V,Immune mRNA profiled after three running efforts.,present,omics_discovery;repeated_monitoring,unclear,,V,574靶标免疫RNA谱发现新候选物，31天内三次跑步后持续跟踪；只述受试者人数。,present,unclear,V,,,,,,,V,B_C_consensus
FS-005303,MX_sample,HUMAN_SAMPLE_VERIFY,X,absent,includes_under_18,absent,,young_adult_age_unclear,none,M,,absent,,includes_under_18,E4_population,X,题名及摘要明确 junior 队列；四种恢复条件交叉非重复监测。,absent,DISAGREE,DISAGREE,,absent,,includes_under_18,E4_population,仅 junior 排球队，按摘要阶段年龄规则取 E4_population；四恢复条件交叉非监测，未作结局关联。,X,D
FS-005304,V_confirm,HUMAN_CONFIRM_ALL,V,present,young_adult_age_unclear,present,repeated_monitoring,young_adult_age_unclear,,V,IL-6 and CRP sampled after sessions across eight weeks.,present,repeated_monitoring,young_adult_age_unclear,,V,第1、4、8周运动前后追踪CRP/IL-6，并实际评估IL-6降至10 pg/ml以下；年龄仅均值±标准差。,present,young_adult_age_unclear,V,,,,,,,V,B_C_consensus
FS-005322,MX_sample,HUMAN_SAMPLE_VERIFY,M,absent,unclear,absent,,young_adult_age_unclear,E2_no_post_sample,X,C-reactive protein was used for adjustment; no post-test biosample was described.,absent,,unclear,E2_no_post_sample,X,CRP 用于基线风险调整，未报告运动后生物样本；预测性能针对 COP，非免疫指标。,absent,DISAGREE,X,,absent,,young_adult_age_unclear,none,男性无明确年龄，留到全文；CRP 仅作风险调整、采样时点不明，不能据未报告判 E2 明确缺失，预测性能属 COP。,M,D
FS-005332,ADJ_sample,ADJUDICATION_SAMPLE_VERIFY,M,absent,young_adult_age_unclear,absent,,young_adult_age_unclear,none,M,,absent,,young_adult_age_unclear,none,M,仅训练前后两次急性测试，不符合重复监测；绝经后女性未给年龄范围。,absent,young_adult_age_unclear,M,,,,,,,M,B_C_consensus
FS-005334,V_confirm,HUMAN_CONFIRM_ALL,V,present,unclear,present,omics_discovery,unclear,,V,Untargeted serum metabolomics profiled alongside postexercise cytokines.,present,omics_discovery,unclear,,V,非靶向代谢组结合细胞因子研究抗炎平衡，符合免疫相关谱分析；未给人群描述。,present,unclear,V,,,,,,,V,B_C_consensus
FS-005337,ADJ_b235,ADJUDICATION_SAMPLE_VERIFY,X,unclear,clinical_or_infected_cohort,unclear,,clinical_or_infected_cohort,none,U,"Title gives no sampling time, named marker, or validation detail.",unclear,,unclear,none,U,无摘要；既往 SARS-CoV-2 感染不等于活动性感染，题名不足以判断 E5 和年龄。,unclear,DISAGREE,U,,unclear,,unclear,none,无摘要；既往感染不等于活动感染，题名不足确认年龄及 E5，核心要素无明确缺失。,U,D
FS-005364,MX_sample,HUMAN_SAMPLE_VERIFY,M,absent,adults_stated,absent,,young_adult_age_unclear,none,M,,absent,,young_adult_age_unclear,none,M,两种运动条件的急性与训练前后比较不构成重复监测；IL-6 具名且有急性后采样。,absent,young_adult_age_unclear,M,,,,,,,M,B_C_consensus
FS-005368,MX_sample,HUMAN_SAMPLE_VERIFY,X,absent,unclear,absent,,unclear,E2_no_post_sample,X,"Samples are timed to the intervention, with no identified bout-linked draw.",absent,,unclear,none,M,末次干预后有血样，六次训练并未逐次监测；仅称65名受试者。,absent,unclear,DISAGREE,,absent,,clinical_or_infected_cohort,none,题名明确包含肥胖队列，优先临床标签；干预前后及四周后仅比较代谢效果，采血与末次运动关系未明，不判 E2 缺失。,M,D
FS-005377,MX_sample,HUMAN_SAMPLE_VERIFY,M,absent,adults_stated,absent,,adults_stated,none,M,,absent,,adults_stated,none,M,明确20–35岁，单次骑行后活化 T 细胞及呼吸功能，无 E5。,absent,adults_stated,M,,,,,,,M,B_C_consensus
FS-005384,V_confirm,HUMAN_CONFIRM_ALL,V,present,young_adult_age_unclear,absent,omics_discovery,young_adult_age_unclear,,M,,absent,omics_discovery,young_adult_age_unclear,,M,仅PCR测六种预设miRNA及常规指标；心血管适应回归未报告验证性能，也非表现下降结局。,absent,young_adult_age_unclear,M,,,,,,,M,B_C_consensus
FS-005385,V_confirm,HUMAN_CONFIRM_ALL,V,present,young_adult_age_unclear,present,repeated_monitoring,young_adult_age_unclear,,V,Plasma markers tracked across three treadmill bouts.,present,repeated_monitoring,young_adult_age_unclear,,V,三次同样跑台运动相隔72小时，重复测CRP等指标；年龄仅均值±标准差。,present,young_adult_age_unclear,V,,,,,,,V,B_C_consensus
FS-005413,ADJ_sample,ADJUDICATION_SAMPLE_VERIFY,X,absent,young_adult_age_unclear,absent,,young_adult_age_unclear,none,M,,unclear,,young_adult_age_unclear,none,U,三个采样阶段用于训练方案效果比较，未明确个体监测；炎症指标未具名且变异仅定性描述，E5 信息不足。,DISAGREE,young_adult_age_unclear,DISAGREE,,absent,,young_adult_age_unclear,none,仅训练前后及一次赛后采样，变异为定性描述，无验证统计或下降关联；不符合 E5。,M,D
FS-005420,ADJ_sample,ADJUDICATION_SAMPLE_VERIFY,X,absent,clinical_or_infected_cohort,absent,,clinical_or_infected_cohort,E2_no_post_sample,X,"Phospholipids were measured before and after the programme, without bout-linked sampling.",absent,,young_adult_age_unclear,E2_no_post_sample,X,干预前后计划采样未说明单次运动后样本；八个预选磷脂与生活质量分析不是免疫组学发现。,absent,DISAGREE,X,,absent,,clinical_or_infected_cohort,E2_no_post_sample,肥胖女性队列优先临床标签；仅干预前后计划采样，没有可识别单次运动后样本，首项核心缺失 E2。,X,D
FS-005424,V_confirm,HUMAN_CONFIRM_ALL,V,present,young_adult_age_unclear,present,repeated_monitoring,young_adult_age_unclear,,V,Biochemical markers tracked five times across a 14-week training cycle.,present,repeated_monitoring,young_adult_age_unclear,,V,14周训练周期五次生化评估，含IL-6及TNF并明确系统观察目的。,present,young_adult_age_unclear,V,,,,,,,V,B_C_consensus
FS-005425,MX_sample,HUMAN_SAMPLE_VERIFY,M,absent,young_adult_age_unclear,absent,,young_adult_age_unclear,none,M,,absent,,young_adult_age_unclear,none,M,运动与静息交叉，氧化爆发与跑至力竭距离相关不构成实测表现下降。,absent,young_adult_age_unclear,M,,,,,,,M,B_C_consensus
FS-005434,V_confirm,HUMAN_CONFIRM_ALL,V,present,adults_stated,absent,omics_discovery,adults_stated,,M,,present,omics_discovery,young_adult_age_unclear,,V,光谱流式分析多种细胞来源EV谱，含CD45；成人但无数字年龄，单纯肥胖未作为疾病队列。,DISAGREE,DISAGREE,DISAGREE,,present,omics_discovery,clinical_or_infected_cohort,,肥胖队列系统分析多细胞来源 EV 表型谱，包含 CD45 白细胞囊泡，符合 EV profiling；代谢改善及条件交叉不加其他子类。,V,D
FS-005450,V_confirm,HUMAN_CONFIRM_ALL,V,present,young_adult_age_unclear,present,omics_discovery,young_adult_age_unclear,,V,Circulating miRNAs were profiled for inflammation-related candidates.,present,omics_discovery,young_adult_age_unclear,,V,生物信息学筛选和循环miRNA谱包含炎症通路；完赛时间差异未证明表现下降。,present,young_adult_age_unclear,V,,,,,,,V,B_C_consensus
FS-005458,V_confirm,HUMAN_CONFIRM_ALL,V,present,young_adult_age_unclear,present,metric_validation;omics_discovery,young_adult_age_unclear,,V,Untargeted metabolomics identified FAHFAs linked to circulating IL-6.,present,metric_validation;omics_discovery,young_adult_age_unclear,,V,非靶向代谢组引导脂质组发现FAHFA，并与IL-6反应关联；预测VO2max未报告性能统计。,present,young_adult_age_unclear,V,,,,,,,V,B_C_consensus
FS-005465,V_confirm,HUMAN_CONFIRM_ALL,V,present,young_adult_age_unclear,absent,metric_validation,young_adult_age_unclear,,M,,absent,metric_validation,young_adult_age_unclear,,M,仅定性称指标在参考范围内，未报告参考区间数值或阈值评估；一次赛事三个采样时点。,absent,young_adult_age_unclear,M,,,,,,,M,B_C_consensus
FS-005470,MX_sample,HUMAN_SAMPLE_VERIFY,X,absent,clinical_or_infected_cohort,absent,,adults_stated,none,M,,absent,,young_adult_age_unclear,none,M,末次运动1天及4天后组织采样；少数重塑蛋白检测非组学，肥胖未明确临床疾病。,absent,DISAGREE,M,,absent,,clinical_or_infected_cohort,none,明确肥胖成人队列，优先临床标签；末次运动 1、4 天后有组织样本，预选重塑蛋白非组学，无 E5。,M,D
FS-005486,V_confirm,HUMAN_CONFIRM_ALL,V,present,young_adult_age_unclear,absent,metric_validation;repeated_monitoring,young_adult_age_unclear,,M,,absent,metric_validation;repeated_monitoring,young_adult_age_unclear,,M,向心与两次离心为实验条件；仅称个体差异大，未给可靠性/变异统计；年龄均值±标准差。,absent,young_adult_age_unclear,M,,,,,,,M,B_C_consensus
FS-005488,V_confirm,HUMAN_CONFIRM_ALL,V,present,unclear,present,omics_discovery,young_adult_age_unclear,,V,PBMC microarray profiled miRNAs after the half marathon.,absent,omics_discovery,young_adult_age_unclear,,M,微阵列用于肌生成相关miRNA，未报告免疫相关发现目标；PBMC来源本身不构成免疫组学目的。,DISAGREE,young_adult_age_unclear,DISAGREE,,absent,,young_adult_age_unclear,,微阵列目的为肌生成 miRNA，缺免疫相关发现目标；PBMC 来源本身不足将其认定为免疫组学。,M,D
FS-005508,V_confirm,HUMAN_CONFIRM_ALL,V,present,young_adult_age_unclear,present,repeated_monitoring,young_adult_age_unclear,,V,CRP tracked after three games in the same players.,present,repeated_monitoring,young_adult_age_unclear,,V,同批球员三场比赛后连续跟踪CRP；与皮温关联非验证统计，未分析CRP与距离下降的关系。,present,young_adult_age_unclear,V,,,,,,,V,B_C_consensus
FS-005512,MX_sample,HUMAN_SAMPLE_VERIFY,M,absent,young_adult_age_unclear,absent,,young_adult_age_unclear,none,M,,absent,,young_adult_age_unclear,none,M,两个月经阶段条件实验，实际 HIIE 各一次非个体长期监测。,absent,young_adult_age_unclear,M,,,,,,,M,B_C_consensus
FS-005513,MX_sample,HUMAN_SAMPLE_VERIFY,M,absent,young_adult_age_unclear,absent,,young_adult_age_unclear,none,M,,absent,,young_adult_age_unclear,none,M,两种空气条件，性能与炎症分别比较；无实际指标–表现下降分析。,absent,young_adult_age_unclear,M,,,,,,,M,B_C_consensus
FS-005516,V_confirm,HUMAN_CONFIRM_ALL,V,present,young_adult_age_unclear,present,metric_validation,young_adult_age_unclear,,V,A normative range for plasma immunoglobulins is reported.,present,metric_validation,young_adult_age_unclear,,V,实际报告并对照IgA/IgG正常区间35–250 MU/ml；各人只完成一种运动方案。,present,young_adult_age_unclear,V,,,,,,,V,B_C_consensus
FS-005527,MX_sample,HUMAN_SAMPLE_VERIFY,M,absent,young_adult_age_unclear,absent,,young_adult_age_unclear,none,M,,absent,,young_adult_age_unclear,none,M,两种补充剂交叉比较细胞因子，非监测；未报告体能与指标分析。,absent,young_adult_age_unclear,M,,,,,,,M,B_C_consensus
FS-005528,V_confirm,HUMAN_CONFIRM_ALL,V,present,unclear,present,omics_discovery,young_adult_age_unclear,,V,"Whole-blood RNA sequencing screened for exercise-responsive biomarkers, including neutrophils.",present,omics_discovery,young_adult_age_unclear,,V,运动前后全血RNA-seq筛选适应标记并解析中性粒细胞来源信号。,present,young_adult_age_unclear,V,,,,,,,V,B_C_consensus
FS-005557,MX_sample,HUMAN_SAMPLE_VERIFY,M,absent,unclear,absent,,young_adult_age_unclear,none,M,,absent,,young_adult_age_unclear,none,M,健康人运动前后白细胞黏附，离体加药仍属人类来源；未有验证或临床结局分析。,absent,young_adult_age_unclear,M,,,,,,,M,B_C_consensus
FS-005605,V_confirm,HUMAN_CONFIRM_ALL,V,present,young_adult_age_unclear,present,outcome_linkage,young_adult_age_unclear,,V,Post-exercise IL-6 was correlated with measured force production.,present,outcome_linkage,young_adult_age_unclear,,V,实测力输出下降并将等长力输出与IL-6相关分析；两组年龄仅均值±标准差。,present,young_adult_age_unclear,V,,,,,,,V,B_C_consensus
FS-005607,V_confirm,HUMAN_CONFIRM_ALL,V,present,unclear,present,metric_validation;repeated_monitoring,young_adult_age_unclear,,V,Biomarker reliability was reported as coefficients of variation across two tests.,present,metric_validation;repeated_monitoring,unclear,,V,报告NGAL等标记的可靠性CV范围；仅两次热应激测试，不能加重复监测，未给年龄。,present,DISAGREE,V,,present,metric_validation,young_adult_age_unclear,,男性无明确年龄，留到全文；报告 NGAL 等可靠性 CV 范围，仅两次测试不计 repeated_monitoring。,V,D
FS-005624,V_confirm,HUMAN_CONFIRM_ALL,V,present,young_adult_age_unclear,present,outcome_linkage,young_adult_age_unclear,,V,Postexercise force was measured and correlated with PBMC respiration.,present,outcome_linkage,young_adult_age_unclear,,V,实际等长力输出下降与PBMC呼吸功能相关；三种收缩模式是条件比较，不加重复监测。,present,young_adult_age_unclear,V,,,,,,,V,B_C_consensus
FS-005630,ADJ_sample,ADJUDICATION_SAMPLE_VERIFY,M,absent,young_adult_age_unclear,absent,,young_adult_age_unclear,none,M,,absent,,young_adult_age_unclear,none,M,干预前后两次运动测试，临床症状和细胞因子按处理条件分别比较，未作标志物结局关联；年龄仅均值。,absent,young_adult_age_unclear,M,,,,,,,M,B_C_consensus
FS-005632,ADJ_sample,ADJUDICATION_SAMPLE_VERIFY,M,absent,young_adult_age_unclear,absent,,young_adult_age_unclear,none,M,,absent,,young_adult_age_unclear,none,M,单次运动、靶向细胞因子及胃肠症状分别比较，没有标志物与实际症状的关联分析。,absent,young_adult_age_unclear,M,,,,,,,M,B_C_consensus
FS-005668,MX_sample,HUMAN_SAMPLE_VERIFY,M,absent,young_adult_age_unclear,absent,,young_adult_age_unclear,none,M,,absent,,young_adult_age_unclear,none,M,单段与同日双段运动的两种条件实验，非重复监测。,absent,young_adult_age_unclear,M,,,,,,,M,B_C_consensus
FS-005676,MX_sample,HUMAN_SAMPLE_VERIFY,M,absent,young_adult_age_unclear,absent,,young_adult_age_unclear,none,M,,absent,,young_adult_age_unclear,none,M,两种药物条件，胃肠症状与免疫指标分别比较，未直接关联分析。,absent,young_adult_age_unclear,M,,,,,,,M,B_C_consensus
FS-005680,ADJ_sample,ADJUDICATION_SAMPLE_VERIFY,X,absent,young_adult_age_unclear,absent,,young_adult_age_unclear,E2_no_post_sample,X,Cross-sectional blood measures were not linked to post-exercise sampling.,absent,,clinical_or_infected_cohort,E2_no_post_sample,X,横断运动习惯、口腔检查及血液资料没有单次运动后采样；正常参考范围和临床分组界值并非血液指标验证。,absent,DISAGREE,X,,absent,,clinical_or_infected_cohort,E2_no_post_sample,队列含牙周炎体征，优先临床标签；横断血液与口腔资料无运动后采样，首项核心缺失 E2。,X,D
FS-005694,ADJ_sample,ADJUDICATION_SAMPLE_VERIFY,M,absent,young_adult_age_unclear,absent,,young_adult_age_unclear,none,M,,absent,,young_adult_age_unclear,none,M,三个周期条件是实验比较，均值、标准差和效应量并非可靠性验证。,absent,young_adult_age_unclear,M,,,,,,,M,B_C_consensus
FS-005696,MX_sample,HUMAN_SAMPLE_VERIFY,M,absent,young_adult_age_unclear,absent,,young_adult_age_unclear,none,M,,absent,,young_adult_age_unclear,none,M,两场比赛后 CRP 监测不达三次；心肌功能与心脏标志物分析非免疫–所列结局关联。,absent,young_adult_age_unclear,M,,,,,,,M,B_C_consensus
FS-005701,V_confirm,HUMAN_CONFIRM_ALL,V,present,young_adult_age_unclear,present,repeated_monitoring,young_adult_age_unclear,,V,Salivary IgA was tracked across matches over six weeks for individual monitoring.,present,repeated_monitoring,young_adult_age_unclear,,V,六周逐场比赛前后测sIgA，明确用于个人黏膜免疫监测；均值±标准差年龄。,present,young_adult_age_unclear,V,,,,,,,V,B_C_consensus
FS-005719,V_confirm,HUMAN_CONFIRM_ALL,V,present,young_adult_age_unclear,present,omics_discovery,young_adult_age_unclear,,V,Single-cell RNA sequencing profiled exercise-mobilized immune cells.,present,omics_discovery,young_adult_age_unclear,,V,健康供者运动动员NKT细胞的单细胞转录组分析；体外肿瘤杀伤非临床患病结局。,present,young_adult_age_unclear,V,,,,,,,V,B_C_consensus
FS-005727,V_confirm,HUMAN_CONFIRM_ALL,V,present,adults_stated,present,metric_validation,adults_stated,,V,Intercompartment ICCs were reported for inflammatory markers.,absent,metric_validation,young_adult_age_unclear,,M,ICC仅被定性分为好/中等/弱，未报告系数值或阈值统计；成人描述无数字年龄。,DISAGREE,DISAGREE,DISAGREE,,present,metric_validation,young_adult_age_unclear,,报告毛细与静脉免疫标志物 ICC 的好、中等、弱结果，属于已实施并报告的一致性统计；未给数字年龄。,V,D
FS-005733,MX_sample,HUMAN_SAMPLE_VERIFY,M,absent,young_adult_age_unclear,absent,,young_adult_age_unclear,none,M,,absent,,young_adult_age_unclear,none,M,单次离心运动后10天组织，炎性细胞浸润具名；糖原及损伤非所列结局关联。,absent,young_adult_age_unclear,M,,,,,,,M,B_C_consensus
FS-005739,V_confirm,HUMAN_CONFIRM_ALL,V,present,unclear,present,metric_validation,young_adult_age_unclear,,V,TNF-alpha predictive AUC reported; blood sampling relative to treadmill test unstated.,present,metric_validation,young_adult_age_unclear,,V,TNF-α预测异常左室质量的ROC AUC=0.78实际报告。,present,young_adult_age_unclear,V,,,,,,,V,B_C_consensus
FS-005741,ADJ_sample,ADJUDICATION_SAMPLE_VERIFY,V,present,young_adult_age_unclear,present,omics_discovery,clinical_or_infected_cohort,none,V,Proteomics profiled cytokines and identified underexplored serum exerkines.,present,omics_discovery,young_adult_age_unclear,none,V,92 个炎症蛋白的探索性蛋白组学及新候选 exerkine 发现符合组学；年龄仅均值及标准差。,present,DISAGREE,V,,present,omics_discovery,clinical_or_infected_cohort,none,肥胖队列优先临床标签；明确 92 因子探索性蛋白组发现新 exerkine，符合 E5，运动后采样已说明。,V,D
FS-005742,MX_sample,HUMAN_SAMPLE_VERIFY,M,absent,young_adult_age_unclear,absent,,young_adult_age_unclear,none,M,,absent,,young_adult_age_unclear,none,M,两种补充条件实验；RPE 改善归因代谢，未报告免疫指标关联或组学。,absent,young_adult_age_unclear,M,,,,,,,M,B_C_consensus
FS-005745,MX_sample,HUMAN_SAMPLE_VERIFY,M,absent,young_adult_age_unclear,absent,,young_adult_age_unclear,none,M,,absent,,young_adult_age_unclear,none,M,只在第一及第四训练采 IL-6；伤害和体能与睡眠变量分析，未与免疫指标分析。,absent,young_adult_age_unclear,M,,,,,,,M,B_C_consensus
FS-005755,MX_sample,HUMAN_SAMPLE_VERIFY,M,absent,young_adult_age_unclear,absent,,young_adult_age_unclear,none,M,,absent,,young_adult_age_unclear,none,M,三种开心果剂量交叉设计；力量与 CRP 分别比较，无直接关联分析。,absent,young_adult_age_unclear,M,,,,,,,M,B_C_consensus
FS-005762,MX_sample,HUMAN_SAMPLE_VERIFY,M,absent,unclear,absent,,young_adult_age_unclear,none,M,,absent,,young_adult_age_unclear,none,M,有亚组运动后采样；免疫指数与一般体能相关，未实测表现下降。,absent,young_adult_age_unclear,M,,,,,,,M,B_C_consensus
FS-005765,MX_sample,HUMAN_SAMPLE_VERIFY,M,absent,adults_stated,absent,,adults_stated,none,M,,absent,,young_adult_age_unclear,none,M,补充剂干预及预测微生物代谢通路，未发现免疫相关组学候选；成人描述无年龄范围。,absent,DISAGREE,M,,absent,,young_adult_age_unclear,none,健康成人描述无数字年龄，留到全文；预测菌群代谢通路未做免疫相关候选发现，无 E5。,M,D
FS-005770,V_confirm,HUMAN_CONFIRM_ALL,V,present,young_adult_age_unclear,absent,omics_discovery,young_adult_age_unclear,,M,,present,omics_discovery,young_adult_age_unclear,,V,LC-MS/MS分析参与炎症免疫反应的氧脂素与内源性大麻素谱。,DISAGREE,young_adult_age_unclear,DISAGREE,,present,omics_discovery,young_adult_age_unclear,,明确炎症免疫脂质介质目的，以 LC-MS/MS 分析氧脂素及内源性大麻素谱，符合候选谱发现。,V,D
FS-005773,V_confirm,HUMAN_CONFIRM_ALL,V,present,unclear,absent,omics_discovery,young_adult_age_unclear,,M,,present,omics_discovery,young_adult_age_unclear,,V,Sportomics炎症蛋白联合谱及互作网络用于免疫候选发现；样本数不能证明个体重复监测。,DISAGREE,young_adult_age_unclear,DISAGREE,,present,omics_discovery,young_adult_age_unclear,,以 Sportomics 炎症蛋白联合谱及互作网络识别免疫候选，符合发现；687 样本本身不证明个体重复监测。,V,D
FS-005777,MX_sample,HUMAN_SAMPLE_VERIFY,M,absent,unclear,absent,,young_adult_age_unclear,none,M,,absent,,young_adult_age_unclear,none,M,单场不间断超马，退赛及炎症均报告但未分析退赛与指标关系。,absent,young_adult_age_unclear,M,,,,,,,M,B_C_consensus
FS-005806,MX_sample,HUMAN_SAMPLE_VERIFY,M,absent,young_adult_age_unclear,absent,,young_adult_age_unclear,none,M,,absent,,young_adult_age_unclear,none,M,冷水、桑拿等恢复条件比较，非个体长期监测；细胞因子变化无所列结局分析。,absent,young_adult_age_unclear,M,,,,,,,M,B_C_consensus
FS-005824,ADJ_sample,ADJUDICATION_SAMPLE_VERIFY,M,absent,young_adult_age_unclear,absent,,young_adult_age_unclear,none,M,,absent,,young_adult_age_unclear,none,M,六个月干预前后两次运动测试不属于重复监测；未报告年龄范围。,absent,young_adult_age_unclear,M,,,,,,,M,B_C_consensus
FS-005855,ADJ_sample,ADJUDICATION_SAMPLE_VERIFY,M,absent,adults_stated,absent,,adults_stated,none,M,,absent,,young_adult_age_unclear,none,M,两个咖啡因条件的急性 IL-6 与乳酸变化无 E5；年龄仅均值及标准差。,absent,DISAGREE,M,,absent,,young_adult_age_unclear,none,年龄仅 25±7 岁，留到全文；两咖啡因条件的急性 IL-6 与乳酸变化无 E5。,M,D
FS-005856,V_confirm,HUMAN_CONFIRM_ALL,V,present,young_adult_age_unclear,present,omics_discovery,young_adult_age_unclear,,V,Single-cell RNA sequencing profiled exercise-responsive T-cell clones.,present,omics_discovery,young_adult_age_unclear,,V,深度TCR测序及单细胞RNA谱发现运动响应T细胞克隆；病毒抗原特异性非实测感染结局。,present,young_adult_age_unclear,V,,,,,,,V,B_C_consensus
FS-005864,V_confirm,HUMAN_CONFIRM_ALL,V,present,unclear,absent,omics_discovery,young_adult_age_unclear,,M,,present,omics_discovery,unclear,,V,深度TCR-β测序分析抗原特异性免疫细胞谱；既往感染不代表活动感染，未给年龄。,DISAGREE,DISAGREE,DISAGREE,,present,omics_discovery,young_adult_age_unclear,,深度 TCR-β 测序发现运动动员抗原特异 T 细胞的受体谱，符合免疫相关发现；既往感染不等于活动感染。,V,D
FS-005870,V_confirm,HUMAN_CONFIRM_ALL,V,present,young_adult_age_unclear,present,omics_discovery,young_adult_age_unclear,,V,Circulating EV-associated miRNAs were profiled for inflammatory effects.,present,omics_discovery,young_adult_age_unclear,,V,EV来源和EV-miRNA谱用于免疫相关发现，并测试巨噬细胞炎症作用。,present,young_adult_age_unclear,V,,,,,,,V,B_C_consensus
FS-005877,V_confirm,HUMAN_CONFIRM_ALL,V,present,unclear,absent,outcome_linkage,young_adult_age_unclear,,M,,absent,outcome_linkage,young_adult_age_unclear,,M,感染易感性只出现在讨论推测，未测实际感染结局。,absent,young_adult_age_unclear,M,,,,,,,M,B_C_consensus
FS-005884,V_confirm,HUMAN_CONFIRM_ALL,V,present,unclear,present,omics_discovery,young_adult_age_unclear,,V,Plasma metabolomics profiled candidates for stated immunological reactions.,absent,omics_discovery,young_adult_age_unclear,,M,代谢物和激素谱未识别免疫相关候选物；食物免疫反应仅笼统描述，未给免疫组学结果。,DISAGREE,young_adult_age_unclear,DISAGREE,,present,omics_discovery,young_adult_age_unclear,,明确研究免疫反应并采用质谱代谢谱发现；候选结果不显著或偏代谢不取消已实施的免疫目的谱研究。,V,D
FS-005886,ADJ_sample,ADJUDICATION_SAMPLE_VERIFY,X,absent,clinical_or_infected_cohort,absent,,clinical_or_infected_cohort,none,M,,absent,,clinical_or_infected_cohort,E4_population,X,三个运动条件及三个预选基因不符合重复监测或组学发现；纳入 2 型糖尿病人群。,absent,clinical_or_infected_cohort,DISAGREE,,absent,,clinical_or_infected_cohort,none,三运动条件为随机交叉，三个预选基因非组学发现；临床人群不自动作核心缺失。,M,D
FS-005887,V_confirm,HUMAN_CONFIRM_ALL,V,present,unclear,present,repeated_monitoring,young_adult_age_unclear,,V,TNF and IL6 markers tracked across three identified bouts.,present,repeated_monitoring,young_adult_age_unclear,,V,同批健康男性跨基线、补充剂三周及八周训练后的三次运动追踪免疫基因；靶向两基因不是表观组谱。,present,young_adult_age_unclear,V,,,,,,,V,B_C_consensus
FS-005899,V_confirm,HUMAN_CONFIRM_ALL,V,present,unclear,absent,outcome_linkage,unclear,,M,,absent,outcome_linkage,unclear,,M,上呼吸道感染仅为轶闻和推测，未实际测量或分析；人群描述不足。,absent,unclear,M,,,,,,,M,B_C_consensus
FS-005905,V_confirm,HUMAN_CONFIRM_ALL,V,present,unclear,present,metric_validation;repeated_monitoring,unclear,,V,ICC reliability statistics reported for immune markers.,present,metric_validation;repeated_monitoring,unclear,,V,明确报告IL-1ra、IL-10、LBP等ICC值；两次HIIT非重复监测，16S微生物分类不计入所列免疫组学。,present,unclear,V,,,,,,,V,B_C_consensus
FS-005906,ADJ_sample,ADJUDICATION_SAMPLE_VERIFY,X,absent,clinical_or_infected_cohort,absent,,clinical_or_infected_cohort,none,M,,present,outcome_linkage,clinical_or_infected_cohort,E4_population,X,研究在实际运动或过敏原诱发哮喘后分析 Paf 生成，阴性结果属于疾病结局关联；为哮喘临床队列。,DISAGREE,clinical_or_infected_cohort,DISAGREE,,absent,,clinical_or_infected_cohort,none,仅比较哮喘组/健康组及挑战后 Paf，无实测疾病结局与标志物关联分析；临床标签不作核心缺失。,M,D
FS-005914,V_confirm,HUMAN_CONFIRM_ALL,V,present,young_adult_age_unclear,absent,outcome_linkage,young_adult_age_unclear,,M,,absent,outcome_linkage,young_adult_age_unclear,,M,URTI与sIgA各自按组分析，未报告二者关联；采样只连到最后一次训练。,absent,young_adult_age_unclear,M,,,,,,,M,B_C_consensus
FS-005921,MX_sample,HUMAN_SAMPLE_VERIFY,M,absent,young_adult_age_unclear,absent,,young_adult_age_unclear,none,M,,absent,,young_adult_age_unclear,none,M,三种水合条件交叉非监测，白细胞与 CRP 具名。,absent,young_adult_age_unclear,M,,,,,,,M,B_C_consensus
FS-005922,MX_sample,HUMAN_SAMPLE_VERIFY,M,absent,young_adult_age_unclear,absent,,young_adult_age_unclear,none,M,,absent,,young_adult_age_unclear,none,M,冷疗与无冷疗两条件比较，无个体监测或验证；年龄仅均值和离散值。,absent,young_adult_age_unclear,M,,,,,,,M,B_C_consensus
FS-005931,V_confirm,HUMAN_CONFIRM_ALL,V,present,young_adult_age_unclear,present,omics_discovery;repeated_monitoring,young_adult_age_unclear,,V,Untargeted proteomics identified immune-related plasma proteins.,present,omics_discovery;repeated_monitoring,young_adult_age_unclear,,V,非靶向蛋白组发现多种免疫蛋白变化；两个补充剂条件交叉不计监测，跑者未给年龄。,present,young_adult_age_unclear,V,,,,,,,V,B_C_consensus
FS-005939,V_confirm,HUMAN_CONFIRM_ALL,V,present,young_adult_age_unclear,present,omics_discovery,young_adult_age_unclear,,V,Single-cell sequencing profiled exercise-mobilized immune cells.,present,omics_discovery,young_adult_age_unclear,,V,健康人运动动员细胞的单细胞RNA谱含免疫基因集；后续小鼠肿瘤结局不计人体结局关联。,present,young_adult_age_unclear,V,,,,,,,V,B_C_consensus
FS-005950,V_confirm,HUMAN_CONFIRM_ALL,V,present,unclear,present,omics_discovery,unclear,,V,Single-cell sequencing profiled immune cells after exercise.,present,omics_discovery,unclear,,V,CPX或马拉松后的PBMC时间序列单细胞谱；未明确受试者年龄或健康身份。,present,unclear,V,,,,,,,V,B_C_consensus
FS-005966,V_confirm,HUMAN_CONFIRM_ALL,V,present,young_adult_age_unclear,present,omics_discovery,young_adult_age_unclear,,V,Salivary proteomics identified immune-related proteins after the race.,present,omics_discovery,young_adult_age_unclear,,V,唾液iTRAQ发现IGHA1及抗菌蛋白受抑；健康女大学生未给年龄范围。,present,young_adult_age_unclear,V,,,,,,,V,B_C_consensus
FS-005971,V_confirm,HUMAN_CONFIRM_ALL,V,present,young_adult_age_unclear,present,metric_validation,young_adult_age_unclear,,V,WBC prediction errors reported; timing relative to an identifiable bout is unclear.,present,metric_validation,young_adult_age_unclear,,V,随机森林经交叉验证，报告白细胞预测RMSE、MAE、R²等性能统计；健康人未给年龄。,present,young_adult_age_unclear,V,,,,,,,V,B_C_consensus
FS-005990,V_confirm,HUMAN_CONFIRM_ALL,V,present,unclear,absent,omics_discovery,unclear,,M,,present,omics_discovery,unclear,,V,cfDNA甲基化及组蛋白谱确定中性粒细胞来源，属免疫相关来源发现；人群年龄未述。,DISAGREE,unclear,DISAGREE,,present,omics_discovery,unclear,,cfDNA 甲基化与组蛋白谱发现运动后中性粒细胞来源，符合免疫相关表观组学发现；无明确人口描述。,V,D
FS-005991,V_confirm,HUMAN_CONFIRM_ALL,V,present,unclear,present,repeated_monitoring,young_adult_age_unclear,,V,CRP was tracked after eight matches in the same footballers.,present,repeated_monitoring,young_adult_age_unclear,,V,同批球员八场比赛后连续采CRP；功能测试与CRP未报告关联分析。,present,young_adult_age_unclear,V,,,,,,,V,B_C_consensus
FS-005999,MX_sample,HUMAN_SAMPLE_VERIFY,M,absent,unclear,absent,,unclear,none,M,,absent,,unclear,none,M,两种补充条件交叉，单次间歇协议；仅男女样本人数，无年龄健康描述。,absent,unclear,M,,,,,,,M,B_C_consensus
FS-006008,V_confirm,HUMAN_CONFIRM_ALL,V,present,young_adult_age_unclear,present,repeated_monitoring,young_adult_age_unclear,,V,Markers were tracked across three treadmill runs.,present,repeated_monitoring,young_adult_age_unclear,,V,三次跑台运动前后追踪CRP、白细胞及抗氧化反应；相同个体跨次监测。,present,young_adult_age_unclear,V,,,,,,,V,B_C_consensus
FS-006018,V_confirm,HUMAN_CONFIRM_ALL,V,present,unclear,present,omics_discovery,unclear,,V,Leukocyte transcriptome profiling identified candidate immune genes after exercise.,present,omics_discovery,unclear,,V,运动后白细胞表达数据的差异基因及网络发现；外部数据验证未报告性能统计。,present,unclear,V,,,,,,,V,B_C_consensus
FS-006024,V_confirm,HUMAN_CONFIRM_ALL,V,present,young_adult_age_unclear,present,omics_discovery,young_adult_age_unclear,,V,Metabolomic profiling identified inflammatory markers after cycling.,present,omics_discovery,young_adult_age_unclear,,V,代谢谱包括亚油酸炎症通路，并结合实际先天免疫功能分析。,present,young_adult_age_unclear,V,,,,,,,V,B_C_consensus
FS-006034,V_confirm,HUMAN_CONFIRM_ALL,V,present,adults_stated,absent,omics_discovery,adults_stated,,M,,present,omics_discovery,adults_stated,,V,76种氧脂素谱用于炎症消退候选发现；性能下降与免疫指标未作关联；年龄18–50岁。,DISAGREE,adults_stated,DISAGREE,,present,omics_discovery,adults_stated,,18–50 岁成人，76 种氧脂素谱探索炎症消退候选；实际表现下降未与免疫指标关联，只计组学。,V,D
FS-006048,MX_sample,HUMAN_SAMPLE_VERIFY,X,absent,clinical_or_infected_cohort,absent,,clinical_or_infected_cohort,none,M,,absent,,unclear,none,M,一次运动/静息比较 IL-6 与食欲；食欲非所列结局，只有体重类别及男性描述。,absent,DISAGREE,M,,absent,,clinical_or_infected_cohort,none,明确含肥胖男性组，优先临床标签；IL-6 与食欲机制不属于规定结局，无 E5。,M,D
FS-006077,ADJ_sample,ADJUDICATION_SAMPLE_VERIFY,M,absent,young_adult_age_unclear,absent,,young_adult_age_unclear,none,M,,absent,,young_adult_age_unclear,none,M,六周训练前后急性测试及靶向细胞凋亡测量不符合 E5；表现改善未作下降关联。,absent,young_adult_age_unclear,M,,,,,,,M,B_C_consensus
FS-006111,MX_sample,HUMAN_SAMPLE_VERIFY,M,absent,young_adult_age_unclear,absent,,young_adult_age_unclear,none,M,,absent,,young_adult_age_unclear,none,M,三次短冲刺为同一急性协议，非独立三次个体监测；健康者无年龄。,absent,young_adult_age_unclear,M,,,,,,,M,B_C_consensus
FS-006114,V_confirm,HUMAN_CONFIRM_ALL,V,present,young_adult_age_unclear,absent,repeated_monitoring,young_adult_age_unclear,,M,,present,repeated_monitoring,young_adult_age_unclear,,V,两个月课程基线、中期及末期跟踪SIgA；不限于两次比赛的急性样本。,DISAGREE,young_adult_age_unclear,DISAGREE,,present,repeated_monitoring,young_adult_age_unclear,,两个月格斗课程基线、中期及末期跟踪同人 sIgA，另有比赛后样本，符合跨训练期监测。,V,D
FS-006131,MX_sample,HUMAN_SAMPLE_VERIFY,M,absent,adults_stated,absent,,adults_stated,none,M,,present,omics_discovery,adults_stated,none,V,明确20–35岁；探索25个炎症标志物谱以识别 SLPI、MMP-9 候选，条件交叉非重复监测。,DISAGREE,adults_stated,DISAGREE,,present,omics_discovery,adults_stated,none,20–35 岁成人；25 项炎症蛋白联合谱识别 SLPI/MMP-9 候选，符合免疫相关 profiling；四条件随机交叉非监测。,V,D
FS-006132,ADJ_sample,ADJUDICATION_SAMPLE_VERIFY,M,absent,young_adult_age_unclear,absent,,young_adult_age_unclear,none,M,,absent,,young_adult_age_unclear,none,M,两个氧环境条件的 TLR4 机制及体征关联无 E5；人体实际运动队列非纯体外研究。,absent,young_adult_age_unclear,M,,,,,,,M,B_C_consensus
FS-006136,ADJ_sample,ADJUDICATION_SAMPLE_VERIFY,V,present,young_adult_age_unclear,present,repeated_monitoring,young_adult_age_unclear,none,V,Immune markers tracked across three exercise tests over six months.,absent,,young_adult_age_unclear,none,M,六个月补充干预的三次测试用于条件效果比较，未明确个体监测目的；表现与免疫结果未作关联。,DISAGREE,young_adult_age_unclear,DISAGREE,,absent,,young_adult_age_unclear,none,补充剂/安慰剂交叉的三次阶段测试属条件效果实验，非个体监测；无所列结局关联或验证统计。,M,D
FS-006144,V_confirm,HUMAN_CONFIRM_ALL,V,present,unclear,present,metric_validation;outcome_linkage;repeated_monitoring,unclear,,V,Immune-cell reproducibility assessed with intraclass correlations and smallest real difference.,absent,metric_validation;outcome_linkage;repeated_monitoring,unclear,,M,ICC、最小真实差异及Bland-Altman只作定性描述，未报告验证数值；过度训练是未来用途。,DISAGREE,unclear,DISAGREE,,present,metric_validation,young_adult_age_unclear,,实际报告 ICC 可靠性等级、最小真实差异及 Bland–Altman 重复性结果，符合验证；过度训练仅未来用途。,V,D
FS-006154,V_confirm,HUMAN_CONFIRM_ALL,V,present,adults_stated,absent,omics_discovery;repeated_monitoring,adults_stated,,M,,present,omics_discovery;repeated_monitoring,young_adult_age_unclear,,V,细胞特异DNA甲基化谱发现cfDNA主要中性粒细胞来源；成人但无数字年龄，条件交叉非监测。,DISAGREE,DISAGREE,DISAGREE,,present,omics_discovery,young_adult_age_unclear,,细胞特异 DNA 甲基化谱发现 cfDNA 中性粒细胞来源；实验条件交叉不计监测，成人描述无数字年龄。,V,D
FS-006172,ADJ_sample,ADJUDICATION_SAMPLE_VERIFY,M,absent,young_adult_age_unclear,absent,,young_adult_age_unclear,none,M,,unclear,,young_adult_age_unclear,none,U,公共数据库通路分析未明确所用组学谱及发现设计，E5 信息不足；人类为中年但无数字年龄。,DISAGREE,young_adult_age_unclear,DISAGREE,,unclear,,young_adult_age_unclear,none,人体与动物均有；公共数据库通路分析未说明是否组学发现，E5 信息不足，不能推定核心缺失。,U,D
FS-006184,V_confirm,HUMAN_CONFIRM_ALL,V,present,young_adult_age_unclear,present,omics_discovery,young_adult_age_unclear,,V,EV proteomics identified innate immune proteins after exercise.,present,omics_discovery,young_adult_age_unclear,,V,定量sEV蛋白组发现先天免疫相关蛋白及DAMPs；健康男性无明确年龄范围。,present,young_adult_age_unclear,V,,,,,,,V,B_C_consensus
FS-006191,V_confirm,HUMAN_CONFIRM_ALL,V,present,unclear,present,repeated_monitoring,young_adult_age_unclear,,V,CRP was tracked after six competitive matches.,present,repeated_monitoring,young_adult_age_unclear,,V,19周内六场比赛后跟踪CRP；URS和CRP分别按阶段比较，未分析二者关系。,present,young_adult_age_unclear,V,,,,,,,V,B_C_consensus
FS-006214,V_confirm,HUMAN_CONFIRM_ALL,V,present,unclear,absent,metric_validation,unclear,,M,,absent,metric_validation,unclear,,M,相对力量对cfDNA变化的回归R²是生理关联，未验证免疫指标诊断/预测性能；一场深蹲多时点。,absent,unclear,M,,,,,,,M,B_C_consensus
FS-006215,V_confirm,HUMAN_CONFIRM_ALL,V,present,young_adult_age_unclear,present,omics_discovery,young_adult_age_unclear,,V,EV miRNA profiling found inflammatory pathways; no immune objective or measured immune marker stated.,present,omics_discovery,young_adult_age_unclear,,V,EV RNA测序发现34种miRNA及八类炎症通路，明确报告免疫功能相关候选谱。,present,young_adult_age_unclear,V,,,,,,,V,B_C_consensus
FS-006217,ADJ_sample,ADJUDICATION_SAMPLE_VERIFY,M,absent,young_adult_age_unclear,absent,,young_adult_age_unclear,none,M,,absent,,young_adult_age_unclear,none,M,实测流感样症状及抗体分别按运动或既往接种组比较，未分析免疫指标与患病的关联；未明确个体多周抗体监测。,absent,young_adult_age_unclear,M,,,,,,,M,B_C_consensus
FS-006218,V_confirm,HUMAN_CONFIRM_ALL,V,present,young_adult_age_unclear,present,omics_discovery;repeated_monitoring,young_adult_age_unclear,,V,Serum proteomics profiled immune proteins across two exercise bouts.,present,omics_discovery;repeated_monitoring,young_adult_age_unclear,,V,二维凝胶血清蛋白组发现补体C3、结合珠蛋白和IgM等免疫候选物；两月经条件不计监测。,present,young_adult_age_unclear,V,,,,,,,V,B_C_consensus
FS-006222,MX_sample,HUMAN_SAMPLE_VERIFY,M,absent,young_adult_age_unclear,absent,,young_adult_age_unclear,none,M,,absent,,young_adult_age_unclear,none,M,两种运动后预选抗氧化酶及 MPO，非组学或重复监测；健康志愿者无年龄范围。,absent,young_adult_age_unclear,M,,,,,,,M,B_C_consensus
FS-006230,MX_sample,HUMAN_SAMPLE_VERIFY,M,absent,young_adult_age_unclear,absent,,young_adult_age_unclear,none,M,,absent,,young_adult_age_unclear,none,M,黑醋栗与安慰剂条件，少数 HSP 和炎性蛋白非组学谱分析。,absent,young_adult_age_unclear,M,,,,,,,M,B_C_consensus
FS-006233,V_confirm,HUMAN_CONFIRM_ALL,V,present,unclear,present,omics_discovery,young_adult_age_unclear,,V,Blood transcriptomics profiled immune pathways after a match.,present,omics_discovery,young_adult_age_unclear,,V,一场手球赛前后全血转录组及免疫/炎症通路分析；赛季外负荷记录不等于跨场采样。,present,young_adult_age_unclear,V,,,,,,,V,B_C_consensus
FS-006242,V_confirm,HUMAN_CONFIRM_ALL,V,present,unclear,absent,metric_validation,young_adult_age_unclear,,M,,absent,metric_validation,young_adult_age_unclear,,M,预测阈值属于肌肉生物阻抗，关联对象为CK/LDH；未报告CRP与表现下降的分析。,absent,young_adult_age_unclear,M,,,,,,,M,B_C_consensus
FS-006247,V_confirm,HUMAN_CONFIRM_ALL,V,present,unclear,present,omics_discovery;repeated_monitoring,young_adult_age_unclear,,V,Inflammation-associated serum miRNAs were profiled after two exercise sessions.,present,omics_discovery;repeated_monitoring,young_adult_age_unclear,,V,24种循环miRNA谱包括炎症相关候选；两种训练条件不属重复监测。,present,young_adult_age_unclear,V,,,,,,,V,B_C_consensus
FS-006250,V_confirm,HUMAN_CONFIRM_ALL,V,present,unclear,present,omics_discovery,young_adult_age_unclear,,V,Plasma proteomics profiled immune-related proteins during recovery.,present,omics_discovery,young_adult_age_unclear,,V,高原跑步后多组学谱含明确免疫系统蛋白变化；运动员无年龄范围。,present,young_adult_age_unclear,V,,,,,,,V,B_C_consensus
FS-006259,V_confirm,HUMAN_CONFIRM_ALL,V,present,unclear,absent,metric_validation,young_adult_age_unclear,,M,,absent,metric_validation,young_adult_age_unclear,,M,温度预测sCD14等的回归属于生理关联，未验证免疫指标性能；症状未与免疫指标直接分析。,absent,young_adult_age_unclear,M,,,,,,,M,B_C_consensus
FS-006260,V_confirm,HUMAN_CONFIRM_ALL,V,present,unclear,present,omics_discovery,young_adult_age_unclear,,V,Muscle microarrays profiled immune-cell signatures after resistance exercise.,present,omics_discovery,young_adult_age_unclear,,V,肌肉微阵列转录组用免疫细胞签名解析先天免疫浸润；年龄仅年轻/老年描述。,present,young_adult_age_unclear,V,,,,,,,V,B_C_consensus
FS-006263,V_confirm,HUMAN_CONFIRM_ALL,V,present,unclear,present,omics_discovery,unclear,,V,Immune-cell transcriptomics reported; blood collection timing relative to exercise cessation is unstated.,present,omics_discovery,unclear,,V,运动动员γδ T细胞的转录组谱发现效应功能；人群只明确人类，未给年龄健康状态。,present,unclear,V,,,,,,,V,B_C_consensus
FS-006275,V_confirm,HUMAN_CONFIRM_ALL,V,present,unclear,present,metric_validation;outcome_linkage;repeated_monitoring,unclear,,V,IL-8 predictions were assessed across outcomes including strength recovery.,absent,metric_validation;outcome_linkage;repeated_monitoring,unclear,,M,GAQ与预测算法仅描述方法和定性结果，无验证统计数值；力量恢复预测对象为CK，非免疫标记。,DISAGREE,unclear,DISAGREE,,unclear,,unclear,,GAQ 及预测算法仅给方法和定性稳定性，未给分数或预测性能；免疫指标是否关联力量恢复也不清，E5 待全文。,U,D
FS-006296,V_confirm,HUMAN_CONFIRM_ALL,V,present,adults_stated,present,omics_discovery;repeated_monitoring,adults_stated,,V,CD4-cell transcriptomic and metabolomic profiles were assessed after exercise.,present,omics_discovery;repeated_monitoring,adults_stated,,V,CD4细胞转录组与代谢组分析包含抗炎特征；明确20–33岁。,present,adults_stated,V,,,,,,,V,B_C_consensus
FS-006298,ADJ_sample,ADJUDICATION_SAMPLE_VERIFY,M,absent,adults_stated,absent,,young_adult_age_unclear,none,M,,absent,,young_adult_age_unclear,none,M,三个运动强度条件是实验比较；靶向细胞信号和功能测量不构成 E5，年龄仅均值及标准差。,absent,young_adult_age_unclear,M,,,,,,,M,B_C_consensus
FS-006313,MX_sample,HUMAN_SAMPLE_VERIFY,M,absent,young_adult_age_unclear,absent,,young_adult_age_unclear,none,M,,absent,,young_adult_age_unclear,none,M,热水与对照两条件，HSP 及耐力分别比较，未分析指标–表现下降关系。,absent,young_adult_age_unclear,M,,,,,,,M,B_C_consensus
FS-006316,MX_sample,HUMAN_SAMPLE_VERIFY,M,absent,young_adult_age_unclear,absent,,young_adult_age_unclear,none,M,,absent,,young_adult_age_unclear,none,M,单场超马的血管功能与炎症共测，没有所列结局关联或验证；AUC 为血流曲线。,absent,young_adult_age_unclear,M,,,,,,,M,B_C_consensus
FS-006319,V_confirm,HUMAN_CONFIRM_ALL,V,present,young_adult_age_unclear,present,omics_discovery;repeated_monitoring,young_adult_age_unclear,,V,Untargeted proteomics profiled inflammation-related proteins across two cycling trials.,present,omics_discovery;repeated_monitoring,young_adult_age_unclear,,V,非靶向蛋白组及67氧脂素谱揭示补体/炎症反应；两个补充剂条件非重复监测。,present,young_adult_age_unclear,V,,,,,,,V,B_C_consensus
FS-006321,V_confirm,HUMAN_CONFIRM_ALL,V,present,young_adult_age_unclear,absent,outcome_linkage,young_adult_age_unclear,,M,cfDNA was studied as a muscle damage marker.,absent,outcome_linkage,young_adult_age_unclear,,M,cfDNA与肌功能下降相关，但未明确其免疫属性或测具名免疫指标；单次运动多时点不是监测。,absent,young_adult_age_unclear,M,,,,,,,M,B_C_consensus
FS-006342,V_confirm,HUMAN_CONFIRM_ALL,V,present,young_adult_age_unclear,present,omics_discovery,young_adult_age_unclear,,V,Inflammatory proteome profiled across crossover conditions.,present,omics_discovery,young_adult_age_unclear,,V,明确报告炎症相关血浆蛋白组；表现下降与免疫改变并述，未报告关联分析。,present,young_adult_age_unclear,V,,,,,,,V,B_C_consensus
FS-006355,MX_sample,HUMAN_SAMPLE_VERIFY,X,absent,young_adult_age_unclear,absent,,young_adult_age_unclear,E2_no_post_sample,X,"Immune markers reported after training or detraining, without a bout-linked biosample.",absent,,young_adult_age_unclear,E2_no_post_sample,X,八周训练与四周停训阶段比较，未报告与单次运动结束相连的生物采样。,absent,young_adult_age_unclear,X,,,,,,,X,B_C_consensus
FS-006356,V_confirm,HUMAN_CONFIRM_ALL,V,present,unclear,present,omics_discovery,unclear,,V,Unbiased metabolipidomic profiling identified inflammatory mediators.,present,omics_discovery,unclear,,V,无偏代谢脂质组发现炎症消退介质；四个赛后采样时点仍是一次运动。,present,unclear,V,,,,,,,V,B_C_consensus
FS-006360,MX_sample,HUMAN_SAMPLE_VERIFY,M,absent,unclear,absent,,young_adult_age_unclear,none,M,,absent,,young_adult_age_unclear,none,M,IL-6 与鞋刚度相关；过劳损伤风险由标志物推测，未实测损伤结局。,absent,young_adult_age_unclear,M,,,,,,,M,B_C_consensus
FS-006366,V_confirm,HUMAN_CONFIRM_ALL,V,present,unclear,present,metric_validation,young_adult_age_unclear,,V,Intra- and inter-day assay precision reported as RSD.,present,metric_validation,young_adult_age_unclear,,V,52种免疫氧脂素/uEV谱并报告检测限、回收率及日内/日间RSD≤15%。,present,young_adult_age_unclear,V,,,,,,,V,B_C_consensus
FS-006368,MX_sample,HUMAN_SAMPLE_VERIFY,M,absent,adults_stated,absent,,adults_stated,none,M,,absent,,adults_stated,none,M,明确18–29岁，离心后四次有氧恢复干预；未报告逐次指标追踪或结局关联分析。,absent,adults_stated,M,,,,,,,M,B_C_consensus
FS-006373,V_confirm,HUMAN_CONFIRM_ALL,V,present,unclear,present,omics_discovery,unclear,,V,Innate immune mRNA profiling identified exercise-responsive transcripts.,present,omics_discovery,unclear,,V,NanoString分析730个先天免疫RNA靶标及功能通路；未给年龄人群信息。,present,unclear,V,,,,,,,V,B_C_consensus
FS-006376,MX_sample,HUMAN_SAMPLE_VERIFY,M,absent,unclear,absent,,young_adult_age_unclear,none,M,,absent,,young_adult_age_unclear,none,M,单场超马后铁代谢及新蝶呤；心肌损伤标志物关联不属所列免疫–结局关联。,absent,young_adult_age_unclear,M,,,,,,,M,B_C_consensus
FS-006389,V_confirm,HUMAN_CONFIRM_ALL,V,present,young_adult_age_unclear,absent,omics_discovery;repeated_monitoring,clinical_or_infected_cohort,,M,,absent,omics_discovery;repeated_monitoring,young_adult_age_unclear,,M,非靶向代谢组用于降脂与能量代谢，未发现免疫相关候选谱；IL-6作为脂解因子。,absent,DISAGREE,M,,absent,,clinical_or_infected_cohort,,明确肥胖大学生队列，优先临床标签；代谢组为脂解/能量目的，IL-6 仅脂解因子，缺免疫候选发现，删除旧子类。,M,D
FS-006399,V_confirm,HUMAN_CONFIRM_ALL,V,present,unclear,absent,metric_validation,unclear,,M,,absent,metric_validation,unclear,,M,白细胞预测算法只称使用标准统计及较佳性能，未报告性能量值；人群年龄未给。,absent,unclear,M,,,,,,,M,B_C_consensus
FS-006410,V_confirm,HUMAN_CONFIRM_ALL,V,present,young_adult_age_unclear,present,metric_validation,young_adult_age_unclear,,V,CD34+ counts compared with a transplantation threshold.,present,metric_validation,young_adult_age_unclear,,V,实际评价个体CD34计数是否高于移植限值，并报告持续24小时；年龄均值±误差。,present,young_adult_age_unclear,V,,,,,,,V,B_C_consensus
FS-006416,V_confirm,HUMAN_CONFIRM_ALL,V,present,young_adult_age_unclear,present,omics_discovery,young_adult_age_unclear,,V,EV microRNA profiling included immune-related candidates.,present,omics_discovery,young_adult_age_unclear,,V,小RNA测序发现240种EV miRNA，明确进一步分析免疫相关miR-21/146a/155。,present,young_adult_age_unclear,V,,,,,,,V,B_C_consensus
FS-006424,ADJ_sample,ADJUDICATION_SAMPLE_VERIFY,V,present,unclear,present,omics_discovery,young_adult_age_unclear,none,V,Post-run lipidomic profiling examined immune-relevant fatty acids.,present,omics_discovery,young_adult_age_unclear,none,V,明确报告运动后的脂质组谱并分析与炎症相关的脂肪酸和 AA/EPA，符合组学发现。,present,young_adult_age_unclear,V,,,,,,,V,B_C_consensus
FS-006430,V_confirm,HUMAN_CONFIRM_ALL,V,present,unclear,present,omics_discovery,young_adult_age_unclear,,V,Urinary proteomics and metabolomics identified immune-related candidates.,present,omics_discovery,young_adult_age_unclear,,V,尿液蛋白组及非靶向代谢组以免疫系统为目标，含补体和免疫球蛋白候选物。,present,young_adult_age_unclear,V,,,,,,,V,B_C_consensus
FS-006439,MX_sample,HUMAN_SAMPLE_VERIFY,X,present,clinical_or_infected_cohort,present,repeated_monitoring,clinical_or_infected_cohort,none,V,Cell-free DNA tracked after three runs in participants with type 1 diabetes and controls.,present,repeated_monitoring,clinical_or_infected_cohort,E4_population,X,T1DM 队列三次相同跑至力竭，每次前后追踪 cfDNA，符合重复监测。,present,clinical_or_infected_cohort,DISAGREE,,present,repeated_monitoring,clinical_or_infected_cohort,none,三个间隔 72 小时的同类跑步逐次测 cfDNA 并明确炎症目的；符合监测，T1DM 标签不作 X。,V,D
FS-006440,V_confirm,HUMAN_CONFIRM_ALL,V,present,unclear,present,omics_discovery;repeated_monitoring,young_adult_age_unclear,,V,Postexercise proteomics profiled innate immune proteins across crossover bouts.,present,omics_discovery;repeated_monitoring,young_adult_age_unclear,,V,多组学发现先天免疫/补体蛋白和炎症氧脂素；两次交叉试验不计监测。,present,young_adult_age_unclear,V,,,,,,,V,B_C_consensus
FS-006450,V_confirm,HUMAN_CONFIRM_ALL,V,present,unclear,absent,omics_discovery,young_adult_age_unclear,,M,,present,omics_discovery,young_adult_age_unclear,,V,Sportomics联合急性期蛋白和氨基酸谱研究免疫代谢；未证明同一个体跨多场监测。,DISAGREE,young_adult_age_unclear,DISAGREE,,present,omics_discovery,young_adult_age_unclear,,明确免疫代谢目的，用 Sportomics 联合急性期蛋白与氨基酸谱发现性别响应；未证明同人跨赛事重复监测。,V,D
FS-006453,MX_sample,HUMAN_SAMPLE_VERIFY,M,absent,young_adult_age_unclear,absent,,young_adult_age_unclear,none,M,,absent,,young_adult_age_unclear,none,M,运动与静坐交叉设计及信号机制测量不符合 E5；年龄仅均值及标准差。,absent,young_adult_age_unclear,M,,,,,,,M,B_C_consensus
FS-006462,ADJ_b235,ADJUDICATION_SAMPLE_VERIFY,U,unclear,unclear,unclear,,unclear,none,U,Question title names IL-15 but does not establish measurement or sampling.,unclear,,unclear,none,U,无摘要；癌症仅为题名背景，未确定研究是否纳入临床队列，E5 不能判断。,unclear,unclear,U,,,,,,,U,B_C_consensus
FS-006491,MX_sample,HUMAN_SAMPLE_VERIFY,M,absent,unclear,absent,,young_adult_age_unclear,none,M,,absent,,unclear,none,M,单次骑行预选 TLR4 信号及细胞因子，非组学；仅称训练/未训练男性。,absent,DISAGREE,M,,absent,,young_adult_age_unclear,none,男性无明确年龄，按优先序留待全文；单次骑行靶向 TLR4 与细胞因子无 E5。,M,D
FS-006499,V_confirm,HUMAN_CONFIRM_ALL,V,present,young_adult_age_unclear,present,outcome_linkage;repeated_monitoring,young_adult_age_unclear,,V,Salivary markers tracked monthly for four months; sampling relative to bouts is unstated.,present,outcome_linkage;repeated_monitoring,young_adult_age_unclear,,V,四个月逐月跟踪唾液病毒与SIgA；表现下降和病毒水平分别描述，未明确报告两者关联检验。,present,young_adult_age_unclear,V,,,,,,,V,B_C_consensus
FS-006501,V_confirm,HUMAN_CONFIRM_ALL,V,present,young_adult_age_unclear,absent,omics_discovery;repeated_monitoring,young_adult_age_unclear,,M,Human miRNA profiling focuses on metabolism and proteostasis; inflammation was assessed in cells.,absent,omics_discovery;repeated_monitoring,young_adult_age_unclear,,M,循环miRNA谱候选结果针对蛋白稳态/代谢，炎症仅为体外检测方法提及；未报告免疫相关发现。,absent,young_adult_age_unclear,M,,,,,,,M,B_C_consensus
FS-006506,V_confirm,HUMAN_CONFIRM_ALL,V,present,unclear,present,omics_discovery,young_adult_age_unclear,,V,Targeted miRNA profiling included inflammation-linked candidates after both exercise tests.,present,omics_discovery,unclear,,V,20种miRNA谱含炎症相关候选；仅两次CPET，未描述健康/成年或年龄。,present,DISAGREE,V,,present,omics_discovery,young_adult_age_unclear,,久坐受试者无明确年龄，留到全文；20 种 miRNA 候选谱包含明确炎症目标，符合 E5。,V,D
FS-006530,MX_sample,HUMAN_SAMPLE_VERIFY,M,absent,adults_stated,absent,,adults_stated,none,M,,absent,,young_adult_age_unclear,none,M,cfDNA 半衰期为动力学参数，非可靠性、参考区间或预测性能；年龄仅均值和标准差。,absent,DISAGREE,M,,absent,,young_adult_age_unclear,none,年龄仅 40±4.1 岁，留到全文；cfDNA 半衰期是动力学参数，不是可靠性/阈值/预测性能，无 E5。,M,D
FS-006534,V_confirm,HUMAN_CONFIRM_ALL,V,present,young_adult_age_unclear,present,omics_discovery;repeated_monitoring,young_adult_age_unclear,,V,Methylation sequencing profiled immune-cell origins of exercise-induced cell-free DNA.,present,omics_discovery;repeated_monitoring,young_adult_age_unclear,,V,全基因组EM-seq解卷积及90细胞因子谱发现免疫来源；仅两次明确运动测试，未声明个体监测目的。,present,young_adult_age_unclear,V,,,,,,,V,B_C_consensus
FS-006535,ADJ_sample,ADJUDICATION_SAMPLE_VERIFY,M,absent,young_adult_age_unclear,absent,,young_adult_age_unclear,none,M,,absent,,young_adult_age_unclear,none,M,六周补充首末两次急性测试及预选细胞因子无 E5；中年跑者无年龄范围。,absent,young_adult_age_unclear,M,,,,,,,M,B_C_consensus
FS-006539,V_confirm,HUMAN_CONFIRM_ALL,V,present,unclear,present,omics_discovery,young_adult_age_unclear,,V,Single-cell RNA sequencing profiled immune cells after a half-marathon.,present,omics_discovery,young_adult_age_unclear,,V,半马前后PBMC单细胞RNA谱研究免疫动态；业余跑者未给年龄。,present,young_adult_age_unclear,V,,,,,,,V,B_C_consensus
FS-006550,ADJ_sample,ADJUDICATION_SAMPLE_VERIFY,M,absent,young_adult_age_unclear,absent,,young_adult_age_unclear,none,M,,absent,,young_adult_age_unclear,none,M,两个药物条件的急性运动标志物比较，无实际疾病事件关联或验证性能。,absent,young_adult_age_unclear,M,,,,,,,M,B_C_consensus
FS-006554,V_confirm,HUMAN_CONFIRM_ALL,V,present,unclear,present,omics_discovery,unclear,,V,"Proteomics identified immune-cell proteins, including CAMP, after exercise.",present,omics_discovery,unclear,,V,肌肉间质液蛋白组发现免疫来源CAMP，并以磷蛋白组分析作用；人体人群信息不足。,present,unclear,V,,,,,,,V,B_C_consensus
FS-006563,V_confirm,HUMAN_CONFIRM_ALL,V,present,unclear,present,omics_discovery,unclear,,V,Single-cell profiling identified mast cells; post-exercise sampling time is unstated.,present,omics_discovery,unclear,,V,转录组及单细胞整合发现肥大细胞/髓系组胺交流；仅明确人体，未给年龄。,present,unclear,V,,,,,,,V,B_C_consensus
FS-006567,V_confirm,HUMAN_CONFIRM_ALL,V,present,unclear,present,outcome_linkage,young_adult_age_unclear,,V,IL-6 was analyzed against race completion; cytokines were compared by gastrointestinal symptoms.,present,outcome_linkage,young_adult_age_unclear,,V,实际记录赛后胃肠症状与退赛，并分别分析IL-10、IL-1Ra及IL-6。,present,young_adult_age_unclear,V,,,,,,,V,B_C_consensus
FS-006569,MX_sample,HUMAN_SAMPLE_VERIFY,M,absent,unclear,absent,,unclear,none,M,,absent,,unclear,none,M,单次不同强度 T 细胞增殖比较，无 E5；只称16名男性。,absent,unclear,M,,,,,,,M,B_C_consensus
FS-006570,ADJ_sample,ADJUDICATION_SAMPLE_VERIFY,X,absent,clinical_or_infected_cohort,absent,,clinical_or_infected_cohort,none,M,,absent,,clinical_or_infected_cohort,E4_population,X,纳入明确冠脉钙化或狭窄临床亚组；疾病状态分层未报告感染、过度训练或表现下降关联。,absent,clinical_or_infected_cohort,DISAGREE,,absent,,clinical_or_infected_cohort,none,单次骑行按冠脉状态分组，无感染/疾病发作/表现下降关联或标志物验证；临床标签不自动判 X。,M,D
FS-006595,ADJ_sample,ADJUDICATION_SAMPLE_VERIFY,M,absent,young_adult_age_unclear,absent,,young_adult_age_unclear,none,M,,absent,,young_adult_age_unclear,none,M,EMS 与循环训练两个条件交叉比较，单次恢复时程和靶向指标无 E5；年龄仅均值及标准差。,absent,young_adult_age_unclear,M,,,,,,,M,B_C_consensus
FS-006609,MX_sample,HUMAN_SAMPLE_VERIFY,M,absent,unclear,absent,,unclear,none,M,,absent,,young_adult_age_unclear,none,M,单场马拉松，Gal-3 与心超功能相关；未报告所列临床感染、过度训练或表现下降结局。,absent,DISAGREE,M,,absent,,young_adult_age_unclear,none,男女跑者无明确年龄，按优先序留待全文；单场赛事心超功能/心脏损伤关联不属规定 E5 结局。,M,D
FS-006623,ADJ_sample,ADJUDICATION_SAMPLE_VERIFY,M,absent,unclear,absent,,young_adult_age_unclear,none,M,,absent,,young_adult_age_unclear,none,M,两个温度条件及 cfDNA 与体温关联无四类 E5；未测感染或表现下降关联。,absent,young_adult_age_unclear,M,,,,,,,M,B_C_consensus
FS-006627,U_decide,HUMAN_DECIDE,U,unclear,unclear,absent,,young_adult_age_unclear,,M,,present,,young_adult_age_unclear,,V,75种氧脂素谱与 WGS 微生物组成用于探索运动后炎症相关候选；相关 R² 非指标验证，粪样取均值非个体追踪。,DISAGREE,young_adult_age_unclear,DISAGREE,,present,omics_discovery,young_adult_age_unclear,,WGS 微生物组及氧脂素谱探索运动后炎症相关候选，符合 omics_discovery；R² 机制关联非验证。,V,D
FS-006639,ADJ_sample,ADJUDICATION_SAMPLE_VERIFY,M,absent,young_adult_age_unclear,absent,,young_adult_age_unclear,none,M,,absent,,young_adult_age_unclear,none,M,两个补充时点及两组实验无 E5；肌肉酸痛非所列结局，CMJ 与免疫指标未作关联分析。,absent,young_adult_age_unclear,M,,,,,,,M,B_C_consensus
FS-006651,V_confirm,HUMAN_CONFIRM_ALL,V,present,unclear,present,omics_discovery,unclear,,V,Sampling described during exercise; single-cell RNA sequencing profiled immune-cell signaling.,present,omics_discovery,unclear,,V,单细胞RNA谱解析人体淋巴细胞信号；后续小鼠淋巴瘤模型不当作人体结局关联。,present,unclear,V,,,,,,,V,B_C_consensus
FS-006662,V_confirm,HUMAN_CONFIRM_ALL,V,present,unclear,absent,omics_discovery,unclear,,M,,present,omics_discovery,unclear,,V,细胞因子阵列发现CXCL9候选并进行通路干预；乳癌细胞实验不代表人类临床患病队列。,DISAGREE,unclear,DISAGREE,,present,omics_discovery,unclear,,细胞因子阵列发现 CXCL9 候选并作通路干预，符合免疫相关谱发现；人血清加细胞实验不等于纯体外人群。,V,D
FS-006671,MX_sample,HUMAN_SAMPLE_VERIFY,X,absent,clinical_or_infected_cohort,absent,,young_adult_age_unclear,none,M,,absent,,young_adult_age_unclear,none,M,既往 SARS-CoV-2 非活动性感染队列；单次运动免疫及热生理分别比较，无 E5。,absent,young_adult_age_unclear,M,,,,,,,M,B_C_consensus
FS-006679,MX_sample,HUMAN_SAMPLE_VERIFY,M,absent,young_adult_age_unclear,absent,,young_adult_age_unclear,none,M,,absent,,clinical_or_infected_cohort,E4_population,X,明确包含已有过敏的运动员亚组；空气条件交叉，未实测新发病与免疫关联。,absent,DISAGREE,DISAGREE,,absent,,clinical_or_infected_cohort,none,污染条件交叉及既有过敏分组，无实测疾病事件与标志物关联；临床亚组仅作 E4 标签。,M,D
FS-006681,MX_sample,HUMAN_SAMPLE_VERIFY,X,present,clinical_or_infected_cohort,present,outcome_linkage;omics_discovery,clinical_or_infected_cohort,none,V,EV proteomics profiled complement proteins; protein changes correlated with post-exertional malaise severity.,present,outcome_linkage;omics_discovery,clinical_or_infected_cohort,E4_population,X,EV 非靶向蛋白组含补体等免疫内容，蛋白变化与实测运动后症状恶化严重度关联；为 ME/CFS 临床队列。,present,clinical_or_infected_cohort,DISAGREE,,present,outcome_linkage;omics_discovery,clinical_or_infected_cohort,none,非靶向 EV 蛋白组含补体，蛋白变化与实测 PEM 症状恶化严重度关联；临床标签不作 X。,V,D
FS-006684,V_confirm,HUMAN_CONFIRM_ALL,V,present,young_adult_age_unclear,present,omics_discovery,young_adult_age_unclear,,V,Immune-response mRNA profiling identified candidate transcripts and pathways.,present,omics_discovery,young_adult_age_unclear,,V,700个免疫RNA谱发现四类免疫通路响应；恢复益处是推测，未实测结局关联。,present,young_adult_age_unclear,V,,,,,,,V,B_C_consensus
FS-006685,V_confirm,HUMAN_CONFIRM_ALL,V,present,unclear,absent,metric_validation;repeated_monitoring,young_adult_age_unclear,,M,,absent,metric_validation;repeated_monitoring,young_adult_age_unclear,,M,两场比赛七个采样点，未给具名免疫组学发现或个体变异统计；监测仅为未来建议。,absent,young_adult_age_unclear,M,,,,,,,M,B_C_consensus
FS-006687,V_confirm,HUMAN_CONFIRM_ALL,V,present,unclear,absent,metric_validation,young_adult_age_unclear,,M,,absent,metric_validation,young_adult_age_unclear,,M,硫氰酸盐方法仅称已验证，未给验证统计；个体差异与未来监测用途均不满足E5。,absent,young_adult_age_unclear,M,,,,,,,M,B_C_consensus
FS-006696,MX_sample,HUMAN_SAMPLE_VERIFY,M,absent,young_adult_age_unclear,absent,,young_adult_age_unclear,none,M,,absent,,young_adult_age_unclear,none,M,人类运动前后血样离体加热，非仅体外队列；少数单核细胞信号检测，无 E5。,absent,young_adult_age_unclear,M,,,,,,,M,B_C_consensus
FS-006697,V_confirm,HUMAN_CONFIRM_ALL,V,present,young_adult_age_unclear,present,omics_discovery,young_adult_age_unclear,,V,RNA-seq profiled exercise-mobilised CD8+ T cells.,present,omics_discovery,young_adult_age_unclear,,V,健康人CD8 T细胞RNA-seq免疫表型谱；三段30秒HIIT属单次运动。,present,young_adult_age_unclear,V,,,,,,,V,B_C_consensus
FS-006699,V_confirm,HUMAN_CONFIRM_ALL,V,present,young_adult_age_unclear,absent,omics_discovery,young_adult_age_unclear,,M,Inflammatory biomarkers are mentioned but not named.,unclear,omics_discovery,young_adult_age_unclear,,U,NMR代谢谱与笼统炎症标记关联，但未报告免疫相关候选物，无法确认组学子类；单次超马多时点。,DISAGREE,young_adult_age_unclear,DISAGREE,,unclear,,young_adult_age_unclear,,明确 NMR 代谢组，但炎症标记及免疫相关候选未具体说明，无法确认 E5 免疫发现；单次赛事多时点非重复监测。,U,D
FS-006701,ADJ_sample,ADJUDICATION_SAMPLE_VERIFY,M,absent,young_adult_age_unclear,absent,,young_adult_age_unclear,none,M,,unclear,,young_adult_age_unclear,none,U,血液指标未具名也未给结果细节，E5 信息不足；两个褪黑素条件非重复监测。,DISAGREE,young_adult_age_unclear,DISAGREE,,absent,,young_adult_age_unclear,none,补充条件交叉仅分别比较血液与表现指标，无二者关联；血液指标未具名，不作明确 E3 缺失。,M,D
FS-006706,V_confirm,HUMAN_CONFIRM_ALL,V,present,young_adult_age_unclear,present,omics_discovery,young_adult_age_unclear,,V,Multi-omics identified betaine in an exercise study examining inflammation.,present,omics_discovery,young_adult_age_unclear,,V,健康男性多组学分析包含炎症与TBK1相关机制；未给年龄。,present,young_adult_age_unclear,V,,,,,,,V,B_C_consensus
FS-006734,V_confirm,HUMAN_CONFIRM_ALL,V,present,young_adult_age_unclear,present,omics_discovery,young_adult_age_unclear,,V,PBMC RNA-seq profiled immune pathways after exercise.,present,omics_discovery,young_adult_age_unclear,,V,PBMC RNA-seq发现NK及免疫信号通路；两组年龄均为均值±标准差。,present,young_adult_age_unclear,V,,,,,,,V,B_C_consensus
FS-006740,ADJ_sample,ADJUDICATION_SAMPLE_VERIFY,M,absent,adults_stated,absent,,clinical_or_infected_cohort,none,M,,absent,,clinical_or_infected_cohort,E4_population,X,纳入运动诱发高血压临床亚组；血压分组阈值非免疫指标验证，hsCRP 与血流动力学关联未测所列结局。,absent,clinical_or_infected_cohort,DISAGREE,,absent,,clinical_or_infected_cohort,none,血压阈值不是免疫标志物阈值，血流动力学关联不属指定结局；临床标签不作核心缺失。,M,D
FS-006744,ADJ_sample,ADJUDICATION_SAMPLE_VERIFY,M,absent,young_adult_age_unclear,absent,,young_adult_age_unclear,none,M,,absent,,young_adult_age_unclear,none,M,两个负荷条件的靶向细胞测量不构成 E5；绝经后女性未给年龄范围。,absent,young_adult_age_unclear,M,,,,,,,M,B_C_consensus
FS-006745,V_confirm,HUMAN_CONFIRM_ALL,V,present,young_adult_age_unclear,present,outcome_linkage,young_adult_age_unclear,,V,Antimicrobial peptides were analysed against measured bronchoconstriction and lung function.,present,outcome_linkage,young_adult_age_unclear,,V,实际肺功能诊断EIB，并分析抗菌肽与支气管收缩及肺功能关联。,present,young_adult_age_unclear,V,,,,,,,V,B_C_consensus
FS-006749,V_confirm,HUMAN_CONFIRM_ALL,V,present,young_adult_age_unclear,present,outcome_linkage;repeated_monitoring,young_adult_age_unclear,,V,Leukocytes tracked across three bouts; baseline counts predicted recovery strength.,present,outcome_linkage;repeated_monitoring,young_adult_age_unclear,,V,三次负重行军跟踪炎症标记，实际力量下降且基线白细胞与恢复期扭矩关联。,present,young_adult_age_unclear,V,,,,,,,V,B_C_consensus
FS-006751,V_confirm,HUMAN_CONFIRM_ALL,V,present,young_adult_age_unclear,present,omics_discovery;repeated_monitoring,young_adult_age_unclear,,V,PBMC microRNAs profiled; changes associated with time to exhaustion.,present,omics_discovery;repeated_monitoring,young_adult_age_unclear,,V,PBMC miRNA谱用于免疫相关发现；一般耗竭时间关联未证明表现下降，两种测试不计监测。,present,young_adult_age_unclear,V,,,,,,,V,B_C_consensus
FS-006754,V_confirm,HUMAN_CONFIRM_ALL,V,present,unclear,present,omics_discovery,unclear,,V,Immune-associated mRNA panel profiled after downhill running.,present,omics_discovery,unclear,,V,运动后人体白细胞574个免疫RNA谱分析；体外LPS刺激不等于实际感染结局。,present,unclear,V,,,,,,,V,B_C_consensus
FS-006773,MX_sample,HUMAN_SAMPLE_VERIFY,M,absent,young_adult_age_unclear,absent,,young_adult_age_unclear,none,M,,absent,,young_adult_age_unclear,none,M,年轻与大师运动员单次运动后离体刺激细胞因子，无 E5。,absent,young_adult_age_unclear,M,,,,,,,M,B_C_consensus
FS-006776,MX_sample,HUMAN_SAMPLE_VERIFY,M,absent,adults_stated,absent,,adults_stated,none,M,,absent,,adults_stated,none,M,明确55–70岁；训练前后急性炎症反应，无三次以上监测或验证。,absent,adults_stated,M,,,,,,,M,B_C_consensus
FS-006779,V_confirm,HUMAN_CONFIRM_ALL,V,present,young_adult_age_unclear,present,omics_discovery;repeated_monitoring,young_adult_age_unclear,,V,Weekly bouts included CRP assessment; muscle proteomics revealed inflammatory pathways.,present,omics_discovery;repeated_monitoring,young_adult_age_unclear,,V,蛋白组包含炎症通路，四周每周下坡跑后采CRP，符合跨次监测。,present,young_adult_age_unclear,V,,,,,,,V,B_C_consensus
FS-006787,V_confirm,HUMAN_CONFIRM_ALL,V,present,adults_stated,present,omics_discovery,adults_stated,,V,Inflammation-related proteome profiled; sampling time relative to exercise cessation unstated.,present,omics_discovery,adults_stated,,V,炎症蛋白组发现52蛋白变化；明确年龄100–104岁。,present,adults_stated,V,,,,,,,V,B_C_consensus
FS-006810,V_confirm,HUMAN_CONFIRM_ALL,V,present,unclear,absent,omics_discovery;repeated_monitoring,young_adult_age_unclear,,M,,absent,omics_discovery;repeated_monitoring,young_adult_age_unclear,,M,非靶向代谢谱主要一碳/脂肪代谢，未给免疫相关组学候选；表现改善未与免疫指标分析。,absent,young_adult_age_unclear,M,,,,,,,M,B_C_consensus
FS-006828,V_confirm,HUMAN_CONFIRM_ALL,V,present,adults_stated,present,outcome_linkage,adults_stated,,V,SIgA was analysed in relation to respiratory infection risk.,present,outcome_linkage,young_adult_age_unclear,,V,实际RTI发生与黏膜免疫作关联，阴性OR仍符合；仅称成人，无数字年龄。,present,DISAGREE,V,,present,outcome_linkage,young_adult_age_unclear,,成人描述无数字年龄，留到全文；实际 RTI 与黏膜免疫作关联，阴性 OR 仍符合 E5。,V,D
FS-006838,MX_sample,HUMAN_SAMPLE_VERIFY,X,absent,includes_under_18,absent,,adults_stated,none,M,,absent,,includes_under_18,E4_population,X,明确20名青少年与10名成人；模型分析体成分与细胞因子非验证性能。,absent,DISAGREE,DISAGREE,,absent,,includes_under_18,none,混合青少年/成人，成人层未给数字年龄支持，E4 includes_under_18；并非全未成年，核心不缺失。,M,D
FS-006840,ADJ_sample,ADJUDICATION_SAMPLE_VERIFY,U,unclear,unclear,unclear,,young_adult_age_unclear,none,U,IgA was compared by fatigue scores; individual biomarker tracking is unspecified.,present,repeated_monitoring,young_adult_age_unclear,none,V,跨年度训练期明确监测唾液 IgA 等指标及变化率，符合重复监测；疲劳 Borg 分类不等于实测表现下降或过度训练诊断。,DISAGREE,young_adult_age_unclear,DISAGREE,,present,repeated_monitoring,young_adult_age_unclear,none,明确跨年度训练期监测 IgA 等唾液指标及变化率，满足个体长期监测；疲劳分类非正式效度统计。,V,D
FS-006843,V_confirm,HUMAN_CONFIRM_ALL,V,present,adults_stated,absent,omics_discovery,adults_stated,,M,Cytokines and inflammatory genes are mentioned without naming a measured immune marker.,present,omics_discovery,young_adult_age_unclear,,V,脂肪组织bulk RNA-seq揭示炎症/细胞因子基因响应；成人描述无数字年龄。,DISAGREE,DISAGREE,DISAGREE,,absent,,young_adult_age_unclear,,脂肪转录组主要研究强度及代谢适应，炎症基因仅结果内容，缺明确免疫候选发现目的；成人无数字年龄。,M,D
FS-006861,MX_sample,HUMAN_SAMPLE_VERIFY,X,present,unclear,present,omics_discovery,unclear,none,V,Intermittent exercise during smoke exposure; sputum proteomics profiled immune pathways.,present,omics_discovery,unclear,none,V,痰液蛋白组探索含白细胞、吞噬和巨噬细胞通路；暴露期间明确有间歇运动及暴露后样本，年龄未说明。,present,unclear,V,,,,,,,V,B_C_consensus
FS-006871,ADJ_b235,ADJUDICATION_SAMPLE_VERIFY,U,unclear,unclear,unclear,,unclear,none,U,Title mentions measurement during exercise; post-exercise sampling and profiling methods are unspecified.,unclear,,unclear,none,U,无摘要；蛋白 signature 未明确组学方法或发现设计，E5 不能判断。,unclear,unclear,U,,,,,,,U,B_C_consensus
FS-006881,V_confirm,HUMAN_CONFIRM_ALL,V,present,adults_stated,present,omics_discovery,adults_stated,,V,Immune-related extracellular vesicle profiles were characterized after exercise.,present,omics_discovery,adults_stated,,V,免疫EV来源谱含CD4/HLA-ABC，具探索性发现目的；两组年龄范围均明确成年。,present,adults_stated,V,,,,,,,V,B_C_consensus
FS-006883,V_confirm,HUMAN_CONFIRM_ALL,V,present,unclear,present,omics_discovery,young_adult_age_unclear,,V,Urine proteomics identified immune-related proteins after exercise.,present,omics_discovery,young_adult_age_unclear,,V,尿液SWATH-MS发现中性粒细胞脱颗粒等免疫蛋白通路；无并发症妊娠不自动列为疾病队列。,present,young_adult_age_unclear,V,,,,,,,V,B_C_consensus
FS-006885,V_confirm,HUMAN_CONFIRM_ALL,V,present,young_adult_age_unclear,present,repeated_monitoring,young_adult_age_unclear,,V,Inflammatory markers tracked before and after three consecutive dive sessions in some participants.,present,repeated_monitoring,young_adult_age_unclear,,V,其中11名潜水员连续三天相同训练前后测IL-6/TNF；不是不同条件交叉比较。,present,young_adult_age_unclear,V,,,,,,,V,B_C_consensus
FS-006888,ADJ_sample,ADJUDICATION_SAMPLE_VERIFY,M,absent,young_adult_age_unclear,absent,,young_adult_age_unclear,none,M,,absent,,young_adult_age_unclear,none,M,两个强度和静坐条件的靶向细胞因子比较非重复监测；疾病获益只在背景中提及。,absent,young_adult_age_unclear,M,,,,,,,M,B_C_consensus
FS-006919,MX_sample,HUMAN_SAMPLE_VERIFY,M,absent,young_adult_age_unclear,absent,,young_adult_age_unclear,none,M,,absent,,young_adult_age_unclear,none,M,一次重复冲刺协议，CRP 与跳跃下降共同测量但未分析二者关联；无验证统计量。,absent,young_adult_age_unclear,M,,,,,,,M,B_C_consensus
FS-006928,V_confirm,HUMAN_CONFIRM_ALL,V,present,adults_stated,present,omics_discovery,adults_stated,,V,Serum proteomics identified exercise-responsive IL-6 and soluble IL-6 receptor.,present,omics_discovery,young_adult_age_unclear,,V,人体运动前后血清蛋白谱含IL-6/IL-6R，另有癌细胞转录组；成人无数字年龄。,present,DISAGREE,V,,present,omics_discovery,clinical_or_infected_cohort,,明确含肥胖人类队列，优先临床标签；血清蛋白谱发现 IL-6/IL-6R 等免疫候选，符合 E5。,V,D
FS-006929,MX_sample,HUMAN_SAMPLE_VERIFY,M,absent,young_adult_age_unclear,absent,,young_adult_age_unclear,none,M,,absent,,young_adult_age_unclear,none,M,免疫指标与一般情绪相关，非所列疾病、过度训练或表现下降结局。,absent,young_adult_age_unclear,M,,,,,,,M,B_C_consensus
FS-006930,MX_sample,HUMAN_SAMPLE_VERIFY,M,absent,young_adult_age_unclear,absent,,young_adult_age_unclear,none,M,,absent,,young_adult_age_unclear,none,M,两种性活动条件的运动测试比较，未报告表现下降与 CRP/IL-6 分析。,absent,young_adult_age_unclear,M,,,,,,,M,B_C_consensus
FS-006935,V_confirm,HUMAN_CONFIRM_ALL,V,present,young_adult_age_unclear,absent,metric_validation;outcome_linkage,young_adult_age_unclear,,M,,absent,metric_validation;outcome_linkage,young_adult_age_unclear,,M,个体间变异仅定性描述；酶及趋化因子相关不是实际过度训练/表现下降结局分析。,absent,young_adult_age_unclear,M,,,,,,,M,B_C_consensus
FS-006942,V_confirm,HUMAN_CONFIRM_ALL,V,present,young_adult_age_unclear,present,outcome_linkage;repeated_monitoring,young_adult_age_unclear,,V,Salivary HHV-6 change correlated with measured muscle performance change.,present,outcome_linkage;repeated_monitoring,young_adult_age_unclear,,V,实际MVC变化与HHV-6变化负相关，符合疲劳/表现下降关联；两条件不加重复监测。,present,young_adult_age_unclear,V,,,,,,,V,B_C_consensus
FS-006949,V_confirm,HUMAN_CONFIRM_ALL,V,present,young_adult_age_unclear,present,omics_discovery;repeated_monitoring,young_adult_age_unclear,,V,Salivary proteomics profiled exercise-responsive immunoglobulin isoforms.,present,omics_discovery;repeated_monitoring,young_adult_age_unclear,,V,唾液蛋白组发现免疫球蛋白同工型变化；年轻成人无年龄范围。,present,young_adult_age_unclear,V,,,,,,,V,B_C_consensus
FS-006955,V_confirm,HUMAN_CONFIRM_ALL,V,present,unclear,present,omics_discovery,unclear,,V,PBMC proteomics profiled immune responses after exercise.,present,omics_discovery,unclear,,V,六千余PBMC蛋白谱揭示免疫效应通路；预测体适能无性能统计且非表现下降。,present,unclear,V,,,,,,,V,B_C_consensus
FS-006961,ADJ_sample,ADJUDICATION_SAMPLE_VERIFY,M,absent,young_adult_age_unclear,absent,,young_adult_age_unclear,none,M,,absent,,young_adult_age_unclear,none,M,两种补充条件交叉比较单次运动恢复，未报告 E5；年轻跑者未给年龄范围。,absent,young_adult_age_unclear,M,,,,,,,M,B_C_consensus
FS-006965,V_confirm,HUMAN_CONFIRM_ALL,V,present,unclear,present,omics_discovery,young_adult_age_unclear,,V,Lipidomic profiling identified inflammatory mediators during and after the event.,present,omics_discovery,young_adult_age_unclear,,V,信号脂质组发现促炎/抗炎氧脂素；单场多日赛事的多时点不自动计跨次监测。,present,young_adult_age_unclear,V,,,,,,,V,B_C_consensus
FS-006976,ADJ_sample,ADJUDICATION_SAMPLE_VERIFY,X,absent,clinical_or_infected_cohort,absent,,clinical_or_infected_cohort,none,M,,unclear,,clinical_or_infected_cohort,E4_population,U,临床自主神经评估虽含运动测试，但炎症及自身免疫实验室指标未具名，E5 信息不足；临床队列明确。,DISAGREE,clinical_or_infected_cohort,DISAGREE,,absent,,clinical_or_infected_cohort,none,临床检查及实验室组间比较无四类 E5；炎症检测和运动时序未详，不把临床队列直接判为 X。,M,D
FS-006977,MX_sample,HUMAN_SAMPLE_VERIFY,M,absent,young_adult_age_unclear,absent,,young_adult_age_unclear,none,M,,absent,,young_adult_age_unclear,none,M,八个靶向细胞因子的 PCA 不等于免疫组学发现；饮食和运动容量分析未报告表现下降与标志物关联。,absent,young_adult_age_unclear,M,,,,,,,M,B_C_consensus
FS-006983,MX_sample,HUMAN_SAMPLE_VERIFY,M,absent,young_adult_age_unclear,absent,,young_adult_age_unclear,none,M,,absent,,young_adult_age_unclear,none,M,十二周计划仅首末两次运动后采样，非重复监测。,absent,young_adult_age_unclear,M,,,,,,,M,B_C_consensus
FS-006985,V_confirm,HUMAN_CONFIRM_ALL,V,present,unclear,absent,metric_validation,unclear,,M,,absent,metric_validation,unclear,,M,汗液CRP传感器只称敏感准确，未报告验证统计；未描述人体年龄或长期监测。,absent,unclear,M,,,,,,,M,B_C_consensus
FS-007001,MX_sample,HUMAN_SAMPLE_VERIFY,M,absent,unclear,absent,,young_adult_age_unclear,none,M,,absent,,young_adult_age_unclear,none,M,单次空手道后具名白细胞及 IL-6，相关负荷非指标验证。,absent,young_adult_age_unclear,M,,,,,,,M,B_C_consensus
FS-007008,ADJ_sample,ADJUDICATION_SAMPLE_VERIFY,X,absent,young_adult_age_unclear,absent,,young_adult_age_unclear,E3_no_immune_marker,X,Lipidomics targets exercise intensity; inflammatory pathways are speculative.,absent,,young_adult_age_unclear,E3_no_immune_marker,X,脂质组发现以能量底物为目标，炎症二十碳烷通路仅为后续推测；未明确免疫候选谱发现或具名免疫指标。,absent,young_adult_age_unclear,X,,,,,,,X,B_C_consensus
FS-007011,V_confirm,HUMAN_CONFIRM_ALL,V,present,young_adult_age_unclear,present,omics_discovery,young_adult_age_unclear,,V,Proteomics profiled immune ligand regulation after HIIT.,present,omics_discovery,young_adult_age_unclear,,V,Olink蛋白组及250肽病毒特异性免疫谱；抗原反应不是实际感染结局。,present,young_adult_age_unclear,V,,,,,,,V,B_C_consensus
FS-007021,V_confirm,HUMAN_CONFIRM_ALL,V,present,unclear,present,outcome_linkage,young_adult_age_unclear,,V,Inflammatory markers were compared by diagnosed bronchoconstriction status; serum sampling time is unstated.,present,outcome_linkage,young_adult_age_unclear,,V,实际诊断EIB并比较嗜酸细胞/细胞因子等；运动员年龄未给。,present,young_adult_age_unclear,V,,,,,,,V,B_C_consensus
FS-007023,MX_sample,HUMAN_SAMPLE_VERIFY,M,absent,young_adult_age_unclear,absent,,adults_stated,none,M,,absent,,young_adult_age_unclear,none,M,三种恢复方案交叉比较非监测，未有指标–表现下降分析；成年跑者无年龄。,absent,DISAGREE,M,,absent,,young_adult_age_unclear,none,成人描述无数字年龄，留到全文；三恢复方案交叉及各结局分别比较无 E5。,M,D
FS-007033,V_confirm,HUMAN_CONFIRM_ALL,V,present,adults_stated,present,metric_validation,adults_stated,,V,Lymphocyte reference ranges reported; subsets tracked over one year.,present,metric_validation,adults_stated,,V,建立各淋巴细胞参考区间，并对24人进行一年免疫分布稳定性监测；年龄22–55岁。,present,adults_stated,V,,,,,,,V,B_C_consensus
FS-007064,MX_sample,HUMAN_SAMPLE_VERIFY,M,absent,adults_stated,absent,,adults_stated,none,M,,absent,,adults_stated,none,M,明确18–40岁及65岁以上；补充剂前后两次运动，未分析免疫指标与力量下降的关联。,absent,adults_stated,M,,,,,,,M,B_C_consensus
FS-007084,ADJ_sample,ADJUDICATION_SAMPLE_VERIFY,M,absent,young_adult_age_unclear,absent,,young_adult_age_unclear,none,M,,absent,,young_adult_age_unclear,none,M,补充前后及两个交叉条件用于实验比较；免疫和胃肠症状分别报告，没有结局关联。,absent,young_adult_age_unclear,M,,,,,,,M,B_C_consensus
FS-007086,MX_sample,HUMAN_SAMPLE_VERIFY,M,absent,adults_stated,absent,,adults_stated,none,M,,absent,,adults_stated,none,M,明确19–34岁，臭氧/空气条件；症状与痰 PMN 分别比较，未直接关联分析。,absent,adults_stated,M,,,,,,,M,B_C_consensus
FS-007088,V_confirm,HUMAN_CONFIRM_ALL,V,present,young_adult_age_unclear,present,repeated_monitoring,young_adult_age_unclear,,V,CRP measured after five matches in each study period.,present,repeated_monitoring,young_adult_age_unclear,,V,半年内十场比赛后追踪CRP；月经症状与免疫指标未直接作关联分析。,present,young_adult_age_unclear,V,,,,,,,V,B_C_consensus
FS-007094,V_confirm,HUMAN_CONFIRM_ALL,V,present,young_adult_age_unclear,absent,omics_discovery;repeated_monitoring,young_adult_age_unclear,,M,Muscle transcriptomics addressed mitochondrial adaptation; no immune marker was named.,present,omics_discovery;repeated_monitoring,young_adult_age_unclear,,V,肌肉转录组分析明确包含炎症响应；两个运动/补充剂条件不计重复监测。,DISAGREE,young_adult_age_unclear,DISAGREE,,absent,,young_adult_age_unclear,,研究目的为线粒体适应，炎症响应仅转录组结果内容，缺免疫发现目标；运动条件交叉非重复监测。,M,D
FS-007097,V_confirm,HUMAN_CONFIRM_ALL,V,present,unclear,present,repeated_monitoring,young_adult_age_unclear,,V,Cytokines tracked across matches and season follow-up.,present,repeated_monitoring,young_adult_age_unclear,,V,明确赛季纵向追踪mtDNA及炎症指标，含两场比赛和赛季后一个月；不是仅两次条件实验。,present,young_adult_age_unclear,V,,,,,,,V,B_C_consensus
FS-007098,V_confirm,HUMAN_CONFIRM_ALL,V,present,unclear,present,omics_discovery,young_adult_age_unclear,,V,PBMC miRNA sequencing identified immune-relevant candidates after exercise.,present,omics_discovery,young_adult_age_unclear,,V,PBMC小RNA测序筛选免疫/炎症相关miRNA并与菌群整合；运动员年龄未给。,present,young_adult_age_unclear,V,,,,,,,V,B_C_consensus
FS-007099,MX_sample,HUMAN_SAMPLE_VERIFY,M,absent,young_adult_age_unclear,absent,,young_adult_age_unclear,none,M,,absent,,young_adult_age_unclear,none,M,三种 HIIT 交叉，力量下降与 IL-6 同时变化但未报告指标–表现关联分析。,absent,young_adult_age_unclear,M,,,,,,,M,B_C_consensus
FS-007100,MX_sample,HUMAN_SAMPLE_VERIFY,X,present,clinical_or_infected_cohort,present,omics_discovery,clinical_or_infected_cohort,none,V,Serum miRNA and metabolite profiling identified physical activity associated candidates.,present,omics_discovery,clinical_or_infected_cohort,E4_population,X,Lynch 综合征携带者临床队列；miRNA 和代谢组探索炎症相关候选，有急性后反应。,present,clinical_or_infected_cohort,DISAGREE,,present,omics_discovery,clinical_or_infected_cohort,none,血清 miRNA/代谢组发现炎症相关候选且有急性运动后反应；遗传临床队列不自动作核心缺失。,V,D
FS-007104,ADJ_sample,ADJUDICATION_SAMPLE_VERIFY,M,absent,unclear,absent,,young_adult_age_unclear,none,M,,absent,,young_adult_age_unclear,none,M,干预前后两次模拟比赛并采样，不属于重复监测；炎症与肌损伤分别报告。,absent,young_adult_age_unclear,M,,,,,,,M,B_C_consensus
FS-007111,MX_sample,HUMAN_SAMPLE_VERIFY,M,absent,young_adult_age_unclear,absent,,young_adult_age_unclear,none,M,,absent,,young_adult_age_unclear,none,M,单次运动后 PGE-MUM 与肌红蛋白相关；肌损伤指标非所列临床结局。,absent,young_adult_age_unclear,M,,,,,,,M,B_C_consensus
FS-007118,ADJ_sample,ADJUDICATION_SAMPLE_VERIFY,M,absent,unclear,absent,,unclear,none,M,,absent,,young_adult_age_unclear,none,M,一次不间断超马的距离组比较，无感染实际测量关联或重复监测。,absent,DISAGREE,M,,absent,,young_adult_age_unclear,none,男女跑者没有明确年龄，按优先序留待全文；单次超马距离组比较未测感染关联，无 E5。,M,D
FS-007128,MX_sample,HUMAN_SAMPLE_VERIFY,M,absent,young_adult_age_unclear,absent,,young_adult_age_unclear,none,M,,absent,,young_adult_age_unclear,none,M,健康人急性血样与动物/肿瘤细胞实验混合；人体未测临床癌症或感染结局，动物结果未报告免疫指标–病程分析。,absent,young_adult_age_unclear,M,,,,,,,M,B_C_consensus
FS-007132,V_confirm,HUMAN_CONFIRM_ALL,V,present,unclear,absent,omics_discovery,young_adult_age_unclear,,M,,unclear,omics_discovery,young_adult_age_unclear,,U,PBMC基因表达签名未说明测序/阵列或分析范围，不能确认广泛转录组谱；未报告其他E5要素。,DISAGREE,young_adult_age_unclear,DISAGREE,,unclear,,young_adult_age_unclear,,PBMC 铁调节基因签名未说明检测方法或谱范围，不能确定组学发现；未报告其他 E5，待全文。,U,D
FS-007158,V_confirm,HUMAN_CONFIRM_ALL,V,present,young_adult_age_unclear,absent,outcome_linkage,young_adult_age_unclear,,M,,present,outcome_linkage,young_adult_age_unclear,,V,实际完赛/未完赛状态与氧化炎症标记谱作组间分析；一场超马的多时点不加重复监测。,DISAGREE,young_adult_age_unclear,DISAGREE,,present,outcome_linkage,young_adult_age_unclear,,实际测完赛/未完赛状态并比较包括 IL-6、neopterin 的标志物谱，属于实际表现失败结局关联。,V,D
FS-007165,ADJ_sample,ADJUDICATION_SAMPLE_VERIFY,M,absent,young_adult_age_unclear,absent,,adults_stated,none,M,,absent,,young_adult_age_unclear,none,M,训练首末两次急性测试，症状、表现和细胞因子按组分别比较；恢复时间 AUC 非验证性能。,absent,DISAGREE,M,,absent,,young_adult_age_unclear,none,成人描述无数字年龄；两次急性测试，表现与细胞因子分别比较，时间积分 AUC 非预测性能，无 E5。,M,D
FS-007168,V_confirm,HUMAN_CONFIRM_ALL,V,present,unclear,present,omics_discovery,young_adult_age_unclear,,V,Whole-blood transcriptomic profiling identified immune-function changes.,present,omics_discovery,young_adult_age_unclear,,V,全血近万差异基因及GO/KEGG免疫通路发现；单次马拉松恢复序列。,present,young_adult_age_unclear,V,,,,,,,V,B_C_consensus
FS-007174,V_confirm,HUMAN_CONFIRM_ALL,V,present,adults_stated,absent,metric_validation,adults_stated,,M,,absent,metric_validation,young_adult_age_unclear,,M,只测两种预设miRNA，异质性无验证统计；标题成人但无数字年龄支持。,absent,DISAGREE,M,,absent,,young_adult_age_unclear,,成人描述无数字年龄，留到全文；仅两预设 miRNA，异质性未有统计验证，删除旧验证子类。,M,D
FS-007188,V_confirm,HUMAN_CONFIRM_ALL,V,present,unclear,present,omics_discovery;repeated_monitoring,young_adult_age_unclear,,V,Plasma and red-cell multi-omics profiled inflammation-associated candidates.,present,omics_discovery;repeated_monitoring,young_adult_age_unclear,,V,血浆和红细胞多组学含急性期免疫蛋白和IL-6/犬尿氨酸响应；两个赛事不计重复监测。,present,young_adult_age_unclear,V,,,,,,,V,B_C_consensus
FS-007201,ADJ_b235,ADJUDICATION_SAMPLE_VERIFY,U,unclear,unclear,unclear,,unclear,none,U,Post-exercise neutrophil-derived cfDNA is described; validation methods are unspecified.,unclear,,unclear,none,U,无摘要；cfDNA 来源识别的检测方法不明，不能由题名推定组学发现。,unclear,unclear,U,,,,,,,U,B_C_consensus
FS-007207,MX_sample,HUMAN_SAMPLE_VERIFY,M,absent,unclear,absent,,young_adult_age_unclear,none,M,,absent,,young_adult_age_unclear,none,M,一次比赛后功能与生化关联分析，报告的关联仅肌损伤反应，未确认 IL-6/hsCRP 与表现下降的关系。,absent,young_adult_age_unclear,M,,,,,,,M,B_C_consensus
FS-007236,V_confirm,HUMAN_CONFIRM_ALL,V,present,young_adult_age_unclear,present,omics_discovery,young_adult_age_unclear,,V,Muscle multiomics profiled immune transcription after exercise.,present,omics_discovery,young_adult_age_unclear,,V,肌肉转录组/脂质组/代谢组含实际免疫响应；年轻与老年成人未给数字年龄。,present,young_adult_age_unclear,V,,,,,,,V,B_C_consensus
FS-007237,V_confirm,HUMAN_CONFIRM_ALL,V,present,adults_stated,present,omics_discovery;repeated_monitoring,young_adult_age_unclear,,V,Crossover bouts included post-exercise immune-related transcriptomic profiling.,present,omics_discovery;repeated_monitoring,young_adult_age_unclear,,V,全转录组及非靶向代谢谱识别免疫网络；四药物条件交叉非监测，成人无数字年龄。,present,young_adult_age_unclear,V,,,,,,,V,B_C_consensus
FS-007241,V_confirm,HUMAN_CONFIRM_ALL,V,present,unclear,present,repeated_monitoring,young_adult_age_unclear,,V,Leukocyte markers tracked across preseason for athlete monitoring.,present,repeated_monitoring,young_adult_age_unclear,,V,明确以客观球员监测为目的，跨六周季前训练追踪白细胞形态及应激标记。,present,young_adult_age_unclear,V,,,,,,,V,B_C_consensus
FS-007248,MX_sample,HUMAN_SAMPLE_VERIFY,M,absent,young_adult_age_unclear,absent,,young_adult_age_unclear,none,M,,absent,,young_adult_age_unclear,none,M,最大与次最大两次实验，免疫反应与肥胖关联非 E5；年龄仅均值和标准差。,absent,young_adult_age_unclear,M,,,,,,,M,B_C_consensus
FS-007251,V_confirm,HUMAN_CONFIRM_ALL,V,present,unclear,present,metric_validation,young_adult_age_unclear,,V,IL-6 was correlated with measured torque recovery.,present,metric_validation,young_adult_age_unclear,,V,实测力量受损/恢复并与IL-6相关；可靠性仅定性，跨模态生物关联不是检测一致性验证。,present,young_adult_age_unclear,V,,,,,,,V,B_C_consensus
FS-007256,V_confirm,HUMAN_CONFIRM_ALL,V,present,unclear,present,omics_discovery,young_adult_age_unclear,,V,Transcriptomics investigated inflammatory mechanisms; bout and sampling timing are unspecified.,present,omics_discovery,unclear,,V,转录组分析用于MXRA7炎症机制发现；兼有人体、鼠和细胞，人体年龄及疾病身份未明确。,present,DISAGREE,V,,present,omics_discovery,young_adult_age_unclear,,人体志愿者无明确年龄/疾病身份，留到全文；兼有人、鼠与细胞，炎症机制转录组发现符合 E5。,V,D
FS-007259,V_confirm,HUMAN_CONFIRM_ALL,V,present,unclear,absent,metric_validation,unclear,,M,,unclear,metric_validation,unclear,,U,LoD句只保留pg/ml单位而缺数值，不能确认验证统计；每日追踪未说明实际持续时长。,DISAGREE,unclear,DISAGREE,,unclear,,unclear,,检出限句缺数值，不能确认验证结果；每日汗液追踪未说明持续时间或三次运动，E5 待全文。,U,D
FS-007261,V_confirm,HUMAN_CONFIRM_ALL,V,present,unclear,present,omics_discovery,unclear,,V,Metabolic profiling identified immunometabolic signatures.,present,omics_discovery,unclear,,V,Raman免疫代谢签名用于发现疫苗反应候选；单次运动后纵向样本未说明多周监测期。,present,unclear,V,,,,,,,V,B_C_consensus
FS-007265,MX_sample,HUMAN_SAMPLE_VERIFY,M,absent,adults_stated,absent,,adults_stated,none,M,,absent,,young_adult_age_unclear,none,M,一次离心后重复冷疗不是重复运动；定性 reproducibly 无可靠性统计量。,absent,DISAGREE,M,,absent,,young_adult_age_unclear,none,年龄仅 22±3 岁，留到全文；单次运动后的冷疗重复非运动监测，定性重现无统计评估，无 E5。,M,D
FS-007268,ADJ_sample,ADJUDICATION_SAMPLE_VERIFY,M,absent,unclear,absent,,young_adult_age_unclear,none,M,,absent,,young_adult_age_unclear,none,M,两个补充条件的表现及跳高下降分别比较，未与 IgA 作关联分析。,absent,young_adult_age_unclear,M,,,,,,,M,B_C_consensus
FS-007308,V_confirm,HUMAN_CONFIRM_ALL,V,present,young_adult_age_unclear,present,omics_discovery;repeated_monitoring,young_adult_age_unclear,,V,Lipidomics profiled inflammatory and pro-resolving mediators.,present,omics_discovery;repeated_monitoring,young_adult_age_unclear,,V,LC-MS/MS肌肉脂质组明确分析促炎/消退介质谱；两补充剂条件不加重复监测。,present,young_adult_age_unclear,V,,,,,,,V,B_C_consensus
FS-007320,ADJ_sample,ADJUDICATION_SAMPLE_VERIFY,M,absent,young_adult_age_unclear,absent,,adults_stated,none,M,,absent,,young_adult_age_unclear,none,M,四个营养条件为交叉实验，靶向细胞因子及恢复推论无四类 E5；年龄仅均值及标准差。,absent,DISAGREE,M,,absent,,young_adult_age_unclear,none,年龄仅 23±4 岁；四营养条件交叉非重复监测，恢复更快仅推论，缺 E5。,M,D
FS-007328,ADJ_sample,ADJUDICATION_SAMPLE_VERIFY,V,present,young_adult_age_unclear,present,omics_discovery,young_adult_age_unclear,none,V,Targeted metabolomics profiled inflammatory oxylipins after the fourth session.,present,omics_discovery,young_adult_age_unclear,none,V,靶向代谢组探索炎症氧脂素谱，符合组学发现；仅首末采样，当前队列未明确疾病或年龄范围。,present,young_adult_age_unclear,V,,,,,,,V,B_C_consensus
FS-007330,ADJ_b235,ADJUDICATION_SAMPLE_VERIFY,U,unclear,unclear,unclear,,unclear,none,U,Title poses a conceptual question; measurements and validation are unstated.,unclear,,unclear,none,U,无摘要；过度训练和 T 细胞衰竭为提问式框架，未证明实测结局或临床队列。,unclear,unclear,U,,,,,,,U,B_C_consensus
FS-007337,ADJ_sample,ADJUDICATION_SAMPLE_VERIFY,M,absent,young_adult_age_unclear,absent,,young_adult_age_unclear,none,M,,absent,,young_adult_age_unclear,none,M,首末两次 Wingate 测试及两组补充条件无重复监测；免疫和表现分别分析，未测功能恢复。,absent,young_adult_age_unclear,M,,,,,,,M,B_C_consensus
FS-007384,MX_sample,HUMAN_SAMPLE_VERIFY,X,present,clinical_or_infected_cohort,present,outcome_linkage,clinical_or_infected_cohort,none,V,Exercise-induced asthma and airflow obstruction were analysed alongside circulating mediators.,present,outcome_linkage,clinical_or_infected_cohort,E4_population,X,哮喘队列，实测运动性支气管收缩及晚期反应与 NCF 释放和峰流量降低的关系。,present,clinical_or_infected_cohort,DISAGREE,,present,outcome_linkage,clinical_or_infected_cohort,none,实测 EIA 发生及峰流量下降，与 NCF 等介质释放作条件/时程分析；临床标签不作 X。,V,D
FS-007404,ADJ_b235,ADJUDICATION_SAMPLE_VERIFY,U,unclear,unclear,unclear,,unclear,none,U,"Title does not establish sampling, participants, or validation.",unclear,,clinical_or_infected_cohort,E4_population,U,无摘要；题名明确运动诱发哮喘疾病情境，但不能确定实际测量及 E5 分析。,unclear,DISAGREE,U,,unclear,,clinical_or_infected_cohort,none,无摘要；题名明确运动诱发哮喘疾病情境，E5 与采样不清；临床标签本身不构成 core_absent。,U,D
FS-007406,ADJ_sample,ADJUDICATION_SAMPLE_VERIFY,M,absent,unclear,absent,,young_adult_age_unclear,none,M,,absent,,young_adult_age_unclear,none,M,距离相关的 CRP 时程未报告参考区间或诊断性能；诊断用途仅为建议，未说明同一人跨三场监测。,absent,young_adult_age_unclear,M,,,,,,,M,B_C_consensus
FS-007425,ADJ_sample,ADJUDICATION_SAMPLE_VERIFY,X,absent,clinical_or_infected_cohort,absent,,clinical_or_infected_cohort,none,M,,absent,,clinical_or_infected_cohort,E4_population,X,更敏感特异的检测法仅作定性描述，无性能统计；未报告实际气道结局与指标的关联分析，纳入哮喘患者。,absent,clinical_or_infected_cohort,DISAGREE,,absent,,clinical_or_infected_cohort,none,检测法敏感特异仅定性说明，未给性能统计；无实测疾病结局关联，临床标签不作核心缺失。,M,D
FS-007426,MX_sample,HUMAN_SAMPLE_VERIFY,M,absent,unclear,absent,,unclear,none,M,,absent,,unclear,none,M,尿白细胞具名，红细胞正常上限800/ml不属免疫指标验证；仅称48名受试者。,absent,unclear,M,,,,,,,M,B_C_consensus
FS-007433,V_confirm,HUMAN_CONFIRM_ALL,V,present,unclear,absent,outcome_linkage,young_adult_age_unclear,,M,,absent,outcome_linkage,young_adult_age_unclear,,M,感染易感性仅讨论推测，没有感染发生或表现下降分析。,absent,young_adult_age_unclear,M,,,,,,,M,B_C_consensus
FS-007440,V_confirm,HUMAN_CONFIRM_ALL,V,present,adults_stated,present,metric_validation,adults_stated,,V,Evaluated leukocyte counts against laboratory upper limits of normal.,present,metric_validation,adults_stated,,V,实际评估白细胞超过实验室正常上限的比例，赛后71%；年龄23–47岁。,present,adults_stated,V,,,,,,,V,B_C_consensus
FS-007441,MX_sample,HUMAN_SAMPLE_VERIFY,X,present,clinical_or_infected_cohort,absent,,clinical_or_infected_cohort,none,M,,present,outcome_linkage,clinical_or_infected_cohort,E4_population,X,哮喘者实测 PEFR/FEV1 下降，并报告 NCF 释放与其时间曲线对应。,DISAGREE,clinical_or_infected_cohort,DISAGREE,,present,outcome_linkage,clinical_or_infected_cohort,none,NCF 释放与实际诱发哮喘的 PEFR/FEV1 降低时程对应并作挑战比较；符合疾病事件关联。,V,D
FS-007452,ADJ_b235,ADJUDICATION_SAMPLE_VERIFY,U,unclear,unclear,unclear,,unclear,none,U,Exercise is identifiable; post-exercise sampling and biosample measurement are unstated.,unclear,,clinical_or_infected_cohort,E4_population,U,无摘要；题名明确运动诱发心肌缺血临床情境，缺少实际设计及 E5 分析细节。,unclear,DISAGREE,U,,unclear,,clinical_or_infected_cohort,none,无摘要；题名为运动诱发心肌缺血临床情境，缺 E5 设计细节；临床标签不构成核心缺失。,U,D
FS-007453,MX_sample,HUMAN_SAMPLE_VERIFY,M,absent,unclear,absent,,young_adult_age_unclear,none,M,,absent,,young_adult_age_unclear,none,M,单次跑后免疫指标，只有定性正常范围陈述，未建立或评估验证性能。,absent,young_adult_age_unclear,M,,,,,,,M,B_C_consensus
FS-007454,ADJ_sample,ADJUDICATION_SAMPLE_VERIFY,X,absent,young_adult_age_unclear,absent,,young_adult_age_unclear,E2_no_post_sample,X,Immune measures lack a sample linked to a marathon bout.,absent,,young_adult_age_unclear,E2_no_post_sample,X,为训练者免疫状态比较，未描述单次运动后采样；自述抗感染抵抗力不是实际感染发生记录。,absent,young_adult_age_unclear,X,,,,,,,X,B_C_consensus
FS-007467,V_confirm,HUMAN_CONFIRM_ALL,V,present,young_adult_age_unclear,present,repeated_monitoring,young_adult_age_unclear,,V,Lymphocyte subsets tracked after exercise across four training phases.,absent,repeated_monitoring,young_adult_age_unclear,,M,四个训练阶段按不同强度/容量条件交叉安排，目的为条件比较，未声明个体监测。,DISAGREE,young_adult_age_unclear,DISAGREE,,absent,,young_adult_age_unclear,,四阶段按不同强度/容量交叉比较，各条件两次运动采样，属实验设计而非明确个体监测，不计 repeated_monitoring。,M,D
FS-007479,V_confirm,HUMAN_CONFIRM_ALL,V,present,unclear,present,outcome_linkage;repeated_monitoring,young_adult_age_unclear,,V,Salivary IgA tracked before and after sessions across seven months.,present,outcome_linkage;repeated_monitoring,young_adult_age_unclear,,V,七个月赛季前瞻跟踪免疫球蛋白及NK细胞，并包含训练前后采样；感染关联仅推测。,present,young_adult_age_unclear,V,,,,,,,V,B_C_consensus
FS-007481,MX_sample,HUMAN_SAMPLE_VERIFY,M,absent,adults_stated,absent,,young_adult_age_unclear,none,M,,absent,,young_adult_age_unclear,none,M,单次力竭运动后细胞功能时程不符合 E5；年龄仅给均值及离散值。,absent,young_adult_age_unclear,M,,,,,,,M,B_C_consensus
FS-007487,MX_sample,HUMAN_SAMPLE_VERIFY,M,absent,unclear,absent,,unclear,none,M,,absent,,unclear,none,M,单次阻力运动后细胞与 cAMP；儿茶酚胺相关非验证，摘要没有参与者描述。,absent,unclear,M,,,,,,,M,B_C_consensus
FS-007490,ADJ_sample,ADJUDICATION_SAMPLE_VERIFY,M,absent,young_adult_age_unclear,absent,,young_adult_age_unclear,none,M,,absent,,young_adult_age_unclear,none,M,两个补充条件下单次测试，化学发光时间 AUC 不是诊断验证 AUC。,absent,young_adult_age_unclear,M,,,,,,,M,B_C_consensus
FS-007501,V_confirm,HUMAN_CONFIRM_ALL,V,present,adults_stated,absent,metric_validation,adults_stated,,M,,present,metric_validation,adults_stated,,V,13周连续追踪白细胞，实际按9500阈值分组评估；年龄24–36岁。,DISAGREE,adults_stated,DISAGREE,,present,repeated_monitoring,adults_stated,,24–36 岁成人，13 周明确连续追踪白细胞；9500 仅用于分组，未验证阈值，器官损伤不计结局关联。,V,D
FS-007508,V_confirm,HUMAN_CONFIRM_ALL,V,present,adults_stated,present,metric_validation,adults_stated,,V,Abstract reports a normal range for the CD4+/CD8+ ratio.,present,metric_validation,adults_stated,,V,CD4/CD8实际对照正常范围1.2–1.5；六种饮料条件非重复监测；年龄30–46岁。,present,adults_stated,V,,,,,,,V,B_C_consensus
FS-007523,MX_sample,HUMAN_SAMPLE_VERIFY,X,absent,clinical_or_infected_cohort,absent,,clinical_or_infected_cohort,none,M,,absent,,clinical_or_infected_cohort,E4_population,X,间歇性跛行患者队列；中位数及 IQR 为组描述，非参考区间或可靠性统计。,absent,clinical_or_infected_cohort,DISAGREE,,absent,,clinical_or_infected_cohort,none,中位数/IQR 为组描述，非正式参考区间；仅缺血/内皮损伤机制，无四类 E5，临床标签不作 X。,M,D
FS-007524,V_confirm,HUMAN_CONFIRM_ALL,V,present,young_adult_age_unclear,absent,outcome_linkage;repeated_monitoring,young_adult_age_unclear,,M,,absent,outcome_linkage;repeated_monitoring,young_adult_age_unclear,,M,两种训练阶段的运动测试比较；感染风险只推测，无验证统计或个体监测目的。,absent,young_adult_age_unclear,M,,,,,,,M,B_C_consensus
FS-007528,V_confirm,HUMAN_CONFIRM_ALL,V,present,young_adult_age_unclear,absent,outcome_linkage;repeated_monitoring,young_adult_age_unclear,,M,,present,outcome_linkage;repeated_monitoring,young_adult_age_unclear,,V,同批跑者三个自然训练/比赛阶段在末次运动22小时后测免疫表型；感染/过度训练仅推测。,DISAGREE,young_adult_age_unclear,DISAGREE,,present,repeated_monitoring,young_adult_age_unclear,,同批跑者跨自然训练及比赛三阶段，末次运动后 22 小时追踪免疫指标；感染和过度训练仅讨论推测。,V,D
FS-007530,V_confirm,HUMAN_CONFIRM_ALL,V,present,young_adult_age_unclear,present,outcome_linkage;repeated_monitoring,young_adult_age_unclear,,V,IgA was tracked across three bouts and compared between stale and well-trained swimmers.,present,outcome_linkage;repeated_monitoring,young_adult_age_unclear,,V,实测staleness状态与IgA比较，且有连续三次运动和六个月赛季追踪。,present,young_adult_age_unclear,V,,,,,,,V,B_C_consensus
FS-007547,V_confirm,HUMAN_CONFIRM_ALL,V,present,young_adult_age_unclear,absent,outcome_linkage;repeated_monitoring,young_adult_age_unclear,,M,,absent,outcome_linkage;repeated_monitoring,young_adult_age_unclear,,M,仅两次运动测试；称没有明显感染但未报告感染结局记录及关联分析。,absent,young_adult_age_unclear,M,,,,,,,M,B_C_consensus
FS-007555,MX_sample,HUMAN_SAMPLE_VERIFY,M,absent,young_adult_age_unclear,absent,,young_adult_age_unclear,none,M,,absent,,young_adult_age_unclear,none,M,两个强度交叉实验，不属重复监测。,absent,young_adult_age_unclear,M,,,,,,,M,B_C_consensus
FS-007565,MX_sample,HUMAN_SAMPLE_VERIFY,X,absent,clinical_or_infected_cohort,present,outcome_linkage,clinical_or_infected_cohort,none,V,Fatigue symptom scores were analyzed in relation to cytokines.,present,outcome_linkage,clinical_or_infected_cohort,E4_population,X,CFS 患者实测症状疲劳，并检验细胞因子与症状加剧关系，阴性结果计入。,present,clinical_or_infected_cohort,DISAGREE,,present,outcome_linkage,clinical_or_infected_cohort,none,实测 CFS 疲劳症状评分并检验细胞因子与症状加剧关系；阴性结果仍算疾病结局关联。,V,D
FS-007568,V_confirm,HUMAN_CONFIRM_ALL,V,present,young_adult_age_unclear,absent,outcome_linkage,young_adult_age_unclear,,M,,absent,outcome_linkage,young_adult_age_unclear,,M,一次比赛多时点鼻腔中性粒细胞测量；感染发生率仅引用背景及讨论。,absent,young_adult_age_unclear,M,,,,,,,M,B_C_consensus
FS-007578,V_confirm,HUMAN_CONFIRM_ALL,V,present,unclear,present,outcome_linkage;repeated_monitoring,young_adult_age_unclear,,V,Salivary immunoglobulins were tracked around three training sessions over three weeks.,present,outcome_linkage;repeated_monitoring,young_adult_age_unclear,,V,三周内三次实际训练前后跟踪IgA；URTI只为机制推测。,present,young_adult_age_unclear,V,,,,,,,V,B_C_consensus
FS-007602,V_confirm,HUMAN_CONFIRM_ALL,V,present,young_adult_age_unclear,present,repeated_monitoring,young_adult_age_unclear,,V,Immune responses tracked across five daily exercise bouts.,present,repeated_monitoring,young_adult_age_unclear,,V,五天同样运动逐日跟踪免疫反应及耐受；健康未训练人无年龄。,present,young_adult_age_unclear,V,,,,,,,V,B_C_consensus
FS-007615,MX_sample,HUMAN_SAMPLE_VERIFY,X,absent,clinical_or_infected_cohort,absent,,clinical_or_infected_cohort,none,M,,absent,,clinical_or_infected_cohort,E4_population,X,哮喘患者臭氧/空气暴露时有运动；气道与痰 PMN 分别比较，未直接关联分析。,absent,clinical_or_infected_cohort,DISAGREE,,absent,,clinical_or_infected_cohort,none,气道与痰中性粒分别比较暴露条件，住院仅背景；无结局关联，临床标签不自动作核心缺失。,M,D
FS-007617,V_confirm,HUMAN_CONFIRM_ALL,V,present,young_adult_age_unclear,absent,metric_validation,young_adult_age_unclear,,M,,absent,metric_validation,young_adult_age_unclear,,M,新建IL-6抑制试验的Dex剂量反应未报告可靠性/性能或指标阈值验证；药物剂量不等于免疫标记阈值。,absent,young_adult_age_unclear,M,,,,,,,M,B_C_consensus
FS-007626,ADJ_sample,ADJUDICATION_SAMPLE_VERIFY,M,absent,young_adult_age_unclear,absent,,young_adult_age_unclear,none,M,,present,outcome_linkage,young_adult_age_unclear,none,V,实际肺功能减退和呼吸症状测量，分析气道炎症与肺功能减退的关系；阴性关系仍为结局分析。,DISAGREE,young_adult_age_unclear,DISAGREE,,absent,,young_adult_age_unclear,none,肺功能/刺激性症状与气道损伤关联属于器官损伤，非指定感染或表现下降结局；交叉非监测。,M,D
FS-007628,MX_sample,HUMAN_SAMPLE_VERIFY,M,absent,young_adult_age_unclear,absent,,young_adult_age_unclear,none,M,,absent,,young_adult_age_unclear,none,M,一次臭氧或空气暴露伴运动；早晚 BAL 比较来自不同研究，非同人重复监测。,absent,young_adult_age_unclear,M,,,,,,,M,B_C_consensus
FS-007637,V_confirm,HUMAN_CONFIRM_ALL,V,present,adults_stated,absent,repeated_monitoring,adults_stated,,M,,absent,repeated_monitoring,adults_stated,,M,基线、六周及十二周是干预效果评估，未明确个体监测目的，仅两次急性运动反应；最低70岁。,absent,adults_stated,M,,,,,,,M,B_C_consensus
FS-007639,V_confirm,HUMAN_CONFIRM_ALL,V,present,adults_stated,present,repeated_monitoring,adults_stated,,V,"Neutrophil markers sampled after bouts on days 1, 4, and 7.",present,repeated_monitoring,adults_stated,,V,第1、4、7次同负荷训练前后追踪中性粒细胞数量与功能；年龄20–24岁。,present,adults_stated,V,,,,,,,V,B_C_consensus
FS-007641,ADJ_sample,ADJUDICATION_SAMPLE_VERIFY,V,present,adults_stated,absent,,adults_stated,E2_no_post_sample,X,IgE was measured without a stated bout-linked post-exercise sample.,present,outcome_linkage,clinical_or_infected_cohort,E4_population,X,实测 EIB 与特异 IgE 作比值和趋势分析；队列含哮喘及过敏性鼻炎患者。,DISAGREE,DISAGREE,X,,present,outcome_linkage,clinical_or_infected_cohort,none,实测 EIB 与特异 IgE 的关系符合 E5；队列含临床疾病，采血时间未说明而非明确无运动后采样，core 为 none。,V,D
FS-007642,V_confirm,HUMAN_CONFIRM_ALL,V,present,unclear,present,repeated_monitoring,young_adult_age_unclear,,V,Immune markers tracked after six rowing bouts.,present,repeated_monitoring,young_adult_age_unclear,,V,两天六次独立划船后采样免疫指标，比较连续重复反应；年龄未给。,present,young_adult_age_unclear,V,,,,,,,V,B_C_consensus
FS-007646,V_confirm,HUMAN_CONFIRM_ALL,V,present,young_adult_age_unclear,absent,repeated_monitoring,young_adult_age_unclear,,M,,absent,repeated_monitoring,young_adult_age_unclear,,M,两种运动分配条件及恢复块为交叉实验，未声明个人免疫监测目的。,absent,young_adult_age_unclear,M,,,,,,,M,B_C_consensus
FS-007647,V_confirm,HUMAN_CONFIRM_ALL,V,present,young_adult_age_unclear,absent,outcome_linkage;repeated_monitoring,young_adult_age_unclear,,M,,absent,outcome_linkage;repeated_monitoring,young_adult_age_unclear,,M,实际力量下降与炎症标记并测，但只报告两模式ANOVA，未直接分析免疫标记与力量下降关联。,absent,young_adult_age_unclear,M,,,,,,,M,B_C_consensus
FS-007649,V_confirm,HUMAN_CONFIRM_ALL,V,present,adults_stated,absent,outcome_linkage,young_adult_age_unclear,,M,,absent,outcome_linkage,young_adult_age_unclear,,M,长期训练者与静坐者的一次运动比较；感染易感性仅推测，年龄均值加误差。,absent,young_adult_age_unclear,M,,,,,,,M,B_C_consensus
FS-007674,MX_sample,HUMAN_SAMPLE_VERIFY,M,absent,young_adult_age_unclear,absent,,young_adult_age_unclear,none,M,,absent,,young_adult_age_unclear,none,M,四个环境与活动条件比较非监测，年龄仅均值和标准差。,absent,young_adult_age_unclear,M,,,,,,,M,B_C_consensus
FS-007694,ADJ_sample,ADJUDICATION_SAMPLE_VERIFY,M,absent,young_adult_age_unclear,absent,,young_adult_age_unclear,none,M,,absent,,young_adult_age_unclear,none,M,两个运动协议乘两个注射条件为实验设计；靶向淋巴细胞受体测量无四类 E5。,absent,young_adult_age_unclear,M,,,,,,,M,B_C_consensus
FS-007695,V_confirm,HUMAN_CONFIRM_ALL,V,present,unclear,absent,metric_validation,young_adult_age_unclear,,M,,absent,metric_validation,young_adult_age_unclear,,M,平行及相隔一小时样本的差异仅定性称不显著，未报告变异/可靠性统计量。,absent,young_adult_age_unclear,M,,,,,,,M,B_C_consensus
FS-007697,MX_sample,HUMAN_SAMPLE_VERIFY,M,absent,young_adult_age_unclear,absent,,young_adult_age_unclear,none,M,,absent,,young_adult_age_unclear,none,M,一次运动按皮质醇反应分组，非免疫指标阈值验证；年龄仅均值和标准差。,absent,young_adult_age_unclear,M,,,,,,,M,B_C_consensus
FS-007717,ADJ_sample,ADJUDICATION_SAMPLE_VERIFY,M,absent,young_adult_age_unclear,absent,,young_adult_age_unclear,none,M,,absent,,young_adult_age_unclear,none,M,两个运动条件及 IL-6 与 CK 关联不符合 E5；CK 肌损伤并非实测疾病或表现下降结局。,absent,young_adult_age_unclear,M,,,,,,,M,B_C_consensus
FS-007727,MX_sample,HUMAN_SAMPLE_VERIFY,M,absent,young_adult_age_unclear,absent,,young_adult_age_unclear,E3_no_immune_marker,X,"Lymphocyte beta-adrenergic receptor measured as a sympathetic response, with no immune marker stated.",absent,,young_adult_age_unclear,none,M,健康人运动后单一 β 受体 mRNA 与受体数相关，非组学或验证。,absent,young_adult_age_unclear,DISAGREE,,absent,,young_adult_age_unclear,none,单基因/受体数的机制相关非组学或验证；人体淋巴细胞分子测量免疫相关性不明确，不判 E3 缺失。,M,D
FS-007742,V_confirm,HUMAN_CONFIRM_ALL,V,present,unclear,absent,outcome_linkage,young_adult_age_unclear,,M,,absent,outcome_linkage,young_adult_age_unclear,,M,感染发生与T细胞反应分别按补充剂组描述，未报告感染与免疫指标关联分析。,absent,young_adult_age_unclear,M,,,,,,,M,B_C_consensus
FS-007747,V_confirm,HUMAN_CONFIRM_ALL,V,present,unclear,absent,outcome_linkage,young_adult_age_unclear,,M,,absent,outcome_linkage,young_adult_age_unclear,,M,IgA变化后的感染风险仅推测，未实际测量感染结局。,absent,young_adult_age_unclear,M,,,,,,,M,B_C_consensus
FS-007775,ADJ_b235,ADJUDICATION_SAMPLE_VERIFY,X,unclear,clinical_or_infected_cohort,unclear,,clinical_or_infected_cohort,none,U,Exercise test and leukocyte measures named; post-test timing and validation unstated.,unclear,,clinical_or_infected_cohort,E4_population,U,无摘要；题名明确纳入冠脉成形术后人群，E5 不能判断。,unclear,clinical_or_infected_cohort,U,,unclear,,clinical_or_infected_cohort,none,无摘要；题名明确冠脉成形术人群及正常对照，临床标签可定，E5 不清且无明确核心缺失。,U,D
FS-007776,MX_sample,HUMAN_SAMPLE_VERIFY,M,absent,young_adult_age_unclear,absent,,young_adult_age_unclear,none,M,,absent,,young_adult_age_unclear,none,M,两次药物条件运动后 ICAM-1，实验设计非重复监测。,absent,young_adult_age_unclear,M,,,,,,,M,B_C_consensus
FS-007778,V_confirm,HUMAN_CONFIRM_ALL,V,present,adults_stated,present,metric_validation,adults_stated,,V,Lymphocyte percentage cutoffs and diagnostic false-positive rates were evaluated.,present,metric_validation,adults_stated,,V,相对淋巴细胞百分比阈值及AMI假阳性率实际评估；明确年龄30–45岁。,present,adults_stated,V,,,,,,,V,B_C_consensus
FS-007796,ADJ_sample,ADJUDICATION_SAMPLE_VERIFY,M,absent,young_adult_age_unclear,absent,,young_adult_age_unclear,none,M,,present,repeated_monitoring,young_adult_age_unclear,none,V,每个条件含三次独立骑行，间隔两小时并逐次追踪淋巴细胞变化；条件比较本身不计，但三次骑行监测符合 E5。,DISAGREE,young_adult_age_unclear,DISAGREE,,present,repeated_monitoring,young_adult_age_unclear,none,每个补充条件内部均有三次间隔骑行并逐次追踪免疫指标；三 bout 分支成立，非仅条件交叉。,V,D
FS-007801,V_confirm,HUMAN_CONFIRM_ALL,V,present,unclear,present,metric_validation;outcome_linkage,young_adult_age_unclear,,V,Immunophenotypes tracked longitudinally against overtraining status; diagnostic sensitivity and specificity reported.,present,metric_validation;outcome_linkage,young_adult_age_unclear,,V,过度训练实测并与免疫表型分析，特异度92%/敏感度93%；19个月前瞻个体追踪。,present,young_adult_age_unclear,V,,,,,,,V,B_C_consensus
FS-007816,MX_sample,HUMAN_SAMPLE_VERIFY,M,absent,young_adult_age_unclear,absent,,young_adult_age_unclear,none,M,,absent,,young_adult_age_unclear,none,M,两次下坡跑不达三次，五天恢复内多点采样不等于重复运动。,absent,young_adult_age_unclear,M,,,,,,,M,B_C_consensus
FS-007839,ADJ_sample,ADJUDICATION_SAMPLE_VERIFY,M,absent,young_adult_age_unclear,absent,,young_adult_age_unclear,none,M,,unclear,,young_adult_age_unclear,none,U,四种蒸气条件并非重复监测；鼻灌洗炎症测量未具名，摘要不足以确认 E5。,DISAGREE,young_adult_age_unclear,DISAGREE,,absent,,young_adult_age_unclear,none,四个 ETBE 条件为暴露比较；变异仅定性描述，炎症与临床结局未作关联，无四类 E5。,M,D
FS-007894,V_confirm,HUMAN_CONFIRM_ALL,V,present,unclear,absent,outcome_linkage,young_adult_age_unclear,,M,,absent,outcome_linkage,young_adult_age_unclear,,M,一次运动六个采样时点，少数靶向基因非转录组；过度负荷风险为应用建议。,absent,young_adult_age_unclear,M,,,,,,,M,B_C_consensus
FS-007905,V_confirm,HUMAN_CONFIRM_ALL,V,present,young_adult_age_unclear,absent,repeated_monitoring,young_adult_age_unclear,,M,,absent,repeated_monitoring,young_adult_age_unclear,,M,六周三次阶段采样仅两次明确运动后样本；目的为组间干预效果比较，无个体监测说明。,absent,young_adult_age_unclear,M,,,,,,,M,B_C_consensus
FS-007928,MX_sample,HUMAN_SAMPLE_VERIFY,X,absent,young_adult_age_unclear,absent,,young_adult_age_unclear,E2_no_post_sample,X,Eight-week programme assessments lack bout-linked sampling.,absent,,young_adult_age_unclear,E2_no_post_sample,X,八周运动零食计划前后比较，无单次运动后血样；少数预选基因不是组学发现。,absent,young_adult_age_unclear,X,,,,,,,X,B_C_consensus
FS-007930,V_confirm,HUMAN_CONFIRM_ALL,V,present,adults_stated,present,repeated_monitoring,adults_stated,,V,Inflammation markers tracked during prolonged recovery after the running challenge.,present,repeated_monitoring,adults_stated,,V,单名跑者长期纵向监测，四次肌肉活检跨17个月追踪炎症蛋白恢复；明确49岁。,present,adults_stated,V,,,,,,,V,B_C_consensus
FS-007953,V_confirm,HUMAN_CONFIRM_ALL,V,present,unclear,present,metric_validation,unclear,,V,AUC reported for exercise-status models incorporating miR-21.,present,metric_validation,unclear,,V,含miR-21的多变量分类模型交叉验证，报告准确率及AUC0.995–1.000；年龄信息未给。,present,unclear,V,,,,,,,V,B_C_consensus
FS-007984,ADJ_sample,ADJUDICATION_SAMPLE_VERIFY,M,absent,young_adult_age_unclear,absent,,young_adult_age_unclear,none,M,,absent,,young_adult_age_unclear,none,M,三个氧暴露及运动条件是交叉实验，不属于重复监测；年龄仅均值及标准差。,absent,young_adult_age_unclear,M,,,,,,,M,B_C_consensus
FS-007992,V_confirm,HUMAN_CONFIRM_ALL,V,present,unclear,present,repeated_monitoring,young_adult_age_unclear,,V,Lymphocyte subpopulations monitored quarterly across the year-long expedition.,present,repeated_monitoring,unclear,,V,一年远征前后及逐季度追踪淋巴细胞亚群；急性Cooper测试仅一次，人群年龄未述。,present,DISAGREE,V,,present,repeated_monitoring,young_adult_age_unclear,,男女无明确年龄，留到全文；一年远征前后及季度追踪同人免疫亚群，符合重复监测。,V,D
FS-007993,V_confirm,HUMAN_CONFIRM_ALL,V,present,young_adult_age_unclear,present,outcome_linkage,young_adult_age_unclear,,V,Race performance groups compared for leukocyte and neutrophil-to-lymphocyte responses.,absent,outcome_linkage,young_adult_age_unclear,,M,免疫指标按完赛速度分组比较，未定义实际表现下降结局；年龄均值±标准差。,DISAGREE,young_adult_age_unclear,DISAGREE,,absent,,young_adult_age_unclear,,按一般完赛速度分组，未定义实际表现下降；OR 属握力和跳跃而非免疫指标，不构成免疫预测性能验证。,M,D
FS-008071,MX_sample,HUMAN_SAMPLE_VERIFY,M,absent,adults_stated,absent,,adults_stated,none,M,,absent,,young_adult_age_unclear,none,M,三种三小时协议中的九段间歇非三次独立运动监测；AUC 是细胞动员时间积分。,absent,DISAGREE,M,,absent,,young_adult_age_unclear,none,两个年龄层均仅均值±SD，留到全文；三条件间歇协议及细胞时间积分 AUC 无 E5。,M,D
FS-008081,MX_sample,HUMAN_SAMPLE_VERIFY,M,absent,adults_stated,absent,,adults_stated,none,M,,absent,,adults_stated,none,M,明确19–29岁，单次台阶试验后 TNF-α，无 E5。,absent,adults_stated,M,,,,,,,M,B_C_consensus
FS-008118,ADJ_b235,ADJUDICATION_SAMPLE_VERIFY,U,unclear,unclear,absent,,young_adult_age_unclear,none,M,"The abstract reports two acute exercise conditions (MICE/HIIE) with salivary IgA/HBD-2 at baseline, post-0 and post-30 min; no marker validation, independent health outcome linkage, omics discovery or longitudinal monitoring. Same trial has a full paper: DOI 10.1007/s00421-025-05937-5; PMID 40810749. Check duplicate.",absent,,young_adult_age_unclear,none,M,已补摘要；两个运动模式为实验比较，IgA 和 HBD-2 的急性变化不符合 E5；年轻健康男性无年龄范围。,absent,young_adult_age_unclear,M,,,,,,,M,B_C_consensus
FS-008133,ADJ_b235,ADJUDICATION_SAMPLE_VERIFY,U,unclear,unclear,absent,,young_adult_age_unclear,none,M,"One 1-h cycling challenge; pre/3-h serum concentrations of 10 cytokines and 12 soluble receptors by a predefined MAGPIX panel (not discovery omics). No marker validation, external outcome linkage or multi-bout monitoring. Published full paper: DOI 10.1152/ajpregu.00010.2025; PMID 40130752.",absent,,young_adult_age_unclear,none,M,已补摘要；十个预选细胞因子和十二个受体的 multiplex 比较未构成组学发现，单次运动无其余 E5。,absent,young_adult_age_unclear,M,,,,,,,M,B_C_consensus
FS-008139,ADJ_b235,ADJUDICATION_SAMPLE_VERIFY,U,unclear,unclear,absent,,adults_stated,none,M,"Two acute cycling challenges at T0/T1 around 14-day Urolithin A supplementation. NK counts, K562 killing and mitochondrial respiration are immune-functional/mechanistic readouts, not external clinical/performance outcomes; two assessment visits do not establish a longitudinal monitoring series. No E5 subtype shown in abstract.",absent,,young_adult_age_unclear,none,M,已补摘要；干预前后两次急性测试非重复监测，离体癌细胞杀伤不是实际疾病结局；年龄仅均值及标准差。,absent,DISAGREE,M,,absent,,young_adult_age_unclear,none,年龄仅 24±4 岁；两次补充前后运动测试及离体 NK 杀伤无 E5，核心要素无明确缺失。,M,D
FS-008155,MX_sample,HUMAN_SAMPLE_VERIFY,X,absent,includes_under_18,absent,,young_adult_age_unclear,none,M,,absent,,includes_under_18,E4_population,X,75 µg/L 是分组界值，摘要未建立或验证该指标阈值；青年国家队人群按未成年队列处理。,absent,DISAGREE,DISAGREE,,absent,,includes_under_18,E4_population,仅 Youth National Team，按摘要阶段年龄定义取 E4_population；75 为预设分组界值，非验证阈值。,X,D
FS-008213,V_confirm,HUMAN_CONFIRM_ALL,V,present,unclear,present,metric_validation,young_adult_age_unclear,,V,Neutrophil and lymphocyte responses correlated with shuttle-run performance.,absent,metric_validation,young_adult_age_unclear,,M,中性粒细胞/淋巴细胞与距离成绩相关，未实测表现递减；正常范围仅定性未报告数值。,DISAGREE,young_adult_age_unclear,DISAGREE,,absent,,young_adult_age_unclear,,白细胞与单次跑步距离相关，未测表现下降；正常范围仅定性说明，未报告或评价具体范围/阈值。,M,D
FS-008227,V_confirm,HUMAN_CONFIRM_ALL,V,present,young_adult_age_unclear,present,repeated_monitoring,young_adult_age_unclear,,V,SIgA tracked before and after multiple matches and training sessions.,present,repeated_monitoring,young_adult_age_unclear,,V,27天五场比赛及16次训练前后测SIgA，明确内部负荷和个人恢复追踪。,present,young_adult_age_unclear,V,,,,,,,V,B_C_consensus
FS-008228,V_confirm,HUMAN_CONFIRM_ALL,V,present,unclear,present,outcome_linkage;repeated_monitoring,young_adult_age_unclear,,V,Weekly SIgA monitoring included a post-competition decline preceding URTI.,present,outcome_linkage;repeated_monitoring,young_adult_age_unclear,,V,十周单人SIgA监测，实际记录赛后SIgA下降先于URTI发生并分析其时间关系。,present,young_adult_age_unclear,V,,,,,,,V,B_C_consensus
FS-008243,MX_sample,HUMAN_SAMPLE_VERIFY,M,absent,adults_stated,absent,,adults_stated,none,M,,absent,,adults_stated,none,M,明确60–70岁，末次训练后24小时急性采样；训练前后比较无 E5。,absent,adults_stated,M,,,,,,,M,B_C_consensus
FS-008261,MX_sample,HUMAN_SAMPLE_VERIFY,M,absent,unclear,absent,,young_adult_age_unclear,none,M,,absent,,young_adult_age_unclear,none,M,单次跑后白细胞及 CRP；纤维蛋白原在标准范围内仅定性描述，非验证。,absent,young_adult_age_unclear,M,,,,,,,M,B_C_consensus
FS-008386,ADJ_sample,ADJUDICATION_SAMPLE_VERIFY,M,absent,unclear,absent,,unclear,none,M,,absent,,unclear,none,M,四组剂量比较及训练后 IL-6 变化无 E5；年龄与健康情况未描述。,absent,unclear,M,,,,,,,M,B_C_consensus
FS-008441,MX_sample,HUMAN_SAMPLE_VERIFY,M,absent,young_adult_age_unclear,absent,,young_adult_age_unclear,none,M,,absent,,young_adult_age_unclear,none,M,健康男性一次运动后药物比较 CRP 与 IL-6，无 E5。,absent,young_adult_age_unclear,M,,,,,,,M,B_C_consensus
FS-008442,V_confirm,HUMAN_CONFIRM_ALL,V,present,adults_stated,present,outcome_linkage,adults_stated,,V,Post-race C-reactive protein was analysed in relation to measured performance loss.,present,outcome_linkage,adults_stated,,V,单人跨准备和恢复期追踪，明确CRP上升解释实测表现下降；年龄24岁。,present,adults_stated,V,,,,,,,V,B_C_consensus
FS-008457,MX_sample,HUMAN_SAMPLE_VERIFY,X,absent,includes_under_18,absent,,young_adult_age_unclear,none,M,,absent,,young_adult_age_unclear,none,M,单 SNP 关联及预选炎症指标非组学；under-20 队并未明确有18岁以下参与者，年龄不明。,absent,young_adult_age_unclear,M,,,,,,,M,B_C_consensus
FS-008505,V_confirm,HUMAN_CONFIRM_ALL,V,present,unclear,present,omics_discovery,young_adult_age_unclear,,V,Biofluid proteomics profiled post-exercise cytokines and antimicrobial peptides.,present,omics_discovery,young_adult_age_unclear,,V,三体液多组学发现抗菌肽及炎症因子；感染证据来自另行文献综述而非研究结局。,present,young_adult_age_unclear,V,,,,,,,V,B_C_consensus
FS-008531,MX_sample,HUMAN_SAMPLE_VERIFY,M,absent,young_adult_age_unclear,absent,,young_adult_age_unclear,none,M,,absent,,young_adult_age_unclear,none,M,两个温度条件的阻力运动细胞因子，无 E5。,absent,young_adult_age_unclear,M,,,,,,,M,B_C_consensus
FS-008584,ADJ_b235,ADJUDICATION_SAMPLE_VERIFY,U,unclear,unclear,unclear,,unclear,none,U,"Title does not establish a human exercise bout, biosample, or validation.",unclear,,unclear,none,U,无摘要；题名不能确定人体运动或 NK 细胞实验，也不能判断 E5。,unclear,unclear,U,,,,,,,U,B_C_consensus
FS-008609,MX_sample,HUMAN_SAMPLE_VERIFY,M,absent,adults_stated,absent,,adults_stated,none,M,,absent,,adults_stated,none,M,明确40–60岁，单次 HIIT 后细胞因子动力学，无 E5。,absent,adults_stated,M,,,,,,,M,B_C_consensus
FS-008732,MX_sample,HUMAN_SAMPLE_VERIFY,M,absent,young_adult_age_unclear,absent,,young_adult_age_unclear,none,M,,absent,,young_adult_age_unclear,none,M,EMS 单次前后有 IL-6 测量；训练前后比较未报告验证或三次以上个体监测。,absent,young_adult_age_unclear,M,,,,,,,M,B_C_consensus
FS-008737,V_confirm,HUMAN_CONFIRM_ALL,V,present,unclear,absent,outcome_linkage,unclear,,M,,present,outcome_linkage,unclear,,V,实际六人发生AMS，并对有无AMS者炎症标记变化作比较，阴性结果仍符合。,DISAGREE,unclear,DISAGREE,,present,outcome_linkage,unclear,,实际测六人高山病发病，并比较有无高山病者炎症标记变化；阴性结果仍符合实际疾病结局关联。,V,D
FS-008738,V_confirm,HUMAN_CONFIRM_ALL,V,present,unclear,present,metric_validation,young_adult_age_unclear,,V,Predictive model reports R² for aerobic capacity; biomarker sampling timing is unstated.,present,metric_validation,young_adult_age_unclear,,V,含IL-6/TNF的容量预测模型报告ANN R²=0.872；普通体适能关联不作表现下降结局。,present,young_adult_age_unclear,V,,,,,,,V,B_C_consensus
FS-008782,MX_sample,HUMAN_SAMPLE_VERIFY,M,absent,unclear,absent,,unclear,none,M,,absent,,unclear,none,M,不同强度组单次运动后 IL-6；仅称45名参与者，人口年龄和健康描述不足。,absent,unclear,M,,,,,,,M,B_C_consensus
FS-008838,V_confirm,HUMAN_CONFIRM_ALL,V,present,unclear,present,metric_validation,young_adult_age_unclear,,V,Post-test blood markers measured; HSP expression evaluated against a stated cutoff.,absent,metric_validation,young_adult_age_unclear,,M,1.5倍是表达上调判定规则，未验证免疫指标阈值或性能；三个靶向基因非组学谱。,DISAGREE,young_adult_age_unclear,DISAGREE,,absent,,young_adult_age_unclear,,1.5 倍是靶基因上调判定规则，未评估免疫标志物阈值效度；三个靶基因 PCR 不构成组学发现。,M,D
FS-008929,V_confirm,HUMAN_CONFIRM_ALL,V,present,unclear,present,metric_validation,young_adult_age_unclear,,V,Post-match CRP and IL-6 changes compared with reference change values.,present,metric_validation,young_adult_age_unclear,,V,实际将CRP/IL-6变化与其参考变化值RCV比较，构成标记阈值评估；一次比赛。,present,young_adult_age_unclear,V,,,,,,,V,B_C_consensus
FS-009046,MX_sample,HUMAN_SAMPLE_VERIFY,M,absent,adults_stated,absent,,adults_stated,none,M,,absent,,adults_stated,none,M,明确18–30岁，补充剂前后两次运动；疼痛及 MPO 分别比较非所列结局关联。,absent,adults_stated,M,,,,,,,M,B_C_consensus
FS-009079,MX_sample,HUMAN_SAMPLE_VERIFY,M,absent,young_adult_age_unclear,absent,,young_adult_age_unclear,none,M,,absent,,young_adult_age_unclear,none,M,单次运动后少数中性粒细胞凋亡蛋白，不属组学发现或验证。,absent,young_adult_age_unclear,M,,,,,,,M,B_C_consensus
FS-009093,V_confirm,HUMAN_CONFIRM_ALL,V,present,unclear,present,repeated_monitoring,young_adult_age_unclear,,V,Immune-cell counts tracked before and after shuttle runs at three-month intervals.,present,repeated_monitoring,young_adult_age_unclear,,V,六个月每三个月同一批运动员折返跑前后测白细胞亚群。,present,young_adult_age_unclear,V,,,,,,,V,B_C_consensus
FS-009099,ADJ_sample,ADJUDICATION_SAMPLE_VERIFY,M,absent,unclear,absent,,young_adult_age_unclear,E2_no_post_sample,X,Immune cell mobilization was described during exercise; no post-bout sample was stated.,absent,,unclear,E2_no_post_sample,X,报告运动中细胞动员，未报告运动结束后采样；两次干预测试非重复监测，肥胖人群年龄未说明。,absent,DISAGREE,X,,absent,,clinical_or_infected_cohort,E2_no_post_sample,腹部肥胖队列优先临床标签；仅报告运动中免疫细胞动员，没有终止后样本，首项核心缺失 E2。,X,D
FS-009151,ADJ_sample,ADJUDICATION_SAMPLE_VERIFY,M,absent,unclear,absent,,young_adult_age_unclear,none,M,,absent,,young_adult_age_unclear,none,M,常规组间与运动前后统计和逻辑回归未报告指标变异或预测性能；标题的 variability 不足以构成验证。,absent,young_adult_age_unclear,M,,,,,,,M,B_C_consensus
FS-009159,MX_sample,HUMAN_SAMPLE_VERIFY,X,present,unclear,absent,,young_adult_age_unclear,E2_no_post_sample,X,Samples at baseline and training months lack an identifiable bout.,present,repeated_monitoring,young_adult_age_unclear,none,V,同一批柔道运动员基线、第3及第6月运动前后追踪白细胞，符合季节监测。,DISAGREE,young_adult_age_unclear,DISAGREE,,present,repeated_monitoring,young_adult_age_unclear,none,同一批八名运动员基线、第三及第六月前后追踪白细胞，符合训练期监测；采样未明确缺失。,V,D
FS-009203,V_confirm,HUMAN_CONFIRM_ALL,V,present,young_adult_age_unclear,absent,omics_discovery,young_adult_age_unclear,,M,,present,omics_discovery,young_adult_age_unclear,,V,UPLC-MS/MS发现67种炎症相关氧脂素谱；年龄只均值加误差。,DISAGREE,young_adult_age_unclear,DISAGREE,,present,omics_discovery,young_adult_age_unclear,,UPLC-MS/MS 发现 67 种炎症相关氧脂素谱及饮食响应，符合组学发现；年龄仅均值加误差。,V,D
FS-009285,MX_sample,HUMAN_SAMPLE_VERIFY,M,absent,adults_stated,absent,,adults_stated,none,M,,absent,,adults_stated,none,M,明确23–27岁，单次运动后细胞因子及白细胞，无 E5。,absent,adults_stated,M,,,,,,,M,B_C_consensus
FS-009320,V_confirm,HUMAN_CONFIRM_ALL,V,present,young_adult_age_unclear,absent,metric_validation,young_adult_age_unclear,,M,,absent,metric_validation,young_adult_age_unclear,,M,仅称细胞数未超过健康参考值，无参考区间或阈值数值评估；两条件交叉。,absent,young_adult_age_unclear,M,,,,,,,M,B_C_consensus
FS-009338,V_confirm,HUMAN_CONFIRM_ALL,V,present,adults_stated,absent,metric_validation,adults_stated,,M,,absent,metric_validation,adults_stated,,M,抗体与代谢/酶指标的相关不属验证性能；诊断意义仅定性；年龄18–24岁。,absent,adults_stated,M,,,,,,,M,B_C_consensus
FS-009341,V_confirm,HUMAN_CONFIRM_ALL,V,present,young_adult_age_unclear,present,repeated_monitoring,young_adult_age_unclear,,V,Salivary IgA tracked across two seasons to monitor individual responses.,present,repeated_monitoring,young_adult_age_unclear,,V,连续两个赛季明确追踪个人sIgA与赛前健康感受；无实际患病或表现下降结局。,present,young_adult_age_unclear,V,,,,,,,V,B_C_consensus
FS-009343,V_confirm,HUMAN_CONFIRM_ALL,V,present,unclear,present,repeated_monitoring,young_adult_age_unclear,,V,Immune responses tracked before and after running across five stages.,present,repeated_monitoring,young_adult_age_unclear,,V,每种饮食条件下五天独立跑步前后连续跟踪免疫反应；条件比较不取消组内五次追踪。,present,young_adult_age_unclear,V,,,,,,,V,B_C_consensus
FS-009344,V_confirm,HUMAN_CONFIRM_ALL,V,present,unclear,present,outcome_linkage,young_adult_age_unclear,,V,Sprint power was correlated with lymphocyte counts.,absent,outcome_linkage,young_adult_age_unclear,,M,午睡改善冲刺功率与淋巴细胞相关，未报告实际表现下降；三种睡眠条件非重复监测。,DISAGREE,young_adult_age_unclear,DISAGREE,,absent,,young_adult_age_unclear,,午睡改善成绩及淋巴细胞相关，未测表现下降；三种睡眠条件随机交叉不构成重复监测。,M,D
FS-009361,V_confirm,HUMAN_CONFIRM_ALL,V,present,young_adult_age_unclear,present,outcome_linkage,young_adult_age_unclear,,V,Finish time was analysed in relation to CRP.,present,outcome_linkage,young_adult_age_unclear,,V,报告包括CRP在内的全部标记8/9赛后超过正常值，实际阈值评估；完赛时间相关非表现下降。,present,young_adult_age_unclear,V,,,,,,,V,B_C_consensus
FS-009373,V_confirm,HUMAN_CONFIRM_ALL,V,present,young_adult_age_unclear,absent,omics_discovery,young_adult_age_unclear,,M,No bout-linked post-exercise sample is described.,unclear,omics_discovery,young_adult_age_unclear,,U,白细胞表达谱只列线粒体功能变化，未明确免疫相关候选物；无法确认组学子类。,DISAGREE,young_adult_age_unclear,DISAGREE,,absent,,young_adult_age_unclear,,白细胞表达谱仅报告线粒体功能，微生物组成变化未作免疫候选发现；疲劳未与免疫指标关联。,M,D
FS-009399,MX_sample,HUMAN_SAMPLE_VERIFY,M,absent,unclear,absent,,young_adult_age_unclear,none,M,,absent,,young_adult_age_unclear,none,M,一次比赛恢复时程，CRP 与肠屏障标志物相关并非实际感染或表现下降关联；监测建议不等于监测设计。,absent,young_adult_age_unclear,M,,,,,,,M,B_C_consensus
FS-009411,V_confirm,HUMAN_CONFIRM_ALL,V,present,unclear,absent,metric_validation,unclear,,M,,absent,metric_validation,unclear,,M,HPLC优化验证仅定性报告，未给精密度/检测限等验证统计；人群仅43名参与者。,absent,unclear,M,,,,,,,M,B_C_consensus
FS-009425,MX_sample,HUMAN_SAMPLE_VERIFY,X,absent,adults_stated,absent,,young_adult_age_unclear,E2_no_post_sample,X,"Blood sampling was linked to the training programme, with no identified bout.",absent,,young_adult_age_unclear,E2_no_post_sample,X,仅八周计划前与计划完成24小时后抽血，未辨明单次运动后样本；CK/CRP 普通变化非验证。,absent,young_adult_age_unclear,X,,,,,,,X,B_C_consensus
FS-009447,V_confirm,HUMAN_CONFIRM_ALL,V,present,unclear,absent,metric_validation,young_adult_age_unclear,,M,,present,metric_validation,young_adult_age_unclear,,V,hsCRP 3 mg/L阈值实际用于分组并分析其特征，属于标记阈值评估。,DISAGREE,young_adult_age_unclear,DISAGREE,,absent,,young_adult_age_unclear,,既有 hsCRP 3 mg/L 仅用于分组并描述相关特征，未评价阈值有效性或报告诊断/预测性能，不计验证。,M,D
FS-009448,ADJ_sample,ADJUDICATION_SAMPLE_VERIFY,M,absent,young_adult_age_unclear,absent,,young_adult_age_unclear,none,M,,absent,,unclear,none,M,两次行军测试及一个候选 SNP 分型非重复监测或组学；未分析实际表现下降。,absent,DISAGREE,M,,absent,,young_adult_age_unclear,none,男性军人没有明确年龄，按优先序留待全文；两次行军及单 SNP 分型无 E5。,M,D
FS-009457,MX_sample,HUMAN_SAMPLE_VERIFY,M,absent,young_adult_age_unclear,absent,,young_adult_age_unclear,none,M,,absent,,young_adult_age_unclear,none,M,三日跑步后恢复期实验，未说明逐次运动后免疫追踪；两种补充条件非监测。,absent,young_adult_age_unclear,M,,,,,,,M,B_C_consensus
FS-009465,V_confirm,HUMAN_CONFIRM_ALL,V,present,unclear,absent,metric_validation;repeated_monitoring,young_adult_age_unclear,,M,,absent,metric_validation;repeated_monitoring,young_adult_age_unclear,,M,血清DSC个体差异仅定性；三种氧条件比较非监测，未报告免疫蛋白组发现。,absent,young_adult_age_unclear,M,,,,,,,M,B_C_consensus
FS-009498,V_confirm,HUMAN_CONFIRM_ALL,V,present,young_adult_age_unclear,present,repeated_monitoring,adults_stated,,V,Leukocyte markers tracked across seasons after matches or training blocks.,present,repeated_monitoring,young_adult_age_unclear,,V,两个赛季不同训练块持续追踪免疫功能，赛后48小时采样；成人无数字年龄。,present,DISAGREE,V,,present,repeated_monitoring,young_adult_age_unclear,,成人描述无数字年龄，留到全文；两个赛季跨训练块追踪同人白细胞功能，明确赛后 48 小时样本。,V,D
FS-009509,V_confirm,HUMAN_CONFIRM_ALL,V,present,young_adult_age_unclear,present,metric_validation,young_adult_age_unclear,,V,Assay precision reported for salivary defensins.,present,metric_validation,young_adult_age_unclear,,V,HNP分析报告日内/日间CV、LOD/LOQ、回收率及与ELISA交叉验证R²。,present,young_adult_age_unclear,V,,,,,,,V,B_C_consensus
FS-009520,V_confirm,HUMAN_CONFIRM_ALL,V,present,young_adult_age_unclear,present,repeated_monitoring,young_adult_age_unclear,,V,Leukocyte counts tracked before and after five race stages.,present,repeated_monitoring,young_adult_age_unclear,,V,五段赛事每段前后采血，明确逐日白细胞监测；感染风险仅推测。,present,young_adult_age_unclear,V,,,,,,,V,B_C_consensus
FS-009525,V_confirm,HUMAN_CONFIRM_ALL,V,present,young_adult_age_unclear,present,repeated_monitoring,young_adult_age_unclear,,V,Differential leukocyte counts tracked after six races.,present,repeated_monitoring,young_adult_age_unclear,,V,四年同一人六场铁人赛后追踪白细胞；参考区间仅属于CK，未计免疫指标验证。,present,young_adult_age_unclear,V,,,,,,,V,B_C_consensus
FS-009547,V_confirm,HUMAN_CONFIRM_ALL,V,present,young_adult_age_unclear,present,repeated_monitoring,young_adult_age_unclear,,V,Cytokines measured after each of four matches in the same judokas.,present,repeated_monitoring,young_adult_age_unclear,,V,四场独立模拟柔道比赛后逐场采免疫标记，跟踪连续比赛反应；不是不同运动条件比较。,present,young_adult_age_unclear,V,,,,,,,V,B_C_consensus
FS-009556,MX_sample,HUMAN_SAMPLE_VERIFY,M,absent,young_adult_age_unclear,absent,,young_adult_age_unclear,none,M,,absent,,young_adult_age_unclear,none,M,香蕉干预前后指标与体能比较，采样对单次骑行的时间不清，不能推断核心缺失。,absent,young_adult_age_unclear,M,,,,,,,M,B_C_consensus
FS-009622,V_confirm,HUMAN_CONFIRM_ALL,V,present,unclear,absent,outcome_linkage,young_adult_age_unclear,,M,,absent,outcome_linkage,young_adult_age_unclear,,M,仅SIgA变化，所谓呼吸道保护未报告URTI发生或症状记录。,absent,young_adult_age_unclear,M,,,,,,,M,B_C_consensus
FS-009633,V_confirm,HUMAN_CONFIRM_ALL,V,present,young_adult_age_unclear,unclear,repeated_monitoring,young_adult_age_unclear,,U,Monthly post-run sampling; number of bouts and individual-tracking purpose are unclear.,unclear,repeated_monitoring,young_adult_age_unclear,,U,月度赛后采样未说明持续月份和运动次数，不能确认三次监测或明确个人追踪目的。,unclear,young_adult_age_unclear,U,,,,,,,U,B_C_consensus
FS-009634,MX_sample,HUMAN_SAMPLE_VERIFY,M,absent,young_adult_age_unclear,absent,,young_adult_age_unclear,none,M,,absent,,young_adult_age_unclear,none,M,单次10公里赛后白细胞及 CRP 动力学；普通组均值和时间变化不是验证统计量。,absent,young_adult_age_unclear,M,,,,,,,M,B_C_consensus
FS-009645,V_confirm,HUMAN_CONFIRM_ALL,V,present,young_adult_age_unclear,present,repeated_monitoring,young_adult_age_unclear,,V,Cytokines tracked after four consecutive walking bouts.,present,repeated_monitoring,young_adult_age_unclear,,V,四天各自长时步行后测细胞因子，同批个体追踪重复反应。,present,young_adult_age_unclear,V,,,,,,,V,B_C_consensus
FS-009716,ADJ_sample,ADJUDICATION_SAMPLE_VERIFY,X,absent,clinical_or_infected_cohort,absent,,young_adult_age_unclear,none,M,,absent,,unclear,none,M,HDAC 总活性和五个靶向细胞因子不是表观组谱发现；肥胖男性年龄未给。,absent,DISAGREE,M,,absent,,clinical_or_infected_cohort,none,队列明确包括肥胖男性，按优先序临床标签；HDAC 总活性及五个细胞因子不是表观组学，无 E5。,M,D
FS-009805,MX_sample,HUMAN_SAMPLE_VERIFY,M,absent,young_adult_age_unclear,absent,,young_adult_age_unclear,E2_no_post_sample,X,"Blood sampling is described around the programme, without an identified bout.",absent,,young_adult_age_unclear,none,M,六周计划三个采样点，未报告三次运动或个体监测目的；末次运动恢复时点可辨。,absent,young_adult_age_unclear,DISAGREE,,absent,,young_adult_age_unclear,none,六周计划仅三个阶段采样，监测为建议而非已执行目的；有恢复后评估，E2 不足以判明确缺失。,M,D
FS-009823,ADJ_sample,ADJUDICATION_SAMPLE_VERIFY,M,absent,young_adult_age_unclear,absent,,young_adult_age_unclear,none,M,,absent,,young_adult_age_unclear,none,M,两组单次训练的白细胞变化不符合 E5；年轻球员未给年龄范围。,absent,young_adult_age_unclear,M,,,,,,,M,B_C_consensus
FS-009854,V_confirm,HUMAN_CONFIRM_ALL,V,present,unclear,absent,outcome_linkage,young_adult_age_unclear,,M,,absent,outcome_linkage,young_adult_age_unclear,,M,IL-6与跑步经济性相关，但实际表现下降未测量，欠恢复状态只是推测。,absent,young_adult_age_unclear,M,,,,,,,M,B_C_consensus
FS-009886,ADJ_b235,ADJUDICATION_SAMPLE_VERIFY,U,unclear,unclear,present,outcome_linkage,young_adult_age_unclear,none,V,"E5 outcome_linkage: post-race inflammatory blood markers (Gal-3, ST2, CRP, leukocytes) were statistically correlated with independent cardiac MRI measures (ADC/T1/T2) across race/recovery. No formal diagnostic/reliability validation. This is a SCMR conference abstract, DOI 10.1186/1532-429X-18-S1-O41.",absent,,young_adult_age_unclear,none,M,已补摘要；单次超马的 MRI 与炎症标志物相关未给定量效度或性能统计，未测所列临床或表现下降结局。,DISAGREE,young_adult_age_unclear,DISAGREE,,absent,,young_adult_age_unclear,none,心肌 MRI/损伤关联不属 v1.2 结局清单，亦无效度性能统计；E5 absent。,M,D
FS-009959,V_confirm,HUMAN_CONFIRM_ALL,V,present,young_adult_age_unclear,absent,metric_validation,young_adult_age_unclear,,M,,absent,metric_validation,young_adult_age_unclear,,M,个体差异只给显著性p值，没有可靠性或变异统计量；一次比赛多时点。,absent,young_adult_age_unclear,M,,,,,,,M,B_C_consensus
FS-009966,V_confirm,HUMAN_CONFIRM_ALL,V,present,young_adult_age_unclear,absent,repeated_monitoring,young_adult_age_unclear,,M,Sampling times relative to sprint cessation are unspecified.,absent,repeated_monitoring,young_adult_age_unclear,,M,两种训练条件仅在第1和第6次测量，另有基线/随访日，未声明个体监测目的。,absent,young_adult_age_unclear,M,,,,,,,M,B_C_consensus
FS-009967,ADJ_sample,ADJUDICATION_SAMPLE_VERIFY,X,absent,includes_under_18,absent,,young_adult_age_unclear,none,M,,absent,,young_adult_age_unclear,none,M,两个月训练仅首末两次急性测试，非重复监测；年轻足球学校队员未明确年龄或未成年。,absent,young_adult_age_unclear,M,,,,,,,M,B_C_consensus
FS-010052,MX_sample,HUMAN_SAMPLE_VERIFY,M,absent,young_adult_age_unclear,absent,,young_adult_age_unclear,none,M,,absent,,young_adult_age_unclear,none,M,一次 Bruce 力竭后计数，感染易感性仅背景。,absent,young_adult_age_unclear,M,,,,,,,M,B_C_consensus
FS-010053,ADJ_b235,ADJUDICATION_SAMPLE_VERIFY,U,unclear,unclear,absent,,young_adult_age_unclear,none,M,"Single half-marathon; WBC/lymphocytes measured pre and at 1, 24 and 48 h after exercise. Repeated sampling within one bout is not repeated_monitoring; no validated marker or independent clinical/performance outcome association shown. Matching full trial: DOI 10.1186/s12970-016-0133-z; PMID 27231439.",absent,,young_adult_age_unclear,none,M,已补摘要；一次半马后的恢复时程及两组补充比较无 E5；代谢应激相关不是所列结局。,absent,young_adult_age_unclear,M,,,,,,,M,B_C_consensus
FS-010094,ADJ_b235,ADJUDICATION_SAMPLE_VERIFY,U,unclear,unclear,absent,,young_adult_age_unclear,none,M,"Single squat-exercise bout; post-bout leukocytes and lymphocytes measured during 48-h recovery. Isokinetic MVC performance was also assessed, but no immune-marker-to-MVC association was tested/reported; no E5 subtype shown. Matching full trial: DOI 10.1186/s12970-015-0102-y; PMID 26578852.",absent,,young_adult_age_unclear,none,M,已补摘要；一次抗阻运动的表现恢复和淋巴细胞分别比较，没有两者关联分析；年龄仅均值及标准差。,absent,young_adult_age_unclear,M,,,,,,,M,B_C_consensus
FS-010104,MX_sample,HUMAN_SAMPLE_VERIFY,M,absent,young_adult_age_unclear,absent,,young_adult_age_unclear,none,M,,absent,,young_adult_age_unclear,none,M,前后两次运动不达三次，肌损伤及白细胞组间变化无 E5。,absent,young_adult_age_unclear,M,,,,,,,M,B_C_consensus
FS-010114,V_confirm,HUMAN_CONFIRM_ALL,V,present,unclear,absent,repeated_monitoring,young_adult_age_unclear,,M,,present,repeated_monitoring,young_adult_age_unclear,,V,冬季赛季四阶段跟踪T细胞亚群，末次明确赛后48小时；疾病风险未实测。,DISAGREE,young_adult_age_unclear,DISAGREE,,present,repeated_monitoring,young_adult_age_unclear,,冬季赛季四阶段追踪同人 T 细胞亚群，末次明确赛后 48 小时；疾病风险仅讨论推测。,V,D
FS-010146,V_confirm,HUMAN_CONFIRM_ALL,V,present,young_adult_age_unclear,present,repeated_monitoring,young_adult_age_unclear,,V,Lymphocyte markers measured after bouts on three consecutive days.,present,repeated_monitoring,young_adult_age_unclear,,V,三天相同间歇跑各自前后采淋巴细胞指标；年龄均值±标准差。,present,young_adult_age_unclear,V,,,,,,,V,B_C_consensus
FS-010165,V_confirm,HUMAN_CONFIRM_ALL,V,present,young_adult_age_unclear,absent,repeated_monitoring,young_adult_age_unclear,,M,"Samples were tied to training periods, with no identified post-bout draw.",present,repeated_monitoring,young_adult_age_unclear,,V,六个月训练阶段连续追踪调理素及免疫球蛋白，明确评价个人赛季身体状态。,DISAGREE,young_adult_age_unclear,DISAGREE,,present,repeated_monitoring,young_adult_age_unclear,,六个月自然训练阶段连续追踪调理素等，明确用于评价赛季个人身体状态，符合重复监测。,V,D
FS-010176,MX_sample,HUMAN_SAMPLE_VERIFY,M,absent,adults_stated,absent,,adults_stated,none,M,,absent,,adults_stated,none,M,明确21–26岁，两次运动用于补充剂前后比较，不属个体重复监测。,absent,adults_stated,M,,,,,,,M,B_C_consensus
FS-010204,V_confirm,HUMAN_CONFIRM_ALL,V,present,young_adult_age_unclear,present,repeated_monitoring,young_adult_age_unclear,,V,"Urinary hepcidin tracked after exercise on days 1, 2, and 6.",present,repeated_monitoring,young_adult_age_unclear,,V,每种训练方式内第1、2、6次运动后重复测铁调素；条件比较不取消各组内三次追踪。,present,young_adult_age_unclear,V,,,,,,,V,B_C_consensus
FS-010242,V_confirm,HUMAN_CONFIRM_ALL,V,present,unclear,present,repeated_monitoring,young_adult_age_unclear,,V,Salivary IgA was measured after four matches in the same athletes.,absent,repeated_monitoring,young_adult_age_unclear,,M,四场对局用于模拟与正式比赛的条件比较，未描述个体长期监测。,DISAGREE,young_adult_age_unclear,DISAGREE,,absent,,young_adult_age_unclear,,四场比赛用于模拟与正式条件比较，未描述个体监测目的，属条件实验设计，不计重复监测。,M,D
FS-010351,V_confirm,HUMAN_CONFIRM_ALL,V,present,unclear,present,repeated_monitoring,young_adult_age_unclear,,V,Monthly neutrophil measurements tracked runners over six months; bout timing is unstated.,present,repeated_monitoring,young_adult_age_unclear,,V,同一批跑者连续六个月按月追踪中性粒细胞；情绪量表不构成所列临床或表现下降结局。,present,young_adult_age_unclear,V,,,,,,,V,B_C_consensus
FS-010457,V_confirm,HUMAN_CONFIRM_ALL,V,present,unclear,present,metric_validation,unclear,,V,Observer reliability for lymphocyte apoptosis was assessed using intraclass correlation coefficients.,absent,metric_validation,unclear,,M,摘要说明采用 ICC 评估观察者可靠性，但未报告数值统计量，仅定性描述结果。,DISAGREE,unclear,DISAGREE,,present,metric_validation,unclear,,实际采用 ICC 并报告观察者内及间可靠性结果，符合验证；定性概括统计结果不等于只提出验证方法。,V,D
FS-010465,V_confirm,HUMAN_CONFIRM_ALL,V,present,young_adult_age_unclear,present,outcome_linkage;repeated_monitoring,young_adult_age_unclear,,V,Immune responses were tracked four times during the training season.,present,outcome_linkage;repeated_monitoring,young_adult_age_unclear,,V,赛季四次追踪免疫指标；虽记录 URS，摘要未报告其与指标的分析。,present,young_adult_age_unclear,V,,,,,,,V,B_C_consensus
FS-010498,ADJ_sample,ADJUDICATION_SAMPLE_VERIFY,M,absent,young_adult_age_unclear,absent,,young_adult_age_unclear,none,M,,present,omics_discovery,young_adult_age_unclear,none,V,80 个炎症分析物的探索性谱分析符合免疫组学发现；仅第 1、5 天采样不符合重复监测。,DISAGREE,young_adult_age_unclear,DISAGREE,,present,omics_discovery,young_adult_age_unclear,none,80 项广泛炎症蛋白联合谱识别响应候选模式，属于免疫相关谱发现；只测第 1、5 天，不加重复监测。,V,D
FS-010516,ADJ_sample,ADJUDICATION_SAMPLE_VERIFY,V,present,young_adult_age_unclear,present,repeated_monitoring,young_adult_age_unclear,none,V,CRP tracked across 42 days; sampling times relative to hourly walks are unspecified.,present,repeated_monitoring,young_adult_age_unclear,none,V,同一人 42 天每小时独立步行并追踪 CRP 时程，符合重复监测；中年未给年龄数字。,present,young_adult_age_unclear,V,,,,,,,V,B_C_consensus
FS-010564,V_confirm,HUMAN_CONFIRM_ALL,V,present,young_adult_age_unclear,absent,omics_discovery,young_adult_age_unclear,,M,,present,omics_discovery,young_adult_age_unclear,,V,蛋白和炎性细胞因子转录阵列用于探索表达谱，符合组学发现。,DISAGREE,young_adult_age_unclear,DISAGREE,,present,omics_discovery,young_adult_age_unclear,,以抗炎作用为目的用蛋白及炎症转录阵列探索并发现 IL-13 候选，符合免疫相关组学发现。,V,D
FS-010649,V_confirm,HUMAN_CONFIRM_ALL,V,present,young_adult_age_unclear,present,repeated_monitoring,young_adult_age_unclear,,V,Inflammatory markers tracked across a season; sampling relative to bouts is unclear.,present,repeated_monitoring,young_adult_age_unclear,,V,整个四十周赛季持续追踪炎症指标；年龄仅均值及标准差。,present,young_adult_age_unclear,V,,,,,,,V,B_C_consensus
FS-010653,MX_sample,HUMAN_SAMPLE_VERIFY,M,absent,young_adult_age_unclear,absent,,young_adult_age_unclear,none,M,,absent,,young_adult_age_unclear,none,M,训练前后两种疲劳测试实验；未达检测限无数值，非验证统计量。,absent,young_adult_age_unclear,M,,,,,,,M,B_C_consensus
FS-010738,MX_sample,HUMAN_SAMPLE_VERIFY,M,absent,young_adult_age_unclear,absent,,young_adult_age_unclear,none,M,,absent,,young_adult_age_unclear,none,M,补充剂前后两次同类划船，非三次以上监测；TNF-α 无验证或所列结局分析。,absent,young_adult_age_unclear,M,,,,,,,M,B_C_consensus
FS-010740,V_confirm,HUMAN_CONFIRM_ALL,V,present,young_adult_age_unclear,absent,outcome_linkage,young_adult_age_unclear,,M,,unclear,outcome_linkage,young_adult_age_unclear,,U,摘要提及第1与第3天反应，但未清楚交代三次以上同人运动后监测；感染关联仅背景。,DISAGREE,young_adult_age_unclear,DISAGREE,,unclear,,young_adult_age_unclear,,只提第 1 与第 3 天反应，未说明同人三次运动或训练期监测；感染仅背景，E5 待全文。,U,D
FS-010763,V_confirm,HUMAN_CONFIRM_ALL,V,present,unclear,present,metric_validation,young_adult_age_unclear,,V,Diagnostic sensitivity and specificity were reported for inflammatory markers.,present,metric_validation,young_adult_age_unclear,,V,明确报告炎症检测敏感度与特异度达到100%；未提供年龄范围。,present,young_adult_age_unclear,V,,,,,,,V,B_C_consensus
FS-010779,V_confirm,HUMAN_CONFIRM_ALL,V,present,adults_stated,absent,metric_validation,adults_stated,,M,,absent,metric_validation,adults_stated,,M,ROC 阈值针对心率与血压，未报告免疫指标自身的验证阈值或预测性能；年龄40–59岁。,absent,adults_stated,M,,,,,,,M,B_C_consensus
FS-010790,V_confirm,HUMAN_CONFIRM_ALL,V,present,young_adult_age_unclear,present,repeated_monitoring,young_adult_age_unclear,,V,Blood markers tracked repeatedly across 51 marathons; changes reported after the first three.,present,repeated_monitoring,young_adult_age_unclear,,V,同一运动员连续51场马拉松期间每四天追踪 CRP 等指标。,present,young_adult_age_unclear,V,,,,,,,V,B_C_consensus
FS-010827,V_confirm,HUMAN_CONFIRM_ALL,V,present,unclear,present,repeated_monitoring,young_adult_age_unclear,,V,Granulysin was measured after four time trials in the same cyclists.,present,repeated_monitoring,young_adult_age_unclear,,V,同一批骑手四次计时赛前后反复测量颗粒溶素及 NK 指标。,present,young_adult_age_unclear,V,,,,,,,V,B_C_consensus
FS-010847,MX_sample,HUMAN_SAMPLE_VERIFY,M,absent,unclear,absent,,young_adult_age_unclear,none,M,,absent,,young_adult_age_unclear,none,M,单次游泳后细胞氧化应答及少数预选基因，不属组学发现；有中性粒细胞增多。,absent,young_adult_age_unclear,M,,,,,,,M,B_C_consensus
FS-010849,V_confirm,HUMAN_CONFIRM_ALL,V,present,young_adult_age_unclear,present,repeated_monitoring,young_adult_age_unclear,,V,IL-6 and IL-10 were sampled after each of three games.,present,repeated_monitoring,young_adult_age_unclear,,V,同一批队员连续三天比赛后监测细胞因子；平行恢复组不取消组内三场追踪。,present,young_adult_age_unclear,V,,,,,,,V,B_C_consensus
FS-010852,MX_sample,HUMAN_SAMPLE_VERIFY,M,absent,unclear,absent,,unclear,none,M,,absent,,unclear,none,M,两种衣着条件，恢复期仍有淋巴细胞测量；受试者人口描述不足。,absent,unclear,M,,,,,,,M,B_C_consensus
FS-010873,V_confirm,HUMAN_CONFIRM_ALL,V,present,young_adult_age_unclear,present,repeated_monitoring,young_adult_age_unclear,,V,Airway inflammatory markers were assessed after sessions in three training periods.,present,repeated_monitoring,young_adult_age_unclear,,V,一年内三个训练阶段分别运动并采样；肺功能与症状未报告和免疫指标的关联分析。,present,young_adult_age_unclear,V,,,,,,,V,B_C_consensus
FS-010917,MX_sample,HUMAN_SAMPLE_VERIFY,M,absent,unclear,absent,,young_adult_age_unclear,none,M,,absent,,young_adult_age_unclear,none,M,连续单场超长赛事内多时间点；未确认三次独立运动或多周监测，功率相关不是表现下降关联。,absent,young_adult_age_unclear,M,,,,,,,M,B_C_consensus
FS-010987,ADJ_sample,ADJUDICATION_SAMPLE_VERIFY,M,absent,young_adult_age_unclear,absent,,young_adult_age_unclear,none,M,,absent,,young_adult_age_unclear,none,M,三个强度条件是实验比较；CRP 和瘦素关联非所列结局，年龄仅均值及标准差。,absent,young_adult_age_unclear,M,,,,,,,M,B_C_consensus
FS-011007,MX_sample,HUMAN_SAMPLE_VERIFY,X,present,clinical_or_infected_cohort,present,outcome_linkage,clinical_or_infected_cohort,none,V,Lymphocyte HSP72 was compared between runners with and without exertional heat illness.,present,outcome_linkage,clinical_or_infected_cohort,E4_population,X,实际热病接受治疗者与对照比较淋巴细胞 HSP72，符合疾病结局关联。,present,clinical_or_infected_cohort,DISAGREE,,present,outcome_linkage,clinical_or_infected_cohort,none,实际接受热病治疗者与对照的 HSP72 作比较，并关联体温；属已测疾病事件关联，临床标签不作 X。,V,D
FS-011032,MX_sample,HUMAN_SAMPLE_VERIFY,M,absent,young_adult_age_unclear,absent,,young_adult_age_unclear,none,M,,absent,,young_adult_age_unclear,none,M,单次力竭前后细胞因子，无验证或实际感染结局。,absent,young_adult_age_unclear,M,,,,,,,M,B_C_consensus
FS-011033,V_confirm,HUMAN_CONFIRM_ALL,V,present,young_adult_age_unclear,present,outcome_linkage,young_adult_age_unclear,,V,Neopterin was analysed against post-marathon isokinetic muscle performance.,present,outcome_linkage,young_adult_age_unclear,,V,实测力矩下降，并分析新蝶呤与等速肌力指标的关联，阴性关联也计入。,present,young_adult_age_unclear,V,,,,,,,V,B_C_consensus
FS-011064,V_confirm,HUMAN_CONFIRM_ALL,V,present,adults_stated,present,outcome_linkage,adults_stated,,V,Post-exercise SIgA suppression was related to recorded URTI symptoms.,present,outcome_linkage,young_adult_age_unclear,,V,三周 URTI 记录与运动后 SIgA 抑制比较；三次短间隔 Wingate 属一次运动协议。成人描述无数值年龄支持。,present,DISAGREE,V,,present,outcome_linkage,young_adult_age_unclear,,成人描述无数字年龄，留到全文；实际三周 URTI 日志与 sIgA 抑制分析关系，符合 E5。,V,D
FS-011148,MX_sample,HUMAN_SAMPLE_VERIFY,M,absent,young_adult_age_unclear,absent,,young_adult_age_unclear,none,M,,absent,,young_adult_age_unclear,none,M,八周训练首末两次运动后 IgG，非三次以上监测。,absent,young_adult_age_unclear,M,,,,,,,M,B_C_consensus
FS-011224,ADJ_b235,ADJUDICATION_SAMPLE_VERIFY,U,unclear,unclear,absent,,young_adult_age_unclear,none,M,"Marathon blood/urine assays measured neutrophils, MPO, LTF and cytokines; reported correlations are mainly among immune indicators. Urinary MPO as a 'better marker' is a hypothesis, without formal threshold/reliability/diagnostic validation or nonimmune outcome linkage. Matching full study: DOI 10.1249/01.MSS.0000048861.57899.04; PMID 12569227.",absent,,young_adult_age_unclear,none,M,已补摘要；单次马拉松的细胞和细胞因子机制关联无 E5，替代检测建议未报告验证统计；年龄仅均值。,absent,young_adult_age_unclear,M,,,,,,,M,B_C_consensus
FS-011242,MX_sample,HUMAN_SAMPLE_VERIFY,M,absent,unclear,absent,,unclear,none,M,,absent,,unclear,none,M,单次短时间力竭后 TNF 及受体，无 E5；只称一组受试者。,absent,unclear,M,,,,,,,M,B_C_consensus
FS-011327,V_confirm,HUMAN_CONFIRM_ALL,V,present,young_adult_age_unclear,present,outcome_linkage,young_adult_age_unclear,,V,Weekly immune markers tracked during overreaching; cytokines assessed against performance decline.,present,outcome_linkage,young_adult_age_unclear,,V,六周每周追踪免疫指标，实测过度训练表现下降并分析与细胞因子的关系。,present,young_adult_age_unclear,V,,,,,,,V,B_C_consensus
FS-011357,ADJ_b235,ADJUDICATION_SAMPLE_VERIFY,U,unclear,unclear,absent,,young_adult_age_unclear,none,M,"Exercise-versus-rest crossover; plasma prolactin correlated with B-cell prolactin-receptor expression, a mechanistic hormone/receptor association rather than external clinical/performance outcome or assay validation. One exercise challenge, not multi-bout monitoring. Matching full study: DOI 10.1152/japplphysiol.00004.2002; PMID 12391112.",absent,,young_adult_age_unclear,none,M,已补摘要；一次运动与静息对照及靶向 B 细胞受体测量不构成 E5；年龄仅均值及标准差。,absent,young_adult_age_unclear,M,,,,,,,M,B_C_consensus
FS-011375,V_confirm,HUMAN_CONFIRM_ALL,V,present,young_adult_age_unclear,absent,outcome_linkage,young_adult_age_unclear,,M,,absent,outcome_linkage,young_adult_age_unclear,,M,感染发生率与免疫变化仅分别作组间比较，单核细胞机制为推测，未报告指标与感染的分析。,absent,young_adult_age_unclear,M,,,,,,,M,B_C_consensus
FS-011378,MX_sample,HUMAN_SAMPLE_VERIFY,M,absent,unclear,absent,,young_adult_age_unclear,none,M,,absent,,young_adult_age_unclear,none,M,筛选试验加两种乳品条件，后者为实验比较；未报告验证统计量或长期监测目的。,absent,young_adult_age_unclear,M,,,,,,,M,B_C_consensus
FS-011412,U_decide,HUMAN_DECIDE,U,unclear,unclear,unclear,,young_adult_age_unclear,,U,"Massage followed sports training; biosample timing, named markers, and validation details are unspecified.",unclear,,young_adult_age_unclear,,U,摘要仅交代研究目的，没有测量方法或结果，无法确定 E5。,unclear,young_adult_age_unclear,U,,,,,,,U,B_C_consensus
FS-011426,MX_sample,HUMAN_SAMPLE_VERIFY,M,absent,unclear,absent,,young_adult_age_unclear,none,M,,absent,,young_adult_age_unclear,none,M,两场铁人赛不达三次；肌钙蛋白及心功能变化不是免疫指标验证或所列结局关联。,absent,young_adult_age_unclear,M,,,,,,,M,B_C_consensus
FS-011432,V_confirm,HUMAN_CONFIRM_ALL,V,present,unclear,present,repeated_monitoring,unclear,,V,Inflammatory markers followed across a 20-day running competition.,present,repeated_monitoring,young_adult_age_unclear,,V,二十天重复耐力跑期间连续追踪白细胞与急性期蛋白。,present,DISAGREE,V,,present,repeated_monitoring,young_adult_age_unclear,,男女跑者无明确年龄，留到全文；二十天重复耐力跑逐日追踪白细胞与急性期蛋白，符合 E5。,V,D
FS-011442,ADJ_sample,ADJUDICATION_SAMPLE_VERIFY,M,absent,young_adult_age_unclear,absent,,young_adult_age_unclear,none,M,,absent,,young_adult_age_unclear,none,M,两个运动强度条件的 IgA 前后变化无 E5；体育专业学生未给年龄范围。,absent,young_adult_age_unclear,M,,,,,,,M,B_C_consensus
FS-011580,V_confirm,HUMAN_CONFIRM_ALL,V,present,young_adult_age_unclear,present,repeated_monitoring,young_adult_age_unclear,,V,T-lymphocyte function tracked after exercise across six weeks.,present,repeated_monitoring,young_adult_age_unclear,,V,八周内六次同类运动前后追踪 T 细胞功能；大学生未给年龄范围。,present,young_adult_age_unclear,V,,,,,,,V,B_C_consensus
FS-011687,V_confirm,HUMAN_CONFIRM_ALL,V,present,young_adult_age_unclear,present,outcome_linkage;repeated_monitoring,young_adult_age_unclear,,V,Repeated post-exercise IgA measurements analysed against diagnosed respiratory infections.,present,outcome_linkage;repeated_monitoring,young_adult_age_unclear,,V,日或周追踪运动前后 IgA，并检验下降与随后医学确诊 URTI 的时间关联。,present,young_adult_age_unclear,V,,,,,,,V,B_C_consensus
FS-011807,V_confirm,HUMAN_CONFIRM_ALL,V,present,adults_stated,present,repeated_monitoring,adults_stated,,V,Immune markers tracked across the 112-day run; maximal-exercise responses assessed twice.,present,repeated_monitoring,adults_stated,,V,43岁健康女性，112天跑步期间多次追踪淋巴细胞与细胞因子。,present,adults_stated,V,,,,,,,V,B_C_consensus
FS-011900,ADJ_b235,ADJUDICATION_SAMPLE_VERIFY,U,unclear,unclear,unclear,,unclear,none,U,"Title names no specific marker, sampling time, or validation analysis.",unclear,,unclear,none,U,无摘要；题名仅述急性运动免疫稳态，E5 和人群不能判断。,unclear,unclear,U,,,,,,,U,B_C_consensus
FS-011944,ADJ_b235,ADJUDICATION_SAMPLE_VERIFY,U,unclear,unclear,unclear,,unclear,none,U,Title establishes post-exercise neutrophil response; validation analysis is unstated.,unclear,,unclear,none,U,无摘要；人体中性粒细胞功能题名不足以确定验证、结局、组学或重复监测。,unclear,unclear,U,,,,,,,U,B_C_consensus
FS-011962,ADJ_b235,ADJUDICATION_SAMPLE_VERIFY,U,unclear,unclear,unclear,,young_adult_age_unclear,none,U,Title does not name a measured immune marker or establish validation.,unclear,,young_adult_age_unclear,none,U,无摘要；年轻运动员未给年龄，题名不能确定四类 E5。,unclear,young_adult_age_unclear,U,,,,,,,U,B_C_consensus
FS-011982,ADJ_b235,ADJUDICATION_SAMPLE_VERIFY,U,unclear,unclear,unclear,,unclear,none,U,Title gives no validation statistic; muscle damage is not a qualifying outcome.,unclear,,unclear,none,U,无摘要；CRP 作为肌损伤指示物未明确验证统计或实际表现下降结局。,unclear,unclear,U,,,,,,,U,B_C_consensus
FS-012001,V_confirm,HUMAN_CONFIRM_ALL,V,present,young_adult_age_unclear,absent,metric_validation,young_adult_age_unclear,,M,,absent,metric_validation,young_adult_age_unclear,,M,两次实验使用不同学生群体；重复结果的显著性检验不是重复性统计量。,absent,young_adult_age_unclear,M,,,,,,,M,B_C_consensus
FS-012006,ADJ_b235,ADJUDICATION_SAMPLE_VERIFY,U,unclear,unclear,unclear,,unclear,none,U,Title reports IL-1 and CK correlation; validation details remain unclear.,unclear,,unclear,none,U,无摘要；IL-1 与 CK 的相关题名不构成所列结局关联，其余 E5 不能判断。,unclear,unclear,U,,,,,,,U,B_C_consensus
FS-012067,ADJ_b235,ADJUDICATION_SAMPLE_VERIFY,X,unclear,unclear,unclear,,unclear,E3_no_immune_marker,U,Monocyte insulin binding measures metabolic sensitivity; no immune marker is named.,unclear,,unclear,none,U,无摘要；单核细胞胰岛素结合的题名不足以判断免疫内容和 E5。,unclear,unclear,U,,unclear,,unclear,none,无摘要；题名单核细胞胰岛素结合不足确认免疫功能及 E5，E3 不清不能作为明确核心缺失。,U,D
FS-012079,MX_sample,HUMAN_SAMPLE_VERIFY,M,absent,young_adult_age_unclear,absent,,young_adult_age_unclear,none,M,,absent,,young_adult_age_unclear,none,M,足球结束后白细胞恢复曲线，未报告个体变异验证或三次运动监测。,absent,young_adult_age_unclear,M,,,,,,,M,B_C_consensus
FS-012088,MX_sample,HUMAN_SAMPLE_VERIFY,M,absent,unclear,absent,,unclear,none,M,,absent,,unclear,none,M,仅报告一次运动后的溶菌酶时程，未报告验证统计或其余 E5 要素；人群年龄未说明。,absent,unclear,M,,,,,,,M,B_C_consensus
FS-012310,MX_sample,HUMAN_SAMPLE_VERIFY,M,absent,young_adult_age_unclear,absent,,young_adult_age_unclear,none,M,,absent,,young_adult_age_unclear,none,M,单次模拟足球后恢复组 CRP 比较，无 E5。,absent,young_adult_age_unclear,M,,,,,,,M,B_C_consensus
FS-012343,MX_sample,HUMAN_SAMPLE_VERIFY,M,absent,young_adult_age_unclear,absent,,young_adult_age_unclear,none,M,,absent,,young_adult_age_unclear,none,M,急性与七日补充条件的实验比较，非长期个体监测。,absent,young_adult_age_unclear,M,,,,,,,M,B_C_consensus
FS-012651,ADJ_b235,ADJUDICATION_SAMPLE_VERIFY,U,unclear,unclear,unclear,,unclear,none,U,Question-form title does not establish measured samples or validation.,unclear,,unclear,none,U,无摘要；提问式血液流变和白细胞题名不能证明实际分析或四类 E5。,unclear,unclear,U,,,,,,,U,B_C_consensus
FS-012652,V_confirm,HUMAN_CONFIRM_ALL,V,present,unclear,absent,metric_validation,unclear,,M,,absent,metric_validation,unclear,,M,综述兼单次运动细胞因子动力学，未报告验证统计量；16种预选细胞因子动力学未说明组学发现。,absent,unclear,M,,,,,,,M,B_C_consensus
FS-013023,V_confirm,HUMAN_CONFIRM_ALL,V,present,unclear,present,metric_validation,unclear,,V,Reports numerical variation in serial resting white blood cell counts.,present,metric_validation,unclear,,V,报告静息白细胞重复计数的变动数值范围，符合指标变异验证；无明确年龄描述。,present,unclear,V,,,,,,,V,B_C_consensus
FS-013050,MX_sample,HUMAN_SAMPLE_VERIFY,M,absent,adults_stated,absent,,adults_stated,none,M,,absent,,young_adult_age_unclear,none,M,单次跳跃后动力学，未报告四类 E5 要素；年龄只有均值和标准差。,absent,DISAGREE,M,,absent,,young_adult_age_unclear,none,年龄仅 25±6.3 岁，留到全文；单次跳跃后的标志物动力学无 E5。,M,D
FS-013071,MX_sample,HUMAN_SAMPLE_VERIFY,M,absent,adults_stated,absent,,adults_stated,none,M,,absent,,adults_stated,none,M,明确18–35岁，单次离心后四次软组织治疗，非四次运动监测。,absent,adults_stated,M,,,,,,,M,B_C_consensus
FS-013193,ADJ_sample,ADJUDICATION_SAMPLE_VERIFY,X,absent,young_adult_age_unclear,absent,,young_adult_age_unclear,E2_no_post_sample,X,Blood was collected before and after the nine-day programme; bout-linked timing was unstated.,absent,,young_adult_age_unclear,E2_no_post_sample,X,九天适应计划前后采样未报告单次运动后样本；两次测量不符合重复监测。,absent,young_adult_age_unclear,X,,,,,,,X,B_C_consensus
FS-013198,V_confirm,HUMAN_CONFIRM_ALL,V,present,unclear,absent,omics_discovery,young_adult_age_unclear,,M,,absent,omics_discovery,young_adult_age_unclear,,M,发现的代谢物为氨基酸和激素，未说明免疫相关组学候选；过敏免疫测定为另项测量。,absent,young_adult_age_unclear,M,,,,,,,M,B_C_consensus
FS-013308,MX_sample,HUMAN_SAMPLE_VERIFY,M,absent,adults_stated,absent,,adults_stated,none,M,,absent,,adults_stated,none,M,年龄明确为 19–25 岁；单次力量运动后的恢复时程不属于跨运动重复监测。,absent,adults_stated,M,,,,,,,M,B_C_consensus
FS-013314,V_confirm,HUMAN_CONFIRM_ALL,V,present,young_adult_age_unclear,absent,metric_validation,young_adult_age_unclear,,M,,absent,metric_validation,young_adult_age_unclear,,M,参考上限评估针对心肌肌钙蛋白，非 hs-CRP；未验证免疫指标。,absent,young_adult_age_unclear,M,,,,,,,M,B_C_consensus
FS-013354,MX_sample,HUMAN_SAMPLE_VERIFY,M,absent,young_adult_age_unclear,absent,,young_adult_age_unclear,none,M,,present,repeated_monitoring,young_adult_age_unclear,none,V,四个平行组各重复同一协议三天并逐次测 TNF；符合三次同人运动监测。,DISAGREE,young_adult_age_unclear,DISAGREE,,present,repeated_monitoring,young_adult_age_unclear,none,各平行组均三天重复同一离心协议并追踪 TNF，非三种随机运动条件；符合 repeated_monitoring。,V,D
FS-013408,V_confirm,HUMAN_CONFIRM_ALL,V,present,young_adult_age_unclear,present,repeated_monitoring,young_adult_age_unclear,,V,Salivary IgA tracked across eight competitions.,present,repeated_monitoring,young_adult_age_unclear,,V,八场比赛反复追踪 sIgA，并分析比赛胜负与指标；年龄只有均值和标准差。,present,young_adult_age_unclear,V,,,,,,,V,B_C_consensus
FS-013573,V_confirm,HUMAN_CONFIRM_ALL,V,present,young_adult_age_unclear,present,repeated_monitoring,young_adult_age_unclear,,V,CRP tracked during 51 consecutive marathons.,present,repeated_monitoring,young_adult_age_unclear,,V,同一运动员51场连续马拉松期间追踪 CRP 与纤维蛋白原。,present,young_adult_age_unclear,V,,,,,,,V,B_C_consensus
FS-013696,ADJ_sample,ADJUDICATION_SAMPLE_VERIFY,M,absent,young_adult_age_unclear,absent,,young_adult_age_unclear,none,M,,absent,,young_adult_age_unclear,none,M,单次运动后白细胞和一个靶向 HSP70 比较不构成 E5；运动员年龄范围未给。,absent,young_adult_age_unclear,M,,,,,,,M,B_C_consensus
FS-013731,V_confirm,HUMAN_CONFIRM_ALL,V,present,unclear,present,metric_validation,young_adult_age_unclear,,V,Modified reference ranges reported for hematologic parameters.,present,metric_validation,young_adult_age_unclear,,V,为马拉松运动员建立包括白细胞分类的修订参考区间。,present,young_adult_age_unclear,V,,,,,,,V,B_C_consensus
FS-013794,ADJ_sample,ADJUDICATION_SAMPLE_VERIFY,V,present,young_adult_age_unclear,present,repeated_monitoring,young_adult_age_unclear,none,V,Neutrophil responses were tracked across three seasonal maximal exercise tests.,present,repeated_monitoring,young_adult_age_unclear,none,V,同一批运动员跨赛前、赛季和赛后三个阶段及急性运动追踪免疫指标，符合重复监测。,present,young_adult_age_unclear,V,,,,,,,V,B_C_consensus
FS-013865,V_confirm,HUMAN_CONFIRM_ALL,V,present,unclear,present,metric_validation;repeated_monitoring,young_adult_age_unclear,,V,Leukocyte counts tracked on three racing days.,present,metric_validation;repeated_monitoring,young_adult_age_unclear,,V,同人三次赛段后采样，并实际评估正常白细胞范围对赛期临床判断的适用性。,present,young_adult_age_unclear,V,,,,,,,V,B_C_consensus
FS-013867,ADJ_b235,ADJUDICATION_SAMPLE_VERIFY,U,unclear,unclear,unclear,,unclear,none,U,Title alone does not establish sampling or validation details.,unclear,,unclear,none,U,无摘要；题名仅述免疫参数调节，E5 和人群不能判断。,unclear,unclear,U,,,,,,,U,B_C_consensus
FS-013985,ADJ_sample,ADJUDICATION_SAMPLE_VERIFY,X,absent,unclear,absent,,unclear,E1_no_exercise,X,"Motor racing is described as a stress exposure, not an exercise bout.",absent,,unclear,none,M,单次汽车比赛前后嗜酸粒细胞和激素应激变化，无 E5；未明示年龄及主动运动负荷，核心要素不足以明确排除。,absent,unclear,DISAGREE,,absent,,unclear,none,单次汽车比赛前后免疫变化无四类 E5；赛车是否具合格体力任务不明，不据未报告判 E1 缺失。,M,D
FS-015048,ADJ_b235,ADJUDICATION_SAMPLE_VERIFY,U,unclear,unclear,unclear,,unclear,none,U,Blood neutrophil measures named; bout timing and validation details unavailable.,unclear,,unclear,none,U,无摘要；题名明确人体中性粒细胞功能，但未提供四类 E5 的判断依据。,unclear,unclear,U,,,,,,,U,B_C_consensus
FS-015049,ADJ_b235,ADJUDICATION_SAMPLE_VERIFY,U,unclear,unclear,unclear,,unclear,none,U,"Neutrophil function named; population, sampling, and validation details unavailable.",unclear,,unclear,none,U,无摘要；题名仅述中性粒细胞功能变化，E5 和年龄不能判断。,unclear,unclear,U,,,,,,,U,B_C_consensus
FS-015734,MX_sample,HUMAN_SAMPLE_VERIFY,M,absent,young_adult_age_unclear,absent,,young_adult_age_unclear,none,M,,absent,,young_adult_age_unclear,none,M,正常人粒细胞池规模为组均值及标准差，未明确建立参考区间或报告可靠性。,absent,young_adult_age_unclear,M,,,,,,,M,B_C_consensus
