record_id,title,journal,year,doi,pmid,source_sheet,ai_final_layer,final_layer,decided_by,E5_subtypes_final
FS-000059,Physiological and psychometric variables for monitoring recovery during tapering for major competition.,Medicine and science in sports and exercise,1999,10.1097/00005768-199908000-00019,10449025,V_confirm,V,V,D,repeated_monitoring
FS-000076,"Endurance exercise causes interaction among stress hormones, cytokines, neutrophil dynamics, and muscle damage.","Journal of applied physiology (Bethesda, Md. : 1985)",1999,10.1152/jappl.1999.87.4.1360,10517764,ADJ_sample,V,V,D,repeated_monitoring
FS-000102,Saliva immunoglobulins in elite women rowers.,European journal of applied physiology,2000,10.1007/s004210050034,10638381,V_confirm,V,V,B_C_consensus,outcome_linkage
FS-000106,Gastrointestinal mucosal integrity after prolonged exercise with fluid supplementation.,Medicine and science in sports and exercise,2000,10.1097/00005768-200001000-00020,10647540,ADJ_sample,M,V,D,outcome_linkage
FS-000124,Simplified quantitation of myeloid dendritic cells in peripheral blood using flow cytometry.,Cytometry,2000,10.1002/(sici)1097-0320(20000501)40:1<50::aid-cyto7>3.0.co;2-p,10754517,V_confirm,V,V,B_C_consensus,metric_validation
FS-000142,Immune status and respiratory illness for elite swimmers during a 12-week training cycle.,International journal of sports medicine,2000,10.1055/s-2000-313,10853703,V_confirm,V,V,B_C_consensus,outcome_linkage;repeated_monitoring
FS-000156,The effect of BCAA supplementation upon the immune response of triathletes.,Medicine and science in sports and exercise,2000,10.1097/00005768-200007000-00005,10912884,V_confirm,V,V,B_C_consensus,outcome_linkage;repeated_monitoring
FS-000182,Aged human muscle demonstrates an altered gene expression profile consistent with an impaired response to exercise.,Mechanisms of ageing and development,2000,10.1016/s0047-6374(00)00178-0,11087903,V_confirm,V,V,B_C_consensus,omics_discovery
FS-000212,Mucosal IgA response to repeated wingate tests in females.,International journal of sports medicine,2001,10.1055/s-2001-11339,11281615,V_confirm,V,V,D,outcome_linkage
FS-000242,Adaptation to eccentric exercise: neutrophils and E-selectin during early recovery.,Canadian journal of applied physiology = Revue canadienne de physiologie appliquee,2001,10.1139/h01-015,11441228,V_confirm,V,V,B_C_consensus,outcome_linkage
FS-000266,Blood histamine levels after exercise testing.,Clinical allergy,1979,10.1111/j.1365-2222.1979.tb02506.x,115619,MX_sample,X,V,D,outcome_linkage
FS-000274,Effects of a 7-day eccentric training period on muscle damage and inflammation.,Medicine and science in sports and exercise,2001,10.1097/00005768-200110000-00018,11581559,MX_sample,M,V,B_C_consensus,repeated_monitoring
FS-000287,"Highly sensitive determination of plasma cytokines by time-resolved fluoroimmunoassay; effect of bicycle exercise on plasma level of interleukin-1 alpha (IL-1 alpha), tumor necrosis factor alpha (TNF alpha), and interferon gamma (IFN gamma).",Analytical sciences : the international journal of the Japan Society for Analytical Chemistry,2001,10.2116/analsci.17.593,11708138,V_confirm,V,V,D,metric_validation
FS-000297,Change in salivary IgA following a competitive marathon race.,International journal of sports medicine,2002,10.1055/s-2002-19375,11774070,V_confirm,V,V,D,outcome_linkage
FS-000319,Molecular characteristics of aged muscle reflect an altered ability to respond to exercise.,International journal of sport nutrition and exercise metabolism,2001,10.1123/ijsnem.11.s1.s9,11915934,V_confirm,V,V,B_C_consensus,omics_discovery
FS-000389,Performance enhancement with maintenance of resting immune status after intensified cycle training.,Clinical journal of sport medicine : official journal of the Canadian Academy of Sport Medicine,2002,10.1097/00042752-200209000-00008,12394203,V_confirm,V,V,D,repeated_monitoring
FS-000404,"Effect of marathon running on hematologic and biochemical laboratory parameters, including cardiac markers.",American journal of clinical pathology,2002,10.1309/14ty-2tdj-1x0y-1v6v,12472278,V_confirm,V,V,B_C_consensus,metric_validation
FS-000425,The biological and metabolic adaptations to 12 months training in elite rowers.,International journal of sports medicine,2003,10.1055/s-2003-37194,12582950,V_confirm,V,V,B_C_consensus,repeated_monitoring
FS-000450,Influence of iron status and iron supplements on natural killer cell activity in trained women runners.,International journal of sports medicine,2003,10.1055/s-2003-39095,12740743,V_confirm,V,V,B_C_consensus,repeated_monitoring
FS-000451,"Tennis, incidence of URTI and salivary IgA.",International journal of sports medicine,2003,10.1055/s-2003-39096,12740744,V_confirm,V,V,B_C_consensus,outcome_linkage;repeated_monitoring
FS-000460,"Strength, workload, anaerobic intensity and the immune response to resistance exercise in women.",Acta physiologica Scandinavica,2003,10.1046/j.1365-201x.2003.01124.x,12780390,V_confirm,V,V,B_C_consensus,repeated_monitoring
FS-000472,Temporal relation between leukocyte accumulation in muscles and halted recovery 10-20 h after strength exercise.,"Journal of applied physiology (Bethesda, Md. : 1985)",2003,10.1152/japplphysiol.01064.2002,12832432,V_confirm,V,V,B_C_consensus,outcome_linkage
FS-000504,Immune and oxidative changes during and following the Western States Endurance Run.,International journal of sports medicine,2003,10.1055/s-2003-42018,12968214,V_confirm,V,V,B_C_consensus,metric_validation;outcome_linkage
FS-000533,Exercise-induced changes in circulating levels of transforming growth factor-beta-1 in humans: methodological considerations.,European journal of applied physiology,2003,10.1007/s00421-003-0881-8,14504950,V_confirm,V,V,B_C_consensus,metric_validation
FS-000573,Plasma amino acid concentrations in the overtraining syndrome: possible effects on the immune system.,Medicine and science in sports and exercise,1992,10.1249/00005768-199212000-00008,1470018,V_confirm,V,V,D,outcome_linkage
FS-000645,Effects of exercise on gene expression in human peripheral blood mononuclear cells.,"Journal of applied physiology (Bethesda, Md. : 1985)",2004,10.1152/japplphysiol.00316.2004,15194674,V_confirm,V,V,B_C_consensus,omics_discovery
FS-000681,CD94 expression and natural killer cell activity after acute exercise.,Journal of science and medicine in sport,2004,10.1016/s1440-2440(04)80015-x,15362321,V_confirm,V,V,B_C_consensus,repeated_monitoring
FS-000693,Leukocyte heat shock protein expression before and after intensified training.,International journal of sports medicine,2004,10.1055/s-2004-820953,15459833,V_confirm,V,V,B_C_consensus,outcome_linkage;repeated_monitoring
FS-000719,Effects of chronic intense exercise training on the leukocyte response to acute exercise.,International journal of sports medicine,1992,10.1055/s-2007-1021252,1555910,V_confirm,V,V,B_C_consensus,repeated_monitoring
FS-000726,Behaviour of haematological parameters in athletes performing marathons and ultramarathons in altitude ('skyrunners').,Clinical and laboratory haematology,2004,10.1111/j.1365-2257.2004.00642.x,15595993,V_confirm,V,V,B_C_consensus,repeated_monitoring
FS-000731,Effects of acute exhaustive exercise and chronic exercise training on type 1 and type 2 T lymphocytes.,Exercise immunology review,2004,10.22029/eir.2004.1608,15633589,V_confirm,V,V,D,repeated_monitoring
FS-000751,Hematological recovery in male ultramarathon runners: the effect of variations in training load and running time.,The Journal of sports medicine and physical fitness,2004,,15756172,V_confirm,V,V,B_C_consensus,outcome_linkage
FS-000816,Transcription in response to physical stress--clues to the molecular mechanisms of exercise-induced asthma.,FASEB journal : official publication of the Federation of American Societies for Experimental Biology,2005,10.1096/fj.04-3063fje,16027142,V_confirm,V,V,B_C_consensus,omics_discovery
FS-000829,Increase in plasma calprotectin during long-distance running.,Scandinavian journal of clinical and laboratory investigation,2005,10.1080/00365510510013587,16095050,V_confirm,V,V,B_C_consensus,metric_validation
FS-000837,cDNA microarray analysis reveals novel candidate genes expressed in human peripheral blood following exhaustive exercise.,Physiological genomics,2005,10.1152/physiolgenomics.00096.2005,16118270,V_confirm,V,V,B_C_consensus,metric_validation;omics_discovery
FS-000873,Delayed leukocytosis and cytokine response to high-force eccentric exercise.,Medicine and science in sports and exercise,2005,10.1249/01.mss.0000177064.65927.98,16286856,ADJ_sample,V,V,B_C_consensus,outcome_linkage
FS-000885,The effects of a high carbohydrate diet on cortisol and salivary immunoglobulin A (s-IgA) during a period of increase exercise workload amongst Olympic and Ironman triathletes.,International journal of sports medicine,2005,10.1055/s-2005-837467,16320174,V_confirm,V,V,B_C_consensus,outcome_linkage;repeated_monitoring
FS-000901,CDNA-microarray analysis as a research tool for expression profiling in human peripheral blood following exercise.,Exercise immunology review,2005,10.22029/eir.2005.1617,16385846,V_confirm,V,V,B_C_consensus,omics_discovery
FS-000912,"Serum concentrations of C reactive protein, alpha1 antitrypsin, and complement (C3, C4, C1 esterase inhibitor) before and during the Vuelta a Espańa.",British journal of sports medicine,2006,10.1136/bjsm.2005.019489,16431998,V_confirm,V,V,D,repeated_monitoring
FS-000925,Antioxidant status and oxidative stress in professional rugby players: evolution throughout a season.,International journal of sports medicine,2006,10.1055/s-2005-837489,16475052,V_confirm,V,V,B_C_consensus,repeated_monitoring
FS-000951,Relationship between salivary IgA secretion and upper respiratory tract infection following a 160-km race.,The Journal of sports medicine and physical fitness,2006,,16596116,V_confirm,V,V,B_C_consensus,outcome_linkage
FS-000953,Effects of AM3 (Inmunoferon) on increased serum concentrations of interleukin-6 and tumour necrosis factor receptors I and II in cyclists.,Journal of sports sciences,2006,10.1080/02640410500141158,16608770,V_confirm,V,V,D,repeated_monitoring
FS-000972,Salivary IgA response of triathletes participating in the French Iron Tour.,International journal of sports medicine,2006,10.1055/s-2005-865747,16729381,V_confirm,V,V,B_C_consensus,repeated_monitoring
FS-000983,Changes in mucosal and humoral atopic-related markers and immunoglobulins in elite cyclists participating in the Vuelta a España.,International journal of sports medicine,2006,10.1055/s-2005-865858,16802252,V_confirm,V,V,D,repeated_monitoring
FS-000990,Cell-free plasma DNA as a novel marker of aseptic inflammation severity related to exercise overtraining.,Clinical chemistry,2006,10.1373/clinchem.2006.070417,16840584,V_confirm,V,V,D,repeated_monitoring
FS-000995,The main neutrophil and neutrophil-related functions may compensate for each other following exercise - A finding from training in university judoists,Luminescence,2007,10.1002/bio.922,16871524,V_confirm,V,V,B_C_consensus,repeated_monitoring
FS-001024,Exercise affects the gene expression profiles of human white blood cells.,"Journal of applied physiology (Bethesda, Md. : 1985)",2007,10.1152/japplphysiol.00066.2006,16990507,V_confirm,V,V,D,omics_discovery
FS-001039,Elevation of myeloperoxidase in conjunction with cardiac-specific markers after marathon running.,American journal of clinical pathology,2006,10.1309/1d62h6krftvqrj0a,17074690,V_confirm,V,V,B_C_consensus,metric_validation
FS-001044,Effects of bovine colostrum supplementation on immune variables in highly trained cyclists.,"Journal of applied physiology (Bethesda, Md. : 1985)",2007,10.1152/japplphysiol.00553.2006,17095643,V_confirm,V,V,B_C_consensus,repeated_monitoring
FS-001117,Bimodal recovery pattern in human skeletal muscle induced by exhaustive stretch-shortening cycle exercise.,Medicine and science in sports and exercise,2007,10.1249/mss.0b013e31802dd74e,17473771,V_confirm,V,V,B_C_consensus,outcome_linkage
FS-001124,"Deleterious effects of short-term, high-intensity exercise on immune function: evidence from leucocyte mitochondrial alterations and apoptosis.",British journal of sports medicine,2008,10.1136/bjsm.2006.029314,17504785,ADJ_sample,V,V,B_C_consensus,repeated_monitoring
FS-001140,Influence of the sample collection method on salivary interleukin-6 levels in resting and post-exercise conditions.,European journal of applied physiology,2007,10.1007/s00421-007-0484-x,17569075,V_confirm,V,V,D,outcome_linkage
FS-001146,Effect of heat acclimation on heat shock protein 72 and interleukin-10 in humans.,"Journal of applied physiology (Bethesda, Md. : 1985)",2007,10.1152/japplphysiol.00242.2007,17615280,V_confirm,V,V,B_C_consensus,repeated_monitoring
FS-001172,Quercetin's influence on exercise-induced changes in plasma cytokines and muscle and leukocyte cytokine mRNA.,"Journal of applied physiology (Bethesda, Md. : 1985)",2007,10.1152/japplphysiol.00707.2007,17717114,V_confirm,V,V,B_C_consensus,repeated_monitoring
FS-001176,Quercetin reduces illness but not immune perturbations after intensive exercise.,Medicine and science in sports and exercise,2007,10.1249/mss.0b013e318076b566,17805089,V_confirm,V,V,D,repeated_monitoring
FS-001197,Total lymphocyte CD8 expression is not a reliable marker of cytotoxic T-cell populations in human peripheral blood following an acute bout of high-intensity exercise.,"Brain, behavior, and immunity",2008,10.1016/j.bbi.2007.09.001,17949944,V_confirm,V,V,B_C_consensus,metric_validation
FS-001207,Cytokine responses to treadmill running in healthy and illness-prone athletes.,Medicine and science in sports and exercise,2007,10.1249/mss.0b013e318149f2aa,17986898,V_confirm,V,V,B_C_consensus,outcome_linkage;repeated_monitoring
FS-001211,Effects of 30 min of aerobic exercise on gene expression in human neutrophils.,"Journal of applied physiology (Bethesda, Md. : 1985)",2008,10.1152/japplphysiol.00872.2007,18006867,V_confirm,V,V,B_C_consensus,omics_discovery
FS-001224,"Diurnal variation, response to eccentric exercise, and association of inflammatory mediators with muscle damage variables.","Journal of applied physiology (Bethesda, Md. : 1985)",2008,10.1152/japplphysiol.00572.2007,18079262,MX_sample,M,V,D,outcome_linkage
FS-001280,Chronic quercetin ingestion and exercise-induced oxidative damage and inflammation.,"Applied physiology, nutrition, and metabolism = Physiologie appliquee, nutrition et metabolisme",2008,10.1139/h07-177,18347680,V_confirm,V,V,B_C_consensus,repeated_monitoring
FS-001293,Cytokine responses to acute and chronic exercise in multiple sclerosis.,"Journal of applied physiology (Bethesda, Md. : 1985)",2008,10.1152/japplphysiol.00954.2007,18388249,ADJ_sample,X,V,D,repeated_monitoring
FS-001310,Patterns of exercise-related inflammatory response in sickle cell trait carriers.,British journal of sports medicine,2010,10.1136/bjsm.2008.047530,18499764,V_confirm,V,V,D,repeated_monitoring
FS-001311,The effect of exercise on innate mucosal immunity.,British journal of sports medicine,2010,10.1136/bjsm.2008.046532,18499767,ADJ_sample,V,V,D,repeated_monitoring
FS-001324,Salivary IgA as a risk factor for upper respiratory infections in elite professional athletes.,Medicine and science in sports and exercise,2008,10.1249/mss.0b013e31816be9c3,18580401,V_confirm,V,V,B_C_consensus,metric_validation;outcome_linkage;repeated_monitoring
FS-001339,The influence of increased training volume on cytokines and ghrelin concentration in college level male rowers.,European journal of applied physiology,2008,10.1007/s00421-008-0839-y,18665387,V_confirm,V,V,D,repeated_monitoring
FS-001364,Two methods for determining plasma IL-6 in humans at rest and following exercise.,European journal of applied physiology,2009,10.1007/s00421-008-0866-8,18797920,V_confirm,V,V,D,metric_validation
FS-001370,The impact of a 17-day training period for an international championship on mucosal immune parameters in top-level basketball players and staff members.,European journal of oral sciences,2008,10.1111/j.1600-0722.2008.00558.x,18821985,V_confirm,V,V,B_C_consensus,outcome_linkage
FS-001372,One-year endurance training: effects on lung function and airway inflammation.,Journal of sports sciences,2008,10.1080/02640410802123177,18828030,V_confirm,V,V,B_C_consensus,repeated_monitoring
FS-001489,Long-term stability and circadian variation in circulating levels of surfactant protein D.,Immunobiology,2010,10.1016/j.imbio.2009.05.001,19540617,V_confirm,V,V,B_C_consensus,metric_validation
FS-001493,Effect of 6-day intense Kendo training on lymphocyte counts and its expression of CD95.,European journal of applied physiology,2009,10.1007/s00421-009-1119-1,19568765,V_confirm,V,V,D,repeated_monitoring
FS-001505,"Environmental conditions, air pollutants, and airway cells in runners: a longitudinal field study.",Journal of sports sciences,2009,10.1080/02640410902946493,19629842,V_confirm,V,V,B_C_consensus,repeated_monitoring
FS-001536,Relationship between C-reactive protein concentration and cytokine responses to exercise in healthy and illness-prone runners.,European journal of applied physiology,2009,10.1007/s00421-009-1160-0,19693532,V_confirm,V,V,B_C_consensus,metric_validation;outcome_linkage;repeated_monitoring
FS-001575,Changes of mucosal immunity and antioxidation activity in elite male Taiwanese taekwondo athletes associated with intensive training and rapid weight loss.,British journal of sports medicine,2011,10.1136/bjsm.2009.062497,19846424,V_confirm,V,V,B_C_consensus,outcome_linkage
FS-001584,Differential genomic responses in old vs. young humans despite similar levels of modest muscle damage after resistance loading.,Physiological genomics,2010,10.1152/physiolgenomics.00151.2009,19903761,V_confirm,V,V,B_C_consensus,omics_discovery
FS-001595,Effect of exercise on gene expression profile in unfractionated peripheral blood leukocytes.,Biochemical and biophysical research communications,2010,10.1016/j.bbrc.2009.11.150,19945435,V_confirm,V,V,B_C_consensus,omics_discovery
FS-001598,Effects of heavy endurance physical exercise on inflammatory markers in non-athletes.,Atherosclerosis,2010,10.1016/j.atherosclerosis.2009.10.025,19954777,V_confirm,V,V,D,repeated_monitoring
FS-001612,Time course of leukocyte accumulation in human muscle after eccentric exercise.,Medicine and science in sports and exercise,2010,10.1249/mss.0b013e3181ac7adb,20010127,V_confirm,V,V,B_C_consensus,outcome_linkage
FS-001615,Potential biomarkers of muscle injury after eccentric exercise.,"Biomarkers : biochemical indicators of exposure, response, and susceptibility to chemicals",2010,10.3109/13547500903502802,20028270,V_confirm,V,V,B_C_consensus,omics_discovery
FS-001622,Upper respiratory tract infection symptoms in ultramarathon runners not related to immunoglobulin status.,Clinical journal of sport medicine : official journal of the Canadian Academy of Sport Medicine,2010,10.1097/jsm.0b013e3181cb4086,20051733,V_confirm,V,V,B_C_consensus,outcome_linkage
FS-001635,Evidence for microRNA involvement in exercise-associated neutrophil gene expression changes.,"Journal of applied physiology (Bethesda, Md. : 1985)",2010,10.1152/japplphysiol.01291.2009,20110541,V_confirm,V,V,B_C_consensus,omics_discovery
FS-001733,"The reliability of the IL-6, sIL-6R and sgp130 response to a preloaded time trial.",European journal of applied physiology,2010,10.1007/s00421-010-1548-x,20574676,V_confirm,V,V,B_C_consensus,metric_validation;repeated_monitoring
FS-001787,The effect of exercise on plasma soluble IL-6 receptor concentration: a dichotomous response.,Exercise immunology review,2010,10.22029/eir.2010.1651,20839491,V_confirm,V,V,B_C_consensus,outcome_linkage
FS-001833,Lymphocyte enzymatic antioxidant responses to oxidative stress following high-intensity interval exercise.,"Journal of applied physiology (Bethesda, Md. : 1985)",2011,10.1152/japplphysiol.00575.2010,21127208,V_confirm,V,V,B_C_consensus,repeated_monitoring
FS-001835,Short term effects of various water immersions on recovery from exhaustive intermittent exercise.,European journal of applied physiology,2011,10.1007/s00421-010-1754-6,21132438,V_confirm,V,V,D,outcome_linkage
FS-001905,Lymphocyte subset responses to repeated submaximal exercise in men.,"Journal of applied physiology (Bethesda, Md. : 1985)",1990,10.1152/jappl.1990.68.3.1069,2140346,V_confirm,V,V,B_C_consensus,repeated_monitoring
FS-001918,Changes in transcriptional output of human peripheral blood mononuclear cells following resistance exercise.,European journal of applied physiology,2011,10.1007/s00421-011-1923-2,21437602,V_confirm,V,V,B_C_consensus,omics_discovery
FS-001987,Dynamic regulation of circulating microRNA during acute exhaustive exercise and sustained aerobic exercise training.,The Journal of physiology,2011,10.1113/jphysiol.2011.213363,21690193,V_confirm,V,V,B_C_consensus,omics_discovery
FS-001994,Passing the anaerobic threshold is associated with substantial changes in the gene expression profile in white blood cells.,European journal of applied physiology,2012,10.1007/s00421-011-2048-3,21717121,V_confirm,V,V,B_C_consensus,omics_discovery;repeated_monitoring
FS-002014,Eleven days of moderate exercise and heat exposure induces acclimation without significant HSP70 and apoptosis responses of lymphocytes in college-aged males.,Cell stress & chaperones,2012,10.1007/s12192-011-0283-5,21796498,V_confirm,V,V,B_C_consensus,repeated_monitoring
FS-002021,Combined proteomic and metabolomic profiling of serum reveals association of the complement system with obesity and identifies novel markers of body fat mass changes.,Journal of proteome research,2011,10.1021/pr2005555,21823675,V_confirm,V,V,D,metric_validation;omics_discovery
FS-002032,Induced sputum proteome in healthy subjects and asthmatic patients.,The Journal of allergy and clinical immunology,2011,10.1016/j.jaci.2011.07.053,21906793,MX_sample,X,V,D,omics_discovery
FS-002039,Severe exercise and exercise training exert opposite effects on human neutrophil apoptosis via altering the redox status.,PloS one,2011,10.1371/journal.pone.0024385,21931703,V_confirm,V,V,B_C_consensus,repeated_monitoring
FS-002059,Resistance exercise training influences skeletal muscle immune activation: a microarray analysis.,"Journal of applied physiology (Bethesda, Md. : 1985)",2012,10.1152/japplphysiol.00860.2011,22052873,V_confirm,V,V,B_C_consensus,omics_discovery
FS-002071,Differential effects of acute and chronic exercise on human neutrophil functions.,Medicine and science in sports and exercise,2012,10.1249/mss.0b013e3182408639,22130467,ADJ_sample,V,V,B_C_consensus,repeated_monitoring
FS-002077,"The impact of 6-month training preparation for an Ironman triathlon on the proportions of naïve, memory and senescent T cells in resting blood.",European journal of applied physiology,2012,10.1007/s00421-011-2273-9,22170013,V_confirm,V,V,B_C_consensus,repeated_monitoring
FS-002079,Exercise-associated generation of PPARγ ligands activates PPARγ signaling events and upregulates genes related to lipid metabolism.,"Journal of applied physiology (Bethesda, Md. : 1985)",2012,10.1152/japplphysiol.00864.2011,22174394,V_confirm,V,V,B_C_consensus,repeated_monitoring
FS-002088,The effect of preseason training on mucosal immunity in male basketball players.,The Journal of sports medicine and physical fitness,2011,,22212276,V_confirm,V,V,D,repeated_monitoring
FS-002122,Effect of Acute Maximal Exercise on Circulating Levels of Interleukin-12 during Ramadan Fasting.,Asian journal of sports medicine,2011,10.5812/asjsm.34751,22375234,ADJ_sample,V,V,D,repeated_monitoring
FS-002123,Effects of exercise on microRNA expression in young males peripheral blood mononuclear cells.,Clinical and translational science,2012,10.1111/j.1752-8062.2011.00384.x,22376254,V_confirm,V,V,B_C_consensus,omics_discovery
FS-002156,Transcript profiling of CD16-positive monocytes reveals a unique molecular fingerprint.,European journal of immunology,2012,10.1002/eji.201141907,22531920,V_confirm,V,V,B_C_consensus,omics_discovery
FS-002162,Phadiatop testing in assessing predisposition to respiratory tract symptoms of allergic origin in athletes.,South African medical journal = Suid-Afrikaanse tydskrif vir geneeskunde,2012,10.7196/samj.5405,22554340,V_confirm,V,V,B_C_consensus,metric_validation
FS-002175,Bananas as an energy source during exercise: a metabolomics approach.,PloS one,2012,10.1371/journal.pone.0037479,22616015,V_confirm,V,V,B_C_consensus,omics_discovery;repeated_monitoring
FS-002180,Haematological and iron metabolism parameters in professional cyclists during the Giro d'Italia 3-weeks stage race.,Clinical chemistry and laboratory medicine,2012,10.1515/cclm-2011-0857,22628339,V_confirm,V,V,D,repeated_monitoring
FS-002241,Expression pattern of the transforming growth factor β signaling genes in human peripheral blood mononuclear cells after exercise-inflammatory aspects.,American journal of human biology : the official journal of the Human Biology Council,2012,10.1002/ajhb.22311,22915245,V_confirm,V,V,B_C_consensus,omics_discovery
FS-002264,SELDI-TOF-MS Serum Profiling Reveals Predictors of Cardiac MRI Changes in Marathon Runners.,International journal of proteomics,2012,10.1155/2012/679301,22988506,V_confirm,V,V,B_C_consensus,omics_discovery
FS-002265,Changes in natural killer cell subpopulations over a winter training season in elite swimmers.,European journal of applied physiology,2013,10.1007/s00421-012-2490-x,22990626,V_confirm,V,V,B_C_consensus,outcome_linkage;repeated_monitoring
FS-002283,"Effects of a flavonoid-rich juice on inflammation, oxidative stress, and immunity in elite swimmers: a metabolomics-based approach.",International journal of sport nutrition and exercise metabolism,2013,10.1123/ijsnem.23.2.150,23070789,V_confirm,V,V,D,omics_discovery
FS-002301,Reduction of saliva immunoglobulin levels by swim training.,European journal of applied physiology and occupational physiology,1990,10.1007/bf00572187,2311596,V_confirm,V,V,B_C_consensus,outcome_linkage;repeated_monitoring
FS-002317,Does proteinuria-inducing physical activity increase biomarkers of acute kidney injury?,Kidney & blood pressure research,2012,10.1159/000343417,23182776,V_confirm,V,V,D,metric_validation
FS-002327,"Inflammatory markers CD11b, CD16, CD66b, CD68, myeloperoxidase and neutrophil elastase in eccentric exercised human skeletal muscles.",Histochemistry and cell biology,2013,10.1007/s00418-012-1061-x,23224298,V_confirm,V,V,B_C_consensus,metric_validation;repeated_monitoring
FS-002346,Impact of brief exercise on peripheral blood NK cell gene and microRNA expression in young adults.,"Journal of applied physiology (Bethesda, Md. : 1985)",2013,10.1152/japplphysiol.01341.2012,23288554,V_confirm,V,V,B_C_consensus,omics_discovery
FS-002374,Time course of muscle damage and inflammatory responses to resistance training with eccentric overload in trained individuals.,Mediators of inflammation,2013,10.1155/2013/204942,23401642,V_confirm,V,V,B_C_consensus,metric_validation;repeated_monitoring
FS-002421,Transcriptome analysis of neutrophils after endurance exercise reveals novel signaling mechanisms in the immune response to physiological stress.,"Journal of applied physiology (Bethesda, Md. : 1985)",2013,10.1152/japplphysiol.00143.2013,23580600,V_confirm,V,V,B_C_consensus,omics_discovery
FS-002435,"Effect of post-exercise protein-leucine feeding on neutrophil function, immunomodulatory plasma metabolites and cortisol during a 6-day block of intense cycling.",European journal of applied physiology,2013,10.1007/s00421-013-2650-7,23624785,V_confirm,V,V,B_C_consensus,omics_discovery;repeated_monitoring
FS-002511,Salivary antimicrobial protein responses during multistage ultramarathon competition conducted in hot environmental conditions.,"Applied physiology, nutrition, and metabolism = Physiologie appliquee, nutrition et metabolisme",2013,10.1139/apnm-2013-0005,23905664,ADJ_sample,V,V,B_C_consensus,repeated_monitoring
FS-002532,Influence of a polyphenol-enriched protein powder on exercise-induced inflammation and oxidative stress in athletes: a randomized trial using a metabolomics approach.,PloS one,2013,10.1371/journal.pone.0072215,23967286,V_confirm,V,V,B_C_consensus,omics_discovery
FS-002536,Cytokine kinetics in nasal mucosa and sera: new insights in understanding upper-airway disease of marathon runners.,Exercise immunology review,2013,10.22029/eir.2013.1677,23977719,V_confirm,V,V,B_C_consensus,outcome_linkage
FS-002554,Human inflammatory and resolving lipid mediator responses to resistance exercise and ibuprofen treatment.,"American journal of physiology. Regulatory, integrative and comparative physiology",2013,10.1152/ajpregu.00128.2013,24089379,V_confirm,V,V,B_C_consensus,omics_discovery
FS-002569,Effects of aerobic exercise on lipid-effector molecules of the innate immune response.,Medicine and science in sports and exercise,2014,10.1249/mss.0000000000000137,24145722,V_confirm,V,V,B_C_consensus,outcome_linkage
FS-002573,A common variation in the promoter region of interleukin-6 gene shows association with exercise performance.,Journal of sports science & medicine,2009,,24149537,V_confirm,V,V,B_C_consensus,repeated_monitoring
FS-002578,The effect of tapering period on plasma pro-inflammatory cytokine levels and performance in elite male cyclists.,Journal of sports science & medicine,2009,,24149602,V_confirm,V,V,B_C_consensus,repeated_monitoring
FS-002589,Identification of high responders for interleukin-6 and creatine kinase following acute eccentric resistance exercise in elderly obese women.,Journal of science and medicine in sport,2014,10.1016/j.jsams.2013.09.012,24189370,ADJ_sample,V,V,B_C_consensus,metric_validation
FS-002618,Time course-dependent changes in the transcriptome of human skeletal muscle during recovery from endurance exercise: from inflammation to adaptive remodeling.,"Journal of applied physiology (Bethesda, Md. : 1985)",2014,10.1152/japplphysiol.00909.2013,24311745,V_confirm,V,V,B_C_consensus,omics_discovery
FS-002619,A proteomic study of plasma protein changes under extreme physical stress.,Journal of proteomics,2014,10.1016/j.jprot.2013.12.004,24345577,V_confirm,V,V,B_C_consensus,omics_discovery
FS-002626,Circulating microRNAs as potential biomarkers of aerobic exercise capacity.,American journal of physiology. Heart and circulatory physiology,2014,10.1152/ajpheart.00711.2013,24363306,V_confirm,V,V,D,omics_discovery
FS-002635,Impact of brief exercise on circulating monocyte gene and microRNA expression: implications for atherosclerotic vascular disease.,"Brain, behavior, and immunity",2014,10.1016/j.bbi.2014.01.003,24423463,V_confirm,V,V,B_C_consensus,omics_discovery
FS-002638,Rapid upregulation and clearance of distinct circulating microRNAs after prolonged aerobic exercise.,"Journal of applied physiology (Bethesda, Md. : 1985)",2014,10.1152/japplphysiol.01141.2013,24436293,V_confirm,V,V,B_C_consensus,omics_discovery
FS-002641,High-Intensity Training and Salivary Immunoglobulin A Responses in Professional Top-Level Soccer Players: Effect of Training Intensity.,Journal of strength and conditioning research,2016,10.1519/jsc.0000000000000380,24448005,V_confirm,V,V,B_C_consensus,repeated_monitoring
FS-002666,Exhaustive exercise modifies different gene expression profiles and pathways in LPS-stimulated and un-stimulated whole blood cultures.,"Brain, behavior, and immunity",2014,10.1016/j.bbi.2013.10.023,24513876,V_confirm,V,V,B_C_consensus,omics_discovery
FS-002669,Identification of human exercise-induced myokines using secretome analysis.,Physiological genomics,2014,10.1152/physiolgenomics.00174.2013,24520153,V_confirm,V,V,D,omics_discovery
FS-002678,Montmorency cherries reduce the oxidative stress and inflammatory responses to repeated days high-intensity stochastic cycling.,Nutrients,2014,10.3390/nu6020829,24566440,V_confirm,V,V,B_C_consensus,repeated_monitoring
FS-002739,Acute exercise leads to regulation of telomere-associated genes and microRNA expression in immune cells.,PloS one,2014,10.1371/journal.pone.0092088,24752326,V_confirm,V,V,B_C_consensus,omics_discovery
FS-002742,Metabolomics approach to assessing plasma 13- and 9-hydroxy-octadecadienoic acid and linoleic acid metabolite responses to 75-km cycling.,"American journal of physiology. Regulatory, integrative and comparative physiology",2014,10.1152/ajpregu.00092.2014,24760997,V_confirm,V,V,B_C_consensus,omics_discovery
FS-002754,Systemic cytokine response to three bouts of eccentric exercise.,Results in immunology,2014,10.1016/j.rinim.2014.04.002,24809007,V_confirm,V,V,D,repeated_monitoring
FS-002764,Effects of strenuous exercise on Th1/Th2 gene expression from human peripheral blood mononuclear cells of marathon participants.,Molecular immunology,2014,10.1016/j.molimm.2014.03.004,24853398,V_confirm,V,V,B_C_consensus,outcome_linkage;omics_discovery
FS-002772,Differential expression of inflammation-related genes after intense exercise.,Prague medical report,2014,10.14712/23362936.2014.3,24874932,V_confirm,V,V,B_C_consensus,omics_discovery
FS-002803,Long-term Low-to-Intensive Cycling Training: Impact on Semen Parameters and Seminal Cytokines.,Clinical journal of sport medicine : official journal of the Canadian Academy of Sport Medicine,2015,10.1097/jsm.0000000000000122,24977955,V_confirm,V,V,B_C_consensus,repeated_monitoring
FS-002824,"Exercise training, lymphocyte subsets and their cytokines production: experience of an Italian professional football team and their impact on allergy.",BioMed research international,2014,10.1155/2014/429248,25050349,V_confirm,V,V,B_C_consensus,repeated_monitoring
FS-002841,Influence of HMB supplementation and resistance training on cytokine responses to resistance exercise.,Journal of the American College of Nutrition,2014,10.1080/07315724.2014.911669,25140763,V_confirm,V,V,B_C_consensus,repeated_monitoring
FS-002878,Dynamic changes in dna methylation status in peripheral blood Mononuclear cells following an acute bout of exercise: Potential impact of exercise-induced elevations in interleukin-6 concentration.,Journal of biological regulators and homeostatic agents,2014,,25316129,V_confirm,V,V,B_C_consensus,omics_discovery
FS-002906,Effect of Intravenous Iron on Aerobic Capacity and Iron Metabolism in Elite Athletes.,Medicine and science in sports and exercise,2015,10.1249/mss.0000000000000568,25386711,MX_sample,X,V,D,repeated_monitoring
FS-002911,"Influence of pistachios on performance and exercise-induced inflammation, oxidative stress, immune dysfunction, and metabolite shifts in cyclists: a randomized, crossover trial.",PloS one,2014,10.1371/journal.pone.0113725,25409020,V_confirm,V,V,B_C_consensus,omics_discovery
FS-002940,Systemic LPS and inflammatory response during consecutive days of exercise in heat.,International journal of sports medicine,2015,10.1055/s-0034-1389904,25525952,ADJ_sample,V,V,B_C_consensus,repeated_monitoring
FS-002948,Physical demands and salivary immunoglobulin A responses of elite Australian rules football athletes to match play.,International journal of sports physiology and performance,2015,10.1123/ijspp.2014-0493,25561572,V_confirm,V,V,B_C_consensus,repeated_monitoring
FS-003022,Circulatory endotoxin concentration and cytokine profile in response to exertional-heat stress during a multi-stage ultra-marathon competition.,Exercise immunology review,2015,10.22029/eir.2015.1699,25830597,V_confirm,V,V,B_C_consensus,repeated_monitoring
FS-003030,Effect of varied recovery interventions on markers of psychophysiological stress in professional rugby union.,European journal of sport science,2015,10.1080/17461391.2015.1029982,25854282,V_confirm,V,V,B_C_consensus,repeated_monitoring
FS-003073,Circulating inflammatory miRNA signature in response to different doses of aerobic exercise.,"Journal of applied physiology (Bethesda, Md. : 1985)",2015,10.1152/japplphysiol.00077.2015,25997943,V_confirm,V,V,B_C_consensus,omics_discovery;repeated_monitoring
FS-003108,"Injuries, Medical Conditions, and Changes in Blood Levels in German Special Operations Forces Selection.",Journal of special operations medicine : a peer reviewed journal for SOF medical professionals,2015,10.55460/rrpw-rtln,26125166,V_confirm,V,V,B_C_consensus,outcome_linkage
FS-003116,The effect of Zingiber officinale R. rhizomes (ginger) on plasma pro-inflammatory cytokine levels in well-trained male endurance runners.,Central-European journal of immunology,2014,10.5114/ceji.2014.43719,26155120,V_confirm,V,V,B_C_consensus,repeated_monitoring
FS-003169,Assessment of serum free light chain levels in healthy adults immediately after marathon running.,Clinical chemistry and laboratory medicine,2016,10.1515/cclm-2015-0431,26351935,V_confirm,V,V,D,metric_validation
FS-003173,"Muscle damage, inflammatory, immune and performance responses to three football games in 1 week in competitive male players.",European journal of applied physiology,2016,10.1007/s00421-015-3245-2,26377004,V_confirm,V,V,B_C_consensus,repeated_monitoring
FS-003206,Tear Fluid SIgA as a Noninvasive Biomarker of Mucosal Immunity and Common Cold Risk.,Medicine and science in sports and exercise,2016,10.1249/mss.0000000000000801,26496418,V_confirm,V,V,B_C_consensus,metric_validation;outcome_linkage
FS-003209,Protein-leucine ingestion activates a regenerative inflammo-myogenic transcriptome in skeletal muscle following intense endurance exercise.,Physiological genomics,2016,10.1152/physiolgenomics.00068.2015,26508702,V_confirm,V,V,B_C_consensus,omics_discovery
FS-003210,Changes of Hematological Markers during a Multi-stage Ultra-marathon Competition in the Heat.,International journal of sports medicine,2016,10.1055/s-0035-1555929,26509375,V_confirm,V,V,B_C_consensus,outcome_linkage;repeated_monitoring
FS-003224,"Fluid retention, muscle damage, and altered body composition at the Ultraman triathlon.",European journal of applied physiology,2016,10.1007/s00421-015-3291-9,26560107,V_confirm,V,V,B_C_consensus,repeated_monitoring
FS-003254,"High Altitude and Acute Mountain Sickness and Changes in Circulating Endothelin-1, Interleukin-6, and Interleukin-17a.",High altitude medicine & biology,2016,10.1089/ham.2015.0098,26680502,V_confirm,V,V,B_C_consensus,outcome_linkage;repeated_monitoring
FS-003290,Salivary immunoglobulin free light chains: reference ranges and responses to exercise in young and older adults.,Exercise immunology review,2016,10.22029/eir.2016.1707,26853488,V_confirm,V,V,B_C_consensus,metric_validation
FS-003303,Protein intake during training sessions has no effect on performance and recovery during a strenuous training camp for elite cyclists.,Journal of the International Society of Sports Nutrition,2016,10.1186/s12970-016-0120-4,26949378,V_confirm,V,V,D,repeated_monitoring
FS-003334,Repetitive cryotherapy attenuates the in vitro and in vivo mononuclear cell activation response.,Experimental physiology,2016,10.1113/ep085795,27094349,V_confirm,V,V,B_C_consensus,repeated_monitoring
FS-003371,Effects of Acute Endurance Exercise on Plasma Protein Profiles of Endurance-Trained and Untrained Individuals over Time.,Mediators of inflammation,2016,10.1155/2016/4851935,27239103,V_confirm,V,V,D,omics_discovery
FS-003426,Post-exercise branched chain amino acid supplementation does not affect recovery markers following three consecutive high intensity resistance training bouts compared to carbohydrate supplementation.,Journal of the International Society of Sports Nutrition,2016,10.1186/s12970-016-0142-y,27468258,V_confirm,V,V,D,repeated_monitoring
FS-003434,The impact of sleeping with reduced glycogen stores on immunity and sleep in triathletes.,European journal of applied physiology,2016,10.1007/s00421-016-3446-3,27491620,V_confirm,V,V,B_C_consensus,repeated_monitoring
FS-003445,Acclimation Training Improves Endurance Cycling Performance in the Heat without Inducing Endotoxemia.,Frontiers in physiology,2016,10.3389/fphys.2016.00318,27524970,V_confirm,V,V,B_C_consensus,repeated_monitoring
FS-003468,Short-term reliability of inflammatory mediators and response to exercise in the heat.,Journal of sports sciences,2017,10.1080/02640414.2016.1227464,27594321,V_confirm,V,V,B_C_consensus,metric_validation
FS-003475,Immune and inflammatory responses to freediving calculated from leukocyte gene expression profiles.,Physiological genomics,2016,10.1152/physiolgenomics.00048.2016,27614202,V_confirm,V,V,B_C_consensus,omics_discovery
FS-003525,Sex-specific variation in signaling pathways and gene expression patterns in human leukocytes in response to endotoxin and exercise.,Journal of neuroinflammation,2016,10.1186/s12974-016-0758-5,27832807,V_confirm,V,V,B_C_consensus,omics_discovery
FS-003532,Reliability of salivary cortisol and immunoglobulin-A measurements from the IPRO® before and after sprint cycling exercise.,The Journal of sports medicine and physical fitness,2017,10.23736/s0022-4707.16.06785-2,27849116,V_confirm,V,V,B_C_consensus,metric_validation;repeated_monitoring
FS-003556,IL-6 Linkage to Exercise-Induced Shifts in Lipid-Related Metabolites: A Metabolomics-Based Analysis.,Journal of proteome research,2017,10.1021/acs.jproteome.6b00892,27996272,V_confirm,V,V,B_C_consensus,omics_discovery
FS-003581,Gene networks in skeletal muscle following endurance exercise are coexpressed in blood neutrophils and linked with blood inflammation markers.,"Journal of applied physiology (Bethesda, Md. : 1985)",2017,10.1152/japplphysiol.00114.2016,28104750,V_confirm,V,V,B_C_consensus,omics_discovery
FS-003615,The Effects of a 36-Hour Mixed Task Ultraendurance Race on Mucosal Immunity Markers and Pulmonary Function.,Wilderness & environmental medicine,2017,10.1016/j.wem.2016.12.001,28257712,ADJ_sample,V,V,B_C_consensus,outcome_linkage
FS-003642,Redox status alterations during the competitive season in élite soccer players: focus on peripheral leukocyte-derived ROS.,Internal and emergency medicine,2017,10.1007/s11739-017-1653-5,28361355,V_confirm,V,V,B_C_consensus,repeated_monitoring
FS-003691,Serum brain-derived neurotrophic factor and interleukin-6 response to high-volume mechanically demanding exercise.,Muscle & nerve,2018,10.1002/mus.25687,28500647,V_confirm,V,V,B_C_consensus,outcome_linkage
FS-003695,Time-course responses of circulating microRNAs to three resistance training protocols in healthy young men.,Scientific reports,2017,10.1038/s41598-017-02294-y,28526870,V_confirm,V,V,B_C_consensus,omics_discovery
FS-003698,Repeated bouts of exhaustive exercise increase circulating cell free nuclear and mitochondrial DNA without development of tolerance in healthy men.,PloS one,2017,10.1371/journal.pone.0178216,28542490,V_confirm,V,V,B_C_consensus,repeated_monitoring
FS-003744,Does recreational scuba diving have clinically significant effect on routine haematological parameters?,Biochemia medica,2017,10.11613/bm.2017.035,28694723,V_confirm,V,V,B_C_consensus,metric_validation
FS-003753,The Mucosal Immune Function Is Not Compromised during a Period of High-Intensity Interval Training. Is It Time to Reconsider an Old Assumption?,Frontiers in physiology,2017,10.3389/fphys.2017.00485,28744226,V_confirm,V,V,B_C_consensus,outcome_linkage;repeated_monitoring
FS-003778,The effect of Chlorella pyrenoidosa supplementation on immune responses to 2 days of intensified training.,European journal of nutrition,2018,10.1007/s00394-017-1525-9,28825174,V_confirm,V,V,B_C_consensus,repeated_monitoring
FS-003783,Inflammatory and immune responses to a 3-day period of downhill running in active females.,"Cellular and molecular biology (Noisy-le-Grand, France)",2017,10.14715/cmb/2017.63.7.13,28838344,V_confirm,V,V,B_C_consensus,repeated_monitoring
FS-003797,Acute effects of strength exercises and effects of regular strength training on cell free DNA concentrations in blood plasma.,PloS one,2017,10.1371/journal.pone.0184668,28910365,V_confirm,V,V,D,repeated_monitoring
FS-003800,Small RNA-seq during acute maximal exercise reveal RNAs involved in vascular inflammation and cardiometabolic health: brief report.,American journal of physiology. Heart and circulatory physiology,2017,10.1152/ajpheart.00500.2017,28916639,V_confirm,V,V,B_C_consensus,metric_validation;omics_discovery
FS-003808,The Effect of a 100-km Ultra-Marathon under Freezing Conditions on Selected Immunological and Hematological Parameters.,Frontiers in physiology,2017,10.3389/fphys.2017.00638,28955243,V_confirm,V,V,B_C_consensus,outcome_linkage
FS-003815,Aerobic physical training does not condition against strenuous exercise-induced changes in immune function but modulates T cell proliferative responses.,The Journal of sports medicine and physical fitness,2018,10.23736/s0022-4707.17.06943-2,28967237,V_confirm,V,V,B_C_consensus,repeated_monitoring
FS-003828,Affected pathways and transcriptional regulators in gene expression response to an ultra-marathon trail: Global and independent activity approaches.,PloS one,2017,10.1371/journal.pone.0180322,29028836,V_confirm,V,V,D,omics_discovery
FS-003838,"Differences in echocardiography, blood pressure, stroke volume, maximal power and profile of genes related to cardiac hypertrophy in elite road cyclists.",Advances in clinical and experimental medicine : official organ Wroclaw Medical University,2017,10.17219/acem/63031,29068603,V_confirm,V,V,B_C_consensus,omics_discovery
FS-003840,Concomitant external pneumatic compression treatment with consecutive days of high intensity interval training reduces markers of proteolysis.,European journal of applied physiology,2017,10.1007/s00421-017-3746-2,29075862,ADJ_sample,M,V,D,repeated_monitoring
FS-003844,Heat and Hypoxic Acclimation Increase Monocyte Heat Shock Protein 72 but Do Not Attenuate Inflammation following Hypoxic Exercise.,Frontiers in physiology,2017,10.3389/fphys.2017.00811,29085305,V_confirm,V,V,B_C_consensus,repeated_monitoring
FS-003879,Salivary Biomarkers and Training Load During Training and Competition in Paralympic Swimmers.,International journal of sports physiology and performance,2018,10.1123/ijspp.2017-0683,29182422,V_confirm,V,V,B_C_consensus,repeated_monitoring
FS-003901,"Traditional and new candidate cardiac biomarkers assessed before, early, and late after half marathon in trained subjects.",European journal of applied physiology,2018,10.1007/s00421-017-3783-x,29256048,V_confirm,V,V,B_C_consensus,metric_validation
FS-003938,Winter ambient training conditions are associated with increased bronchial hyperreactivity and with shifts in serum innate immunity proteins in young competitive speed skaters.,Archives of medical science : AMS,2018,10.5114/aoms.2017.69438,29379533,V_confirm,V,V,B_C_consensus,outcome_linkage
FS-003943,"Effects of acute or chronic heat exposure, exercise and dehydration on plasma cortisol, IL-6 and CRP levels in trained males.",Cytokine,2018,10.1016/j.cyto.2018.01.018,29402724,V_confirm,V,V,B_C_consensus,repeated_monitoring
FS-003994,"Metabolic recovery from heavy exertion following banana compared to sugar beverage or water only ingestion: A randomized, crossover trial.",PloS one,2018,10.1371/journal.pone.0194843,29566095,V_confirm,V,V,B_C_consensus,omics_discovery;repeated_monitoring
FS-004011,Dynamic Regulation of Circulating microRNAs During Acute Exercise and Long-Term Exercise Training in Basketball Athletes.,Frontiers in physiology,2018,10.3389/fphys.2018.00282,29662456,V_confirm,V,V,B_C_consensus,omics_discovery;repeated_monitoring
FS-004070,"The Effects of a 4-Week, Intensified Training, and Competition Period on Salivary Hormones, Immunoglobulin A, Illness Symptoms, and Mood State in Elite Synchronised Swimmers.","Sports (Basel, Switzerland)",2017,10.3390/sports5030064,29910424,V_confirm,V,V,D,repeated_monitoring
FS-004083,Effects of Chronic Cold-Water Immersion in Elite Rugby Players.,International journal of sports physiology and performance,2019,10.1123/ijspp.2018-0313,29952675,ADJ_sample,V,V,D,repeated_monitoring
FS-004098,Acute high-intensity exercise test in soccer athletes affects salivary biochemical markers.,Free radical research,2018,10.1080/10715762.2018.1481288,30027785,V_confirm,V,V,B_C_consensus,metric_validation
FS-004116,Altered formation of the iron oxide nanoparticle-biocorona due to individual variability and exercise.,Environmental toxicology and pharmacology,2018,10.1016/j.etap.2018.07.014,30096581,V_confirm,V,V,D,omics_discovery
FS-004136,Changes in iron metabolism during prolonged repeated walking exercise in middle-aged men and women.,European journal of applied physiology,2018,10.1007/s00421-018-3961-5,30167958,V_confirm,V,V,D,repeated_monitoring
FS-004138,"Cytokine responses to repeated, prolonged walking in lean versus overweight/obese individuals.",Journal of science and medicine in sport,2019,10.1016/j.jsams.2018.07.019,30172615,V_confirm,V,V,B_C_consensus,repeated_monitoring
FS-004147,"Assessing the usefulness of acute physiological responses following resistance exercise: sensitivity, magnitude of change, and time course of measures.","Applied physiology, nutrition, and metabolism = Physiologie appliquee, nutrition et metabolisme",2019,10.1139/apnm-2018-0200,30189146,V_confirm,V,V,B_C_consensus,metric_validation
FS-004152,Detection of Functional Overreaching in Endurance Athletes Using Proteomics.,Proteomes,2018,10.3390/proteomes6030033,30200480,V_confirm,V,V,B_C_consensus,outcome_linkage;omics_discovery;repeated_monitoring
FS-004154,The impact of chronic carbohydrate manipulation on mucosal immunity in elite endurance athletes.,Journal of sports sciences,2019,10.1080/02640414.2018.1521712,30207506,V_confirm,V,V,D,repeated_monitoring
FS-004179,"Brief Report: Training Load, Salivary Immunoglobulin A, and Illness Incidence in Elite Paratriathletes.",International journal of sports physiology and performance,2019,10.1123/ijspp.2018-0439,30300038,V_confirm,V,V,B_C_consensus,outcome_linkage;repeated_monitoring
FS-004193,Exercise-induced Changes in Soluble ST2 Concentrations in Marathon Runners.,Medicine and science in sports and exercise,2019,10.1249/mss.0000000000001806,30339660,V_confirm,V,V,B_C_consensus,metric_validation
FS-004210,Multi-dimensional flow cytometry analysis reveals increasing changes in the systemic neutrophil compartment during seven consecutive days of endurance exercise.,PloS one,2018,10.1371/journal.pone.0206175,30376575,V_confirm,V,V,B_C_consensus,repeated_monitoring
FS-004226,Salivary immunity and lower respiratory tract infections in non-elite marathon runners.,PloS one,2018,10.1371/journal.pone.0206059,30462646,V_confirm,V,V,B_C_consensus,outcome_linkage
FS-004231,Combined bead-based multiplex detection of RNA and protein biomarkers: Implications for understanding the time course of skeletal muscle injury and repair.,"Methods (San Diego, Calif.)",2019,10.1016/j.ymeth.2018.11.012,30472250,V_confirm,V,V,B_C_consensus,omics_discovery
FS-004243,SIgA and Upper Respiratory Syndrome During a College Cross Country Season.,Sports medicine international open,2017,10.1055/s-0043-119090,30539106,V_confirm,V,V,B_C_consensus,outcome_linkage;repeated_monitoring
FS-004252,"Once- and twice-daily heat acclimation confer similar heat adaptations, inflammatory responses and exercise tolerance improvements.",Physiological reports,2018,10.14814/phy2.13936,30575321,V_confirm,V,V,B_C_consensus,repeated_monitoring
FS-004269,Long-Haul Northeast Travel Disrupts Sleep and Induces Perceived Fatigue in Endurance Athletes.,Frontiers in physiology,2018,10.3389/fphys.2018.01826,30618835,V_confirm,V,V,D,repeated_monitoring
FS-004303,Two-peaked increase of serum myosin heavy chain-α after triathlon suggests heart muscle cell death.,BMJ open sport & exercise medicine,2019,10.1136/bmjsem-2018-000486,30740234,V_confirm,V,V,B_C_consensus,metric_validation
FS-004308,"Effects of running on adiponectin, insulin and cytokines in cerebrospinal fluid in healthy young individuals.",Scientific reports,2019,10.1038/s41598-018-38201-2,30760755,V_confirm,V,V,B_C_consensus,omics_discovery
FS-004336,"Exercise-induced bronchoconstriction, temperature regulation and the role of heat shock proteins in non-asthmatic recreational marathon and half-marathon runners.",Scientific reports,2019,10.1038/s41598-019-39983-9,30862844,V_confirm,V,V,B_C_consensus,outcome_linkage
FS-004349,Impairment on Cardiopulmonary Function after Marathon: Role of Exhaled Nitric Oxide.,Oxidative medicine and cellular longevity,2019,10.1155/2019/5134360,30911346,V_confirm,V,V,D,outcome_linkage
FS-004361,Cold water immersion improves recovery of sprint speed following a simulated tournament.,European journal of sport science,2019,10.1080/17461391.2019.1585478,30957673,ADJ_sample,V,V,B_C_consensus,repeated_monitoring
FS-004374,Changes to the Human Serum Proteome in Response to High Intensity Interval Exercise: A Sequential Top-Down Proteomic Analysis.,Frontiers in physiology,2019,10.3389/fphys.2019.00362,31001142,V_confirm,V,V,B_C_consensus,omics_discovery
FS-004385,Ketone ester supplementation blunts overreaching symptoms during endurance training overload.,The Journal of physiology,2019,10.1113/jp277831,31039280,V_confirm,V,V,D,outcome_linkage
FS-004390,Variation in renal responses to exercise in the heat with progressive acclimatisation.,Journal of science and medicine in sport,2019,10.1016/j.jsams.2019.04.010,31085130,V_confirm,V,V,B_C_consensus,metric_validation;repeated_monitoring
FS-004392,Impact of Acute Aerobic Exercise on Genome-Wide DNA-Methylation in Natural Killer Cells-A Pilot Study.,Genes,2019,10.3390/genes10050380,31109152,V_confirm,V,V,B_C_consensus,omics_discovery
FS-004414,"Platelets, endothelial cells and leukocytes contribute to the exercise-triggered release of extracellular vesicles into the circulation.",Journal of extracellular vesicles,2019,10.1080/20013078.2019.1615820,31191831,V_confirm,V,V,B_C_consensus,omics_discovery
FS-004434,Intramuscular inflammatory and resolving lipid profile responses to an acute bout of resistance exercise in men.,Physiological reports,2019,10.14814/phy2.14108,31257737,V_confirm,V,V,D,omics_discovery
FS-004509,"Effects of an acute bout of exercise on circulating extracellular vesicles: tissue-, sex-, and BMI-related differences.",International journal of obesity (2005),2020,10.1038/s41366-019-0460-7,31578459,V_confirm,V,V,D,omics_discovery
FS-004513,Interval Exercise Lowers Circulating CD105 Extracellular Vesicles in Prediabetes.,Medicine and science in sports and exercise,2020,10.1249/mss.0000000000002185,31609300,MX_sample,X,V,D,omics_discovery
FS-004537,Hepcidin and iron: novel findings for elite female rugby Sevens players.,The Journal of sports medicine and physical fitness,2020,10.23736/s0022-4707.19.10096-5,31665878,V_confirm,V,V,D,repeated_monitoring
FS-004544,Decreased integrity of exercise-induced plasma cell free nuclear DNA - negative association with the increased oxidants production by circulating phagocytes.,Scientific reports,2019,10.1038/s41598-019-52409-w,31685910,V_confirm,V,V,D,repeated_monitoring
FS-004568,Seasonal evaluation of skeletal muscle damage and hematological and biochemical parameters of Greco-Roman wrestlers from the Kyrgyzstan National Team before the 2016 Summer Olympic Games.,Journal of back and musculoskeletal rehabilitation,2020,10.3233/bmr-181363,31743985,V_confirm,V,V,B_C_consensus,repeated_monitoring
FS-004580,Allostatic stress load and CMV serostatus impact immune response to maximal exercise in collegiate swimmers.,"Journal of applied physiology (Bethesda, Md. : 1985)",2020,10.1152/japplphysiol.00646.2019,31774356,V_confirm,V,V,D,repeated_monitoring
FS-004586,Proteomic Markers of Non-functional Overreaching During the Race Across America (RAAM): A Case Study.,Frontiers in physiology,2019,10.3389/fphys.2019.01410,31798466,V_confirm,V,V,B_C_consensus,outcome_linkage
FS-004624,"Plasma MMP-9, TIMP-1, and TGF-β1 Responses to Exercise-Induced Muscle Injury.",International journal of environmental research and public health,2020,10.3390/ijerph17020566,31963105,V_confirm,V,V,B_C_consensus,outcome_linkage
FS-004640,Hypoxic-inflammatory responses under acute hypoxia: In Vitro experiments and prospective observational expedition trial.,International journal of molecular sciences,2020,10.3390/ijms21031034,32033172,V_confirm,V,V,B_C_consensus,outcome_linkage
FS-004648,Identification of Urinary Biomarkers for Exercise-Induced Immunosuppression by iTRAQ Proteomics.,BioMed research international,2020,10.1155/2020/3030793,32047808,V_confirm,V,V,B_C_consensus,omics_discovery;repeated_monitoring
FS-004666,High-Intensity Functional Training Improves Cardiorespiratory Fitness and Neuromuscular Performance Without Inflammation or Muscle Damage.,Journal of strength and conditioning research,2022,10.1519/jsc.0000000000003516,32108722,V_confirm,V,V,D,repeated_monitoring
FS-004712,Circulating microRNAs in Response to Exercise Training in Healthy Adults.,Frontiers in genetics,2020,10.3389/fgene.2020.00256,32256529,V_confirm,V,V,B_C_consensus,omics_discovery;repeated_monitoring
FS-004719,The Relationship of IL-8 and IL-10 Myokines and Performance in Male Marathon Runners Presenting Exercise-Induced Bronchoconstriction.,International journal of environmental research and public health,2020,10.3390/ijerph17082622,32290385,V_confirm,V,V,D,outcome_linkage
FS-004724,Early Warning of Acute Altitude Sickness by Physiological Variables and Noninvasive Cardiovascular Indicators.,Chinese medical sciences journal = Chung-kuo i hsueh k'o hsueh tsa chih,2020,10.24920/003552,32299534,V_confirm,V,V,D,outcome_linkage
FS-004769,Molecular Choreography of Acute Exercise.,Cell,2020,10.1016/j.cell.2020.04.043,32470399,V_confirm,V,V,B_C_consensus,metric_validation;omics_discovery
FS-004773,Pathophysiological Responses to a Record-Breaking Multi-hour Underwater Endurance Performance: A Case Study.,Advances in experimental medicine and biology,2021,10.1007/5584_2020_546,32488605,MX_sample,M,V,D,repeated_monitoring
FS-004786,Additive effect of erythropoietin use on exercise-induced endothelial activation and hypercoagulability in athletes.,European journal of applied physiology,2020,10.1007/s00421-020-04419-0,32537688,V_confirm,V,V,B_C_consensus,repeated_monitoring
FS-004798,"Effects of the 5-m Shuttle Run Test on Markers of Muscle Damage, Inflammation, and Fatigue in Healthy Male Athletes.",International journal of environmental research and public health,2020,10.3390/ijerph17124375,32570815,V_confirm,V,V,B_C_consensus,outcome_linkage
FS-004826,Reliability and suitability of physiological exercise response and recovery markers.,Scientific reports,2020,10.1038/s41598-020-69280-9,32681124,V_confirm,V,V,B_C_consensus,metric_validation;repeated_monitoring
FS-004839,Effect of high-velocity and traditional resistance exercise on serum antioxidants and inflammation biomarkers in older women: A randomized crossover trial.,Experimental gerontology,2020,10.1016/j.exger.2020.111026,32717273,V_confirm,V,V,B_C_consensus,metric_validation;repeated_monitoring
FS-004886,Water immersion methods do not alter muscle damage and inflammation biomarkers after high-intensity sprinting and jumping exercise.,European journal of applied physiology,2020,10.1007/s00421-020-04481-8,32880050,V_confirm,V,V,B_C_consensus,metric_validation;repeated_monitoring
FS-004889,Analysis of human neutrophil phenotypes as biomarker to monitor exercise-induced immune changes.,Journal of leukocyte biology,2021,10.1002/jlb.5a0820-436r,32893357,V_confirm,V,V,D,repeated_monitoring
FS-004954,Eccentric exercise per se does not affect muscle damage biomarkers: early and late phase adaptations.,European journal of applied physiology,2021,10.1007/s00421-020-04528-w,33156414,V_confirm,V,V,D,repeated_monitoring
FS-004989,Improved recovery from skeletal muscle damage is largely unexplained by myofibrillar protein synthesis or inflammatory and regenerative gene expression pathways.,American journal of physiology. Endocrinology and metabolism,2021,10.1152/ajpendo.00454.2020,33284089,V_confirm,V,V,B_C_consensus,outcome_linkage
FS-005045,Differential effects on blood and cerebrospinal fluid immune protein markers and kynurenine pathway metabolites from aerobic physical exercise in healthy subjects.,Scientific reports,2021,10.1038/s41598-021-81306-4,33462306,V_confirm,V,V,B_C_consensus,omics_discovery
FS-005046,Massage Therapy Modulates Inflammatory Mediators Following Sprint Exercise in Healthy Male Athletes.,Journal of functional morphology and kinesiology,2020,10.3390/jfmk5010009,33467225,V_confirm,V,V,B_C_consensus,outcome_linkage
FS-005118,Endotoxaemia in exhausted runners after a long-distance race.,South African medical journal = Suid-Afrikaanse tydskrif vir geneeskunde,1988,,3375945,V_confirm,V,V,D,metric_validation;outcome_linkage
FS-005129,Increased Circulating H3 Histone in Response to Repeated Bouts of Exercise Does Not Associate with Parallel Alterations of Cell-Free DNA.,Biology,2021,10.3390/biology10030181,33801313,V_confirm,V,V,D,repeated_monitoring
FS-005160,Impact of Olive Oil Supplement Intake on Dendritic Cell Maturation after Strenuous Physical Exercise: A Preliminary Study.,International journal of environmental research and public health,2021,10.3390/ijerph18084128,33919722,V_confirm,V,V,B_C_consensus,metric_validation;repeated_monitoring
FS-005165,Impact of Three Consecutive Days of Endurance Training Under Hypoxia on Muscle Damage and Inflammatory Responses.,Frontiers in sports and active living,2021,10.3389/fspor.2021.663095,33937753,V_confirm,V,V,B_C_consensus,repeated_monitoring
FS-005169,High-frequency blood flow-restricted resistance exercise results in acute and prolonged cellular stress more pronounced in type I than in type II fibers.,"Journal of applied physiology (Bethesda, Md. : 1985)",2021,10.1152/japplphysiol.00115.2020,33955259,V_confirm,V,V,B_C_consensus,repeated_monitoring
FS-005183,"Effects of a low-intensity resistance exercise program on serum miR-630, miR-5703, and Fractalkine/CX3CL1 expressions in subjects with No exercise habits: A preliminary study.",Hepatology research : the official journal of the Japan Society of Hepatology,2021,10.1111/hepr.13670,34014020,V_confirm,V,V,D,omics_discovery
FS-005226,Post-match recovery profile of leukocyte cell subsets among professional soccer players.,Scientific reports,2021,10.1038/s41598-021-92956-9,34172818,V_confirm,V,V,B_C_consensus,repeated_monitoring
FS-005259,Association between Cardiorespiratory Fitness and Circulating Proteins in 50-Year-Old Swedish Men and Women: a Cross-Sectional Study.,Sports medicine - open,2021,10.1186/s40798-021-00343-5,34312731,V_confirm,V,V,D,omics_discovery
FS-005301,"Dietary Polyphenol and Methylsulfonylmethane Supplementation Improves Immune, DAMP Signaling, and Inflammatory Responses During Recovery From All-Out Running Efforts.",Frontiers in physiology,2021,10.3389/fphys.2021.712731,34531760,V_confirm,V,V,B_C_consensus,omics_discovery;repeated_monitoring
FS-005304,Effect of Regular Aerobic Training on Serum C-Reactive Protein and IL-6 Levels in Obese Women.,Puerto Rico health sciences journal,2021,,34543566,V_confirm,V,V,B_C_consensus,repeated_monitoring
FS-005334,"Air pollution and high-intensity interval exercise: Implications to anti-inflammatory balance, metabolome and cardiovascular responses.",The Science of the total environment,2022,10.1016/j.scitotenv.2021.151094,34688752,V_confirm,V,V,B_C_consensus,omics_discovery
FS-005385,Repetitions of Strenuous Exercise Consistently Increase Paraoxonase 1 Concentration and Activity in Plasma of Average-Trained Men.,Oxidative medicine and cellular longevity,2021,10.1155/2021/2775025,34917230,V_confirm,V,V,B_C_consensus,repeated_monitoring
FS-005424,Biochemical profile in mixed martial arts athletes.,PeerJ,2022,10.7717/peerj.12708,35047233,V_confirm,V,V,B_C_consensus,repeated_monitoring
FS-005434,Acute exercise decreases insulin-stimulated extracellular vesicles in conjunction with augmentation index in adults with obesity.,The Journal of physiology,2023,10.1113/jp282274,35081660,V_confirm,V,V,D,omics_discovery
FS-005450,Altered Circulating MicroRNA Profiles After Endurance Training: A Cohort Study of Ultramarathon Runners.,Frontiers in physiology,2021,10.3389/fphys.2021.792931,35145424,V_confirm,V,V,B_C_consensus,omics_discovery
FS-005458,Acute aerobic exercise reveals that FAHFAs distinguish the metabolomes of overweight and normal-weight runners.,JCI insight,2022,10.1172/jci.insight.158037,35192550,V_confirm,V,V,B_C_consensus,metric_validation;omics_discovery
FS-005508,C-Reactive Protein and Skin Temperature of the lower limbs of Brazilian elite soccer players like load markers following three consecutive games.,Journal of thermal biology,2022,10.1016/j.jtherbio.2022.103188,35393043,V_confirm,V,V,B_C_consensus,repeated_monitoring
FS-005516,Plasma Endogenous Endotoxin Core Antibody Response to Exercise in Endurance Athletes.,International journal of sports medicine,2022,10.1055/a-1827-3124,35426092,V_confirm,V,V,B_C_consensus,metric_validation
FS-005528,RNA Sequencing of Whole Blood Defines the Signature of High Intensity Exercise at Altitude in Elite Speed Skaters.,Genes,2022,10.3390/genes13040574,35456380,V_confirm,V,V,B_C_consensus,omics_discovery
FS-005605,"Age Differences in Recovery Rate Following an Aerobic-Based Exercise Protocol Inducing Muscle Damage Among Amateur, Male Athletes.",Frontiers in physiology,2022,10.3389/fphys.2022.916924,35774290,V_confirm,V,V,B_C_consensus,outcome_linkage
FS-005607,Reliability of Biomarkers of Physiological Stress at Rest and Post-exertional Heat Stress.,International journal of sports medicine,2023,10.1055/a-1890-0993,35777726,V_confirm,V,V,D,metric_validation
FS-005624,Resistance exercise with different workloads have distinct effects on cellular respiration of peripheral blood mononuclear cells.,Physiological reports,2022,10.14814/phy2.15394,35852047,V_confirm,V,V,B_C_consensus,outcome_linkage
FS-005701,The Immunological and Hormonal Responses to Competitive Match-Play in Elite Soccer Players.,International journal of environmental research and public health,2022,10.3390/ijerph191811784,36142056,V_confirm,V,V,B_C_consensus,repeated_monitoring
FS-005719,Acute exercise mobilizes NKT-like cells with a cytotoxic transcriptomic profile but does not augment the potency of cytokine-induced killer (CIK) cells.,Frontiers in immunology,2022,10.3389/fimmu.2022.938106,36189306,V_confirm,V,V,B_C_consensus,omics_discovery
FS-005727,Acute response of biomarkers in plasma from capillary blood after a strenuous endurance exercise bout.,European journal of applied physiology,2023,10.1007/s00421-022-05068-1,36227377,V_confirm,V,V,D,metric_validation
FS-005739,Cardiovascular adaptations and inflammation in marathon runners.,Experimental and therapeutic medicine,2022,10.3892/etm.2022.11635,36277142,V_confirm,V,V,B_C_consensus,metric_validation
FS-005741,The Acute Cytokine Response to 30-Minute Exercise Bouts Before and After 8-Week Endurance Training in Individuals With Obesity.,The Journal of clinical endocrinology and metabolism,2023,10.1210/clinem/dgac623,36285617,ADJ_sample,V,V,D,omics_discovery
FS-005770,"Acute and long-term exercise differently modulate plasma levels of oxylipins, endocannabinoids, and their analogues in young sedentary adults: A sub-study and secondary analyses from the ACTIBATE randomized controlled-trial.",EBioMedicine,2022,10.1016/j.ebiom.2022.104313,36374769,V_confirm,V,V,D,omics_discovery
FS-005773,Sportomics method to assess acute phase proteins in Olympic level athletes using dried blood spots and multiplex assay.,Scientific reports,2022,10.1038/s41598-022-23300-y,36400821,V_confirm,V,V,D,omics_discovery
FS-005856,Clonal Kinetics and Single-Cell Transcriptional Profiles of T Cells Mobilized to Blood by Acute Exercise.,Medicine and science in sports and exercise,2023,10.1249/mss.0000000000003130,36719647,V_confirm,V,V,B_C_consensus,omics_discovery
FS-005864,Exercise mobilizes diverse antigen specific T-cells and elevates neutralizing antibodies in humans with natural immunity to SARS CoV-2.,"Brain, behavior, & immunity - health",2023,10.1016/j.bbih.2023.100600,36743994,V_confirm,V,V,D,omics_discovery
FS-005870,Modulation of the Circulating Extracellular Vesicles in Response to Different Exercise Regimens and Study of Their Inflammatory Effects.,International journal of molecular sciences,2023,10.3390/ijms24033039,36769362,V_confirm,V,V,B_C_consensus,omics_discovery
FS-005884,Molecular Profiling of Athletes Performing High-Intensity Exercises in Extreme Environments.,"Sports (Basel, Switzerland)",2023,10.3390/sports11020036,36828321,V_confirm,V,V,D,omics_discovery
FS-005887,Impacts of Eccentric Resistance Exercise on DNA Methylation of Candidate Genes for Inflammatory Cytokines in Skeletal Muscle and Leukocytes of Healthy Males.,Genes,2023,10.3390/genes14020478,36833405,V_confirm,V,V,B_C_consensus,repeated_monitoring
FS-005905,Reliability of pathophysiological markers reflective of exercise-induced gastrointestinal syndrome (EIGS) in response to 2-h high-intensity interval exercise: A comprehensive methodological efficacy exploration.,Frontiers in physiology,2023,10.3389/fphys.2023.1063335,36895638,V_confirm,V,V,B_C_consensus,metric_validation;repeated_monitoring
FS-005931,Astaxanthin supplementation counters exercise-induced decreases in immune-related plasma proteins.,Frontiers in nutrition,2023,10.3389/fnut.2023.1143385,37025615,V_confirm,V,V,B_C_consensus,omics_discovery;repeated_monitoring
FS-005939,Human lymphocytes mobilized with exercise have an anti-tumor transcriptomic profile and exert enhanced graft-versus-leukemia effects in xenogeneic mice.,Frontiers in immunology,2023,10.3389/fimmu.2023.1067369,37077913,V_confirm,V,V,B_C_consensus,omics_discovery
FS-005950,Single-cell sequencing of immune cells after marathon and symptom-limited cardiopulmonary exercise.,iScience,2023,10.1016/j.isci.2023.106532,37123249,V_confirm,V,V,B_C_consensus,omics_discovery
FS-005966,Analysis of IGHA1 and other salivary proteins post half marathon in female participants.,PeerJ,2023,10.7717/peerj.15075,37193030,V_confirm,V,V,B_C_consensus,omics_discovery
FS-005971,Determination of optimum intensity and duration of exercise based on the immune system response using a machine-learning model.,Scientific reports,2023,10.1038/s41598-023-34974-3,37217586,V_confirm,V,V,B_C_consensus,metric_validation
FS-005990,"Elevated cfDNA after exercise is derived primarily from mature polymorphonuclear neutrophils, with a minor contribution of cardiomyocytes.",Cell reports. Medicine,2023,10.1016/j.xcrm.2023.101074,37290439,V_confirm,V,V,D,omics_discovery
FS-005991,Turmeric supplementation improves markers of recovery in elite male footballers: a pilot study.,Frontiers in nutrition,2023,10.3389/fnut.2023.1175622,37293669,V_confirm,V,V,B_C_consensus,repeated_monitoring
FS-006008,Effect of Exercise Repetitions on Arylesterase Activity of PON1 in Plasma of Average-Trained Men-The Dissociation between Activity and Concentration.,"Antioxidants (Basel, Switzerland)",2023,10.3390/antiox12061296,37372026,V_confirm,V,V,B_C_consensus,repeated_monitoring
FS-006018,Comparative transcriptome analysis of unfractionated peripheral blood leukocytes after exercise in human.,Scientific reports,2023,10.1038/s41598-023-38064-2,37429969,V_confirm,V,V,B_C_consensus,omics_discovery
FS-006024,Vitamin D status modulates innate immune responses and metabolomic profiles following acute prolonged cycling.,European journal of nutrition,2023,10.1007/s00394-023-03181-1,37458775,V_confirm,V,V,B_C_consensus,omics_discovery
FS-006034,Blueberry intake elevates post-exercise anti-inflammatory oxylipins: a randomized trial.,Scientific reports,2023,10.1038/s41598-023-39269-1,37488250,V_confirm,V,V,D,omics_discovery
FS-006114,"Sex differences in mood, hormone and immune response to combatives training in West Point Cadets.",Psychoneuroendocrinology,2024,10.1016/j.psyneuen.2023.106656,37918137,V_confirm,V,V,D,repeated_monitoring
FS-006131,Salivary concentrations of secretory leukocyte protease inhibitor and matrix metallopeptidase-9 following a single bout of exercise are associated with intensity and hydration status.,PloS one,2023,10.1371/journal.pone.0291297,37992002,MX_sample,M,V,D,omics_discovery
FS-006144,The reproducibility of dendritic cell and T cell counts to a 30-min high-intensity cycling protocol as a tool to highlight overtraining.,Experimental physiology,2024,10.1113/ep091326,38063067,V_confirm,V,V,D,metric_validation
FS-006154,Exercise-Induced Cell-Free DNA Correlates with Energy Expenditure in Multiple Exercise Protocols.,Medicine and science in sports and exercise,2024,10.1249/mss.0000000000003363,38109167,V_confirm,V,V,D,omics_discovery
FS-006184,Acute exercise-induced release of innate immune proteins via small extracellular vesicles changes with aerobic fitness and age.,"Acta physiologica (Oxford, England)",2024,10.1111/apha.14095,38243724,V_confirm,V,V,B_C_consensus,omics_discovery
FS-006191,"Combined Turmeric, Vitamin C, and Vitamin D Ready-to-Drink Supplements Reduce Upper Respiratory Illness Symptoms and Gastrointestinal Discomfort in Elite Male Football Players.",Nutrients,2024,10.3390/nu16020243,38257136,V_confirm,V,V,B_C_consensus,repeated_monitoring
FS-006215,Acute Resistance Exercise Modifies Extracellular Vesicle miRNAs Targeting Anabolic Gene Pathways: A Prospective Cohort Study.,Medicine and science in sports and exercise,2024,10.1249/mss.0000000000003408,38377006,V_confirm,V,V,B_C_consensus,omics_discovery
FS-006218,Proteomics of appetite-regulating system influenced by menstrual cycle and intensive exercise in female athletes: a pilot study.,Scientific reports,2024,10.1038/s41598-024-54572-1,38378702,V_confirm,V,V,B_C_consensus,omics_discovery;repeated_monitoring
FS-006233,Unraveling athletic performance: Transcriptomics and external load monitoring in handball competition.,PloS one,2024,10.1371/journal.pone.0299556,38466679,V_confirm,V,V,B_C_consensus,omics_discovery
FS-006247,Acute response in circulating microRNAs following a single bout of short-sprint and heavy strength training in well-trained cyclists.,Frontiers in physiology,2024,10.3389/fphys.2024.1365357,38532845,V_confirm,V,V,B_C_consensus,omics_discovery;repeated_monitoring
FS-006250,Metabolomic and Proteomic Profiling of Athletes Performing Physical Activity under Hypoxic Conditions.,"Sports (Basel, Switzerland)",2024,10.3390/sports12030072,38535735,V_confirm,V,V,B_C_consensus,omics_discovery
FS-006260,Skeletal muscle of young females under resistance exercise exhibits a unique innate immune cell infiltration profile compared to males and elderly individuals.,Journal of muscle research and cell motility,2024,10.1007/s10974-024-09668-6,38578562,V_confirm,V,V,B_C_consensus,omics_discovery
FS-006263,Exercise-induced β2-adrenergic Receptor Activation Enhances the Antileukemic Activity of Expanded γδ T-Cells via DNAM-1 Upregulation and PVR/Nectin-2 Recognition.,Cancer research communications,2024,10.1158/2767-9764.crc-23-0570,38592213,V_confirm,V,V,B_C_consensus,omics_discovery
FS-006296,Respiratory and Metabolic Responses of CD4 + T Cells to Acute Exercise and Their Association with Cardiorespiratory Fitness.,Medicine and science in sports and exercise,2024,10.1249/mss.0000000000003483,38768035,V_confirm,V,V,B_C_consensus,omics_discovery;repeated_monitoring
FS-006319,Beet supplementation mitigates post-exercise inflammation.,Frontiers in nutrition,2024,10.3389/fnut.2024.1408804,38873567,V_confirm,V,V,B_C_consensus,omics_discovery;repeated_monitoring
FS-006342,Low energy availability increases immune cell formation of reactive oxygen species and impairs exercise performance in female endurance athletes.,Redox biology,2024,10.1016/j.redox.2024.103250,38936255,V_confirm,V,V,B_C_consensus,omics_discovery
FS-006356,Oxylipin Dynamics Following A Single Bout of Yoga Exercise: A Pilot Randomized Controlled Trial Secondary Analysis.,Journal of integrative and complementary medicine,2024,10.1089/jicm.2024.0233,39007170,V_confirm,V,V,B_C_consensus,omics_discovery
FS-006366,A MEPS-UHPLC-MS/MS analytical platform to detect isoprostanoids and specialized pro-resolving mediators in the urinary extracellular vesicles of mountain ultramarathon runners.,Talanta,2024,10.1016/j.talanta.2024.126619,39067203,V_confirm,V,V,B_C_consensus,metric_validation
FS-006373,Baker's yeast beta glucan supplementation was associated with an improved innate immune mRNA expression response after exercise.,"Methods (San Diego, Calif.)",2024,10.1016/j.ymeth.2024.07.013,39097177,V_confirm,V,V,B_C_consensus,omics_discovery
FS-006410,Changes in hematopoietic stem cell numbers following acute exercise in non-athlete marathon runners.,Advances in medical sciences,2024,10.1016/j.advms.2024.09.003,39284497,V_confirm,V,V,B_C_consensus,metric_validation
FS-006416,Analysis of plasma-derived small extracellular vesicle characteristics and microRNA cargo following exercise-induced skeletal muscle damage in men.,Physiological reports,2024,10.14814/phy2.70056,39304515,V_confirm,V,V,B_C_consensus,omics_discovery
FS-006424,Effects of Maltodextrin-Fructose Supplementation on Inflammatory Biomarkers and Lipidomic Profile Following Endurance Running: A Randomized Placebo-Controlled Cross-Over Trial.,Nutrients,2024,10.3390/nu16183078,39339678,ADJ_sample,V,V,B_C_consensus,omics_discovery
FS-006430,Combined proteomics and metabolomics analysis reveal the effect of a training course on the immune function of Chinese elite short-track speed skaters.,"Immunity, inflammation and disease",2024,10.1002/iid3.70030,39352112,V_confirm,V,V,B_C_consensus,omics_discovery
FS-006439,Response of Circulating Free Cellular DNA to Repeated Exercise in Men with Type 1 Diabetes Mellitus.,Journal of clinical medicine,2024,10.3390/jcm13195859,39407919,MX_sample,X,V,D,repeated_monitoring
FS-006440,A Multiomics Evaluation of the Countermeasure Influence of 4-Week Cranberry Beverage Supplementation on Exercise-Induced Changes in Innate Immunity.,Nutrients,2024,10.3390/nu16193250,39408218,V_confirm,V,V,B_C_consensus,omics_discovery;repeated_monitoring
FS-006450,Sportomics Analyses of the Exercise-Induced Impact on Amino Acid Metabolism and Acute-Phase Protein Kinetics in Female Olympic Athletes.,Nutrients,2024,10.3390/nu16203538,39458532,V_confirm,V,V,D,omics_discovery
FS-006499,"Variabilities of salivary human herpesvirus 6, 7, and secretory immunoglobulin A levels from pre- to post-competition periods in baseball players.",The Journal of sports medicine and physical fitness,2025,10.23736/s0022-4707.24.16227-5,39652048,V_confirm,V,V,B_C_consensus,outcome_linkage;repeated_monitoring
FS-006506,Effects of structured exercise training on miRNA expression in previously sedentary individuals.,PloS one,2024,10.1371/journal.pone.0314281,39693276,V_confirm,V,V,D,omics_discovery
FS-006534,Exercise intensity and training alter the innate immune cell type and chromosomal origins of circulating cell-free DNA in humans.,Proceedings of the National Academy of Sciences of the United States of America,2025,10.1073/pnas.2406954122,39805013,V_confirm,V,V,B_C_consensus,omics_discovery;repeated_monitoring
FS-006539,Single-Cell RNA Sequencing Analysis Reveals Exercise-Induced Transcriptional Dynamics in Half-Marathon Runners.,Scandinavian journal of medicine & science in sports,2025,10.1111/sms.70018,39817606,V_confirm,V,V,B_C_consensus,omics_discovery
FS-006554,Temporal dynamics of the interstitial fluid proteome in human skeletal muscle following exhaustive exercise.,Science advances,2025,10.1126/sciadv.adp8608,39889004,V_confirm,V,V,B_C_consensus,omics_discovery
FS-006563,Cellular deconstruction of the human skeletal muscle microenvironment identifies an exercise-induced histaminergic crosstalk.,Cell metabolism,2025,10.1016/j.cmet.2024.12.011,39919738,V_confirm,V,V,B_C_consensus,omics_discovery
FS-006567,Study of Blood Biomarkers in Athletes with Lower Gastrointestinal Symptoms After an Ultra-Trail Race.,Journal of clinical medicine,2025,10.3390/jcm14031024,39941693,V_confirm,V,V,B_C_consensus,outcome_linkage
FS-006627,Gut Prevotella copri abundance linked to elevated post-exercise inflammation.,Journal of sport and health science,2025,10.1016/j.jshs.2025.101039,40194740,U_decide,U,V,D,omics_discovery
FS-006651,Exercise-induced β2-adrenergic receptor activation enhances effector lymphocyte mobilization in humans and suppresses lymphoma growth in mice through NK-cells.,"Brain, behavior, and immunity",2025,10.1016/j.bbi.2025.04.040,40311885,V_confirm,V,V,B_C_consensus,omics_discovery
FS-006662,The Influence of an Acute Endurance Intervention on Breast Cancer Cell Growth-A Pilot Study.,International journal of molecular sciences,2025,10.3390/ijms26093976,40362215,V_confirm,V,V,D,omics_discovery
FS-006681,"Extracellular vesicle proteomics uncovers energy metabolism, complement system, and endoplasmic reticulum stress response dysregulation postexercise in males with myalgic encephalomyelitis/chronic fatigue syndrome.",Clinical and translational medicine,2025,10.1002/ctm2.70346,40465195,MX_sample,X,V,D,outcome_linkage;omics_discovery
FS-006684,Using the Rise and Fall of Oxidative Stress and Inflammation Post-Exercise to Evaluate the Effect of Methylsulfonylmethane Supplementation on Immune Response mRNA.,Nutrients,2025,10.3390/nu17111761,40507030,V_confirm,V,V,B_C_consensus,omics_discovery
FS-006697,Functional characterisation of CD8+ T cells mobilised with acute supramaximal high-intensity interval exercise: implications for immune surveillance.,Clinical & translational immunology,2025,10.1002/cti2.70037,40547947,V_confirm,V,V,B_C_consensus,omics_discovery
FS-006706,Systematic profiling reveals betaine as an exercise mimetic for geroprotection.,Cell,2025,10.1016/j.cell.2025.06.001,40570836,V_confirm,V,V,B_C_consensus,omics_discovery
FS-006734,Transcriptomic analyses of peripheral blood mononuclear cells reveal age-specific basal and acute exercise responsiveness differences in humans.,American journal of physiology. Endocrinology and metabolism,2025,10.1152/ajpendo.00169.2025,40695537,V_confirm,V,V,B_C_consensus,omics_discovery
FS-006745,Circulating Antimicrobial Peptides as Biomarkers of Inflammation and Airway Dysfunction After Marathon Running.,Biology,2025,10.3390/biology14070825,40723384,V_confirm,V,V,B_C_consensus,outcome_linkage
FS-006749,"Repeated bouts of load carriage alter indirect markers of exercise-induced muscle damage, liver enzymes, and oxygen-carrying capacity in male soldiers.",Physiological reports,2025,10.14814/phy2.70268,40737449,V_confirm,V,V,B_C_consensus,outcome_linkage;repeated_monitoring
FS-006751,Maximal and sub-maximal exercise tests alter PBMC microRNA expression: insights into sport- and sex-specific variations.,Frontiers in physiology,2025,10.3389/fphys.2025.1583870,40746988,V_confirm,V,V,B_C_consensus,omics_discovery;repeated_monitoring
FS-006754,MSM Supplementation Is Associated with Reduced Inflammation and Improved Innate Immune Response following In Vitro LPS-Stimulation in Humans after a Bout of Downhill Running.,"Muscles (Basel, Switzerland)",2023,10.3390/muscles2020015,40757568,V_confirm,V,V,B_C_consensus,omics_discovery
FS-006779,"Evaluating the Impact of Urolithin A Supplementation on Running Performance, Recovery, and Mitochondrial Biomarkers in Highly Trained Male Distance Runners.","Sports medicine (Auckland, N.Z.)",2025,10.1007/s40279-025-02292-5,40839339,V_confirm,V,V,B_C_consensus,omics_discovery;repeated_monitoring
FS-006787,Even at 100+: Acute Exercise Modulates Inflammatory Pathways in Centenarians.,Aging cell,2025,10.1111/acel.70152,40874701,V_confirm,V,V,B_C_consensus,omics_discovery
FS-006828,Anxiety and Mood Disturbance Are Prospectively Associated With Respiratory Infection Risk and the Mucosal Immune Response to Exercise.,European journal of sport science,2025,10.1002/ejsc.70058,41024702,V_confirm,V,V,D,outcome_linkage
FS-006840,Clinical study on early warning signal monitoring (salivary indicators) of exercise-induced fatigue in technical winter sports athletes.,Pakistan journal of medical sciences,2025,10.12669/pjms.41.9.11305,41070329,ADJ_sample,U,V,D,repeated_monitoring
FS-006861,Exploratory analysis of the impact of sex on sputum proteomic response to inhaled wood smoke in humans.,Toxicological sciences : an official journal of the Society of Toxicology,2026,10.1093/toxsci/kfaf150,41134656,MX_sample,X,V,B_C_consensus,omics_discovery
FS-006881,"Acute exercise alters immune responses in older adults, with extracellular vesicle changes observed in a high-intensity intervention.",Frontiers in immunology,2025,10.3389/fimmu.2025.1661161,41208983,V_confirm,V,V,B_C_consensus,omics_discovery
FS-006883,Proteomic changes induced by acute exercise and high-intensity interval training during pregnancy: a pilot randomised controlled trial.,Scientific reports,2025,10.1038/s41598-025-22991-3,41214136,V_confirm,V,V,B_C_consensus,omics_discovery
FS-006885,Cumulative oxidative and inflammatory responses to repeated depth training in breath-hold divers: a multiparametric field study.,European journal of applied physiology,2026,10.1007/s00421-025-06040-5,41222681,V_confirm,V,V,B_C_consensus,repeated_monitoring
FS-006928,Exercise serum promotes DNA damage repair and remodels gene expression in colon cancer cells.,International journal of cancer,2026,10.1002/ijc.70271,41387212,V_confirm,V,V,D,omics_discovery
FS-006942,A pilot study: Salivary human herpesvirus-6 and human herpesvirus-7 responses to different types of acute exercise in healthy young men.,Physiological reports,2025,10.14814/phy2.70697,41420397,V_confirm,V,V,B_C_consensus,outcome_linkage;repeated_monitoring
FS-006949,Salivary proteomics and metabolic responses to resistance training with and without blood flow restriction in young adults.,Journal of proteomics,2026,10.1016/j.jprot.2025.105587,41453684,V_confirm,V,V,B_C_consensus,omics_discovery;repeated_monitoring
FS-006955,Acute exercise rewires the proteomic landscape of human immune cells.,Nature communications,2026,10.1038/s41467-025-68101-9,41484100,V_confirm,V,V,B_C_consensus,omics_discovery
FS-006965,Oxylipin Responses during the Yukon Arctic Ultra: The Longest and Coldest Ultramarathon in the World.,Military medicine,2026,10.1093/milmed/usaf622,41525801,V_confirm,V,V,B_C_consensus,omics_discovery
FS-007011,"Moving for optimal immunity: the effect of acute high-intensity interval training on phenotype, virus specificity and chemokine receptor expression in human CD8+ T cells.",Frontiers in immunology,2025,10.3389/fimmu.2025.1739657,41675500,V_confirm,V,V,B_C_consensus,omics_discovery
FS-007021,Prevalence of exercise-induced bronchoconstriction in elite Chinese summer sport athletes.,Journal of sport and health science,2026,10.1016/j.jshs.2026.101131,41707779,V_confirm,V,V,B_C_consensus,outcome_linkage
FS-007033,"Lymphocyte subpopulations in healthy Ukrainian men: local reference ranges, long temporal stability, and exercise-induced variability.",Immunobiology,2026,10.1016/j.imbio.2026.153170,41740469,V_confirm,V,V,B_C_consensus,metric_validation
FS-007088,Daily turmeric and ginger beverage consumption attenuates physical menstrual cycle symptoms in sub-elite female footballers: a pilot study.,Physical activity and nutrition,2026,10.20463/pan.2026.0001,41956491,V_confirm,V,V,B_C_consensus,repeated_monitoring
FS-007097,Cumulative increases in circulating mtDNA as a potential biomarker of brain injury in rugby union: a pilot study.,Journal of science and medicine in sport,2026,10.1016/j.jsams.2026.03.024,41991430,V_confirm,V,V,B_C_consensus,repeated_monitoring
FS-007098,Gut microbiota composition correlates with PBMC microRNA expression following maximal exercise testing in endurance athletes.,Frontiers in microbiomes,2026,10.3389/frmbi.2026.1734737,41993944,V_confirm,V,V,B_C_consensus,omics_discovery
FS-007100,Sex-Based Differences in Circulating microRNA and Metabolite Signatures Associated with Physical Activity in Lynch Syndrome Carriers.,"Cancer prevention research (Philadelphia, Pa.)",2026,10.1158/1940-6207.capr-25-0491,41996458,MX_sample,X,V,D,omics_discovery
FS-007158,Oxy-Inflammatory Profile of Finishers and No-Finishers in an Extreme Ultra-Endurance Trail Race: The 866 km Transpyrénéa.,International journal of molecular sciences,2026,10.3390/ijms27104295,42196277,V_confirm,V,V,D,outcome_linkage
FS-007168,Gene expression profiling of whole blood samples following marathon running in non-elite athletes.,Biology of sport,2026,10.5114/biolsport.2026.158303,42220584,V_confirm,V,V,B_C_consensus,omics_discovery
FS-007188,"Long-Distance Trail Running Induces Inflammatory-Associated Protein, Lipid, and Purine Oxidation in Red Blood Cells.",Blood red cells & iron,2026,10.1016/j.brci.2026.100055,42273167,V_confirm,V,V,B_C_consensus,omics_discovery;repeated_monitoring
FS-007236,"Delayed molecular aging, preservation of energy metabolism and enhanced exercise response in exercise-trained human muscle.",Nature aging,2026,10.1038/s43587-026-01150-x,42399371,V_confirm,V,V,B_C_consensus,omics_discovery
FS-007237,NSAIDs trigger drug-specific response to exercise: a multi-omics systems biology analysis of a randomized crossover trial.,Skeletal muscle,2026,10.1186/s13395-026-00435-4,42399740,V_confirm,V,V,B_C_consensus,omics_discovery;repeated_monitoring
FS-007241,Leukocyte Morphology Changes during Preseason in Elite Soccer Players: A Pilot Study.,International journal of sports medicine,2026,10.1055/a-2899-8817,42413512,V_confirm,V,V,B_C_consensus,repeated_monitoring
FS-007251,"Integrated Multi-Sensor Assessment System for Objective Muscle Recovery Monitoring: Application of Isokinetic Dynamometry, Infrared Thermometry, and Multi-Biomarker ELISA in Exercise-Induced Muscle Damage Surveillance.","Sensors (Basel, Switzerland)",2026,10.3390/s26134215,42451454,V_confirm,V,V,B_C_consensus,metric_validation
FS-007256,MXRA7 attenuates sperm injury from exercise-induced fatigue via suppression of epididymal inflammation.,Redox biology,2026,10.1016/j.redox.2026.104301,42476008,V_confirm,V,V,D,omics_discovery
FS-007261,A targeted metabolic intervention via exercise applied after vaccination shapes kinetics and durability of serum antibody accompanied by a distinct immunometabolic signature: pilot study.,"Brain, behavior, & immunity - health",2026,10.1016/j.bbih.2026.101310,42502427,V_confirm,V,V,B_C_consensus,omics_discovery
FS-007308,Palmitoylethanolamide supplementation partly modulates eccentric exercise-induced changes in the bioactive lipid profile of skeletal muscle tissue.,Pflugers Archiv : European journal of physiology,2026,10.1007/s00424-026-03208-6,42661049,V_confirm,V,V,B_C_consensus,omics_discovery;repeated_monitoring
FS-007328,Tai Chi exercise of short duration alters circulating oxylipins in postmenopausal women: a pilot study.,Frontiers in medicine,2026,10.3389/fmed.2026.1907924,42740961,ADJ_sample,V,V,B_C_consensus,omics_discovery
FS-007384,Mediators in exercise-induced asthma.,The Journal of allergy and clinical immunology,1984,10.1016/0091-6749(84)90296-3,6201522,MX_sample,X,V,D,outcome_linkage
FS-007440,Exercise-induced changes in common laboratory tests.,American journal of clinical pathology,1982,10.1093/ajcp/77.3.285,7072633,V_confirm,V,V,B_C_consensus,metric_validation
FS-007441,Identification and partial characterization of an exercise-induced neutrophil chemotactic factor in bronchial asthma.,The Journal of clinical investigation,1982,10.1172/jci110528,7076852,MX_sample,X,V,D,outcome_linkage
FS-007479,The effect on immunity of long-term intensive training in elite swimmers.,Clinical and experimental immunology,1995,10.1111/j.1365-2249.1995.tb06658.x,7554392,V_confirm,V,V,B_C_consensus,outcome_linkage;repeated_monitoring
FS-007501,Leucocytosis as a marker of organ damage induced by chronic strenuous physical exercise.,European journal of applied physiology and occupational physiology,1995,10.1007/bf00618492,7671876,V_confirm,V,V,D,repeated_monitoring
FS-007508,CD4+/CD8+ T-lymphocyte ratio: effects of rehydration before exercise in dehydrated men.,Medicine and science in sports and exercise,1995,10.1249/00005768-199502000-00008,7723642,V_confirm,V,V,B_C_consensus,metric_validation
FS-007528,"Leucocytes, lymphocytes, activation parameters and cell adhesion molecules in middle-distance runners under different training conditions.",International journal of sports medicine,1994,10.1055/s-2007-1021126,7883393,V_confirm,V,V,D,repeated_monitoring
FS-007530,Mucosal (secretory) immune system responses to exercise of varying intensity and during overtraining.,International journal of sports medicine,1994,10.1055/s-2007-1021134,7883401,V_confirm,V,V,B_C_consensus,outcome_linkage;repeated_monitoring
FS-007565,Cytokine production and fatigue in patients with chronic fatigue syndrome and healthy control subjects in response to exercise.,Clinical infectious diseases : an official publication of the Infectious Diseases Society of America,1994,10.1093/clinids/18.supplement_1.s142,8148442,MX_sample,X,V,D,outcome_linkage
FS-007578,Decreased salivary immunoglobulin A secretion rate after intense interval exercise in elite kayakers.,European journal of applied physiology and occupational physiology,1993,10.1007/bf00376664,8223526,V_confirm,V,V,B_C_consensus,outcome_linkage;repeated_monitoring
FS-007602,Short and medium-term influence of physical activity on immune parameters.,The International journal of neuroscience,1993,10.3109/00207459309000609,8407151,V_confirm,V,V,B_C_consensus,repeated_monitoring
FS-007639,Effects of exhaustive endurance exercise and its one-week daily repetition on neutrophil count and functional status in untrained men.,International journal of sports medicine,1996,10.1055/s-2007-972833,8739575,V_confirm,V,V,B_C_consensus,repeated_monitoring
FS-007641,Exercise-induced bronchospasm (EIB) in relation to seasonal and perennial specific IgE in young adults.,Allergy,1995,10.1111/j.1398-9995.1995.tb02497.x,8748723,ADJ_sample,V,V,D,outcome_linkage
FS-007642,Lymphocytes and NK cell activity during repeated bouts of maximal exercise.,The American journal of physiology,1996,10.1152/ajpregu.1996.271.1.r222,8760224,V_confirm,V,V,B_C_consensus,repeated_monitoring
FS-007778,Response of serum indicators of myocardial infarction following exercise-induced muscle injury.,The American journal of emergency medicine,1998,10.1016/s0735-6757(98)90023-7,9517680,V_confirm,V,V,B_C_consensus,metric_validation
FS-007796,Effect of glutamine supplementation on changes in the immune system induced by repeated exercise.,Medicine and science in sports and exercise,1998,10.1097/00005768-199806000-00013,9624643,ADJ_sample,M,V,D,repeated_monitoring
FS-007801,Overtraining and immune system: a prospective longitudinal study in endurance athletes.,Medicine and science in sports and exercise,1998,10.1097/00005768-199807000-00021,9662688,V_confirm,V,V,B_C_consensus,metric_validation;outcome_linkage
FS-007930,Musculoskeletal (Mal)adaptations in Response to a > 30 000-km Running Challenge,"Journal of Cachexia, Sarcopenia and Muscle",2026,10.1002/jcsm.70368,42666016,V_confirm,V,V,B_C_consensus,repeated_monitoring
FS-007953,Machine Learning-based Classification of Exercise Status Using miR-21 Expression and Multivariable Participant Profiles,Biomedical and Biotechnology Research Journal,2026,10.4103/bbrj.bbrj_72_26,,V_confirm,V,V,B_C_consensus,metric_validation
FS-007992,Sex-specific features of neuroendocrine and immune responses in women and men during the Ukrainian Antarctic Expedition; [Статево-специфічні особливості нейроендокринних та імунних реакцій у жінок та чоловіків під час Української антарктичної експедиції],Ukrainian Antarctic Journal,2026,10.33275/1727-7485.1.2026.762,,V_confirm,V,V,D,repeated_monitoring
FS-008227,Effects of Congested Matches and Training Schedules on Salivary Markers in Elite Futsal Players,Applied Sciences (Switzerland),2024,10.3390/app14124968,,V_confirm,V,V,B_C_consensus,repeated_monitoring
FS-008228,Monitoring training loads in an elite sprint swimmer: a case report; [Monitoramento das cargas de treinamento em nadador de velocidade de elite: relato de caso],Revista Brasileira de Cineantropometria e Desempenho Humano,2025,10.1590/1980-0037.2025v27e99591,,V_confirm,V,V,B_C_consensus,outcome_linkage;repeated_monitoring
FS-008442,Recovery after Running an “Everesting” Mountain Ultramarathon,Life,2023,10.3390/life13101946,37895328,V_confirm,V,V,B_C_consensus,outcome_linkage
FS-008505,Elucidating regulatory processes of intense physical activity by multi-omics analysis,Military Medical Research,2023,10.1186/s40779-023-00477-5,37853489,V_confirm,V,V,B_C_consensus,omics_discovery
FS-008737,Circulating markers of intestinal barrier injury and inflammation following exertion in hypobaric hypoxia,European Journal of Sport Science,2023,10.1080/17461391.2023.2203107,37051668,V_confirm,V,V,D,outcome_linkage
FS-008738,"Prediction of Aerobic and Anaerobic Capacity from Selected Oxidative Stress Parameters, Muscle Damage Indices and Inflammatory Markers in Soccer and Hockey Players",Polish Journal of Sport and Tourism,2023,10.2478/pjst-2023-0001,,V_confirm,V,V,B_C_consensus,metric_validation
FS-008929,"Bioelectrical Phase Angle, Muscle Damage Markers and Inflammatory Response after a Competitive Match in Professional Soccer Players",Polish Journal of Sport and Tourism,2021,10.2478/pjst-2021-0014,,V_confirm,V,V,B_C_consensus,metric_validation
FS-009093,Seasonal analysis (Six-Months) of blood parameters of Kyrgyz elite athletics athletes before 2016 Rio Olympics Games,Acta Medica Mediterranea,2021,10.19193/0393-6384_2021_2_168,,V_confirm,V,V,B_C_consensus,repeated_monitoring
FS-009159,Seasonal variations in blood parameters among Kyrgyz Elite judo athletes; [Variações sazonais de alguns parâmetros sanguíneos em atletas de judô de elite do quirguistão]; [Variaciones estacionales de algunos parámetros sanguíneos en atletas de judo de kirguistán],Revista Brasileira de Medicina do Esporte,2020,10.1590/1517-8692202026052019_0032,,MX_sample,X,V,D,repeated_monitoring
FS-009203,"Blueberry and/or Banana Consumption Mitigate Arachidonic, Cytochrome P450 Oxylipin Generation During Recovery From 75-Km Cycling: A Randomized Trial",Frontiers in Nutrition,2020,10.3389/fnut.2020.00121,,V_confirm,V,V,D,omics_discovery
FS-009341,Salivary IgA and pre-training wellness status across an international soccer qualifying and finals campaign (Euro 2016),International Journal of Sports Science and Coaching,2018,10.1177/1747954118779656,,V_confirm,V,V,B_C_consensus,repeated_monitoring
FS-009343,Case Study: Providing Nutritional Support to an Ultraendurance Runner in Preparation for a Self-Sufficient Multistage Ultramarathon: Rationed Versus Full Energy Provisions,Wilderness and Environmental Medicine,2018,10.1016/j.wem.2018.06.004,30249353,V_confirm,V,V,B_C_consensus,repeated_monitoring
FS-009361,Changes of cardiac biomarkers in ultramarathon runners,Physical Activity Review,2019,10.16926/par.2019.07.11,,V_confirm,V,V,B_C_consensus,outcome_linkage
FS-009498,Nonconventional and conventional biomarkers evaluated in gold medalists beach volleyball players during the 2015 and 2016 seasons (Pre-olympic and olympic years),Journal of Physical Education and Sport,2018,10.7752/jpes.2018.03259,,V_confirm,V,V,D,repeated_monitoring
FS-009509,"High performance liquid chromatography coupled to electrospray ionisation mass spectrometry method for the detection of salivary human neutrophil alpha defensins HNP1, HNP2, HNP3 and HNP4",Analytical Methods,2017,10.1039/c7ay01676j,,V_confirm,V,V,B_C_consensus,metric_validation
FS-009520,Daily hematologic assessment during a 230-km multistage ultramarathon; [Avaliação hematológica diária durante uma ultramaratona de múltiplos estágios de 230 km]; [Evaluación hematológica diaria durante una ultramaratón de múltiples etapas de 230 km],Revista Brasileira de Medicina do Esporte,2018,10.1590/1517-869220182403171999,,V_confirm,V,V,B_C_consensus,repeated_monitoring
FS-009525,Blood markers of recovery from Ironman distance races in an elite triathlete,Journal of Sports Medicine and Physical Fitness,2017,10.23736/s0022-4707.16.06390-8,27139796,V_confirm,V,V,B_C_consensus,repeated_monitoring
FS-009547,"Cytokine, physiological, technical–tactical and time structure responses in simulated judo competition",International Journal of Performance Analysis in Sport,2018,10.1080/24748668.2018.1501993,,V_confirm,V,V,B_C_consensus,repeated_monitoring
FS-009645,Changes in cytokine levels after prolonged and repeated moderate intensity exercise in middle-aged men and women,Translational Sports Medicine,2018,10.1002/tsm2.23,,V_confirm,V,V,B_C_consensus,repeated_monitoring
FS-010114,Changes in naïve and memory T-cells in elite swimmers during a winter training season,"Brain, Behavior, and Immunity",2014,10.1016/j.bbi.2014.01.002,24412212,V_confirm,V,V,D,repeated_monitoring
FS-010146,Three consecutive days of interval runs to exhaustion affects lymphocyte subset apoptosis and migration,BioMed Research International,2014,10.1155/2014/694801,24895602,V_confirm,V,V,B_C_consensus,repeated_monitoring
FS-010165,Evaluation of 6-month periodisation in male ekiden runners by assessment of muscle fatigue and immune function,Hirosaki Medical Journal,2014,,,V_confirm,V,V,D,repeated_monitoring
FS-010204,A seven day running training period increases basal urinary hepcidin levels as compared to cycling,Journal of the International Society of Sports Nutrition,2014,10.1186/1550-2783-11-14,,V_confirm,V,V,B_C_consensus,repeated_monitoring
FS-010351,Effects of 6 months of endurance training on neutrophil functions to produce reactive oxygen species and mental states in male long-distance runners,Luminescence,2013,10.1002/bio.1390,22259071,V_confirm,V,V,B_C_consensus,repeated_monitoring
FS-010457,Intra- and interrater reliability of morphologically evaluated lymphocyte apoptosis in trained and untrained observers,Biology of Sport,2011,10.5604/965481,,V_confirm,V,V,D,metric_validation
FS-010465,"Cytokine production by monocytes, neutrophils, and dendritic cells is hampered by long-term intensive training in elite swimmers",European Journal of Applied Physiology,2012,10.1007/s00421-011-1966-4,21584686,V_confirm,V,V,B_C_consensus,outcome_linkage;repeated_monitoring
FS-010498,Human plasma inflammatory response during 5 days of exercise training in the heat,Journal of Thermal Biology,2011,10.1016/j.jtherbio.2011.03.013,,ADJ_sample,M,V,D,omics_discovery
FS-010516,"The biochemical, physiological and psychological consequences of a ""1,000 miles in 1,000 hours"" walking challenge",European Journal of Applied Physiology,2012,10.1007/s00421-011-2003-3,21603997,ADJ_sample,V,V,B_C_consensus,repeated_monitoring
FS-010564,A pilot study on the effect of acute Tai Chi practice on peripheral blood cytokine expression in healthy volunteers,Biomedical Sciences Instrumentation,2012,,22846291,V_confirm,V,V,D,omics_discovery
FS-010649,Monitoring biological and psychological measures throughout an entire season in male handball players,European Journal of Sport Science,2010,10.1080/17461391003699070,,V_confirm,V,V,B_C_consensus,repeated_monitoring
FS-010763,"Leukocyte, neutrophil, immature granulocyte counts and interleukin-6 are superior to procalcitonin, C-reactive protein and delta-He for detection of mild inflammation: Data from marathon runners producing mild systemic inflammation visible immediately after the run",LaboratoriumsMedizin,2010,10.1515/JLM.2010.005,,V_confirm,V,V,B_C_consensus,metric_validation
FS-010790,Biomedical aspects of 51 consecutive marathons; [Aspetti biomedici di 51 maratone consecutive],Medicina dello Sport,2010,,,V_confirm,V,V,B_C_consensus,repeated_monitoring
FS-010827,Reduction in resting plasma granulysin as a marker of increased training load,Exercise Immunology Review,2007,10.22029/eir.2007.1633,18198663,V_confirm,V,V,B_C_consensus,repeated_monitoring
FS-010849,"Muscle damage, inflammation, and recovery interventions during a 3-day basketball tournament",European Journal of Sport Science,2008,10.1080/17461390802251844,,V_confirm,V,V,B_C_consensus,repeated_monitoring
FS-010873,Role of lung inflammatory mediators as a cause of training-induced lung function changes in runners,Science and Sports,2007,10.1016/j.scispo.2006.09.005,,V_confirm,V,V,B_C_consensus,repeated_monitoring
FS-011007,Lymphocyte HSP72 following exercise in hyperthermic runners: The effect of temperature,Journal of Thermal Biology,2007,10.1016/j.jtherbio.2007.07.001,,MX_sample,X,V,D,outcome_linkage
FS-011033,Muscle trauma and immune activation after a downhill marathon (Tyrolean Speed Marathon),Pteridines,2006,10.1515/pteridines.2006.17.4.121,,V_confirm,V,V,B_C_consensus,outcome_linkage
FS-011064,Mucosal IgA response to intense intermittent exercise in healthy male and female adults,Journal of Exercise Physiology Online,2004,,,V_confirm,V,V,D,outcome_linkage
FS-011327,Immunological responses to overreaching in cyclists,Medicine and Science in Sports and Exercise,2003,10.1249/01.mss.0000064964.80040.e9,12750597,V_confirm,V,V,B_C_consensus,outcome_linkage
FS-011432,Acute phase response and stress related hormones after repeated endurance exercise,Clinical Laboratory,1997,,,V_confirm,V,V,D,repeated_monitoring
FS-011580,The adaptable change of the function of T lymphocytes for physical exercise with oxygen,"Journal of Xi'an Medical University, English Edition",2001,,,V_confirm,V,V,B_C_consensus,repeated_monitoring
FS-011687,Temporal relationship between decreased salivary IgA and upper respiratory tract infection in elite athletes,Australian Journal of Science and Medicine in Sport,1993,,,V_confirm,V,V,B_C_consensus,outcome_linkage;repeated_monitoring
FS-011807,"Nutritional, immunologic and psychological responses to a 7250 km run",Journal of Sports Medicine and Physical Fitness,1996,,8898521,V_confirm,V,V,B_C_consensus,repeated_monitoring
FS-013023,The leukopenic index - With reference to normal white blood cell variations,AMERICAN JOURNAL OF THE MEDICAL SCIENCES,1937,10.1016/s0021-8707(37)90440-4,,V_confirm,V,V,B_C_consensus,metric_validation
FS-013354,Comparison of the effect of rest interval between sets and set - repetition configuration during bouts of eccentric exercise on muscle damage and inflammatory markers,INTERNATIONAL JOURNAL OF APPLIED EXERCISE PHYSIOLOGY,2018,10.22631/ijaep.v7i1.238,,MX_sample,M,V,D,repeated_monitoring
FS-013408,The Responses of Physiological Stress during Table Tennis Competition in Elite Female Players,ANNALS OF APPLIED SPORT SCIENCE,2016,10.18869/acadpub.aassjournal.4.2.17,,V_confirm,V,V,B_C_consensus,repeated_monitoring
FS-013573,Biomedical aspects of 51 consecutive marathons,MEDICINA DELLO SPORT,2010,,,V_confirm,V,V,B_C_consensus,repeated_monitoring
FS-013731,"Effect of marathon running on hematologic and biochemical laboratory parameters, including cardiac markers",AMERICAN JOURNAL OF CLINICAL PATHOLOGY,2002,10.1092/BTWQ5YMYVQ67QK9L,,V_confirm,V,V,B_C_consensus,metric_validation
FS-013794,Effects of maximal exercise on nonspecific immunity in athletes under trained and detrained conditions,JAPANESE JOURNAL OF PHYSICAL FITNESS AND SPORTS MEDICINE,1999,10.7600/jspfsm1949.48.147,,ADJ_sample,V,V,B_C_consensus,repeated_monitoring
FS-013865,LEUKOCYTE AND ERYTHROCYTE COUNTS DURING A MULTISTAGE CYCLING RACE (THE MILK-RACE),BRITISH JOURNAL OF SPORTS MEDICINE,1995,10.1136/bjsm.29.1.61,,V_confirm,V,V,B_C_consensus,metric_validation;repeated_monitoring
FS-001269,Strenuous exercise activates growth factors and chemokines over-expression in human serum of top-level triathlon athletes during a competitive season.,Clinical chemistry and laboratory medicine,2008,10.1515/cclm.2008.050,18324908,U_decide,U,U,B_C_consensus,
FS-001904,Changes in lymphocyte subpopulations after prolonged exercise.,International journal of sports medicine,1990,10.1055/s-2007-1024777,2140110,V_confirm,V,U,D,
FS-002172,Prevalence of allergy and upper respiratory tract symptoms in runners of the London marathon.,Medicine and science in sports and exercise,2012,10.1249/mss.0b013e318243253d,22595981,V_confirm,V,U,D,
FS-002994,An attempt to improve Ferreira-Junior model concerning the anti-inflammatory action of whole-body cryotherapy after exercise induced muscular damage (EIMD).,Frontiers in physiology,2015,10.3389/fphys.2015.00035,25729365,ADJ_b235,X,U,B_C_consensus,
FS-003045,Exercise-stimulated interleukin-15 is controlled by AMPK and regulates skin metabolism and aging.,Aging cell,2015,10.1111/acel.12341,25902870,MX_sample,M,U,D,
FS-003274,Inflammation in induced sputum after aluminium oxide exposure: an experimental chamber study.,Occupational and environmental medicine,2016,10.1136/oemed-2015-103254,26786756,V_confirm,V,U,D,
FS-003373,Plasma Cytokine Profiles in Long-Term Strenuous Exercise.,Journal of sports medicine (Hindawi Publishing Corporation),2016,10.1155/2016/7186137,27239554,MX_sample,M,U,D,
FS-004518,Evolution of the slopes of ST2 and galectin-3 during marathon and ultratrail running compared to a control group.,Clinical chemistry and laboratory medicine,2020,10.1515/cclm-2019-0555,31622239,V_confirm,V,U,D,
FS-004809,"Optimized Curcumin, Pomegranate Extract, and Methylsulfonylmethane Reduce Acute, Systemic Inflammatory Response to a Half-marathon Race.",Alternative therapies in health and medicine,2022,,32619204,V_confirm,V,U,D,
FS-004819,Alterations in Systemic Inflammatory Response Following a Half-Marathon Race with a Combined Curcumin and Pomegranate Supplement: A Feasibility Study.,Journal of dietary supplements,2021,10.1080/19390211.2020.1786206,32657201,V_confirm,V,U,D,
FS-005337,Acute exercise and immune response in previously SARS CoV-2 infection.,"Brain, behavior, & immunity - health",2021,10.1016/j.bbih.2021.100368,34693365,ADJ_b235,X,U,D,
FS-006172,"Rho-Kinase Is Differentially Expressed in the Adipose Tissue of Rodent and Human in Response to Aging, Sex, and Acute Exercise.","The journals of gerontology. Series A, Biological sciences and medical sciences",2024,10.1093/gerona/glae001,38197701,ADJ_sample,M,U,D,
FS-006275,Biomarkers in Endurance Exercise: Individualized Regulation and Predictive Value.,Translational sports medicine,2023,10.1155/2023/6614990,38654913,V_confirm,V,U,D,
FS-006462,Cycling away from cancer: can aerobic training enhance interleukin-15 response to acute exercise?,The Journal of physiology,2024,10.1113/jp287749,39513967,ADJ_b235,U,U,B_C_consensus,
FS-006699,Longitudinal NMR-based Metabolomics Analysis of Male Mountain Ultramarathon Runners: New Perspectives for Athletes Monitoring and Injury Prevention.,Sports medicine - open,2025,10.1186/s40798-025-00879-w,40553263,V_confirm,V,U,D,
FS-006871,Immunological Protein Signature During Acute Exercise.,"Acta physiologica (Oxford, England)",2025,10.1111/apha.70125,41163346,ADJ_b235,U,U,B_C_consensus,
FS-007132,Long-distance trail running induces functional iron deficiency driven by inflammation.,Blood advances,2026,10.1182/bloodadvances.2025019105,42085607,V_confirm,V,U,D,
FS-007201,"Elevated cfDNA after exercise is derived primarily from mature polymorphonuclear neutrophils, with a minor contribution of cardiomyocytes.",Cell reports. Medicine,2026,10.1016/j.xcrm.2026.102916,42320482,ADJ_b235,U,U,B_C_consensus,
FS-007259,"Passive, Electromagnetic-Responsive Hydrogel Immunosensor for Exercise Intensity Monitoring Based on Sweat C-Reactive Protein.",Advanced healthcare materials,2026,10.1002/adhm.71454,42494155,V_confirm,V,U,D,
FS-007330,Is overtraining syndrome an acquired T-cell exhaustion state? Rethinking chronic exercise-induced immune dysfunction.,Journal of science and medicine in sport,2026,10.1016/j.jsams.2026.09.002,42744676,ADJ_b235,U,U,B_C_consensus,
FS-007404,Neutrophil chemotactic factor and exercise-induced asthma.,Agents and actions. Supplements,1983,,6408915,ADJ_b235,U,U,D,
FS-007452,Lack of release of platelet factor 4 during exercise-induced myocardial ischemia.,The New England journal of medicine,1981,10.1056/nejm198105213042106,7219473,ADJ_b235,U,U,D,
FS-007775,Exercise test: leukocyte rheology and polymorphonuclear cystolic Ca2+ content in normals and in subjects submitted to coronary angioplasty.,Clinical hemorheology and microcirculation,1997,,9502526,ADJ_b235,X,U,D,
FS-008584,Ironman training for NK cells,Nature Immunology,2023,10.1038/s41590-023-01626-7,37697098,ADJ_b235,U,U,B_C_consensus,
FS-009633,The <i>Bifidobacterim bifidum</i> (BIB2) Probiotic Increased Immune System Factors in Men Sprint Athletes,CURRENT NUTRITION & FOOD SCIENCE,2018,10.2174/1573401313666170725114130,,V_confirm,V,U,B_C_consensus,repeated_monitoring
FS-010740,Effect of sensory stimulation on salivary IgA secretion rate in karate players,Biology of Sport,2010,10.5604/20831862.927493,,V_confirm,V,U,D,
FS-011412,Psychological and immunological effects of massage after sport,International Journal of Therapy and Rehabilitation,2000,10.12968/bjtr.2000.7.12.13831,,U_decide,U,U,B_C_consensus,
FS-011900,Effect of acute exercise on immune homeostasis,Federation Proceedings,1984,,,ADJ_b235,U,U,B_C_consensus,
FS-011944,Enhanced hydrogen peroxide generation by human neutrophils following exercise,Federation Proceedings,1985,,,ADJ_b235,U,U,B_C_consensus,
FS-011962,Immune responsiveness to myoglobin in young athletes after exercise,"Sports Medicine, Training and Rehabilitation",1990,10.1080/15438629009511887,,ADJ_b235,U,U,B_C_consensus,
FS-011982,C-reactive protein as an indicator of post-exercise muscle damage,Australian Journal of Science and Medicine in Sport,1990,,,ADJ_b235,U,U,B_C_consensus,
FS-012006,Correlation of plasma interleukin-1 (IL-1) and creatine kinase (CK) activities following exercise,Federation Proceedings,1985,,,ADJ_b235,U,U,B_C_consensus,
FS-012067,Increased insulin binding to monocytes after exercise: Cellular mechanism of augmented insulin sensitivity,Diabetes,1978,,,ADJ_b235,X,U,D,
FS-012651,Can white blood cell activation be one of the major factors that affect hemorheological parameters during and after exercise?,CLINICAL HEMORHEOLOGY AND MICROCIRCULATION,2002,,,ADJ_b235,U,U,B_C_consensus,
FS-013867,EXERCISE-INDUCED MODULATION OF IMMUNE PARAMETERS,BIOCHEMICAL SOCIETY TRANSACTIONS,1995,,,ADJ_b235,U,U,B_C_consensus,
FS-015048,The effects of eccentric exercise-induced muscle damage on peripheral blood neutrophil respiratory burst response and activation status in humans,JOURNAL OF SPORTS SCIENCES,2003,,,ADJ_b235,U,U,B_C_consensus,
FS-015049,The effect of exercise-induced muscle damage on neutrophil function,JOURNAL OF SPORTS SCIENCES,2003,,,ADJ_b235,U,U,B_C_consensus,
FS-006824,"The Contingency of Reported sST2 Serum Concentrations with a Protein Detection System (ELISA) from the Same Manufacturer (R&D Biotechne, 2002-2025): An Explanatory Effort by Applied Medical Researchers.","Diagnostics (Basel, Switzerland)",2025,10.3390/diagnostics15182412,41008783,rescreen_supplement,V,V,AI_pending_human_confirm,metric_validation
FS-008029,The response of reaction time and fatigability to exhaustive exercise in young male,Journal of Human Sport and Exercise,2025,10.55860/tfny4433,,rescreen_supplement,V,V,AI_pending_human_confirm,outcome_linkage
