source_review,direction,pmid,doi,title,year,journal,resolved_via
Campbell_Turner_2018,forward,32324501,10.1161/circresaha.120.315936,"Modifiable Cardiovascular Risk, Hematopoiesis, and Innate Immunity",2020,Circulation Research,openalex_cited_by+pubmed_elink_citedin
Campbell_Turner_2018,forward,34902506,10.1016/j.jad.2021.12.019,The mediating effect of engagement in physical activity over a 24-hour period on chronic disease and depression: Using compositional mediation model,2021,Journal of Affective Disorders,openalex_cited_by+pubmed_elink_citedin
Campbell_Turner_2018,forward,32792984,10.3389/fphys.2020.00874,Optimizing Skeletal Muscle Anabolic Response to Resistance Training in Aging,2020,Frontiers in Physiology,openalex_cited_by+pubmed_elink_citedin
Campbell_Turner_2018,forward,32250193,10.1177/1941738120918876,Coronavirus Disease 2019 (COVID-19): Considerations for the Competitive Athlete,2020,Sports Health A Multidisciplinary Approach,openalex_cited_by+pubmed_elink_citedin
Campbell_Turner_2018,forward,33791461,10.7861/fhj.2021-0009,Love in the time of COVID-19: Social prescribing and the paradox of isolation,2021,Future Healthcare Journal,openalex_cited_by+pubmed_elink_citedin
Campbell_Turner_2018,forward,41944067,10.1242/jeb.251212,Swimming in fish: integrating redox homeostasis and immune responses,2026,Journal of Experimental Biology,openalex_cited_by
Campbell_Turner_2018,forward,32221992,10.1111/ejh.13412,Cellular immune response to acute exercise: Comparison of endurance and resistance exercise,2020,European Journal Of Haematology,openalex_cited_by
Campbell_Turner_2018,forward,33330597,10.3389/fnut.2020.597600,The Impact of Obesity and Lifestyle on the Immune System and Susceptibility to Infections Such as COVID-19,2020,Frontiers in Nutrition,openalex_cited_by+pubmed_elink_citedin
Campbell_Turner_2018,forward,31580932,10.1016/j.bbi.2019.09.024,Elite athletes on regular training show more pronounced induction of vaccine-specific T-cells and antibodies after tetravalent influenza vaccination than controls,2019,Brain Behavior and Immunity,openalex_cited_by
Campbell_Turner_2018,forward,32343800,10.1182/bloodadvances.2019001317,Impact of exercise on the immune system and outcomes in hematologic malignancies,2020,Blood Advances,openalex_cited_by+pubmed_elink_citedin
Campbell_Turner_2018,forward,39500416,10.1016/j.bbi.2024.11.004,Acute exercise boosts NAD+ metabolism of human peripheral blood mononuclear cells,2024,Brain Behavior and Immunity,openalex_cited_by
Campbell_Turner_2018,forward,32844988,10.1590/0001-3765202020200691,Physical exercise during coronavirus disease (COVID-19): Recommendations to remaining active in periods of confinement,2020,Anais da Academia Brasileira de Ciências,openalex_cited_by
Campbell_Turner_2018,forward,38134917,10.1055/a-2197-0882,HIIT Induces Stronger Shifts within the Peripheral T Cell Compartment Independent of Sex,2023,International Journal of Sports Medicine,openalex_cited_by
Campbell_Turner_2018,forward,30380356,10.1080/19390211.2018.1495676,Beverage Containing Dispersible Yeast β-Glucan Decreases Cold/Flu Symptomatic Days After Intense Exercise: A Randomized Controlled Trial,2018,Journal of Dietary Supplements,openalex_cited_by
Campbell_Turner_2018,forward,33685367,10.1080/22423982.2021.1897213,An experimental exposure study revealing composite airway effects of physical exercise in a subzero environment,2021,International Journal of Circumpolar Health,openalex_cited_by+pubmed_elink_citedin
Campbell_Turner_2018,forward,37325799,10.3389/fspor.2023.1173377,Acute exercise induces distinct quantitative and phenotypical T cell profiles in men with prostate cancer,2023,Frontiers in Sports and Active Living,openalex_cited_by+pubmed_elink_citedin
Campbell_Turner_2018,forward,42066739,10.1016/j.canep.2026.103088,Advanced adenomas among young endurance runners: A prospective hypothesis-generating prevalence study,2026,Cancer Epidemiology,openalex_cited_by
Campbell_Turner_2018,forward,34293147,10.1093/heapro/daab113,Time and belief in exercise importance predict increased activity during initial COVID-19 restrictions in Ireland,2021,Health Promotion International,openalex_cited_by
Campbell_Turner_2018,forward,40689836,10.1249/mss.0000000000003818,Immune Surveillance in the Peyer’s Patches of Mice After Acute High-Intensity Exercise,2025,Medicine & Science in Sports & Exercise,openalex_cited_by
Campbell_Turner_2018,forward,34248725,10.3389/fpsyg.2021.559125,How Should Athletes Coping With COVID-19: Focus on Severity and Psychological Support,2021,Frontiers in Psychology,openalex_cited_by+pubmed_elink_citedin
Campbell_Turner_2018,forward,32837566,10.1007/s11332-020-00673-z,Do the benefits of exercise in indoor and outdoor environments during the COVID-19 pandemic outweigh the risks of infection?,2020,Sport Sciences for Health,openalex_cited_by+pubmed_elink_citedin
Campbell_Turner_2018,forward,37888516,10.3390/sports11100189,The Effect of Acute Physical Exercise on Natural Killer Cells Populations and Cytokine Levels in Healthy Women,2023,Sports,openalex_cited_by+pubmed_elink_citedin
Campbell_Turner_2018,forward,36560580,10.3390/vaccines10122171,Effect of Physical Activity and Exercise on the Level of COVID-19 Antibodies and Lifestyle-Related Factors among Vaccinated Health Science Center (HSC) Students: A Pilot Randomized Trial,2022,Vaccines,openalex_cited_by+pubmed_elink_citedin
Campbell_Turner_2018,forward,30509483,10.1016/j.ejim.2018.11.007,"Handgrip strength, chronic physical conditions and physical multimorbidity in middle-aged and older adults in six low- and middle income countries",2018,European Journal of Internal Medicine,openalex_cited_by
Campbell_Turner_2018,forward,41870821,,,,,pubmed_elink_citedin
Campbell_Turner_2018,forward,39352112,10.1002/iid3.70030,Combined proteomics and metabolomics analysis reveal the effect of a training course on the immune function of Chinese elite short‐track speed skaters,2024,Immunity Inflammation and Disease,openalex_cited_by+pubmed_elink_citedin
Campbell_Turner_2018,forward,40008210,10.3389/fphys.2025.1453747,The effects of acute and chronic exercise on immune markers of TH1/TH2 cells in older adults: a systematic review,2025,Frontiers in Physiology,openalex_cited_by+pubmed_elink_citedin
Campbell_Turner_2018,forward,31454519,10.1016/j.bbi.2019.08.187,"Exercise training, circulating cytokine levels and immune function in cancer survivors: A meta-analysis",2019,Brain Behavior and Immunity,openalex_cited_by
Campbell_Turner_2018,forward,37814427,10.1111/eci.14105,Physical exercise in kidney disease: A commonly undervalued treatment modality,2023,European Journal of Clinical Investigation,openalex_cited_by
Campbell_Turner_2018,forward,38936255,10.1016/j.redox.2024.103250,Low energy availability increases immune cell formation of reactive oxygen species and impairs exercise performance in female endurance athletes,2024,Redox Biology,openalex_cited_by
Campbell_Turner_2018,forward,31977634,10.1249/mss.0000000000002278,Timing of Vaccination after Training: Immune Response and Side Effects in Athletes,2020,Medicine & Science in Sports & Exercise,openalex_cited_by
Campbell_Turner_2018,forward,34621773,10.3389/fnut.2021.705545,Does Modern Lifestyle Favor Neuroimmunometabolic Changes? A Path to Obesity,2021,Frontiers in Nutrition,openalex_cited_by+pubmed_elink_citedin
Campbell_Turner_2018,forward,33162898,10.3389/fphys.2020.572040,Effects of Blood Flow Restriction on Leukocyte Profile and Muscle Damage,2020,Frontiers in Physiology,openalex_cited_by+pubmed_elink_citedin
Campbell_Turner_2018,forward,42369219,10.1177/20503121261462838,"Link between physical activity, nutrition, and antimicrobial pharmacokinetics and therapeutic efficacy: Implications for resistance management",2026,SAGE Open Medicine,openalex_cited_by+pubmed_elink_citedin
Campbell_Turner_2018,forward,31724278,10.14814/phy2.14279,Effects of low and moderate treadmill exercise on liver of d ‐galactose‐exposed aging rat model,2019,Physiological Reports,openalex_cited_by+pubmed_elink_citedin
Campbell_Turner_2018,forward,31552706,10.14814/phy2.14234,CD4+T cell activation and associated susceptibility to HIV‐1 infection in vitro increased following acute resistance exercise in human subjects,2019,Physiological Reports,openalex_cited_by+pubmed_elink_citedin
Campbell_Turner_2018,forward,41018019,10.3389/fphys.2025.1587766,Load-bearing aerobic exercise prior to injury moderates systemic immunosuppression response to fracture,2025,Frontiers in Physiology,openalex_cited_by+pubmed_elink_citedin
Campbell_Turner_2018,forward,33668262,10.3390/ijerph18052235,A Pandemic within the Pandemic? Physical Activity Levels Substantially Decreased in Countries Affected by COVID-19,2021,International Journal of Environmental Research and Public Health,openalex_cited_by+pubmed_elink_citedin
Campbell_Turner_2018,forward,42625625,10.3389/fmed.2026.1889076,Exercise-induced anti-inflammatory adaptation in older adults: a Bayesian network meta-analysis and dose–response analysis of C-reactive protein,2026,Frontiers in Medicine,openalex_cited_by+pubmed_elink_citedin
Campbell_Turner_2018,forward,40404198,10.1183/13993003.00239-2025,Rehabilitation for persons with long COVID beyond the recovery phase of SARS-CoV-2 infection,2025,European Respiratory Journal,openalex_cited_by
Campbell_Turner_2018,forward,38809975,10.1126/sciadv.adk5011,Exercise activates interferon response of the liver via Gpld1 to enhance antiviral innate immunity,2024,Science Advances,openalex_cited_by+pubmed_elink_citedin
Campbell_Turner_2018,forward,37437802,10.1016/j.cbpa.2023.111487,Short-term swimming up-regulates pro-inflammatory mediators and cytokines in gilthead seabream (Sparus aurata),2023,Comparative Biochemistry and Physiology Part A Molecular & Integrative Physiology,openalex_cited_by
Campbell_Turner_2018,forward,32477166,10.3389/fphys.2020.00471,The Cellular Composition of the Innate and Adaptive Immune System Is Changed in Blood in Response to Long-Term Swimming Training,2020,Frontiers in Physiology,openalex_cited_by+pubmed_elink_citedin
Campbell_Turner_2018,forward,40442386,10.1007/978-3-031-89525-8_6,Microbiome: A Key Regulator of Body-Brain Interactions,2025,Advances in experimental medicine and biology,openalex_cited_by+pubmed_elink_citedin
Campbell_Turner_2018,forward,34119583,10.1016/j.freeradbiomed.2021.06.007,Circulating extracellular vesicles delivering beneficial cargo as key players in exercise effects,2021,Free Radical Biology and Medicine,openalex_cited_by
Campbell_Turner_2018,forward,40926499,10.1024/0301-1526/a001230,Beyond function: supervised exercise therapy may target inflammatory gene expression in patients with symptomatic peripheral artery disease,2025,VASA,openalex_cited_by
Campbell_Turner_2018,forward,41631762,10.1161/jaha.125.042256,Effects of Acute Exercise and 12‐Week High‐Intensity Interval Training on Inflammatory Biomarkers in Stable Coronary Artery Disease: A Randomized Controlled Trial,2026,Journal of the American Heart Association,openalex_cited_by+pubmed_elink_citedin
Campbell_Turner_2018,forward,33975368,10.1055/a-1446-9828,Skin Diseases in Elite Athletes,2021,International Journal of Sports Medicine,openalex_cited_by
Campbell_Turner_2018,forward,33345048,10.3389/fspor.2020.00057,Physical Activity During the Coronavirus (COVID-19) Pandemic: Prevention of a Decline in Metabolic and Immunological Functions,2020,Frontiers in Sports and Active Living,openalex_cited_by+pubmed_elink_citedin
Campbell_Turner_2018,forward,41956455,10.1123/ijsnem.2025-0170,Dietary Fiber in Sport: Implications for Performance and Body Composition Optimization,2026,International Journal of Sport Nutrition and Exercise Metabolism,openalex_cited_by
Campbell_Turner_2018,forward,39411424,10.1016/j.bbih.2024.100865,"Characterising how a single bout of exercise in people with myeloma affects clonal plasma cell and immune effector cell frequency in blood, and daratumumab efficacy in vitro",2024,Brain Behavior & Immunity - Health,openalex_cited_by+pubmed_elink_citedin
Campbell_Turner_2018,forward,38600123,10.1038/s41467-024-47458-3,Early-life exercise induces immunometabolic epigenetic modification enhancing anti-inflammatory immunity in middle-aged male mice,2024,Nature Communications,openalex_cited_by+pubmed_elink_citedin
Campbell_Turner_2018,forward,33808154,10.3390/sports9040046,Exercise-Induced Changes in Tumor Growth via Tumor Immunity,2021,Sports,openalex_cited_by+pubmed_elink_citedin
Campbell_Turner_2018,forward,37238633,10.3390/biom13050762,"Physical Exercise Induces Significant Changes in Immunoglobulin G N-Glycan Composition in a Previously Inactive, Overweight Population",2023,Biomolecules,openalex_cited_by+pubmed_elink_citedin
Campbell_Turner_2018,forward,34574925,10.3390/healthcare9091151,The COVID-19 Pandemic Strain: Teleworking and Health Behavior Changes in the Portuguese Context,2021,Healthcare,openalex_cited_by+pubmed_elink_citedin
Campbell_Turner_2018,forward,31231369,10.3389/fimmu.2019.01178,Tear Lactoferrin and Lysozyme as Clinically Relevant Biomarkers of Mucosal Immune Competence,2019,Frontiers in Immunology,openalex_cited_by+pubmed_elink_citedin
Campbell_Turner_2018,forward,35416755,10.1080/02701367.2021.2011828,Effects of Training Loads on Stress Tolerance and Mucosal Immunity in High-Intensity Functional Fitness Athletes,2022,Research Quarterly for Exercise and Sport,openalex_cited_by
Campbell_Turner_2018,forward,33716015,10.1016/j.pcad.2021.03.001,Vaccine and physical activity in the era of COVID-19 pandemic,2021,Progress in Cardiovascular Diseases,openalex_cited_by+pubmed_elink_citedin
Campbell_Turner_2018,forward,37760634,10.3390/cancers15184668,Can Exercise Enhance the Efficacy of Checkpoint Inhibition by Modulating Anti-Tumor Immunity?,2023,Cancers,openalex_cited_by+pubmed_elink_citedin
Campbell_Turner_2018,forward,41445672,10.3389/fphys.2025.1712471,"Acute endocrine, immune, and muscle damage responses following a 2,000-m rowing time trial in elite male athletes",2025,Frontiers in Physiology,openalex_cited_by+pubmed_elink_citedin
Campbell_Turner_2018,forward,35886538,10.3390/ijerph19148687,Counseling for Physical Activity in Adults during the COVID-19 Pandemic: A Scope Review,2022,International Journal of Environmental Research and Public Health,openalex_cited_by+pubmed_elink_citedin
Campbell_Turner_2018,forward,36261306,10.1016/j.atherosclerosis.2022.10.001,Correspondence to: “Preclinical atherosclerosis and cardiovascular events: Do we have a consensus about the role of preclinical atherosclerosis in the prediction of cardiovascular events?”,2022,Atherosclerosis,openalex_cited_by
Campbell_Turner_2018,forward,41265430,10.1123/ijsnem.2025-0144,UCI Sports Nutrition Project: The Role of Nutrition in the Prevention and Management of Illnesses and Injuries in Elite Cycling,2025,International Journal of Sport Nutrition and Exercise Metabolism,openalex_cited_by
Campbell_Turner_2018,forward,31505122,10.1139/apnm-2019-0378,Prolonged treadmill running in normobaric hypoxia causes gastrointestinal barrier permeability and elevates circulating levels of pro- and anti-inflammatory cytokines,2019,Applied Physiology Nutrition and Metabolism,openalex_cited_by
Campbell_Turner_2018,forward,37654447,10.1016/j.heliyon.2023.e19218,Physical activity in lactating women influences SARS-CoV-2-specific antibodies in human milk,2023,Heliyon,openalex_cited_by+pubmed_elink_citedin
Campbell_Turner_2018,forward,37600508,10.3389/fnagi.2023.1243869,Exercise therapy to prevent and treat Alzheimer’s disease,2023,Frontiers in Aging Neuroscience,openalex_cited_by+pubmed_elink_citedin
Campbell_Turner_2018,forward,37237471,10.3390/biology12050657,"Immunologic, Anti-Inflammatory, and Anti-Muscle Damage Profile of Supplemented Vitamin D3 in Healthy Adults on Strenuous Endurance Exercise",2023,Biology,openalex_cited_by+pubmed_elink_citedin
Campbell_Turner_2018,forward,32685190,10.2144/fsoa-2020-0051,Better Preventing and Mitigating the Effects of Covid-19,2020,Future Science OA,openalex_cited_by+pubmed_elink_citedin
Campbell_Turner_2018,forward,38588175,10.1096/fj.202301508rrr,Exercise and osteoimmunology in bone remodeling,2024,The FASEB Journal,openalex_cited_by
Campbell_Turner_2018,forward,30574426,10.14336/ad.2018.1026,Emerging Anti-Aging Strategies - Scientific Basis and Efficacy,2018,Aging and Disease,openalex_cited_by+pubmed_elink_citedin
Campbell_Turner_2018,forward,34611059,10.1123/ijspp.2021-0144,Various Workload Models and the Preseason Are Associated With Injuries in Professional Female Cyclists,2021,International Journal of Sports Physiology and Performance,openalex_cited_by
Campbell_Turner_2018,forward,42353319,10.3390/ijms27125605,A Healthy Lifestyle Can Slow Immune System Aging and Reduce Age-Related Chronic Inflammation: A Narrative Review,2026,International Journal of Molecular Sciences,openalex_cited_by+pubmed_elink_citedin
Campbell_Turner_2018,forward,41596590,10.3390/ijms27020943,Prehabilitation as a Biologically Active Intervention Is Associated with the Remodeling of the Pancreatic Tumor-Immune Microenvironment,2026,International Journal of Molecular Sciences,openalex_cited_by+pubmed_elink_citedin
Campbell_Turner_2018,forward,42582198,10.3389/fphys.2026.1847163,"The effect of an 8-week Life Kinetics exercise program on salivary cortisol, alpha-amylase, and ımmunoglobulin-A in U14 female cross-country skiers",2026,Frontiers in Physiology,openalex_cited_by+pubmed_elink_citedin
Campbell_Turner_2018,forward,33597950,10.3389/fimmu.2020.616188,A Phenomic Perspective on Factors Influencing Breast Cancer Treatment: Integrating Aging and Lifestyle in Blood and Tissue Biomarker Profiling,2021,Frontiers in Immunology,openalex_cited_by+pubmed_elink_citedin
Campbell_Turner_2018,forward,40717906,10.1007/s13755-025-00360-8,The effect of physical activity on anti-infection immunity: a review,2025,Health Information Science and Systems,openalex_cited_by
Campbell_Turner_2018,forward,32369998,10.3390/nu12051291,Influence of Hesperidin on Systemic Immunity of Rats Following an Intensive Training and Exhausting Exercise,2020,Nutrients,openalex_cited_by+pubmed_elink_citedin
Campbell_Turner_2018,forward,32278694,10.1016/j.pcad.2020.04.006,Physical activity for immunity protection: Inoculating populations with healthy living medicine in preparation for the next pandemic,2020,Progress in Cardiovascular Diseases,openalex_cited_by+pubmed_elink_citedin
Campbell_Turner_2018,forward,33467247,10.3390/jfmk5020031,Coronavirus Outbreak in Italy: Physiological Benefits of Home-Based Exercise During Pandemic,2020,Journal of Functional Morphology and Kinesiology,openalex_cited_by+pubmed_elink_citedin
Campbell_Turner_2018,forward,32925370,10.1249/jsr.0000000000000743,Exercise Immunology Reconsidered,2020,Current Sports Medicine Reports,openalex_cited_by
Campbell_Turner_2018,forward,34573295,10.3390/genes12091313,Epigenetic Regulation of Inflammatory Responses in the Context of Physical Activity,2021,Genes,openalex_cited_by+pubmed_elink_citedin
Campbell_Turner_2018,forward,39607207,10.1590/1414-431x2024e14144,Exercise: a non-drug strategy of NK cell activation,2024,Brazilian Journal of Medical and Biological Research,openalex_cited_by+pubmed_elink_citedin
Campbell_Turner_2018,forward,33269094,10.14336/ad.2020.0603,Innate and Adaptive Immunity in Aging and Longevity: The Foundation of Resilience,2020,Aging and Disease,openalex_cited_by+pubmed_elink_citedin
Campbell_Turner_2018,forward,32327405,10.7861/clinmed.2020-0111,COVID-19 – does exercise prescription and maximal oxygen uptake (VO2 max) have a role in risk-stratifying patients?,2020,Clinical Medicine,openalex_cited_by
Campbell_Turner_2018,forward,39237538,10.1038/s41598-024-71576-z,Prediction of white blood cell count during exercise: a comparison between standalone and hybrid intelligent algorithms,2024,Scientific Reports,openalex_cited_by+pubmed_elink_citedin
Campbell_Turner_2018,forward,36250559,10.1152/physiolgenomics.00090.2022,Whole blood transcriptome characterization of young female triathlon athletes following an endurance exercise: a pilot study,2022,Physiological Genomics,openalex_cited_by+pubmed_elink_citedin
Campbell_Turner_2018,forward,32847134,10.3390/biology9090245,H″IT″ting the Barriers for Exercising during Social Isolation,2020,Biology,openalex_cited_by+pubmed_elink_citedin
Campbell_Turner_2018,forward,40455745,10.1371/journal.pone.0322283,Viral acute respiratory illnesses in elite athletes: A 12-month controlled follow-up study,2025,PLoS ONE,openalex_cited_by+pubmed_elink_citedin
Campbell_Turner_2018,forward,34777343,10.3389/fimmu.2021.733101,The Effects of 16 Weeks of Exercise Training on Neutrophil Functions in Breast Cancer Survivors,2021,Frontiers in Immunology,openalex_cited_by+pubmed_elink_citedin
Campbell_Turner_2018,forward,40755910,10.3389/fped.2025.1449436,Physical activity based interventions for reducing body mass index in children aged 6–12 years: a systematic review,2025,Frontiers in Pediatrics,openalex_cited_by+pubmed_elink_citedin
Campbell_Turner_2018,forward,34215686,10.1136/jitc-2020-001872,Exercise and the immune system: taking steps to improve responses to cancer immunotherapy,2021,Journal for ImmunoTherapy of Cancer,openalex_cited_by+pubmed_elink_citedin
Campbell_Turner_2018,forward,31056756,10.1002/cncr.32085,Cardiorespiratory fitness and incident lung and colorectal cancer in men and women: Results from the Henry Ford Exercise Testing (FIT) cohort,2019,Cancer,openalex_cited_by
Campbell_Turner_2018,forward,35359426,10.3389/fonc.2022.788113,Reframing How Physical Activity Reduces The Incidence of Clinically-Diagnosed Cancers: Appraising Exercise-Induced Immuno-Modulation As An Integral Mechanism,2022,Frontiers in Oncology,openalex_cited_by+pubmed_elink_citedin
Campbell_Turner_2018,forward,33330343,10.3389/fpubh.2020.604339,Covid-19 Mortality: A Matter of Vulnerability Among Nations Facing Limited Margins of Adaptation,2020,Frontiers in Public Health,openalex_cited_by+pubmed_elink_citedin
Campbell_Turner_2018,forward,36814502,10.1093/gastro/goad004,Intensity-specific considerations for exercise for patients with inflammatory bowel disease,2022,Gastroenterology report,openalex_cited_by+pubmed_elink_citedin
Campbell_Turner_2018,forward,34541561,10.1016/j.smhs.2021.09.001,The role of exercise in rehabilitation of discharged COVID-19 patients,2021,Sports Medicine and Health Science,openalex_cited_by+pubmed_elink_citedin
Campbell_Turner_2018,forward,40933320,10.52082/jssm.2025.645,Effect of Exercise on Immune System Markers in Cancer Patients and Survivors: A Systematic Review,2025,Journal of Sports Science and Medicine,openalex_cited_by+pubmed_elink_citedin
Campbell_Turner_2018,forward,35578962,10.1002/cphy.c200033,State of Knowledge on Molecular Adaptations to Exercise in Humans: Historical Perspectives and Future Directions,2022,Comprehensive physiology,openalex_cited_by+pubmed_elink_citedin
Campbell_Turner_2018,forward,38957793,10.1016/j.isci.2024.110121,Moderate-intensity aerobic exercise training improves CD8+ tumor-infiltrating lymphocytes effector function by reducing mitochondrial loss,2024,iScience,openalex_cited_by+pubmed_elink_citedin
Campbell_Turner_2018,forward,41792031,,,,,pubmed_elink_citedin
Campbell_Turner_2018,forward,34977944,10.1093/milmed/usab542,Measuring the Impact of Operational Stress: The Relevance of Assessing Stress-related Health Across the Deployment Cycle,2022,Military Medicine,openalex_cited_by+pubmed_elink_citedin
Campbell_Turner_2018,forward,32662717,10.1080/14787210.2020.1794818,Exercise and well-being during COVID 19 – time to boost your immunity,2020,Expert Review of Anti-infective Therapy,openalex_cited_by
Campbell_Turner_2018,forward,32457637,10.3389/fphys.2020.00308,Exercise-Induced Circulating Hematopoietic Stem and Progenitor Cells in Well-Trained Subjects,2020,Frontiers in Physiology,openalex_cited_by+pubmed_elink_citedin
Campbell_Turner_2018,forward,35484386,10.1038/s41598-022-10791-y,Alterations in intestinal microbiota in ultramarathon runners,2022,Scientific Reports,openalex_cited_by+pubmed_elink_citedin
Campbell_Turner_2018,forward,34595331,10.1177/23337214211046419,Predictors of Biological Age: The Implications for Wellness and Aging Research,2021,Gerontology and Geriatric Medicine,openalex_cited_by+pubmed_elink_citedin
Campbell_Turner_2018,forward,30549018,10.1002/cphy.c180016,Exercise Training in Cancer Control and Treatment,2018,Comprehensive physiology,openalex_cited_by
Campbell_Turner_2018,forward,34233523,10.1177/15353702211028543,Physical activity and exercise as an essential medical strategy for the COVID-19 pandemic and beyond,2021,Experimental Biology and Medicine,openalex_cited_by+pubmed_elink_citedin
Campbell_Turner_2018,forward,35261309,10.1080/10408398.2022.2048290,"Effects of the combination of vitamins C and E supplementation on oxidative stress, inflammation, muscle soreness, and muscle strength following acute physical exercise: meta-analyses of randomized controlled trials",2022,Critical Reviews in Food Science and Nutrition,openalex_cited_by
Campbell_Turner_2018,forward,35146742,10.5603/imh.2021.0050,A survey on relationship between Gendarmerie Coast Guard Academy (GCGA) students’ physical activity and COVID-19 infection,2021,International Maritime Health,openalex_cited_by
Campbell_Turner_2018,forward,40191507,,,,,pubmed_elink_citedin
Campbell_Turner_2018,forward,36219130,10.1080/00325481.2022.2134693,A ‘health message’ on sustainable physical and mental health for the prolonged COVID-19 and other pandemics,2022,Postgraduate Medicine,openalex_cited_by
Campbell_Turner_2018,forward,40507038,10.3390/nu17111769,Microecologics and Exercise: Targeting the Microbiota–Gut–Brain Axis for Central Nervous System Disease Intervention,2025,Nutrients,openalex_cited_by+pubmed_elink_citedin
Campbell_Turner_2018,forward,41827731,,,,,pubmed_elink_citedin
Campbell_Turner_2018,forward,40001576,10.3390/biom15020273,NK Cell-Microbiota Interaction Biomarker Strategy: Advancing Prostate Cancer Management,2025,Biomolecules,openalex_cited_by+pubmed_elink_citedin
Campbell_Turner_2018,forward,36713459,10.3389/fimmu.2022.1009065,Shifting gears: Study of immune system parameters of male habitual marathon runners,2023,Frontiers in Immunology,openalex_cited_by+pubmed_elink_citedin
Campbell_Turner_2018,forward,31774356,10.1152/japplphysiol.00646.2019,Allostatic stress load and CMV serostatus impact immune response to maximal exercise in collegiate swimmers,2019,Journal of Applied Physiology,openalex_cited_by
Campbell_Turner_2018,forward,31111223,10.1007/s00424-019-02281-4,Exercise training reduces the risk of opportunistic infections after acute exercise and improves cytokine antigen recognition,2019,Pflügers Archiv - European Journal of Physiology,openalex_cited_by+pubmed_elink_citedin
Campbell_Turner_2018,forward,35440291,10.1080/14763141.2022.2058990,Effects of cycling on the morphology and spinal posture in professional and recreational cyclists: a systematic review,2022,Sports Biomechanics,openalex_cited_by
Campbell_Turner_2018,forward,32588460,10.1111/imr.12896,The role of innate immunity in Alzheimer's disease,2020,Immunological Reviews,openalex_cited_by+pubmed_elink_citedin
Campbell_Turner_2018,forward,42512227,10.3390/ijerph23070923,"Physical Activity Behavior and Acute Myocardial Infarction, Stroke, and Sepsis Outcomes in Brazil: Insights from Targeted Eigenvector Centrality Networks",2026,International Journal of Environmental Research and Public Health,openalex_cited_by+pubmed_elink_citedin
Campbell_Turner_2018,forward,33013486,10.3389/fphys.2020.572718,A Preventive Role of Exercise Across the Coronavirus 2 (SARS-CoV-2) Pandemic,2020,Frontiers in Physiology,openalex_cited_by+pubmed_elink_citedin
Campbell_Turner_2018,forward,32133958,10.2174/1381612826666200305125210,New Insights about Regulatory T Cells Distribution and Function with Exercise: The Role of Immunometabolism,2020,Current Pharmaceutical Design,openalex_cited_by
Campbell_Turner_2018,forward,40759970,10.1186/s13690-025-01664-7,Long-term impact of the COVID-19 pandemic on physical activity and estimated cardiorespiratory fitness in south American adults: a multi-country cross-sectional online survey,2025,Archives of Public Health,openalex_cited_by+pubmed_elink_citedin
Campbell_Turner_2018,forward,33396704,10.3390/v13010048,Limbic Encephalitis Brain Damage Induced by Cocal Virus in Adult Mice Is Reduced by Environmental Enrichment: Neuropathological and Behavioral Studies,2020,Viruses,openalex_cited_by+pubmed_elink_citedin
Campbell_Turner_2018,forward,37755537,10.1007/s00384-023-04536-0,Association of pre-diagnostic physical exercise and peri-diagnostic body composition with mortality in non-metastatic colorectal cancer,2023,International Journal of Colorectal Disease,openalex_cited_by+pubmed_elink_citedin
Campbell_Turner_2018,forward,35945634,10.1186/s13063-022-06608-y,Resistance training and clinical status in patients with postdischarge symptoms after COVID-19: protocol for a randomized controlled crossover trial “The EXER-COVID Crossover Study”,2022,Trials,openalex_cited_by+pubmed_elink_citedin
Campbell_Turner_2018,forward,32879542,10.5114/biolsport.2020.95125,The COVID-19 pandemic: how to maintain a healthy immune system during the lockdown – a multidisciplinary approach with special focus on athletes,2020,Biology of Sport,openalex_cited_by+pubmed_elink_citedin
Campbell_Turner_2018,forward,36411399,10.1007/s11010-022-04610-1,Respiratory issues in patients with multiple sclerosis as a risk factor during SARS-CoV-2 infection: a potential role for exercise,2022,Molecular and Cellular Biochemistry,openalex_cited_by+pubmed_elink_citedin
Campbell_Turner_2018,forward,40514287,10.1016/j.tem.2025.05.004,Mitochondrial innate immune signaling in skeletal muscle adaptation to exercise,2025,Trends in Endocrinology and Metabolism,openalex_cited_by+pubmed_elink_citedin
Campbell_Turner_2018,forward,36360985,10.3390/ijerph192114108,Impact of Physical Activity on COVID-19,2022,International Journal of Environmental Research and Public Health,openalex_cited_by+pubmed_elink_citedin
Campbell_Turner_2018,forward,39482632,10.1186/s12889-024-20498-6,Exercise intensity and mortality in overweight and obese patients with chronic kidney disease: longitudinal analysis (1999–2016),2024,BMC Public Health,openalex_cited_by+pubmed_elink_citedin
Campbell_Turner_2018,forward,33041708,,The Functional Medicine Approach to COVID-19: Nutrition and Lifestyle Practices for Strengthening Host Defense.,2020,PubMed,openalex_cited_by+pubmed_elink_citedin
Campbell_Turner_2018,forward,38519586,10.1038/s41598-024-57646-2,Higher level of physical activity reduces mental and neurological symptoms during and two years after COVID-19 infection in young women,2024,Scientific Reports,openalex_cited_by+pubmed_elink_citedin
Campbell_Turner_2018,forward,30172948,10.1016/j.bbi.2018.08.017,"β2-Adrenergic receptor signaling mediates the preferential mobilization of differentiated subsets of CD8+ T-cells, NK-cells and non-classical monocytes in response to acute exercise in humans",2018,Brain Behavior and Immunity,openalex_cited_by+pubmed_elink_citedin
Campbell_Turner_2018,forward,32309817,10.1016/j.bbih.2020.100049,High intensity interval exercise increases the frequency of peripheral PD-1+ CD8+ central memory T-cells and soluble PD-L1 in humans,2020,Brain Behavior & Immunity - Health,openalex_cited_by+pubmed_elink_citedin
Campbell_Turner_2018,forward,32030646,10.1007/978-3-030-35727-6_3,Effects of Exercise on the Tumour Microenvironment,2020,Advances in experimental medicine and biology,openalex_cited_by+pubmed_elink_citedin
Campbell_Turner_2018,forward,33068720,10.1016/j.mcn.2020.103567,Enduring neuroimmunological consequences of developmental experiences: From vulnerability to resilience,2020,Molecular and Cellular Neuroscience,openalex_cited_by+pubmed_elink_citedin
Campbell_Turner_2018,forward,36523226,10.1136/bmjopen-2022-066803,Relationship between Tai Chi and clinical outcomes in elderly patients with COVID-19: a protocol for systematic review and dose–response meta-analysis,2022,BMJ Open,openalex_cited_by+pubmed_elink_citedin
Campbell_Turner_2018,forward,31648256,10.1371/journal.pone.0224147,Physical exercise stimulates salivary secretion of cystatins,2019,PLoS ONE,openalex_cited_by+pubmed_elink_citedin
Campbell_Turner_2018,forward,31034260,10.1123/ijspp.2018-0527,Influence of Immune and Nutritional Biomarkers on Illness Risk During Interval Training,2019,International Journal of Sports Physiology and Performance,openalex_cited_by
Campbell_Turner_2018,forward,32527328,10.1186/s13104-020-05121-2,Physical activity and blood gene expression profiles: the Norwegian Women and Cancer (NOWAC) Post-genome cohort,2020,BMC Research Notes,openalex_cited_by+pubmed_elink_citedin
Campbell_Turner_2018,forward,33406502,10.18632/aging.202312,Exercise reduces metabolic burden while altering the immune system in aged mice,2021,Aging,openalex_cited_by+pubmed_elink_citedin
Campbell_Turner_2018,forward,32143279,10.3390/biomedicines8030051,"Effects of an 8-Week Protein Supplementation Regimen with Hyperimmunized Cow Milk on Exercise-Induced Organ Damage and Inflammation in Male Runners: A Randomized, Placebo Controlled, Cross-Over Study",2020,Biomedicines,openalex_cited_by+pubmed_elink_citedin
Campbell_Turner_2018,forward,33086142,10.1016/j.psyneuen.2020.104912,"Salivary free light chains as a new biomarker to measure psychological stress: the impact of a university exam period on salivary immunoglobulins, cortisol, DHEA and symptoms of infection",2020,Psychoneuroendocrinology,openalex_cited_by
Campbell_Turner_2018,forward,35600000,10.1007/s11332-022-00951-y,Adapted physical activity in subjects and athletes recovering from covid-19: a position statement of the Società Italiana Scienze Motorie e Sportive,2022,Sport Sciences for Health,openalex_cited_by
Campbell_Turner_2018,forward,32223047,10.1002/mnfr.201901071,"β‐1,3/1,6‐Glucans and Immunity: State of the Art and Future Directions",2020,Molecular Nutrition & Food Research,openalex_cited_by+pubmed_elink_citedin
Campbell_Turner_2018,forward,36211340,10.3389/fimmu.2022.954994,"Vitamin D, exercise, and immune health in athletes: A narrative review",2022,Frontiers in Immunology,openalex_cited_by+pubmed_elink_citedin
Campbell_Turner_2018,forward,30895460,10.1007/s00421-019-04127-4,"Aqua cycling for immunological recovery after intensive, eccentric exercise",2019,European Journal of Applied Physiology,openalex_cited_by+pubmed_elink_citedin
Campbell_Turner_2018,forward,31981359,10.1093/eurpub/ckz230,Educational differences in acute infectious diseases in the Netherlands: results from a nationwide health survey,2019,European Journal of Public Health,openalex_cited_by
Campbell_Turner_2018,forward,39853819,10.1111/sms.70020,Effects of Exercise Training on the Bone Marrow Immune Microenvironment and Minimal Residual Disease in Multiple Myeloma Patients Following First‐Line Treatment,2025,Scandinavian Journal of Medicine and Science in Sports,openalex_cited_by+pubmed_elink_citedin
Campbell_Turner_2018,forward,34829717,10.3390/antiox10111846,Exercise Cuts Both Ways with ROS in Remodifying Innate and Adaptive Responses: Rewiring the Redox Mechanism of the Immune System during Exercise,2021,Antioxidants,openalex_cited_by+pubmed_elink_citedin
Campbell_Turner_2018,forward,41510828,10.1002/jdn.70090,Treadmill Exercise Modulates TNF‐α and IL‐1β Expression in Rodent Models of CNS Inflammation: A Systematic Review,2026,International Journal of Developmental Neuroscience,openalex_cited_by
Campbell_Turner_2018,forward,33822261,10.1007/s00421-021-04679-4,Does exercise attenuate age- and disease-associated dysfunction in unconventional T cells? Shining a light on overlooked cells in exercise immunology,2021,European Journal of Applied Physiology,openalex_cited_by+pubmed_elink_citedin
Campbell_Turner_2018,forward,31006545,10.1016/j.jsams.2019.03.013,A novel role of probiotics in improving host defence of elite rugby union athlete: A double blind randomised controlled trial,2019,Journal of science and medicine in sport,openalex_cited_by
Campbell_Turner_2018,forward,40367509,10.1249/mss.0000000000003757,Vaccine-Induced Specific Cellular and Humoral Immunity after MRNA-Based COVID-19 Vaccination in Athletes and Controls,2025,Medicine & Science in Sports & Exercise,openalex_cited_by
Campbell_Turner_2018,forward,42784047,10.3390/muscles5030062,Lactate as a Potential Exercise-Induced Signaling Molecule: Implications for Immunometabolic Adaptation Following HIIT,2026,Muscles,openalex_cited_by
Campbell_Turner_2018,forward,38697122,10.1016/j.xgen.2023.100421,Molecular adaptations in response to exercise training are associated with tissue-specific transcriptomic and epigenomic signatures,2024,Cell Genomics,openalex_cited_by+pubmed_elink_citedin
Campbell_Turner_2018,forward,33670510,10.3390/ijerph18041964,Indirect Health Effects of COVID-19: Unhealthy Lifestyle Behaviors during the Lockdown in the United Arab Emirates,2021,International Journal of Environmental Research and Public Health,openalex_cited_by+pubmed_elink_citedin
Campbell_Turner_2018,forward,30430884,10.1080/1744666x.2019.1548933,There is limited existing evidence to support the common assumption that strenuous endurance exercise bouts impair immune competency,2018,Expert Review of Clinical Immunology,openalex_cited_by
Campbell_Turner_2018,forward,42514472,,,,,pubmed_elink_citedin
Campbell_Turner_2018,forward,40267903,10.1159/000545181,Prehabilitation and Inflammation,2025,Annals of Nutrition and Metabolism,openalex_cited_by
Campbell_Turner_2018,forward,35321743,10.1186/s12979-022-00266-z,Salutary effects of moderate but not high intensity aerobic exercise training on the frequency of peripheral T-cells associated with immunosenescence in older women at high risk of breast cancer: a randomized controlled trial,2022,Immunity & Ageing,openalex_cited_by+pubmed_elink_citedin
Campbell_Turner_2018,forward,30276476,10.1007/s00421-018-3998-5,Dietary curcumin supplementation does not alter peripheral blood mononuclear cell responses to exertional heat stress,2018,European Journal of Applied Physiology,openalex_cited_by+pubmed_elink_citedin
Campbell_Turner_2018,forward,33585798,10.1016/j.mayocpiqo.2020.12.008,Viral Respiratory Infections: An Ounce of Prevention Is Worth a Pound of Cure,2021,Mayo Clinic Proceedings Innovations Quality & Outcomes,openalex_cited_by+pubmed_elink_citedin
Campbell_Turner_2018,forward,33149717,10.1177/1179551420964487,The Danger of Sedentary Lifestyle in Diabetic and Obese People During the COVID-19 Pandemic,2020,Clinical Medicine Insights Endocrinology and Diabetes,openalex_cited_by+pubmed_elink_citedin
Campbell_Turner_2018,forward,42665974,10.14814/phy2.71031,Immunological effects of supervised exercise in long COVID in adults: A secondary analysis of a randomized crossover trial,2026,Physiological Reports,openalex_cited_by+pubmed_elink_citedin
Campbell_Turner_2018,forward,36133956,10.1016/j.bbih.2022.100508,The effects of acute exercise and inflammation on immune function in early-stage prostate cancer,2022,Brain Behavior & Immunity - Health,openalex_cited_by+pubmed_elink_citedin
Campbell_Turner_2018,forward,34069251,10.3390/ijerph18105251,Changes in Physical Activity and Sedentary Behaviour Due to Enforced COVID-19-Related Lockdown and Movement Restrictions: A Protocol for a Systematic Review and Meta-Analysis,2021,International Journal of Environmental Research and Public Health,openalex_cited_by+pubmed_elink_citedin
Campbell_Turner_2018,forward,34189481,10.1016/j.smhs.2020.09.001,Behavioral strategies to prevent and mitigate COVID-19 infection,2020,Sports Medicine and Health Science,openalex_cited_by+pubmed_elink_citedin
Campbell_Turner_2018,forward,36901661,10.3390/ijerph20054651,"Associations between Coronavirus and Immune Response, Cardiorespiratory Fitness Rehabilitation and Physical Activity: A Brief Report",2023,International Journal of Environmental Research and Public Health,openalex_cited_by+pubmed_elink_citedin
Campbell_Turner_2018,forward,42536576,10.1097/md.0000000000050013,"Bibliometric and visualization analysis of exercise interventions for respiratory infectious diseases (2000–2025): Trends, hotspots, and future directions",2026,Medicine,openalex_cited_by+pubmed_elink_citedin
Campbell_Turner_2018,forward,40138653,10.1113/ep092167,"Assessing the exercise‐related kinetics of circulating cell‐free DNA, circulating tumour DNA, DNase I activity and cytokines in patients with solid tumours: A pilot study",2025,Experimental Physiology,openalex_cited_by
Campbell_Turner_2018,forward,38307711,10.14814/phy2.15936,Effect of histamine‐receptor antagonism on the circulating inflammatory cell and cytokine response to exercise: A pilot study,2024,Physiological Reports,openalex_cited_by
Campbell_Turner_2018,forward,35410000,10.3390/ijerph19074317,Home-Based Physical Activity as a Healthy Aging Booster before and during COVID-19 Outbreak,2022,International Journal of Environmental Research and Public Health,openalex_cited_by+pubmed_elink_citedin
Campbell_Turner_2018,forward,30663116,10.1002/jcb.28364,Physical fitness modulates the expression of CD39 and CD73 on CD4+ CD25− and CD4+ CD25+ T cells following high intensity interval exercise,2019,Journal of Cellular Biochemistry,openalex_cited_by
Campbell_Turner_2018,forward,39983997,10.1016/j.mad.2025.112042,The relationship between physical activity and telomere length in women: A systematic review,2025,Mechanisms of Ageing and Development,openalex_cited_by+pubmed_elink_citedin
Campbell_Turner_2018,forward,33140866,10.1111/sms.13869,Effect of marathon and ultra‐marathon on inflammation and iron homeostasis,2020,Scandinavian Journal of Medicine and Science in Sports,openalex_cited_by
Campbell_Turner_2018,forward,39828217,10.1016/j.clnesp.2025.01.031,Nutrition for optimising immune function and recovery from injury in sports,2025,Clinical Nutrition ESPEN,openalex_cited_by
Campbell_Turner_2018,forward,42758809,10.1126/sciadv.aeh0260,Multiomics profiling identifies molecular and cellular signatures of regular exercise in human peripheral blood,2026,Science Advances,openalex_cited_by
Campbell_Turner_2018,forward,31507492,10.3389/fpsyg.2019.01934,A Longitudinal Examination of Military Veterans’ Invictus Games Stress Experiences,2019,Frontiers in Psychology,openalex_cited_by+pubmed_elink_citedin
Campbell_Turner_2018,forward,35285767,10.1080/00325481.2022.2052467,"The impact of physical activity on well-being, lifestyle and health promotion in an era of COVID-19 and SARS-CoV-2 variant",2022,Postgraduate Medicine,openalex_cited_by
Campbell_Turner_2018,forward,32542719,10.1111/sms.13710,Physical activity: Benefits and challenges during the COVID‐19 pandemic,2020,Scandinavian Journal of Medicine and Science in Sports,openalex_cited_by+pubmed_elink_citedin
Campbell_Turner_2018,forward,33138270,10.3390/ijerph17217964,Physical Activity and Sociodemographic Profile of Brazilian People during COVID-19 Outbreak: An Online and Cross-Sectional Survey,2020,International Journal of Environmental Research and Public Health,openalex_cited_by+pubmed_elink_citedin
Campbell_Turner_2018,forward,35353361,10.1007/s40279-022-01660-9,Respiratory Viral Infections in Athletes: Many Unanswered Questions,2022,Sports Medicine,openalex_cited_by+pubmed_elink_citedin
Campbell_Turner_2018,forward,42539963,10.1016/j.smhs.2025.05.003,Leukocyte response to repeated sprint exercise: Differences between adolescent and adult athletes,2025,Sports Medicine and Health Science,openalex_cited_by+pubmed_elink_citedin
Campbell_Turner_2018,forward,38831183,10.1007/s11357-024-01222-z,Unraveling the link between cardiorespiratory fitness and cancer: a state-of-the-art review,2024,GeroScience,openalex_cited_by+pubmed_elink_citedin
Campbell_Turner_2018,forward,37630828,10.3390/nu15163638,Calorie Restriction Impairs Anti-Tumor Immune Responses in an Immunogenic Preclinical Cancer Model,2023,Nutrients,openalex_cited_by+pubmed_elink_citedin
Campbell_Turner_2018,forward,36936914,10.3389/fimmu.2023.1129060,Use of Streptococcus salivarius K12 in supporting the mucosal immune function of active young subjects: A randomised double-blind study,2023,Frontiers in Immunology,openalex_cited_by+pubmed_elink_citedin
Campbell_Turner_2018,forward,34907015,10.1073/pnas.2110455118,Large-scale genomic study reveals robust activation of the immune system following advanced Inner Engineering meditation retreat,2021,Proceedings of the National Academy of Sciences,openalex_cited_by+pubmed_elink_citedin
Campbell_Turner_2018,forward,35250431,10.3389/ijph.2022.1604329,Results of the Adult COVID-19 Lifestyle Matching Study,2022,International Journal of Public Health,openalex_cited_by+pubmed_elink_citedin
Campbell_Turner_2018,forward,31838880,10.1177/1534735419894063,Sport Medicine in the Prevention and Management of Cancer,2019,Integrative Cancer Therapies,openalex_cited_by+pubmed_elink_citedin
Campbell_Turner_2018,forward,41977039,10.3390/jcm15072738,Is Lifelong Physical Activity a Determinant of Lung Transplantation Outcomes?,2026,Journal of Clinical Medicine,openalex_cited_by+pubmed_elink_citedin
Campbell_Turner_2018,forward,36431291,10.3390/jcm11226814,The Effect of Aerobic Exercise and Low-Impact Pilates Workout on the Adaptive Immune System,2022,Journal of Clinical Medicine,openalex_cited_by+pubmed_elink_citedin
Campbell_Turner_2018,forward,38317104,10.1186/s12885-024-11817-6,"The effects of short-term, progressive exercise training on disease activity in smouldering multiple myeloma and monoclonal gammopathy of undetermined significance: a single-arm pilot study",2024,BMC Cancer,openalex_cited_by+pubmed_elink_citedin
Campbell_Turner_2018,forward,36432843,10.3390/plants11223115,Exercise Training and Verbena officinalis L. Affect Pre-Clinical and Histological Parameters,2022,Plants,openalex_cited_by+pubmed_elink_citedin
Campbell_Turner_2018,forward,32500480,10.1007/s11914-020-00596-1,Potential Importance of Immune System Response to Exercise on Aging Muscle and Bone,2020,Current Osteoporosis Reports,openalex_cited_by
Campbell_Turner_2018,forward,30573180,10.1016/j.semradonc.2018.10.001,Exercise as Adjunct Therapy in Cancer,2018,Seminars in Radiation Oncology,openalex_cited_by+pubmed_elink_citedin
Campbell_Turner_2018,forward,40719860,10.1007/s00421-025-05925-9,Influence of resistance exercise on monocyte subtypes and intracellular immune markers in trained postmenopausal women,2025,European Journal of Applied Physiology,openalex_cited_by
Campbell_Turner_2018,forward,34988129,10.3389/fcvm.2021.784715,Inflammation in the Pathogenesis of Arrhythmogenic Cardiomyopathy: Secondary Event or Active Driver?,2021,Frontiers in Cardiovascular Medicine,openalex_cited_by+pubmed_elink_citedin
Campbell_Turner_2018,forward,32621168,10.1007/s11845-020-02300-9,Sports activities during any pandemic lockdown,2020,Irish Journal of Medical Science (1971 -),openalex_cited_by+pubmed_elink_citedin
Campbell_Turner_2018,forward,41749874,,,,,pubmed_elink_citedin
Campbell_Turner_2018,forward,35279015,10.1123/ijsnem.2021-0335,“Food First but Not Always Food Only”: Recommendations for Using Dietary Supplements in Sport,2022,International Journal of Sport Nutrition and Exercise Metabolism,openalex_cited_by
Campbell_Turner_2018,forward,33303928,10.1038/s41598-020-78750-z,Immunoregulation induced by autologous serum collected after acute exercise in obese men: a randomized cross-over trial,2020,Scientific Reports,openalex_cited_by+pubmed_elink_citedin
Campbell_Turner_2018,forward,28366645,10.1016/j.jim.2017.03.017,T cell activation and proliferation following acute exercise in human subjects is altered by storage conditions and mitogen selection,2017,Journal of Immunological Methods,openalex_cited_by
Campbell_Turner_2018,forward,41265941,10.1016/j.rdc.2025.08.009,Physical Activity for Human and Planetary Health,2025,Rheumatic Disease Clinics of North America,openalex_cited_by+pubmed_elink_citedin
Campbell_Turner_2018,forward,33917558,10.3390/jcm10071539,Physical Activity and the Risk of COVID-19 Infection and Mortality: A Nationwide Population-Based Case-Control Study,2021,Journal of Clinical Medicine,openalex_cited_by+pubmed_elink_citedin
Campbell_Turner_2018,forward,39595094,10.3390/biomedicines12112528,Emerging Mechanisms of Physical Exercise Benefits in Adjuvant and Neoadjuvant Cancer Immunotherapy,2024,Biomedicines,openalex_cited_by
Campbell_Turner_2018,forward,38531477,10.1016/j.idnow.2024.104893,"Sports and Immunity, from the recreational to the elite athlete",2024,Infectious Diseases Now,openalex_cited_by
Campbell_Turner_2018,forward,42553058,10.3389/fimmu.2026.1867909,Sarcopenia and sepsis fuel a self-perpetuating cycle of immunometabolism decline,2026,Frontiers in Immunology,openalex_cited_by+pubmed_elink_citedin
Campbell_Turner_2018,forward,32156585,10.1016/j.jsxm.2020.01.022,The Association Between Pelvic Discomfort and Erectile Dysfunction in Adult Male Bicyclists,2020,The Journal of Sexual Medicine,openalex_cited_by
Campbell_Turner_2018,forward,42514298,10.3390/nu18142229,Practical Nutritional Strategies to Attenuate Physiological Stress in Adolescent Soccer Players: A Comparative Trial of CoQ10 and Taurine,2026,Nutrients,openalex_cited_by+pubmed_elink_citedin
Campbell_Turner_2018,forward,42516346,,,,,pubmed_elink_citedin
Campbell_Turner_2018,forward,39597553,10.3390/microorganisms12112164,Efficacy of Streptococcus salivarius Blis K12 in the Prevention of Upper Respiratory Tract Infections in Physically Active Individuals: A Randomized Controlled Trial,2024,Microorganisms,openalex_cited_by
Campbell_Turner_2018,forward,41080808,10.2147/jmdh.s543841,Exoskeleton Robot Gait Training and Its Impact on the Gut Microbiota-Brain Axis in Incomplete Spinal Cord Injury Patients: A Narrative Review of Rehabilitation Mechanisms,2025,Journal of Multidisciplinary Healthcare,openalex_cited_by+pubmed_elink_citedin
Campbell_Turner_2018,forward,34066701,10.3390/jpm11050385,Salivary Biomarkers in COVID-19 Patients: Towards a Wide-Scale Test for Monitoring Disease Activity,2021,Journal of Personalized Medicine,openalex_cited_by+pubmed_elink_citedin
Campbell_Turner_2018,forward,39887554,10.1002/ejsc.12262,The Order of Concurrent Training Affects Acute Immunological Stress Responses and Measures of Muscular Fitness in Female Youth Judo Athletes,2025,European Journal of Sport Science,openalex_cited_by+pubmed_elink_citedin
Campbell_Turner_2018,forward,35162875,10.3390/ijerph19031853,Why Physical Activity Should Be Considered in Clinical Trials for COVID-19 Vaccines: A Focus on Risk Groups,2022,International Journal of Environmental Research and Public Health,openalex_cited_by+pubmed_elink_citedin
Campbell_Turner_2018,forward,37794239,10.1038/s41577-023-00943-0,The effect of physical exercise on anticancer immunity,2023,Nature reviews. Immunology,openalex_cited_by+pubmed_elink_citedin
Campbell_Turner_2018,forward,31109152,10.3390/genes10050380,Impact of Acute Aerobic Exercise on Genome-Wide DNA-Methylation in Natural Killer Cells—A Pilot Study,2019,Genes,openalex_cited_by+pubmed_elink_citedin
Campbell_Turner_2018,forward,33329256,10.3389/fpsyg.2020.593903,Physical Exercise and Immune System in the Elderly: Implications and Importance in COVID-19 Pandemic Period,2020,Frontiers in Psychology,openalex_cited_by+pubmed_elink_citedin
Campbell_Turner_2018,forward,42213729,10.1371/journal.pone.0349215,"The effect of moderate physical activity on NK cells populations and cytotoxic T lymphocytes in young, healthy women",2026,PLoS ONE,openalex_cited_by+pubmed_elink_citedin
Campbell_Turner_2018,forward,34564326,10.3390/sports9090121,Potential Physiological and Cellular Mechanisms of Exercise That Decrease the Risk of Severe Complications and Mortality Following SARS-CoV-2 Infection,2021,Sports,openalex_cited_by+pubmed_elink_citedin
Campbell_Turner_2018,forward,39624122,10.7717/peerj.18603,"Effects of a single bout of exercise on human hemocytes and serum interleukin 3, erythropoietin, and soluble transferrin receptor in a hot and humid environment",2024,PeerJ,openalex_cited_by+pubmed_elink_citedin
Campbell_Turner_2018,forward,33561293,10.1002/cncr.33426,"Fitness and prostate cancer screening, incidence, and mortality: Results from the Henry Ford Exercise Testing (FIT) Project",2021,Cancer,openalex_cited_by
Campbell_Turner_2018,forward,37312242,10.14814/phy2.15753,Impact of maximal exercise on immune cell mobilization and bioenergetics,2023,Physiological Reports,openalex_cited_by+pubmed_elink_citedin
Campbell_Turner_2018,forward,31472768,10.1016/j.csm.2019.05.001,Acute Illness in the Athlete,2019,Clinics in Sports Medicine,openalex_cited_by+pubmed_elink_citedin
Campbell_Turner_2018,forward,31210398,10.1002/ejhf.1534,Definition and Treatment of Arrhythmogenic Cardiomyopathy: An Updated Expert Panel Report,2019,European Journal of Heart Failure,openalex_cited_by+pubmed_elink_citedin
Campbell_Turner_2018,forward,32734758,10.23736/s0022-4707.20.11524-x,Coronavirus disease (COVID-19) and the need to maintain regular physical activity,2020,The Journal of Sports Medicine and Physical Fitness,openalex_cited_by
Campbell_Turner_2018,forward,36925581,10.3389/fnetp.2021.794392,Overtraining Syndrome as a Complex Systems Phenomenon,2022,Frontiers in Network Physiology,openalex_cited_by+pubmed_elink_citedin
Campbell_Turner_2018,forward,34208002,10.3390/ijms22126278,Movement as a Positive Modulator of Aging,2021,International Journal of Molecular Sciences,openalex_cited_by+pubmed_elink_citedin
Campbell_Turner_2018,forward,33454564,10.1016/j.healthplace.2021.102505,"Examine the associations between perceived neighborhood conditions, physical activity, and mental health during the COVID-19 pandemic",2021,Health & Place,openalex_cited_by+pubmed_elink_citedin
Campbell_Turner_2018,forward,38747095,10.1111/1747-0080.12874,Comparison of Australian Football League Women's athletes match day energy and nutrient intake to recommendations,2024,Nutrition & Dietetics,openalex_cited_by
Campbell_Turner_2018,forward,36624248,10.1007/s00421-022-05126-8,Acute effects of concurrent muscle power and sport-specific endurance exercises on markers of immunological stress response and measures of muscular fitness in highly trained youth male athletes,2023,European Journal of Applied Physiology,openalex_cited_by+pubmed_elink_citedin
Campbell_Turner_2018,forward,37193030,10.7717/peerj.15075,Analysis of IGHA1 and other salivary proteins post half marathon in female participants,2023,PeerJ,openalex_cited_by+pubmed_elink_citedin
Campbell_Turner_2018,forward,30128793,10.1007/s12032-018-1194-4,Patient performance status and cancer immunotherapy efficacy: a meta-analysis,2018,Medical Oncology,openalex_cited_by+pubmed_elink_citedin
Campbell_Turner_2018,forward,36360678,10.3390/ijerph192113798,A Case Series of SARS-CoV-2 Reinfection in Elite Athletes,2022,International Journal of Environmental Research and Public Health,openalex_cited_by+pubmed_elink_citedin
Campbell_Turner_2018,forward,34275263,10.23736/s0022-4707.21.12787-2,The impact of physical activity rate on subjective well-being among North-Western Italian population during COVID-19 nationwide lockdown,2021,The Journal of Sports Medicine and Physical Fitness,openalex_cited_by
Campbell_Turner_2018,forward,30785868,10.22029/eir.2019.1727,T and B cell subsets differentially correlate with amyloid deposition and neurocognitive function in patients with amnestic mild cognitive impairment after one year of physical activity,2026,PubMed,openalex_cited_by+pubmed_elink_citedin
Campbell_Turner_2018,forward,34355106,10.4102/sajp.v77i1.1526,Preoperative physical activity and functional performance levels are predictors of acute postoperative outcomes in a private South African colorectal cancer cohort,2021,South African Journal of Physiotherapy,openalex_cited_by+pubmed_elink_citedin
Campbell_Turner_2018,forward,32715550,10.1113/ep088627,Natural killer cell mobilization and egress following acute exercise in men with prostate cancer,2020,Experimental Physiology,openalex_cited_by
Campbell_Turner_2018,forward,34931597,10.1080/07391102.2021.2016489,In silico study of potential immunonutrient-based sports supplements against COVID-19 via targeting ACE2 inhibition using molecular docking and molecular dynamics simulations,2021,Journal of Biomolecular Structure and Dynamics,openalex_cited_by
Campbell_Turner_2018,forward,32756458,10.3390/nu12082324,Dietary and Lifestyle Changes During COVID-19 and the Subsequent Lockdowns among Polish Adults: A Cross-Sectional Online Survey PLifeCOVID-19 Study,2020,Nutrients,openalex_cited_by+pubmed_elink_citedin
Campbell_Turner_2018,forward,39781531,10.7150/ijms.104812,"Enhancement of Interferon-γ Secretion by Lepidium meyenii Extract Supplementation After Exhaustive Endurance Exercise in Healthy Men: A Double-blind, Placebo-controlled Trial",2024,International Journal of Medical Sciences,openalex_cited_by+pubmed_elink_citedin
Campbell_Turner_2018,forward,42065088,10.3389/fspor.2026.1780114,The exploration of immune system function changes in marathon athletes after high-intensity training by Agent-Based Model,2026,Frontiers in Sports and Active Living,openalex_cited_by+pubmed_elink_citedin
Campbell_Turner_2018,forward,33092337,10.23736/s0022-4707.20.11767-5,Immune response to physical exercise: evidence to take into account during the Coronavirus disease (COVID-19) pandemic,2021,The Journal of Sports Medicine and Physical Fitness,openalex_cited_by
Campbell_Turner_2018,forward,32755432,10.1080/09638237.2020.1803234,Exercise addiction and COVID-19-associated restrictions,2020,Journal of Mental Health,openalex_cited_by
Campbell_Turner_2018,forward,33989314,10.1371/journal.pone.0250088,Training and illness characteristics of cross-country skiers transitioning from junior to senior level,2021,PLoS ONE,openalex_cited_by+pubmed_elink_citedin
Campbell_Turner_2018,forward,39425121,10.1186/s12889-024-20363-6,Association between physical activity based on wearables and self-reported health status among adolescents: NHANES 2011–2014,2024,BMC Public Health,openalex_cited_by+pubmed_elink_citedin
Campbell_Turner_2018,forward,39982316,10.1249/jes.0000000000000360,Exercise May Improve Completion of Standard and Emerging Cancer Treatments,2025,Exercise and Sport Sciences Reviews,openalex_cited_by+pubmed_elink_citedin
Campbell_Turner_2018,forward,34880864,10.3389/fimmu.2021.768098,Cancer Evo–Dev: A Theory of Inflammation-Induced Oncogenesis,2021,Frontiers in Immunology,openalex_cited_by+pubmed_elink_citedin
Campbell_Turner_2018,forward,33370551,10.1016/j.pcad.2020.12.001,Temporal changes in personal activity intelligence and mortality: Data from the aerobics center longitudinal study,2020,Progress in Cardiovascular Diseases,openalex_cited_by
Campbell_Turner_2018,forward,32923351,10.5334/gh.879,Cardiometabolic Health: Key in Reducing Adverse COVID-19 Outcomes,2020,Global Heart,openalex_cited_by+pubmed_elink_citedin
Campbell_Turner_2018,forward,37832643,10.1016/j.jshs.2023.10.002,Impact of exercise on markers of B cell-related immunity: A systematic review,2023,Journal of sport and health science/Journal of Sport and Health Science,openalex_cited_by+pubmed_elink_citedin
Campbell_Turner_2018,forward,35842068,10.1016/j.pcad.2022.07.001,Post pandemic research priorities: A consensus statement from the HL-PIVOT,2022,Progress in Cardiovascular Diseases,openalex_cited_by+pubmed_elink_citedin
Campbell_Turner_2018,forward,33926145,10.3390/ijerph18094603,Immune Response of Elite Enduro Racers to Laboratory and Racing Environments: The Influence of Training Impulse and Vibration,2021,International Journal of Environmental Research and Public Health,openalex_cited_by+pubmed_elink_citedin
Campbell_Turner_2018,forward,33630676,10.1152/japplphysiol.01051.2020,Levels of cardiorespiratory fitness in men exerts strong impact on lymphocyte function after mitogen stimulation,2021,Journal of Applied Physiology,openalex_cited_by
Campbell_Turner_2018,forward,41863615,,,,,pubmed_elink_citedin
Campbell_Turner_2018,forward,40659656,,,,,pubmed_elink_citedin
Campbell_Turner_2018,forward,33893945,10.1007/s10517-021-05139-x,Ammonium Salts Promote Adaptive Changes of Rat Immune System to Ultimate Load in the Forced Swimming Model,2021,Bulletin of Experimental Biology and Medicine,openalex_cited_by+pubmed_elink_citedin
Campbell_Turner_2018,forward,42461394,10.1007/s00421-026-06337-z,Intensity matters: high-intensity interval resistance exercise induces greater immune activation than low-intensity resistance exercise 45 min post-workout,2026,European Journal of Applied Physiology,openalex_cited_by+pubmed_elink_citedin
Campbell_Turner_2018,forward,31921481,10.1016/j.jshs.2019.07.004,Impacts of exercise interventions on different diseases and organ functions in mice,2019,Journal of sport and health science/Journal of Sport and Health Science,openalex_cited_by+pubmed_elink_citedin
Campbell_Turner_2018,forward,36011581,10.3390/ijerph19169947,CCL2 Gene Expression and Protein Level Changes Observed in Response to Wingate Anaerobic Test in High-Trained Athletes and Non-Trained Controls,2022,International Journal of Environmental Research and Public Health,openalex_cited_by+pubmed_elink_citedin
Campbell_Turner_2018,forward,30336639,10.3390/nu10101531,Immune Function and Micronutrient Requirements Change over the Life Course,2018,Nutrients,openalex_cited_by+pubmed_elink_citedin
Campbell_Turner_2018,forward,37372448,10.3390/genes14061268,Chromosome-Level Genome Assembly Provides Insights into the Evolution of the Special Morphology and Behaviour of Lepturacanthus savala,2023,Genes,openalex_cited_by+pubmed_elink_citedin
Campbell_Turner_2018,forward,31849709,10.3389/fphys.2019.01461,"(Whole-Body) Electromyostimulation, Muscle Damage, and Immune System: A Mini Review",2019,Frontiers in Physiology,openalex_cited_by+pubmed_elink_citedin
Campbell_Turner_2018,forward,40777031,10.3389/fimmu.2025.1617261,Exercise workload: a key determinant of immune health – a narrative review,2025,Frontiers in Immunology,openalex_cited_by+pubmed_elink_citedin
Campbell_Turner_2018,forward,33192581,10.3389/fphys.2020.577540,Acute Exercise-Induced Oxidative Stress Does Not Affect Immediate or Delayed Precursor Cell Mobilization in Healthy Young Males,2020,Frontiers in Physiology,openalex_cited_by+pubmed_elink_citedin
Campbell_Turner_2018,forward,39020498,10.14814/phy2.16161,Levels of circulating angiotensin‐converting enzyme 2 are affected by acute exercise and correlate with markers of physical fitness in male athletes,2024,Physiological Reports,openalex_cited_by+pubmed_elink_citedin
Campbell_Turner_2018,forward,34420536,10.1017/s0007114521003202,The Mediterranean dietary pattern for optimising health and performance in competitive athletes: a narrative review,2021,British Journal Of Nutrition,openalex_cited_by
Campbell_Turner_2018,forward,32585674,10.1159/000509216,Immunological Implications of Physical Inactivity among Older Adults during the COVID-19 Pandemic,2020,Gerontology,openalex_cited_by+pubmed_elink_citedin
Campbell_Turner_2018,forward,31662290,10.1016/j.ebiom.2019.10.034,Skeletal muscle as potential central link between sarcopenia and immune senescence,2019,EBioMedicine,openalex_cited_by+pubmed_elink_citedin
Campbell_Turner_2018,forward,34768497,10.3390/jcm10214978,Beyond the Finish Line: The Impact and Dynamics of Biomarkers in Physical Exercise—A Narrative Review,2021,Journal of Clinical Medicine,openalex_cited_by+pubmed_elink_citedin
Campbell_Turner_2018,forward,32899277,10.3390/children7090125,Contextualizing Parental/Familial Influence on Physical Activity in Adolescents before and during COVID-19 Pandemic: A Prospective Analysis,2020,Children,openalex_cited_by+pubmed_elink_citedin
Campbell_Turner_2018,forward,38362064,10.3389/fspor.2024.1264814,The acute effects of pre- and mid-exercise carbohydrate ingestion on the immunoregulatory stress hormone release in experienced endurance athletes—a systematic review,2024,Frontiers in Sports and Active Living,openalex_cited_by+pubmed_elink_citedin
Campbell_Turner_2018,forward,42591912,10.3389/fimmu.2026.1817225,Impact of exercise intervention on immune function during aging,2026,Frontiers in Immunology,openalex_cited_by+pubmed_elink_citedin
Campbell_Turner_2018,forward,40879955,10.1007/978-3-031-88361-3_23,Skeletal Muscle and the Immune System,2025,Advances in experimental medicine and biology,openalex_cited_by+pubmed_elink_citedin
Campbell_Turner_2018,forward,33812764,10.1016/j.cyto.2021.155514,Differential effects of whole blood heat treatment on the ex vivo inflammatory profile of untrained and trained men,2021,Cytokine,openalex_cited_by
Campbell_Turner_2018,forward,42204392,10.1093/immhor/vlag022,The influence of exercise modality on the inflammatory response to high-intensity interval training,2026,ImmunoHorizons,openalex_cited_by+pubmed_elink_citedin
Campbell_Turner_2018,forward,37275224,10.3389/fphys.2023.1036925,Exercise and COVID-19: exercise intensity reassures immunological benefits of post-COVID-19 condition,2023,Frontiers in Physiology,openalex_cited_by+pubmed_elink_citedin
Campbell_Turner_2018,forward,37428393,10.1007/s11906-023-01252-6,Tracking Biomarker Responses to Exercise in Hypertension,2023,Current Hypertension Reports,openalex_cited_by+pubmed_elink_citedin
Campbell_Turner_2018,forward,37890965,10.1136/bjsports-2023-107185,Team USA injury and illness incidence at the 2022 Beijing Winter Olympic and Paralympic Games,2023,British Journal of Sports Medicine,openalex_cited_by
Campbell_Turner_2018,forward,34302965,10.1016/j.bbi.2021.07.010,Exercise and adrenergic regulation of immunity,2021,Brain Behavior and Immunity,openalex_cited_by
Campbell_Turner_2018,forward,31703460,10.3390/genes10110908,Genetically Determined Physical Activity and Its Association with Circulating Blood Cells,2019,Genes,openalex_cited_by+pubmed_elink_citedin
Campbell_Turner_2018,forward,40809025,10.3389/fonc.2025.1638060,RETRACTED: Physical activity and glioblastoma: a paradigm shift in neuro-oncology therapy,2025,Frontiers in Oncology,openalex_cited_by+pubmed_elink_citedin
Campbell_Turner_2018,forward,34489717,10.3389/fphys.2021.668327,Influence of Exercise on Exhausted and Senescent T Cells: A Systematic Review,2021,Frontiers in Physiology,openalex_cited_by+pubmed_elink_citedin
Campbell_Turner_2018,forward,39743381,10.1016/j.jnha.2024.100401,Global consensus on optimal exercise recommendations for enhancing healthy longevity in older adults (ICFSR),2024,The journal of nutrition health & aging,openalex_cited_by+pubmed_elink_citedin
Campbell_Turner_2018,forward,31193280,10.1016/j.jshs.2018.09.009,The compelling link between physical activity and the body's defense system,2018,Journal of sport and health science/Journal of Sport and Health Science,openalex_cited_by+pubmed_elink_citedin
Campbell_Turner_2018,forward,41484100,10.1038/s41467-025-68101-9,Acute exercise rewires the proteomic landscape of human immune cells,2026,Nature Communications,openalex_cited_by+pubmed_elink_citedin
Campbell_Turner_2018,forward,37763806,10.3390/medicina59091687,The Effect of Moderate-Intensity Physical Exercise on Some Serum Inflammation Markers and the Immune System in Rats Fed Intermittent Fasting with a High-Fat Diet,2023,Medicina,openalex_cited_by+pubmed_elink_citedin
Campbell_Turner_2018,forward,40250877,10.1136/bmjopen-2024-091049,How to improve the transferability of a 12-week home-space sedentary behaviour intervention for ethnically diverse older adults: a qualitative study protocol of key stakeholder perspectives,2025,BMJ Open,openalex_cited_by+pubmed_elink_citedin
Campbell_Turner_2018,forward,39478832,10.3389/fspor.2024.1393067,Back pain exercise therapy remodels human epigenetic profiles in buccal and human peripheral blood mononuclear cells: an exploratory study in young male participants,2024,Frontiers in Sports and Active Living,openalex_cited_by+pubmed_elink_citedin
Campbell_Turner_2018,forward,40760148,10.1038/s41598-025-13515-0,Effect of repeated sprint exercise on immunological responses in adult and adolescent athletes at different stages of biological maturation: a-quasi-experimental-trial,2025,Scientific Reports,openalex_cited_by+pubmed_elink_citedin
Campbell_Turner_2018,forward,36918416,10.1007/s00421-023-05168-6,Effects of protein–carbohydrate vs. carbohydrate alone supplementation on immune inflammation markers in endurance athletes: a randomized controlled trial,2023,European Journal of Applied Physiology,openalex_cited_by+pubmed_elink_citedin
Campbell_Turner_2018,forward,31738771,10.1371/journal.pone.0220542,Chronic exercise modulates the cellular immunity and its cannabinoid receptors expression,2019,PLoS ONE,openalex_cited_by+pubmed_elink_citedin
Campbell_Turner_2018,forward,37123249,10.1016/j.isci.2023.106532,Single-cell sequencing of immune cells after marathon and symptom-limited cardiopulmonary exercise,2023,iScience,openalex_cited_by+pubmed_elink_citedin
Campbell_Turner_2018,forward,34651124,10.3389/fspor.2021.689805,Overnight Immune Regulation and Subjective Measures of Sleep: A Three Night Observational Study in Adolescent Track and Field Athletes,2021,Frontiers in Sports and Active Living,openalex_cited_by+pubmed_elink_citedin
Campbell_Turner_2018,forward,41705158,10.3389/fmed.2025.1703829,The acute effect of sprint interval training on the immune system: a systematic review and meta-regression analysis,2026,Frontiers in Medicine,openalex_cited_by+pubmed_elink_citedin
Campbell_Turner_2018,forward,32360589,10.1016/j.bbadis.2020.165823,Exercise-induced immune system response: Anti-inflammatory status on peripheral and central organs,2020,Biochimica et Biophysica Acta (BBA) - Molecular Basis of Disease,openalex_cited_by+pubmed_elink_citedin
Campbell_Turner_2018,forward,37252426,10.3389/fspor.2023.1163182,The effects of exercise training for eight weeks on immune cell characteristics among breast cancer survivors,2023,Frontiers in Sports and Active Living,openalex_cited_by+pubmed_elink_citedin
Campbell_Turner_2018,forward,39482693,10.1186/s12889-024-20546-1,Exploring the association between lifestyle and cardiovascular health metrics and HPV infection risk: insights from the National Health and Nutrition Examination Survey 2005–2016 data,2024,BMC Public Health,openalex_cited_by+pubmed_elink_citedin
Campbell_Turner_2018,forward,33047384,10.1096/fj.202001403rr,Plasticity of the human IgM repertoire in response to long‐term spaceflight,2020,The FASEB Journal,openalex_cited_by
Campbell_Turner_2018,forward,29885920,10.1016/j.physbeh.2018.06.008,Lymphocytes and monocytes egress peripheral blood within minutes after cessation of steady state exercise: A detailed temporal analysis of leukocyte extravasation,2018,Physiology & Behavior,openalex_cited_by
Campbell_Turner_2018,forward,36636200,10.5114/biolsport.2023.112087,The effects of normobaric hypoxia on the leukocyte responses to resistance exercise,2022,Biology of Sport,openalex_cited_by+pubmed_elink_citedin
Campbell_Turner_2018,forward,41740469,10.1016/j.imbio.2026.153170,"Lymphocyte subpopulations in healthy Ukrainian men: local reference ranges, long temporal stability, and exercise-induced variability",2026,Immunobiology,openalex_cited_by
Campbell_Turner_2018,forward,36795414,10.1001/jamanetworkopen.2022.56186,Association of Accelerometer-Measured Physical Activity Level With Risks of Hospitalization for 25 Common Health Conditions in UK Adults,2023,JAMA Network Open,openalex_cited_by+pubmed_elink_citedin
Campbell_Turner_2018,forward,31832146,10.1002/ece3.5658,Not going with the flow: Locomotor activity does not constrain immunity in a wild fish,2019,Ecology and Evolution,openalex_cited_by+pubmed_elink_citedin
Campbell_Turner_2018,forward,39604770,10.1007/s00421-024-05677-y,"An ultra-endurance event leads to changes in circulating regulatory T-cells, CD4+ naïve and CD8+ effector memory T-cells in the 48 h post-race recovery period",2024,European Journal of Applied Physiology,openalex_cited_by+pubmed_elink_citedin
Campbell_Turner_2018,forward,35631195,10.3390/nu14102054,Influence of Nutritional Status and Physical Exercise on Immune Response in Metabolic Syndrome,2022,Nutrients,openalex_cited_by+pubmed_elink_citedin
Campbell_Turner_2018,forward,37681023,10.3389/fonc.2023.1244090,Harnessing the immunomodulatory effects of exercise to enhance the efficacy of monoclonal antibody therapies against B-cell haematological cancers: a narrative review,2023,Frontiers in Oncology,openalex_cited_by+pubmed_elink_citedin
Campbell_Turner_2018,forward,36374766,10.1016/j.jshs.2022.10.003,Exercise sustains the hallmarks of health,2022,Journal of sport and health science/Journal of Sport and Health Science,openalex_cited_by+pubmed_elink_citedin
Campbell_Turner_2018,forward,37419893,10.1038/s41598-023-37124-x,Seasonal changes in physiological and psychological parameters of stress in collegiate swimmers,2023,Scientific Reports,openalex_cited_by+pubmed_elink_citedin
Campbell_Turner_2018,forward,39590909,10.3390/sports12110307,Testing in Football: A Narrative Review,2024,Sports,openalex_cited_by
Campbell_Turner_2018,forward,34093778,10.1007/s11332-021-00787-y,Potential role of Nigella sativa supplementation with physical activity in prophylaxis and treatment of COVID-19: a contemporary review,2021,Sport Sciences for Health,openalex_cited_by+pubmed_elink_citedin
Campbell_Turner_2018,forward,33752623,10.1186/s12877-021-02128-7,Lifestyle exercise attenuates immunosenescence; flow cytometry analysis,2021,BMC Geriatrics,openalex_cited_by+pubmed_elink_citedin
Campbell_Turner_2018,forward,34829658,10.3390/antiox10111787,Physical Activity in Polluted Air—Net Benefit or Harm to Cardiovascular Health? A Comprehensive Review,2021,Antioxidants,openalex_cited_by+pubmed_elink_citedin
Campbell_Turner_2018,forward,30998792,10.1371/journal.pone.0215475,What is the effect of a Mediterranean compared with a Fast Food meal on the exercise induced adipokine changes? A randomized cross-over clinical trial,2019,PLoS ONE,openalex_cited_by+pubmed_elink_citedin
Campbell_Turner_2018,forward,42445137,10.3389/fmed.2026.1820821,Organ-specific redox and trace element modulation and hematological adaptation following hyperbaric oxygenation and physical activity in rats,2026,Frontiers in Medicine,openalex_cited_by+pubmed_elink_citedin
Campbell_Turner_2018,forward,33546247,10.3390/healthcare9020163,A Combined Approach for Health Assessment in Adolescent Endurance Runners,2021,Healthcare,openalex_cited_by+pubmed_elink_citedin
Campbell_Turner_2018,forward,32342019,10.1016/j.obmed.2020.100245,Exercise against SARS-CoV-2 (COVID-19): Does workout intensity matter? (A mini review of some indirect evidence related to obesity),2020,Obesity Medicine,openalex_cited_by+pubmed_elink_citedin
Campbell_Turner_2018,forward,39068934,10.1055/a-2348-0238,Acute Inflammatory Response to Eccentric Exercise in Young and Master Resistance-trained Athletes,2024,International Journal of Sports Medicine,openalex_cited_by
Campbell_Turner_2018,forward,37179769,10.1016/j.ynpai.2023.100126,Influence of routine exercise on the peripheral immune system to prevent and alleviate pain,2023,Neurobiology of Pain,openalex_cited_by+pubmed_elink_citedin
Campbell_Turner_2018,forward,35653127,10.1080/10408398.2022.2083070,Clinical and nutritional management of very-low-calorie ketogenic diet (VLCKD) in patients with psoriasis and obesity: a practical guide for the nutritionist,2022,Critical Reviews in Food Science and Nutrition,openalex_cited_by
Campbell_Turner_2018,forward,42729312,10.3389/fphar.2026.1880592,Synergistic effects of intradialytic concurrent training and melatonin supplementation on immune cell adaptations in hemodialysis patients,2026,Frontiers in Pharmacology,openalex_cited_by+pubmed_elink_citedin
Campbell_Turner_2018,forward,41795834,10.1093/jncics/pkag021,"Chronic exercise training intensity, immune cells, and cancer outcomes: a scoping review",2026,JNCI Cancer Spectrum,openalex_cited_by+pubmed_elink_citedin
Campbell_Turner_2018,forward,38849257,10.1016/j.idnow.2024.104883,Freshwater sports and infectious diseases: A narrative review,2024,Infectious Diseases Now,openalex_cited_by
Campbell_Turner_2018,forward,35510255,10.1016/j.jesf.2022.03.005,"Bout duration in high-intensity interval exercise modifies hematologic, metabolic and antioxidant responses",2022,Journal of Exercise Science & Fitness,openalex_cited_by+pubmed_elink_citedin
Campbell_Turner_2018,forward,40029414,10.1007/s10695-025-01474-2,"Induced swimming in European seabass (Dicentrarchus labrax): effects on the stress response, immune, and antioxidant status",2025,Fish Physiology and Biochemistry,openalex_cited_by+pubmed_elink_citedin
Campbell_Turner_2018,forward,33393082,10.1111/eci.13485,Sustaining efficient immune functions with regular physical exercise in the COVID‐19 era and beyond,2021,European Journal of Clinical Investigation,openalex_cited_by+pubmed_elink_citedin
Campbell_Turner_2018,forward,33593462,10.1017/s0007114521000568,"Immune status, well-being and gut microbiota in military supplemented with synbiotic ice cream and submitted to field training: a randomised clinical trial",2021,British Journal Of Nutrition,openalex_cited_by
Campbell_Turner_2018,forward,35162910,10.3390/ijerph19031888,"A Guide to Different Intensities of Exercise, Vaccination, and Sports Nutrition in the Course of Preparing Elite Athletes for the Management of Upper Respiratory Infections during the COVID-19 Pandemic: A Narrative Review",2022,International Journal of Environmental Research and Public Health,openalex_cited_by+pubmed_elink_citedin
Campbell_Turner_2018,forward,40917935,10.2147/jir.s545914,The Dual Role of Myokines in Fatigue Associated with Inflammatory Joint Diseases,2025,Journal of Inflammation Research,openalex_cited_by+pubmed_elink_citedin
Campbell_Turner_2018,forward,34039771,10.1123/ijsnem.2021-0040,"Effect of Exercising in the Heat on Intestinal Fatty Acid-Binding Protein, Endotoxins, and Lipopolysaccharide-Binding Protein Markers in Trained Athletic Populations: A Systematic Literature Review",2021,International Journal of Sport Nutrition and Exercise Metabolism,openalex_cited_by
Campbell_Turner_2018,forward,31747702,10.1055/a-1015-0453,Acute Impact of Recovery on the Restoration of Cellular Immunological Homeostasis,2019,International Journal of Sports Medicine,openalex_cited_by
Campbell_Turner_2018,forward,33072240,10.1016/j.waojou.2020.100476,Enhancing innate immunity against virus in times of COVID-19: Trying to untangle facts from fictions,2020,World Allergy Organization Journal,openalex_cited_by+pubmed_elink_citedin
Campbell_Turner_2018,forward,41024702,10.1002/ejsc.70058,Anxiety and Mood Disturbance Are Prospectively Associated With Respiratory Infection Risk and the Mucosal Immune Response to Exercise,2025,European Journal of Sport Science,openalex_cited_by+pubmed_elink_citedin
Campbell_Turner_2018,forward,34827208,10.3390/biology10111215,Physical Training Increases Erythroferrone Levels in Men,2021,Biology,openalex_cited_by+pubmed_elink_citedin
Campbell_Turner_2018,forward,35412405,10.1080/14787210.2022.2065983,"Can the immunological system of the upper respiratory tract, improved by physical exercise, act as a first immunological barrier against SARS-CoV-2?",2022,Expert Review of Anti-infective Therapy,openalex_cited_by
Campbell_Turner_2018,forward,34867452,10.3389/fphys.2021.747200,Moderate Intensity Aerobic Exercise Potential Favorable Effect Against COVID-19: The Role of Renin-Angiotensin System and Immunomodulatory Effects,2021,Frontiers in Physiology,openalex_cited_by+pubmed_elink_citedin
Campbell_Turner_2018,forward,35270750,10.3390/ijerph19053059,Basal Values of Biochemical and Hematological Parameters in Elite Athletes,2022,International Journal of Environmental Research and Public Health,openalex_cited_by+pubmed_elink_citedin
Campbell_Turner_2018,forward,39553359,,,,,pubmed_elink_citedin
Campbell_Turner_2018,forward,34400178,10.1016/j.neubiorev.2021.08.006,"The immunological influence of physical exercise on TBI-induced pathophysiology: Crosstalk between the spleen, gut, and brain",2021,Neuroscience & Biobehavioral Reviews,openalex_cited_by
Campbell_Turner_2018,forward,35469185,10.1007/s11469-022-00815-z,Physical Activity and Exercise Addiction During the Covid-19 Pandemic in Italy,2022,International Journal of Mental Health and Addiction,openalex_cited_by+pubmed_elink_citedin
Campbell_Turner_2018,forward,32099717,10.1016/j.jshs.2020.01.005,"Should, and how can, exercise be done during a coronavirus outbreak? An interview with Dr. Jeffrey A. Woods",2020,Journal of sport and health science/Journal of Sport and Health Science,openalex_cited_by+pubmed_elink_citedin
Campbell_Turner_2018,forward,40726009,10.1111/acel.70182,Epigenetic Age Monitoring in Professional Soccer Players for Tracking Recovery and the Effects of Strenuous Exercise,2025,Aging Cell,openalex_cited_by+pubmed_elink_citedin
Campbell_Turner_2018,forward,37113691,10.3389/fphys.2023.1167449,Biomarkers of post-match recovery in semi-professional and professional football (soccer),2023,Frontiers in Physiology,openalex_cited_by+pubmed_elink_citedin
Campbell_Turner_2018,forward,34202384,10.3390/healthcare9070801,Mental Health and Physical Activity in Health-Related University Students during the COVID-19 Pandemic,2021,Healthcare,openalex_cited_by+pubmed_elink_citedin
Campbell_Turner_2018,forward,39769501,10.3390/ijms252413740,The Therapeutic Potential of Physical Exercise in Cancer: The Role of Chemokines,2024,International Journal of Molecular Sciences,openalex_cited_by+pubmed_elink_citedin
Campbell_Turner_2018,forward,32833973,10.1371/journal.pone.0237705,Exercise influences the impact of polychlorinated biphenyl exposure on immune function,2020,PLoS ONE,openalex_cited_by+pubmed_elink_citedin
Campbell_Turner_2018,forward,41596069,10.3390/antiox15010010,Antioxidants and Exercise Performance: Focus on Mediterranean Diet,2025,Antioxidants,openalex_cited_by+pubmed_elink_citedin
Campbell_Turner_2018,forward,37372128,10.3390/biology12060843,"Involvement of Matrix Metalloproteinases in COVID-19: Molecular Targets, Mechanisms, and Insights for Therapeutic Interventions",2023,Biology,openalex_cited_by+pubmed_elink_citedin
Campbell_Turner_2018,forward,32508388,10.5114/biolsport.2020.94348,Medical recommendations for home-confined footballers’ training during the COVID-19 pandemic: from evidence to practical application,2020,Biology of Sport,openalex_cited_by+pubmed_elink_citedin
Campbell_Turner_2018,forward,38791248,10.3390/ijms25105210,Immunology of Physical Exercise: Is Equus caballus an Appropriate Animal Model for Human Athletes?,2024,International Journal of Molecular Sciences,openalex_cited_by+pubmed_elink_citedin
Campbell_Turner_2018,forward,35345017,10.1055/a-1810-5314,"Sports, Myocarditis and COVID-19: Diagnostics, Prevention and Return-to-play Strategies",2022,International Journal of Sports Medicine,openalex_cited_by+pubmed_elink_citedin
Campbell_Turner_2018,forward,30508863,10.1055/a-0741-7001,Acute Exercise Increases the Expression of KIR2DS4 by Promoter Demethylation in NK Cells,2018,International Journal of Sports Medicine,openalex_cited_by
Campbell_Turner_2018,forward,41616978,10.1016/j.ajt.2026.01.022,Move to tolerate: Exercise and environmental factors improve transplant outcomes,2026,American Journal of Transplantation,openalex_cited_by
Campbell_Turner_2018,forward,38618551,10.1136/bmjnph-2023-000755,Vital role for primary healthcare providers: urgent need to educate the community about daily nutritional self-care to support immune function and maintain health,2023,BMJ Nutrition Prevention & Health,openalex_cited_by+pubmed_elink_citedin
Campbell_Turner_2018,forward,35686081,10.3389/fpsyg.2022.864515,Regular Physical Activities Inhibit Risk Factors of the Common Cold Among Chinese Adults,2022,Frontiers in Psychology,openalex_cited_by+pubmed_elink_citedin
Campbell_Turner_2018,forward,34496147,10.14814/phy2.15010,Exercise‐induced amplification of mitogen‐stimulated oxidative burst in whole blood is strongly influenced by neutrophil counts during and following exercise,2021,Physiological Reports,openalex_cited_by+pubmed_elink_citedin
Campbell_Turner_2018,forward,41842715,10.1111/sms.70258,The Immune System as a Biosensor of Health and Athletic Performance,2026,Scandinavian Journal of Medicine and Science in Sports,openalex_cited_by+pubmed_elink_citedin
Campbell_Turner_2018,forward,37771563,10.51250/jheal.v1i4.21,Effects of the COVID-19 Pandemic on Physical Activity Behavior Across Domains and Settings,2021,Journal of Healthy Eating and Active Living,openalex_cited_by+pubmed_elink_citedin
Campbell_Turner_2018,forward,42183211,10.3389/fimmu.2026.1822561,Exercise and tissue-resident memory T cells: from circulating numbers to spatial immune remodeling,2026,Frontiers in Immunology,openalex_cited_by+pubmed_elink_citedin
Campbell_Turner_2018,forward,32033000,10.3390/ijms21031010,"Targeting Age-Dependent Functional and Metabolic Decline of Human Skeletal Muscle: The Geroprotective Role of Exercise, Myokine IL-6, and Vitamin D",2020,International Journal of Molecular Sciences,openalex_cited_by+pubmed_elink_citedin
Campbell_Turner_2018,forward,34571745,10.3390/biology10090868,Acute and Chronic Effects of Interval Training on the Immune System: A Systematic Review with Meta-Analysis,2021,Biology,openalex_cited_by+pubmed_elink_citedin
Campbell_Turner_2018,forward,31001142,10.3389/fphys.2019.00362,Changes to the Human Serum Proteome in Response to High Intensity Interval Exercise: A Sequential Top-Down Proteomic Analysis,2019,Frontiers in Physiology,openalex_cited_by+pubmed_elink_citedin
Campbell_Turner_2018,forward,36348102,10.1007/s00421-022-05058-3,Partial body cryotherapy exposure drives acute redistribution of circulating lymphocytes: preliminary findings,2022,European Journal of Applied Physiology,openalex_cited_by+pubmed_elink_citedin
Campbell_Turner_2018,forward,35855783,10.1177/15598276211029222,"COVID-19: Implications for Physical Activity, Health Disparities, and Health Equity",2021,American Journal of Lifestyle Medicine,openalex_cited_by+pubmed_elink_citedin
Campbell_Turner_2018,forward,35671623,10.1016/j.ebiom.2022.104096,An immunometabolic signature of athletes susceptible to respiratory tract illness? Comment on: Evidence of immunometabolic dysregulation and airway dysbiosis in athletes susceptible to respiratory illness,2022,EBioMedicine,openalex_cited_by
Campbell_Turner_2018,forward,39837220,10.1016/j.virol.2024.110372,Respiratory viruses affecting health and performance in equine athletes,2024,Virology,openalex_cited_by
Campbell_Turner_2018,forward,42799570,10.1111/1750-3841.71505,Acute and Chronic Effects of Green Tea Kombucha With and Without Grape Skin Extract on Immune and Oxidative Stress Markers in Beginner Runners: A Randomized Controlled Trial,2026,Journal of Food Science,openalex_cited_by
Campbell_Turner_2018,forward,38781293,10.1161/circresaha.124.323975,Exercise to Prevent Accelerated Vascular Aging in People Living With HIV,2024,Circulation Research,openalex_cited_by+pubmed_elink_citedin
Campbell_Turner_2018,forward,36497720,10.3390/ijerph192315645,The Potential of Exerkines in Women’s COVID-19: A New Idea for a Better and More Accurate Understanding of the Mechanisms behind Physical Exercise,2022,International Journal of Environmental Research and Public Health,openalex_cited_by+pubmed_elink_citedin
Campbell_Turner_2018,forward,34017905,10.1177/2333794x211012980,Effect of COVID-19 Lockdown on Young Egyptian Soccer Players,2021,Global Pediatric Health,openalex_cited_by+pubmed_elink_citedin
Campbell_Turner_2018,forward,38239881,10.3389/fphys.2023.1292580,Immunomodulatory effects of exercise in cancer prevention and adjuvant therapy: a narrative review,2024,Frontiers in Physiology,openalex_cited_by+pubmed_elink_citedin
Campbell_Turner_2018,forward,42050009,,,,,pubmed_elink_citedin
Campbell_Turner_2018,forward,34067776,10.3390/ijerph18105329,Post-COVID-19 Syndrome and the Potential Benefits of Exercise,2021,International Journal of Environmental Research and Public Health,openalex_cited_by+pubmed_elink_citedin
Campbell_Turner_2018,forward,32466163,10.3390/ijerph17103722,Mental Health Problems during the COVID-19 Pandemics and the Mitigation Effects of Exercise: A Longitudinal Study of College Students in China,2020,International Journal of Environmental Research and Public Health,openalex_cited_by+pubmed_elink_citedin
Campbell_Turner_2018,forward,35096237,,,,,pubmed_elink_citedin
Campbell_Turner_2018,forward,33233549,10.3390/antiox9111155,"The Effect of Physical Training on Peripheral Blood Mononuclear Cell Ex Vivo Proliferation, Differentiation, Activity, and Reactive Oxygen Species Production in Racehorses",2020,Antioxidants,openalex_cited_by+pubmed_elink_citedin
Campbell_Turner_2018,forward,32375564,10.1177/1359105320925149,Human needs in COVID-19 isolation,2020,Journal of Health Psychology,openalex_cited_by
Campbell_Turner_2018,forward,39832052,10.1007/s10522-025-10183-5,The effect of three types of water-based training protocols on thymus atrophy and specific indicators of cellular immune senescence in aged male rats,2025,Biogerontology,openalex_cited_by+pubmed_elink_citedin
Campbell_Turner_2018,forward,33877614,10.1007/s40279-021-01466-1,"Effects of Regular Physical Activity on the Immune System, Vaccination and Risk of Community-Acquired Infectious Disease in the General Population: Systematic Review and Meta-Analysis",2021,Sports Medicine,openalex_cited_by
Campbell_Turner_2018,forward,33418951,10.3390/nu13010157,"A 2 Week Cross-over Intervention with a Low Carbohydrate, High Fat Diet Compared to a High Carbohydrate Diet Attenuates Exercise-Induced Cortisol Response, but Not the Reduction of Exercise Capacity, in Recreational Athletes",2021,Nutrients,openalex_cited_by+pubmed_elink_citedin
Campbell_Turner_2018,forward,32924671,10.1080/17476348.2021.1823833,Diagnostic approaches in COVID-19: clinical updates,2020,Expert Review of Respiratory Medicine,openalex_cited_by
Campbell_Turner_2018,forward,33806895,10.3390/ijms22063265,The Role of Innate and Adaptive Immune Cells in Skeletal Muscle Regeneration,2021,International Journal of Molecular Sciences,openalex_cited_by+pubmed_elink_citedin
Campbell_Turner_2018,forward,35564488,10.3390/ijerph19095093,The Relationship between Physical Activity and Long COVID: A Cross-Sectional Study,2022,International Journal of Environmental Research and Public Health,openalex_cited_by+pubmed_elink_citedin
Campbell_Turner_2018,forward,35490556,10.1016/j.ebiom.2022.104024,Evidence of immunometabolic dysregulation and airway dysbiosis in athletes susceptible to respiratory illness,2022,EBioMedicine,openalex_cited_by+pubmed_elink_citedin
Campbell_Turner_2018,forward,42451008,10.3390/healthcare14131998,Association Between Physical Activity and Mortality in Men with or at Risk of Prostate Cancer: A Systematic Review,2026,Healthcare,openalex_cited_by+pubmed_elink_citedin
Campbell_Turner_2018,forward,35927269,10.1038/s41514-022-00089-8,Age-dependent impact of two exercise training regimens on genomic and metabolic remodeling in skeletal muscle and liver of male mice,2022,npj Aging,openalex_cited_by+pubmed_elink_citedin
Campbell_Turner_2018,forward,36206875,10.1016/j.exger.2022.111973,"Associations between cardiorespiratory fitness, monocyte polarization, and exercise-related changes in mnemonic discrimination performance in older adults",2022,Experimental Gerontology,openalex_cited_by
Campbell_Turner_2018,forward,36982095,10.3390/ijerph20065183,Does Physical Exercise Enhance the Immune Response after Vaccination? A Systematic Review for Clinical Indications of COVID-19 Vaccine,2023,International Journal of Environmental Research and Public Health,openalex_cited_by+pubmed_elink_citedin
Campbell_Turner_2018,forward,32038628,10.3389/fimmu.2019.03082,Systemic β-Adrenergic Receptor Activation Augments the ex vivo Expansion and Anti-Tumor Activity of Vγ9Vδ2 T-Cells,2020,Frontiers in Immunology,openalex_cited_by+pubmed_elink_citedin
Campbell_Turner_2018,forward,32564299,10.1007/s40279-020-01309-5,The Benefits of Strength Training on Musculoskeletal System Health: Practical Applications for Interdisciplinary Care,2020,Sports Medicine,openalex_cited_by
Campbell_Turner_2018,forward,33110775,10.4103/jfmpc.jfmpc_504_20,A review on exploring evidence-based approach to harnessing the immune system in times of corona virus pandemic: Best of modern and traditional Indian system of medicine,2020,Journal of Family Medicine and Primary Care,openalex_cited_by+pubmed_elink_citedin
Campbell_Turner_2018,forward,35113390,10.1007/s40279-022-01643-w,A Life History Perspective on Athletes with Low Energy Availability,2022,Sports Medicine,openalex_cited_by+pubmed_elink_citedin
Campbell_Turner_2018,forward,38149260,10.3389/fimmu.2023.1335256,Exercise to transform tumours from cold to hot and improve immunotherapy responsiveness,2023,Frontiers in Immunology,openalex_cited_by+pubmed_elink_citedin
Campbell_Turner_2018,forward,35328666,10.3390/ijms23063245,"Physical Exercise, a Potential Non-Pharmacological Intervention for Attenuating Neuroinflammation and Cognitive Decline in Alzheimer’s Disease Patients",2022,International Journal of Molecular Sciences,openalex_cited_by+pubmed_elink_citedin
Campbell_Turner_2018,forward,35122095,10.14283/jfa.2021.44,Mechanisms of Musculoskeletal Frailty in People Living with HIV,2021,The Journal of Frailty & Aging,openalex_cited_by
Campbell_Turner_2018,forward,38708320,10.1016/j.smhs.2024.01.004,Demystifying roles of exercise in immune response regulation against acute respiratory infections: A narrative review,2024,Sports Medicine and Health Science,openalex_cited_by+pubmed_elink_citedin
Campbell_Turner_2018,forward,37077797,10.5114/biolsport.2023.116005,The acute leukocyte and cytokine response of older adults to resistance exercise in normobaric hypoxia,2022,Biology of Sport,openalex_cited_by+pubmed_elink_citedin
Campbell_Turner_2018,forward,33027604,10.1152/japplphysiol.00775.2020,Commentaries on Viewpoint: The interaction between SARS-CoV-2 and ACE2 may have consequences for skeletal muscle viral susceptibility and myopathies,2020,Journal of Applied Physiology,openalex_cited_by+pubmed_elink_citedin
Campbell_Turner_2018,forward,36430110,10.3390/ijerph192215393,"Before and during the COVID-19 Pandemic, Physical Fitness Association with Mental Health among Higher Education Students: A Multi-Group Analysis Model",2022,International Journal of Environmental Research and Public Health,openalex_cited_by+pubmed_elink_citedin
Campbell_Turner_2018,forward,42196705,10.3390/ijerph23050611,Effects of Moderate-Intensity Aerobic Exercise on Clinical Symptoms and Physiological Outcomes in Young Adults with Persistent Allergic Rhinitis: A Randomized Controlled Trial,2026,International Journal of Environmental Research and Public Health,openalex_cited_by+pubmed_elink_citedin
Campbell_Turner_2018,forward,32885275,10.1007/s00421-020-04484-5,Molecular mechanisms involved in the positive effects of physical activity on coping with COVID-19,2020,European Journal of Applied Physiology,openalex_cited_by+pubmed_elink_citedin
Campbell_Turner_2018,forward,32714938,10.3389/fmed.2020.00379,Physical Exercise Potentials Against Viral Diseases Like COVID-19 in the Elderly,2020,Frontiers in Medicine,openalex_cited_by+pubmed_elink_citedin
Campbell_Turner_2018,forward,38834174,10.1055/a-2338-5397,Kinetics of Immune Cell Mobilization during Acute Aerobic Exercise in Healthy Adults,2024,International Journal of Sports Medicine,openalex_cited_by
Campbell_Turner_2018,forward,35616304,10.1152/japplphysiol.00301.2021,T-cell counts in response to acute cardiorespiratory or resistance exercise in physically active or physically inactive older adults: a randomized crossover study,2022,Journal of Applied Physiology,openalex_cited_by
Campbell_Turner_2018,forward,41298810,10.1038/s41598-025-26196-6,"Biochemical, immune, and endocrine biomarkers associated with exacerbated muscular response: insights from a field-based operational cohort study",2025,Scientific Reports,openalex_cited_by
Campbell_Turner_2018,forward,41049033,10.1016/j.jesf.2025.09.002,Impact of aerobic exercise on immune components across healthy and diseased populations: A systematic review and meta-analysis of randomized controlled trials,2025,Journal of Exercise Science & Fitness,openalex_cited_by+pubmed_elink_citedin
Campbell_Turner_2018,forward,34676696,10.14814/phy2.15075,"Exercise duration modulates upper and lower respiratory fluid cellularity, antiviral activity, and lung gene expression",2021,Physiological Reports,openalex_cited_by+pubmed_elink_citedin
Campbell_Turner_2018,forward,39221163,10.3389/fnut.2024.1418778,Gut-muscle axis mechanism of exercise prevention of sarcopenia,2024,Frontiers in Nutrition,openalex_cited_by+pubmed_elink_citedin
Campbell_Turner_2018,forward,36957989,10.1515/jbcpp-2023-0040,Importance of moderate-to-vigorous physical activity during the COVID-19 pandemic: a systematic review and meta-analysis,2023,Journal of Basic and Clinical Physiology and Pharmacology,openalex_cited_by
Campbell_Turner_2018,forward,38243724,10.1111/apha.14095,Acute exercise‐induced release of innate immune proteins via small extracellular vesicles changes with aerobic fitness and age,2024,Acta Physiologica,openalex_cited_by
Campbell_Turner_2018,forward,36935511,10.1186/s12974-023-02753-6,Exercise suppresses neuroinflammation for alleviating Alzheimer’s disease,2023,Journal of Neuroinflammation,openalex_cited_by+pubmed_elink_citedin
Campbell_Turner_2018,forward,40611086,10.1186/s12905-025-03848-3,Association between physical activity and gynecological cancers: a meta-analysis of prospective cohort studies,2025,BMC Women s Health,openalex_cited_by+pubmed_elink_citedin
Campbell_Turner_2018,forward,30687141,10.3389/fpsyt.2018.00762,Physical Exercise in Major Depression: Reducing the Mortality Gap While Improving Clinical Outcomes,2019,Frontiers in Psychiatry,openalex_cited_by+pubmed_elink_citedin
Campbell_Turner_2018,forward,35327526,10.3390/biomedicines10030724,A Bioinformatics-Assisted Review on Iron Metabolism and Immune System to Identify Potential Biomarkers of Exercise Stress-Induced Immunosuppression,2022,Biomedicines,openalex_cited_by+pubmed_elink_citedin
Campbell_Turner_2018,forward,33787989,10.1007/s00421-021-04668-7,"Transferring clinically established immune inflammation markers into exercise physiology: focus on neutrophil-to-lymphocyte ratio, platelet-to-lymphocyte ratio and systemic immune-inflammation index",2021,European Journal of Applied Physiology,openalex_cited_by+pubmed_elink_citedin
Campbell_Turner_2018,forward,33398798,10.1007/s40279-020-01402-9,The Effect of Acute Physical Exercise on NK-Cell Cytolytic Activity: A Systematic Review and Meta-Analysis,2021,Sports Medicine,openalex_cited_by
Campbell_Turner_2018,forward,42512385,10.3390/cancers18142322,Exogenous Heat Shock Proteins in Oncology: Biological Roles and Clinical Implications,2026,Cancers,openalex_cited_by+pubmed_elink_citedin
Campbell_Turner_2018,forward,40155997,10.1186/s13287-025-04261-1,Examining the effect of intermittent cycling throughout a 3-h period on peripheral blood concentrations of haemopoietic stem and progenitor cells and cytolytic natural killer cells,2025,Stem Cell Research & Therapy,openalex_cited_by+pubmed_elink_citedin
Campbell_Turner_2018,forward,33965431,10.1016/j.jaci.2021.04.028,Prolonged high-intensity exercise induces fluctuating immune responses to herpes simplex virus infection via glucocorticoids,2021,Journal of Allergy and Clinical Immunology,openalex_cited_by
Campbell_Turner_2018,forward,37360977,10.1007/s11332-023-01067-7,Effects of Covid-19 on the autonomic nervous system in elite athletes assessed by heart rate variability,2023,Sport Sciences for Health,openalex_cited_by
Campbell_Turner_2018,forward,32449810,10.1111/bph.15141,Exercise training as prophylactic strategy in the management of neutropenia during chemotherapy,2020,British Journal of Pharmacology,openalex_cited_by
Campbell_Turner_2018,forward,30364079,10.3389/fimmu.2018.02187,Effects of Acute and Chronic Exercise on Immunological Parameters in the Elderly Aged: Can Physical Activity Counteract the Effects of Aging?,2018,Frontiers in Immunology,openalex_cited_by+pubmed_elink_citedin
Campbell_Turner_2018,forward,36620744,10.7717/peerj.14493,Acute physiological outcomes of high-intensity functional training: a scoping review,2023,PeerJ,openalex_cited_by+pubmed_elink_citedin
Campbell_Turner_2018,forward,34810239,10.1073/pnas.2107621118,The active grandparent hypothesis: Physical activity and the evolution of extended human healthspans and lifespans,2021,Proceedings of the National Academy of Sciences,openalex_cited_by+pubmed_elink_citedin
Campbell_Turner_2018,forward,38108546,10.1111/all.15977,Metabolic pathways in immune senescence and inflammaging: Novel therapeutic strategy for chronic inflammatory lung diseases. An EAACI position paper from the Task Force for Immunopharmacology,2023,Allergy,openalex_cited_by+pubmed_elink_citedin
Campbell_Turner_2018,forward,28230530,10.22029/eir.2017.1714,Developing a multi-component immune model for evaluating the risk of respiratory illness in athletes,2026,PubMed,openalex_cited_by
Campbell_Turner_2018,forward,34886779,10.2174/1574888x16666211209155333,Therapeutic Effects of Physical Exercise and the Mesenchymal Stem Cell Secretome by Modulating Neuroinflammatory Response in Multiple Sclerosis,2021,Current Stem Cell Research & Therapy,openalex_cited_by
Campbell_Turner_2018,forward,31654543,10.1002/ajhb.23347,The evolutionary adaptation of body art: Tattooing as costly honest signaling of enhanced immune response in American Samoa,2019,American Journal of Human Biology,openalex_cited_by
Campbell_Turner_2018,forward,37734549,10.1016/j.jshs.2023.09.007,Immune consequences of exercise in hypoxia: A narrative review,2023,Journal of sport and health science/Journal of Sport and Health Science,openalex_cited_by+pubmed_elink_citedin
Campbell_Turner_2018,forward,32751902,10.3390/ijerph17155545,Physical Activity Promotes Health and Reduces Cardiovascular Mortality in Depressed Populations: A Literature Overview,2020,International Journal of Environmental Research and Public Health,openalex_cited_by+pubmed_elink_citedin
Campbell_Turner_2018,forward,31068341,10.1158/0008-5472.can-18-2468,Can Exercise-Induced Modulation of the Tumor Physiologic Microenvironment Improve Antitumor Immunity?,2019,Cancer Research,openalex_cited_by+pubmed_elink_citedin
Campbell_Turner_2018,forward,39640787,10.1016/j.heliyon.2024.e39320,The impact of supervised and home exercise activity intervention on circulating immune cell numbers in cancer patients,2024,Heliyon,openalex_cited_by+pubmed_elink_citedin
Campbell_Turner_2018,forward,31908052,10.1096/fj.201902327r,Exercise as a countermeasure for latent viral reactivation during long duration space flight,2020,The FASEB Journal,openalex_cited_by
Campbell_Turner_2018,forward,41993944,10.3389/frmbi.2026.1734737,Gut microbiota composition correlates with PBMC microRNA expression following maximal exercise testing in endurance athletes,2026,Frontiers in Microbiomes,openalex_cited_by+pubmed_elink_citedin
Campbell_Turner_2018,forward,33936054,10.3389/fimmu.2021.639308,Regular Exercise May Restore Certain Age-Related Alterations of Adaptive Immunity and Rebalance Immune Regulation,2021,Frontiers in Immunology,openalex_cited_by+pubmed_elink_citedin
Campbell_Turner_2018,forward,31691927,10.1007/s40279-019-01160-3,Nutrition and Athlete Immune Health: New Perspectives on an Old Paradigm,2019,Sports Medicine,openalex_cited_by+pubmed_elink_citedin
Campbell_Turner_2018,forward,35132873,10.1161/jaha.121.023775,Association of Physical Activity and Lower Respiratory Tract Infection Outcomes in Patients With Cardiovascular Disease,2022,Journal of the American Heart Association,openalex_cited_by+pubmed_elink_citedin
Campbell_Turner_2018,forward,38667575,10.3390/healthcare12080813,"The Role of Diet and Physical Activity in Shaping COVID-19 Severity: Design, Validation, and Application of a Retrospective Questionnaire",2024,Healthcare,openalex_cited_by+pubmed_elink_citedin
Campbell_Turner_2018,forward,42136653,10.3389/fimmu.2026.1777470,Forging resilient warriors within: exercise’s epic role in training innate immunity and taming inflammation’s storm,2026,Frontiers in Immunology,openalex_cited_by+pubmed_elink_citedin
Campbell_Turner_2018,forward,34735776,10.1164/rccm.202106-1419oc,"Effects of a Partially Supervised Conditioning Program in Cystic Fibrosis: An International Multicenter, Randomized Controlled Trial (ACTIVATE-CF)",2021,American Journal of Respiratory and Critical Care Medicine,openalex_cited_by+pubmed_elink_citedin
Campbell_Turner_2018,forward,33576237,10.1177/0890117121990518,COVID-19: Are Non-Communicable Diseases Risk Factors for Its Severity?,2021,American Journal of Health Promotion,openalex_cited_by
Campbell_Turner_2018,forward,40418845,10.1139/apnm-2024-0344,A pilot study: the effect of intensity and menstrual cycle phase on exercise-induced leukocytosis in females,2025,Applied Physiology Nutrition and Metabolism,openalex_cited_by
Campbell_Turner_2018,forward,35223956,10.3389/fnut.2022.825629,Unraveling Muscle Impairment Associated With COVID-19 and the Role of 3D Culture in Its Investigation,2022,Frontiers in Nutrition,openalex_cited_by+pubmed_elink_citedin
Campbell_Turner_2018,forward,40534779,10.3389/fvets.2025.1608770,Effect of time of day and physical exercise on inflammatory biomarkers in athletic horses,2025,Frontiers in Veterinary Science,openalex_cited_by+pubmed_elink_citedin
Campbell_Turner_2018,forward,33178053,10.3389/fphys.2020.600888,Assessment of Serum Cytokines and Oxidative Stress Markers in Elite Athletes Reveals Unique Profiles Associated With Different Sport Disciplines,2020,Frontiers in Physiology,openalex_cited_by+pubmed_elink_citedin
Campbell_Turner_2018,forward,39172352,10.1007/s11010-024-05089-8,Unveiling the role of exercise in modulating plasma heat shock protein 27 levels: insights for exercise immunology and cardiovascular health,2024,Molecular and Cellular Biochemistry,openalex_cited_by
Campbell_Turner_2018,forward,38131715,10.3390/ijerph20247163,The Impact of COVID-19 Health and Safety Measures on the Self-Reported Exercise Behaviors and Mental Health of College Students,2023,International Journal of Environmental Research and Public Health,openalex_cited_by+pubmed_elink_citedin
Campbell_Turner_2018,forward,42397290,10.2340/1651-226x.2026.45827,Overall survival following palliative immune checkpoint inhibitor treatment according to ECOG performance status: a large registry-based study,2026,Acta Oncologica,openalex_cited_by+pubmed_elink_citedin
Campbell_Turner_2018,forward,41159023,10.3389/fimmu.2025.1673383,Exercise induced immune regulation and drug efficacy in rhinitis nasopharyngeal carcinoma implications for tumor microenvironment single cell immune signal transduction,2025,Frontiers in Immunology,openalex_cited_by+pubmed_elink_citedin
Campbell_Turner_2018,forward,37435298,10.2147/jmdh.s419306,Examining Physical Wellness as the Fundamental Element for Achieving Holistic Well-Being in Older Persons: Review of Literature and Practical Application in Daily Life,2023,Journal of Multidisciplinary Healthcare,openalex_cited_by+pubmed_elink_citedin
Campbell_Turner_2018,forward,40709812,10.14814/phy2.70479,"Rigorous methodological approaches to address knowledge gaps in exercise, nutrition, immunity, and infection risk research",2025,Physiological Reports,openalex_cited_by+pubmed_elink_citedin
Campbell_Turner_2018,forward,35112091,10.1016/j.bbih.2022.100415,Comparison of the lymphocyte response to interval exercise versus continuous exercise in recreationally trained men,2022,Brain Behavior & Immunity - Health,openalex_cited_by+pubmed_elink_citedin
Campbell_Turner_2018,forward,34716912,10.1007/s40520-021-02006-7,Associations of pre-pandemic levels of physical function and physical activity with COVID-19-like symptoms during the outbreak,2021,Aging Clinical and Experimental Research,openalex_cited_by+pubmed_elink_citedin
Campbell_Turner_2018,forward,34183717,10.1038/s41598-021-92716-9,Low-volume cycling training improves body composition and functionality in older people with multimorbidity: a randomized controlled trial,2021,Scientific Reports,openalex_cited_by+pubmed_elink_citedin
Campbell_Turner_2018,forward,39639055,10.1038/s41598-024-81225-0,Immune inflammation markers and physical fitness during a congested match play period in elite male soccer players,2024,Scientific Reports,openalex_cited_by+pubmed_elink_citedin
Campbell_Turner_2018,forward,34690818,10.3389/fphys.2021.751374,Physical Activity and Nutritional Influence on Immune Function: An Important Strategy to Improve Immunity and Health Status,2021,Frontiers in Physiology,openalex_cited_by+pubmed_elink_citedin
Campbell_Turner_2018,forward,42742976,10.1556/2060.2026.00883,"Exploratory study of β-endorphin, immune profiles, and skeletal muscle endoplasmic reticulum stress following an overtraining-like forced swimming regimen in rats",2026,Physiology International,openalex_cited_by
Campbell_Turner_2018,forward,36834808,10.3390/ijms24043394,"The Impact of Exercise on Immunity, Metabolism, and Atherosclerosis",2023,International Journal of Molecular Sciences,openalex_cited_by+pubmed_elink_citedin
Campbell_Turner_2018,forward,34214629,10.1016/j.ygeno.2021.06.035,Exercise-induced gene expression changes in skeletal muscle of old mice,2021,Genomics,openalex_cited_by+pubmed_elink_citedin
Campbell_Turner_2018,forward,33744894,10.1159/000513283,Patients with Severe Obesity during the COVID-19 Pandemic: How to Maintain an Adequate Multidisciplinary Nutritional Rehabilitation Program?,2021,Obesity Facts,openalex_cited_by+pubmed_elink_citedin
Campbell_Turner_2018,forward,37992002,10.1371/journal.pone.0291297,Salivary concentrations of secretory leukocyte protease inhibitor and matrix metallopeptidase-9 following a single bout of exercise are associated with intensity and hydration status,2023,PLoS ONE,openalex_cited_by+pubmed_elink_citedin
Campbell_Turner_2018,forward,31557507,10.1016/j.bbi.2019.09.018,Free light chains as an emerging biomarker in saliva: Biological variability and comparisons with salivary IgA and steroid hormones,2019,Brain Behavior and Immunity,openalex_cited_by
Campbell_Turner_2018,forward,38252367,10.1186/s40798-024-00681-0,Complement System Deficiencies in Elite Athletes,2024,Sports Medicine - Open,openalex_cited_by+pubmed_elink_citedin
Campbell_Turner_2018,forward,,10.1519/ssc.0000000000000563,Challenges to Athletes During the Home Confinement Caused by the COVID-19 Pandemic,2020,Strength and conditioning journal,openalex_cited_by_no_pmid
Campbell_Turner_2018,forward,,10.1590/0102-311x00054420,COVID-19: importância das novas tecnologias para a prática de atividades físicas como estratégia de saúde pública,2020,Cadernos de Saúde Pública,openalex_cited_by_no_pmid
Campbell_Turner_2018,forward,,10.1111/raq.12467,"Aerobic swimming in intensive finfish aquaculture: applications for production, mitigation and selection",2020,Reviews in Aquaculture,openalex_cited_by_no_pmid
Campbell_Turner_2018,forward,,10.1002/j.2040-4603.2019.tb00064.x,Exercise Training in Cancer Control and Treatment,2019,Comprehensive physiology,openalex_cited_by_no_pmid
Campbell_Turner_2018,forward,,10.12820/rbafs.25e0112,Multiple benefits of physical activity during the Coronavirus pandemic,2020,Revista Brasileira de Atividade Física & Saúde,openalex_cited_by_no_pmid
Campbell_Turner_2018,forward,,10.1080/23750472.2020.1779115,Effects of COVID-19 on society and sport a national response,2020,Managing Sport and Leisure,openalex_cited_by_no_pmid
Campbell_Turner_2018,forward,,10.30701/ijc.1016,Olahraga Rutin Untuk Meningkatkan Imunitas Pasien Hipertensi Selama Masa Pandemi COVID-19,2020,Indonesian Journal of Cardiology,openalex_cited_by_no_pmid
Campbell_Turner_2018,forward,,10.12820/rbafs.25e0176,Recomendações de atividade física e exercício físico durante a pandemia Covid-19: revisão de escopo sobre publicações no Brasil,2020,Revista Brasileira de Atividade Física & Saúde,openalex_cited_by_no_pmid
Campbell_Turner_2018,forward,,10.1002/tsm2.294,Effect of resistance training on chronic inflammation: A systematic review and meta‐analysis,2021,Translational Sports Medicine,openalex_cited_by_no_pmid
Campbell_Turner_2018,forward,,10.14687/jhs.v17i2.6005,COVID-19 immune system and exercise,2020,Journal of Human Sciences,openalex_cited_by_no_pmid
Campbell_Turner_2018,forward,,10.1002/j.2040-4603.2022.tb00211.x,State of Knowledge on Molecular Adaptations to Exercise in Humans: Historical Perspectives and Future Directions,2022,Comprehensive physiology,openalex_cited_by_no_pmid
Campbell_Turner_2018,forward,,10.3390/obesities3010005,Why Are Obese People Predisposed to Severe Disease in Viral Respiratory Infections?,2023,Obesities,openalex_cited_by_no_pmid
Campbell_Turner_2018,forward,,10.1016/j.apunsm.2020.06.003,A study of possible role of exercise and some antioxidant supplements against coronavirus disease 2019 (COVID-19): A cytokines related perspective,2020,Apunts Sports Medicine,openalex_cited_by_no_pmid
Campbell_Turner_2018,forward,,10.19131/rpesm.328,Saúde física e mental de profissionais de unidades de saúde da família na pandemia do COVID-19,2022,Revista Portuguesa de Enfermagem de Saúde Mental,openalex_cited_by_no_pmid
Campbell_Turner_2018,forward,,10.36706/altius.v10i1.14140,Aktivitas fisik dan aspek kekhawatiran lansia pada masa pandemi Covid-19,2021,Altius Jurnal Ilmu Olahraga dan Kesehatan,openalex_cited_by_no_pmid
Campbell_Turner_2018,forward,,10.14260/jemds/2020/556,COVID-19 Pandemic- A Curse to the Physical Well-Being of Every Individual in Lock-Down,2020,Journal of Evolution of Medical and Dental Sciences,openalex_cited_by_no_pmid
Campbell_Turner_2018,forward,,10.14260/jemds/2020/418,Quarantine Exercises in the Time of Covid-19- A Review,2020,Journal of Evolution of Medical and Dental Sciences,openalex_cited_by_no_pmid
Campbell_Turner_2018,forward,,10.1007/978-3-030-35784-9_9,"Salivary Bioscience, Immunity, and Inflammation",2020,Springer eBooks,openalex_cited_by_no_pmid
Campbell_Turner_2018,forward,,10.23887/jiku.v9i3.39579,Penggunaan Masker pada Saat Aktivitas Fisik di Saat Pandemi Covid-19,2021,Jurnal Ilmu Keolahragaan Undiksha,openalex_cited_by_no_pmid
Campbell_Turner_2018,forward,,10.12680/balneo.2023.581,The Role of Biomarkers in Elite Sports,2023,Balneo and PRM Research Journal,openalex_cited_by_no_pmid
Campbell_Turner_2018,forward,,10.1016/j.aquaculture.2024.741043,High-intensity exercise training in large yellow croaker is a compromise between disease resistance and fish welfare,2024,Aquaculture,openalex_cited_by_no_pmid
Campbell_Turner_2018,forward,,10.1007/s40806-018-0174-4,Shirts or Skins?: Tattoos as Costly Honest Signals of Fitness and Affiliation among US Intercollegiate Athletes and Other Undergraduates,2018,Evolutionary Psychological Science,openalex_cited_by_no_pmid
Campbell_Turner_2018,forward,,10.33233/rbfex.v20i1.4254,Recomendações para a prática de exercício físico em face do COVID-19: uma revisão integrativa,2021,Revista Brasileira de Fisiologia do Exercício,openalex_cited_by_no_pmid
Campbell_Turner_2018,forward,,10.3390/immuno1030009,The Effects of Physical Activity on the Aging of Circulating Immune Cells in Humans: A Systematic Review,2021,Immuno,openalex_cited_by_no_pmid
Campbell_Turner_2018,forward,,10.37989/gumussagbil.1096398,Gençlere Yönelik Egzersiz Bağımlılığı Ölçeği (GYEB): Bir Ölçek Uyarlama Çalışması,2022,Gümüşhane Üniversitesi Sağlık Bilimleri Dergisi,openalex_cited_by_no_pmid
Campbell_Turner_2018,forward,,10.11591/ijphs.v10i3.20827,Eating behavior and physical activity of senior citizens during the COVID-19 lockdown,2021,International Journal of Public Health Science (IJPHS),openalex_cited_by_no_pmid
Campbell_Turner_2018,forward,,10.1123/wspaj.2020-0068,Perceptions of Physical Activity Changes Due to COVID-19 Restrictions Among Women in the United Kingdom,2021,Women in Sport and Physical Activity Journal,openalex_cited_by_no_pmid
Campbell_Turner_2018,forward,,10.37469/0507-3758-2021-67-2-163-180,"Three pandemics at once: Noninfectious (cancer), infectious (COVID-19), and behavioral (hypokinesia)",2021,Voprosy Onkologii,openalex_cited_by_no_pmid
Campbell_Turner_2018,forward,,10.3892/wasj.2024.256,Exercise intervention may play a potential therapeutic role in patients with glioblastoma multiforme (Review),2024,World Academy of Sciences Journal,openalex_cited_by_no_pmid
Campbell_Turner_2018,forward,,10.1175/wcas-d-21-0073.1,Seasonal Climate Effects on Influenza–Pneumonia Mortality and Public Health,2022,Weather Climate and Society,openalex_cited_by_no_pmid
Campbell_Turner_2018,forward,,10.47197/retos.v45i0.91455,"Nutrición y ejercicio físico, una considerable propuesta de ayuda no farmacológica ante el COVID-19 (Nutrition and exercise, a considerable proposal for non-pharmacological help against COVID-19)",2022,Retos,openalex_cited_by_no_pmid
Campbell_Turner_2018,forward,,10.47197/retos.v47.95252,Beneficios y riesgos de la práctica de la carrera de resistencia en corredores veteranos. Un análisis crítico ( Benefits and risks of endurance running in veteran runners. A critical análisis),2022,Retos,openalex_cited_by_no_pmid
Campbell_Turner_2018,forward,,10.1177/1721727x221134942,Effects of acute endurance exercise and exhaustive exercise on innate immune signals induced by mtDNA,2022,European Journal of Inflammation,openalex_cited_by_no_pmid
Campbell_Turner_2018,forward,,10.1016/j.apunsm.2024.100437,The effects of training conditions on athletes’ mental health throughout the COVID-19 pandemic: Psychometric validation of the Persian athlete psychological strain questionnaire,2024,Apunts Sports Medicine,openalex_cited_by_no_pmid
Campbell_Turner_2018,forward,,10.1163/17552559-20230033,Effect of exercise on different factors affecting the immune system,2024,Comparative Exercise Physiology,openalex_cited_by_no_pmid
Campbell_Turner_2018,forward,,10.1016/b978-0-443-15500-0.00004-9,Age-related disease: Immune system,2024,Elsevier eBooks,openalex_cited_by_no_pmid
Campbell_Turner_2018,forward,,10.1007/s12662-025-01024-1,Long-term clinical outcome and exercise capacity in SARS-CoV-2-positive elite athletes,2025,German Journal of Exercise and Sport Research,openalex_cited_by_no_pmid
Campbell_Turner_2018,forward,,10.34119/bjhrv3n4-247,Alternativas para a prática de exercícios físicos durante a pandemia da COVID-19 e distanciamento social,2020,Brazilian Journal of Health Review,openalex_cited_by_no_pmid
Campbell_Turner_2018,forward,,10.3390/endocrines2020012,Natural Killer Cell Mobilization in Breast and Prostate Cancer Survivors: The Implications of Altered Stress Hormones Following Acute Exercise,2021,Endocrines,openalex_cited_by_no_pmid
Campbell_Turner_2018,forward,,10.25307/jssr.894818,Covid-19 Pandemi Sürecinde Spor Yapan Bireylerin Serbest Zaman Motivasyonlarının İncelenmesi,2021,Spor Bilimleri Araştırmaları Dergisi,openalex_cited_by_no_pmid
Campbell_Turner_2018,forward,,10.1016/j.cobeha.2019.06.002,Exercise and psychoneuroimmunology,2019,Current Opinion in Behavioral Sciences,openalex_cited_by_no_pmid
Campbell_Turner_2018,forward,,10.22146/jcoemph.58535,Barrier to health protocol adherence during exercise among youth in the COVID-19 pandemic era,2021,Journal of Community Empowerment for Health,openalex_cited_by_no_pmid
Campbell_Turner_2018,forward,,10.35587/brj.ed.0001379,Excesso de exercício físico?,2022,Brazilian Journals Editora eBooks,openalex_cited_by_no_pmid
Campbell_Turner_2018,forward,,10.37349/ei.2024.00175,"Influence of puberty stage in immune-inflammatory parameters in well-trained adolescent soccer-players, following 8-weeks of pre-seasonal preparation training",2024,Exploration of Immunology,openalex_cited_by_no_pmid
Campbell_Turner_2018,forward,,10.24040/sjss.2024.9.2.94-114,Impact of physical activity on respiratory diseases,2025,Slovak Journal of Sport Science,openalex_cited_by_no_pmid
Campbell_Turner_2018,forward,,10.1016/j.orthtr.2023.11.003,Current return to sports recommendations after non-severe COVID-19 from an exercise immunology perspective: A scoping review,2023,Sports Orthopaedics and Traumatology,openalex_cited_by_no_pmid
Campbell_Turner_2018,forward,,10.1016/j.afres.2024.100662,"Immunomodulatory effects of herbal extract mixture of Boswellia serrata, Commiphora myrrha, and propolis in a forced swimming-induced mouse model of immune dysfunction",2024,Applied Food Research,openalex_cited_by_no_pmid
Campbell_Turner_2018,forward,,10.4103/jmisr.jmisr_46_21,Lower-limb resistive versus aerobic training impact on quality of life in post-COVID-19 patients,2021,Journal of Medicine in Scientific Research,openalex_cited_by_no_pmid
Campbell_Turner_2018,forward,,10.54393/pbmj.v5i6.523,Breast Cancer Screening Practices Amongst Female Students in Pakistan,2022,Pakistan BioMedical Journal,openalex_cited_by_no_pmid
Campbell_Turner_2018,forward,,10.1007/978-3-031-41881-5_7,"Sedentary Behaviour, Diabetes and the Metabolic Syndrome",2023,Springer series on epidemiology and public health,openalex_cited_by_no_pmid
Campbell_Turner_2018,forward,,10.21926/obm.icm.2502021,Moderate Exercise Suppresses Tumor Growth and Progression through Regulating Cytokines,2025,OBM Integrative and Complementary Medicine,openalex_cited_by_no_pmid
Campbell_Turner_2018,forward,,10.15406/jnhfe.2017.07.00226,Micronutrients for Natural Carbonated and Noncarbonated Soft Drink,2017,Journal of Nutritional Health & Food Engineering,openalex_cited_by_no_pmid
Campbell_Turner_2018,forward,,10.1007/978-3-662-53386-4_20-1,Sportmedizinische Grundlagen: Immunologische Beanspruchung durch körperliche Belastung,2021,Springer eBooks,openalex_cited_by_no_pmid
Campbell_Turner_2018,forward,,10.5336/sportsci.2020-76411,"Does the COVID-19 Outbreak, Global Trends, Physical Inactivity and Sedentary Behavior Effects?",2020,Turkiye Klinikleri Journal of Sports Sciences,openalex_cited_by_no_pmid
Campbell_Turner_2018,forward,,10.20900/immunometab20210001,Immunometabolism and Covid-19: Could Lifelong Exercise Training Have a Protective Effect?,2020,Immunometabolism,openalex_cited_by_no_pmid
Campbell_Turner_2018,forward,,10.32708/uutfd.833931,Fiziksel Aktivitenin Kısıtlanması: Yetişkin ve Yaşlı Yetişkin Bireyler Arasındaki Farklılıklar,2021,Uludağ Üniversitesi Tıp Fakültesi Dergisi,openalex_cited_by_no_pmid
Campbell_Turner_2018,forward,,10.33607/bjshs.v1i124.1160,"Physical Activity, Outdoor and Adventure Sports During the Covid-19 Pandemic Process",2022,Baltic Journal of Sport and Health Sciences,openalex_cited_by_no_pmid
Campbell_Turner_2018,forward,,10.23937/2469-5718/1510172,Transient Immune Deficit after Exercise and the Relationship with Immuno-Nutrition: A Short Review of the Literature,2020,International Journal of Sports and Exercise Medicine,openalex_cited_by_no_pmid
Campbell_Turner_2018,forward,,10.11565/arsmed.v45i4.1732,"Nutrientes, alimentación y actividad física como potenciadores del sistema inmune en tiempos de COVID-19.",2020,ARS MEDICA Revista de Ciencias Médicas,openalex_cited_by_no_pmid
Campbell_Turner_2018,forward,,10.16965/ijpr.2022.124,"Exercise Performance and Immune Competence [EPIC]: Background of Natural Immunity, Immune Diversity and Immuno-iatrogenesis",2022,International Journal of Physiotherapy and Research,openalex_cited_by_no_pmid
Campbell_Turner_2018,forward,,10.4236/oalib.1108691,Exploring the Potential of Non-Pharmacological Therapeutic Interventions to Promote Resilience of the Human Immune System. Part I: Biological Foundations and Structured Exercise,2022,OALib,openalex_cited_by_no_pmid
Campbell_Turner_2018,forward,,10.17979/sportis.2022.8.3.8920,Análisis diferencial de variables psicológicas relacionadas con el compromiso para la práctica deportiva en universitarios durante el confinamiento por la COVID-19,2022,Sportis Scientific Journal of School Sport Physical Education and Psychomotricity,openalex_cited_by_no_pmid
Campbell_Turner_2018,forward,,10.33369/jk.v6i3.23751,Effect of Regular Exercise and Antioxidant on Superoxide Dismutase (SOD),2022,Kinestetik Jurnal Ilmiah Pendidikan Jasmani,openalex_cited_by_no_pmid
Campbell_Turner_2018,forward,,10.15294/komunitas.v14i2.37883,Sociology of Space: The Elderly Activity Space Before and During the Covid-19 Pandemic,2022,KOMUNITAS INTERNATIONAL JOURNAL OF INDONESIAN SOCIETY AND CULTURE,openalex_cited_by_no_pmid
Campbell_Turner_2018,forward,,10.13189/ujph.2022.100609,Can a Healthy Lifestyle Reduce Feelings of Anxiety during the COVID-19 Pandemic?,2022,Universal Journal of Public Health,openalex_cited_by_no_pmid
Campbell_Turner_2018,forward,,10.1007/978-3-030-48806-2_10,The Immune System,2020,Springer eBooks,openalex_cited_by_no_pmid
Campbell_Turner_2018,forward,,10.22533/at.ed.22721070611,"POLÍTICAS PÚBLICAS PARA A ORIENTAÇÃO DA VOCAÇÃO, DETECÇÃO E DESENVOLVIMENTO DE TALENTOS ESPORTIVOS",2021,,openalex_cited_by_no_pmid
Campbell_Turner_2018,forward,,10.1080/21641846.2021.1942949,"Acute and delayed biochemical, hematological, and neuromuscular responses to the Rest-pause resistance training method",2021,Fatigue Biomedicine Health & Behavior,openalex_cited_by_no_pmid
Campbell_Turner_2018,forward,,10.37527/2021.71.1.007,Papel de la alimentación en la respuesta a infecciones respiratorias altas en atletas de élite,2021,Archivos Latinoamericanos de Nutrición,openalex_cited_by_no_pmid
Campbell_Turner_2018,forward,,10.3390/cardiogenetics11040025,"Pathogenesis, Diagnosis and Risk Stratification in Arrhythmogenic Cardiomyopathy",2021,Cardiogenetics,openalex_cited_by_no_pmid
Campbell_Turner_2018,forward,,10.35587/brj.ed.0001384,ORIGEM DA FADIGA AGUDA: CÉREBRO,2022,Brazilian Journals Editora eBooks,openalex_cited_by_no_pmid
Campbell_Turner_2018,forward,,10.15857/ksep.2022.00479,Exercise and Gut Microbiome: Trends and Advances in Research Methods,2022,Exercise Science,openalex_cited_by_no_pmid
Campbell_Turner_2018,forward,,10.17977/um062v5i32023p345-352,Survei Minat Masyarakat Untuk Melakukan Aktivitas Olahraga Setelah PPKM di Stadion Maulana Yusuf Serang,2023,Sport Science and Health,openalex_cited_by_no_pmid
Campbell_Turner_2018,forward,,10.5812/zjrms-127999,Anthropometric and Physiological Changes in Bodybuilders During the COVID Pandemic,2023,Zahedan Journal of Research in Medical Sciences,openalex_cited_by_no_pmid
Campbell_Turner_2018,forward,,10.26877/jo.v8i2.15050,Pengaruh Latihan Intensitas Sedang Selama Pandemic Covid – 19 Terhadap Keterampilan Sepakbola Dan Kebugaran Jasmani,2023,Jendela Olahraga,openalex_cited_by_no_pmid
Campbell_Turner_2018,forward,,10.12820/rbafs.28e0312,Prática de atividade física ao ar livre na pandemia da COVID-19 entre professores do ensino público,2023,Revista Brasileira de Atividade Física & Saúde,openalex_cited_by_no_pmid
Campbell_Turner_2018,forward,,10.15758/ajk.2023.25.4.50,Physical Activity and Immunity in the Elderly for the Post-COVID-19 Pandemic Era: A Literature Review,2023,The Asian Journal of Kinesiology,openalex_cited_by_no_pmid
Campbell_Turner_2018,forward,,10.47197/retos.v51.101475,Ejercicio físico reduce la discapacidade física y el sufrimento psicológico em pacientes con lumbalgia: un estudio cuasi experimental (Physical exercise reduces physical disability and psychological suffering in patients with chronic low back pain: a quasi-experimental study),2023,Retos,openalex_cited_by_no_pmid
Campbell_Turner_2018,forward,,10.3390/immuno4010003,Markers for Immunological Resilience: Effects of Moderate- and High-Intensity Endurance Exercise on the Kinetic Response of Leukocyte Subsets,2024,Immuno,openalex_cited_by_no_pmid
Campbell_Turner_2018,forward,,10.51847/fccjs2pjin,The Impact of Moderate Intensity Exercise and Lemon Peel Essential Oil on Immune Function During the COVID-19 Pandemic,2022,Specialty journal of Pharmacognosy Phytochemistry and Biotechnology,openalex_cited_by_no_pmid
Campbell_Turner_2018,forward,,10.1007/978-3-030-22357-1_16,The Travelling Athlete,2019,Springer eBooks,openalex_cited_by_no_pmid
Campbell_Turner_2018,forward,,10.1007/978-3-030-33376-8_24,"Immune, Endocrine, and Soluble Factor Interactions During Aerobic Exercise in Cancer Survivors",2020,Contemporary Endocrinology,openalex_cited_by_no_pmid
Campbell_Turner_2018,forward,,10.1016/b978-0-12-824289-6.00010-6,"Physical activity as a counteracting measure to mitigate the harmful effects of COVID-19 lockdowns: Special focus on healthy children, adolescents, adults, elderly, athletes, and people with Down syndrome",2021,Elsevier eBooks,openalex_cited_by_no_pmid
Campbell_Turner_2018,forward,,10.33448/rsd-v10i13.21045,Como os profissionais de educação física se reinventaram durante a pandemia do COVID-19,2021,Research Society and Development,openalex_cited_by_no_pmid
Campbell_Turner_2018,forward,,10.46998/ijcmcr.2021.12.000299,COVID-19 Lockdowns: Exacerbating the Silent Pandemic,2021,International Journal of Clinical Studies and Medical Case Reports,openalex_cited_by_no_pmid
Campbell_Turner_2018,forward,,10.22481/recuesb.v9i16.8728,O FUNCIONAMENTO DO GRUPO DE CORRIDA PAPA-LÉGUAS NA PANDEMIA,2021,Revista Extensão & Cidadania/Revista Extensão e Cidadania,openalex_cited_by_no_pmid
Campbell_Turner_2018,forward,,10.21608/niles.2022.142671.1068,EFFICACY OF AEROBIC VERSUS RESISTANCE TRAINING ON DYSPNEA AND CRP LEVELS IN POST-COVID-19 PATIENTS,2022,NILES Journal forGeriatric and Gerontology/NILES Journal for Geriatric and Gerontology,openalex_cited_by_no_pmid
Campbell_Turner_2018,forward,,10.1007/978-981-19-3035-5_26,The Importance of Physical Health Maintenance Applications During the COVID-19 Pandemic in Indonesia,2022,Lecture notes on data engineering and communications technologies,openalex_cited_by_no_pmid
Campbell_Turner_2018,forward,,10.5114/pq.2022.121150,COVID-19 pandemic: regular physical activity and respiratory exercises at home as prevention and treatment,2022,Physiotherapy Quarterly,openalex_cited_by_no_pmid
Campbell_Turner_2018,forward,,10.1007/978-981-16-9336-6_14,Exercise in Immune Health Management and Rehabilitation Against COVID-19,2022,Springer eBooks,openalex_cited_by_no_pmid
Campbell_Turner_2018,forward,,10.48019/peam8812,"The Roadmap for Resilience: The California Surgeon General's Report on Adverse Childhood Experiences, Toxic Stress, and Health",2020,,openalex_cited_by_no_pmid
Campbell_Turner_2018,forward,,10.20944/preprints202104.0408.v1,Salivary Biomarkers in COVID-19 Patients: The Rabbit out of the Hat!,2021,Preprints.org,openalex_cited_by_no_pmid
Campbell_Turner_2018,forward,,10.25176/rfmh.v20i2.2941,Pandemia COVID-19: ¿Qué más puedo hacer?,2020,Revista de la Facultad de Medicina Humana,openalex_cited_by_no_pmid
Campbell_Turner_2018,forward,,10.1101/2021.05.18.444668,Large-scale genomic study reveals robust activation of the immune system following advanced Inner Engineering meditation retreat,2021,bioRxiv (Cold Spring Harbor Laboratory),openalex_cited_by_no_pmid
Campbell_Turner_2018,forward,,10.20944/preprints202309.1203.v1,Intervention Effects of Physical Activity on Type 2 Diabetic Patients Potentially Infected with COVID-19: A Systematic Review,2023,Preprints.org,openalex_cited_by_no_pmid
Campbell_Turner_2018,forward,,10.20944/preprints202403.0358.v1,"The Role of Diet and Physical Activity in Shaping COVID-19 Severity: Design, Validation, and Application of a Retrospective Questionnaire",2024,Preprints.org,openalex_cited_by_no_pmid
Campbell_Turner_2018,forward,,10.7752/jpes.2021.s4328,,2021,Journal of Physical Education and Sport,openalex_cited_by_no_pmid
Campbell_Turner_2018,forward,,10.1101/2022.01.01.21268576,COVID-19 vaccination status is associated with physical activity in German-speaking countries: the COR-PHYS-Q cohort study,2022,medRxiv,openalex_cited_by_no_pmid
Campbell_Turner_2018,forward,,10.22215/etd/2018-13331,"From Risk to Resilience: How Lifestyle Factors Interact with Early-Life Trauma, Genetic Polymorphisms, and Stress, in Predicting Risk for Depression",2018,,openalex_cited_by_no_pmid
Campbell_Turner_2018,forward,,10.20944/preprints202010.0270.v1,Implications of Engaging in Regular Exercise and Reducing Sedentary Behavior During a Global Pandemic: An Immuno-metabolic Perspective in Patients with Obesity and Type 2 Diabetes,2020,Preprints.org,openalex_cited_by_no_pmid
Campbell_Turner_2018,forward,,10.22541/au.160270385.53986317/v1,Effect of COVID 19 Lockdown on a Group of Young Egyptian Athletes,2020,,openalex_cited_by_no_pmid
Campbell_Turner_2018,forward,,10.2139/ssrn.5143717,Acute Exercise Rewires the Proteomic Landscape of Human Immune Cells,2025,SSRN Electronic Journal,openalex_cited_by_no_pmid
Campbell_Turner_2018,forward,,10.1101/2025.04.22.650067,"DNA Methylation Dynamics of Dose-dependent Acute Exercise, Training Adaptation, and Detraining",2025,bioRxiv (Cold Spring Harbor Laboratory),openalex_cited_by_no_pmid
Campbell_Turner_2018,forward,,10.1007/s11377-019-0379-5,Molekulare und biologische Grundlage zum Einfluss von Sport auf die Krebsentstehung,2019,Die Gastroenterologie,openalex_cited_by_no_pmid
Campbell_Turner_2018,forward,,,Histamine and the Exercise Responsome,2020,Scholars' Bank (University of Oregon),openalex_cited_by_no_pmid
Campbell_Turner_2018,forward,,10.26693/jmbs05.04.432,The Systematic Power Fitness Impact on the Humoral Immunity Indices of Athletes with Different Levels of Physical Fitness,2020,Ukraïnsʹkij žurnal medicini bìologìï ta sportu,openalex_cited_by_no_pmid
Campbell_Turner_2018,forward,,,"The influence of anxiety, psychological stress and exercise on an in vivo measure of immune competence",2020,,openalex_cited_by_no_pmid
Campbell_Turner_2018,forward,,10.1051/bioconf/20202600054,Physical education of students in the format of distance education,2020,BIO Web of Conferences,openalex_cited_by_no_pmid
Campbell_Turner_2018,forward,,10.1016/j.lpmfor.2020.10.016,Immunité et sport,2020,La Presse Médicale Formation,openalex_cited_by_no_pmid
Campbell_Turner_2018,forward,,10.5495/wjcid.v10.i4.47,COVID-19 risk comorbidities: Time to reappraise our physical inactivity habits (again!),2020,World Journal of Clinical Infectious Diseases,openalex_cited_by_no_pmid
Campbell_Turner_2018,forward,,10.18378/rebes.v10i4.8542,Repercussões da prática de exercício físico na quarentena causada pelo COVID-19,2020,Revista Brasileira de Educação e Saúde,openalex_cited_by_no_pmid
Campbell_Turner_2018,forward,,10.26717/bjstr.2020.30.004899,Physical Training Activity During Chemotherapy Affects Patient’s Immune System Indices,2020,Biomedical Journal of Scientific & Technical Research,openalex_cited_by_no_pmid
Campbell_Turner_2018,forward,,10.47363/jcrrr/2020(1)117,"COVID-19, Cardiological Issues & Health Education",2020,Journal of Cardiology Research Review & Reports,openalex_cited_by_no_pmid
Campbell_Turner_2018,forward,,10.21203/rs.3.rs-130050/v1,Exercise-Induced Engagement of the IL-15/IL15Rα axis Promotes Anti-Tumor Immunity,2021,Research Square,openalex_cited_by_no_pmid
Campbell_Turner_2018,forward,,10.1101/2021.04.25.21255567,T-cell responses to acute cardiorespiratory or resistance exercise in cohorts of physically active or physically inactive older adults: A randomized complete crossover,2021,medRxiv,openalex_cited_by_no_pmid
Campbell_Turner_2018,forward,,10.31189/2165-7629-10.1.35,The Multifaceted Benefits of Exercise in Prevention of COVID-19,2021,Journal of Clinical Exercise Physiology,openalex_cited_by_no_pmid
Campbell_Turner_2018,forward,,10.22533/at.ed.2272107064,INCLUSÃO DE PESSOAS COM DEFICIÊNCIA E ESPORTE PARALÍMPICO,2021,,openalex_cited_by_no_pmid
Campbell_Turner_2018,forward,,10.22533/at.ed.2272107062,"CONDICIONAMENTO FÍSICO, AUTONOMIA FUNCIONAL E QUALIDADE DE VIDA EM IDOSOS",2021,,openalex_cited_by_no_pmid
Campbell_Turner_2018,forward,,10.22533/at.ed.2272107061,NEUROCIÊNCIA DO EXERCÍCIO E SAÚDE MENTAL,2021,,openalex_cited_by_no_pmid
Campbell_Turner_2018,forward,,10.22533/at.ed.2272107068,EXERCÍCIO E DOENÇAS CRÔNICAS NÃO TRANSMISSÍVEIS,2021,,openalex_cited_by_no_pmid
Campbell_Turner_2018,forward,,10.22533/at.ed.2272107065,"EXERCÍCIOS FÍSICOS PARA DENSIDADE MINERAL ÓSSEA, SAÚDE E RISCO DE QUEDA EM IDOSOS",2021,,openalex_cited_by_no_pmid
Campbell_Turner_2018,forward,,10.22533/at.ed.22721070610,DEPENDÊNCIA QUÍMICA E EXERCICIO FÍSICO,2021,,openalex_cited_by_no_pmid
Campbell_Turner_2018,forward,,10.11606/t.39.2021.tde-18052021-165712,Efeito da suplementação de probióticos sobre parâmetros imunológicos e de permeabilidade intestinal em corredores após uma maratona,2021,,openalex_cited_by_no_pmid
Campbell_Turner_2018,forward,,10.22533/at.ed.2272107067,"SAÚDE, PERFORMANCE E DESENVOLVIMENTO HUMANO",2021,,openalex_cited_by_no_pmid
Campbell_Turner_2018,forward,,10.22533/at.ed.2272107063,EXERCÍCIO FÍSICO E DOENÇAS AUTOIMUNES,2021,,openalex_cited_by_no_pmid
Campbell_Turner_2018,forward,,10.22533/at.ed.2272107066,"CONDICIONAMENTO FÍSICO, SAÚDE E QUALIDADE DE VIDA",2021,,openalex_cited_by_no_pmid
Campbell_Turner_2018,forward,,10.1055/a-1493-4911,Positive Effects of Probiotics on Motor Coordination and Brain during Moderate and High-Intensity Exercise in Adolescent Female Mice,2021,Physikalische Medizin Rehabilitationsmedizin Kurortmedizin,openalex_cited_by_no_pmid
Campbell_Turner_2018,forward,,10.18521/ktd.924043,Teachers’ Approaches to Strengthening their Immune Systems during the COVID-19 Pandemic,2021,Konuralp Tıp Dergisi,openalex_cited_by_no_pmid
Campbell_Turner_2018,forward,,10.54434/candj.64,Assessing for the Co-morbidities and Factors That May Affect a Patient’s Risk and Response to COVID-19,2020,CAND Journal,openalex_cited_by_no_pmid
Campbell_Turner_2018,forward,,10.1016/b978-3-437-23461-3.00009-2,Immunsystem,2021,Elsevier eBooks,openalex_cited_by_no_pmid
Campbell_Turner_2018,forward,,10.17771/pucrio.acad.52462,INDICADORES DE SAÚDE MENTAL E A PRÁTICA DE ATIVIDADES FÍSICAS NO CONTEXTO DA PANDEMIA DA COVID-19,2021,,openalex_cited_by_no_pmid
Campbell_Turner_2018,forward,,10.36692/v14n1-03,A IMPORTÂNCIA DO PROFISSIONAL DE EDUCAÇÃO FÍSICA FRENTE A PANDEMIA DA COVID-19,2022,Revista CPAQV - Centro de Pesquisas Avançadas em Qualidade de Vida,openalex_cited_by_no_pmid
Campbell_Turner_2018,forward,,10.14218/erhm.2021.00055,Can Regular Exercise Before COVID-19 Disease Upregulate ACE2 and Downregulate TMPRSS2 in Patient’s Cells?,2022,Exploratory Research and Hypothesis in Medicine,openalex_cited_by_no_pmid
Campbell_Turner_2018,forward,,10.1016/b978-3-437-21481-3.00005-0,Training und Adaptation,2022,Elsevier eBooks,openalex_cited_by_no_pmid
Campbell_Turner_2018,forward,,10.22271/kheljournal.2021.v8.i5c.2285,"Engagement in physical activity for health and well-being: Self-rated activity level, perception of the value of physical activity and differences among teachers in public primary schools of six selected educational circuits",2021,International Journal of Physical Education Sports and Health,openalex_cited_by_no_pmid
Campbell_Turner_2018,forward,,10.1007/978-3-030-39903-0_101907,Lymphocytosis,2020,Springer eBooks,openalex_cited_by_no_pmid
Campbell_Turner_2018,forward,,10.35587/brj.ed.0001385,VARIABILIDADE DA FREQUÊNCIA CARDÍACA,2022,Brazilian Journals Editora eBooks,openalex_cited_by_no_pmid
Campbell_Turner_2018,forward,,10.35587/brj.ed.0001387,TÓPICOS ESPECIAIS: METABOLÔMICA,2022,Brazilian Journals Editora eBooks,openalex_cited_by_no_pmid
Campbell_Turner_2018,forward,,10.35587/brj.ed.0001383,ORIGEM DO OVERTRAINING: ESTRESSE OXIDATIVO,2022,Brazilian Journals Editora eBooks,openalex_cited_by_no_pmid
Campbell_Turner_2018,forward,,10.35587/brj.ed.0001380,OVERTRAINING NO FISICULTURISMO,2022,Brazilian Journals Editora eBooks,openalex_cited_by_no_pmid
Campbell_Turner_2018,forward,,10.21649/akemu.v27i4.4908,An Outlook on the COVID-19 Infection Magnitude in Pakistan and Potential Factors Contributing to Low Mortality Rates,2022,Annals of King Edward Medical University,openalex_cited_by_no_pmid
Campbell_Turner_2018,forward,,10.35587/brj.ed.0001386,PERIODIZAÇÃO E ESTRATÉGIAS DE TREINAMENTO,2022,Brazilian Journals Editora eBooks,openalex_cited_by_no_pmid
Campbell_Turner_2018,forward,,10.35587/brj.ed.0001382,ORIGEM DO OVERTRAINING: SISTEMA IMUNE,2022,Brazilian Journals Editora eBooks,openalex_cited_by_no_pmid
Campbell_Turner_2018,forward,,10.28982/josam.935905,How has the initial lockdown and reopening due to the COVID-19 pandemic affected physical activity level and well-being in Turkey?,2022,Journal of Surgery and Medicine,openalex_cited_by_no_pmid
Campbell_Turner_2018,forward,,10.26724/2079-8334-2022-1-79-29-33,INDICATORS OF GENERAL IMMUNITY IN PATIENTS WITH IATROGENIC MAXILLARY SINUSITIS,2022,World of Medicine and Biology,openalex_cited_by_no_pmid
Campbell_Turner_2018,forward,,10.1016/b978-0-323-91904-3.00014-8,Exercise,2022,Cancer,openalex_cited_by_no_pmid
Campbell_Turner_2018,forward,,10.1007/978-90-368-2761-4_11,Het immuunsysteem en samenhangende ziekten,2022,Bohn Stafleu van Loghum eBooks,openalex_cited_by_no_pmid
Campbell_Turner_2018,forward,,10.1007/978-1-4614-6439-6_101907-1,Lymphocytosis,2020,Springer eBooks,openalex_cited_by_no_pmid
Campbell_Turner_2018,forward,,10.3390/books978-3-0365-1851-0,Energy Metabolism and Diet,2022,MDPI eBooks,openalex_cited_by_no_pmid
Campbell_Turner_2018,forward,,10.21920/recei72022826398410,IMPORTÂNCIA DA ATIVIDADE FÍSICA PARA A SAÚDE EM TEMPOS DE PANDEMIA COVID-19: revisão de literatura,2022,Revista Eletrônica Científica Ensino Interdisciplinar,openalex_cited_by_no_pmid
Campbell_Turner_2018,forward,,10.33425/2693-1516.1014,Viral Infection in Athletes,2021,Case Reports and Reviews,openalex_cited_by_no_pmid
Campbell_Turner_2018,forward,,10.1016/b978-0-323-90235-9.00013-6,Elimination of damaged cells-dependent antiaging strategy,2022,Elsevier eBooks,openalex_cited_by_no_pmid
Campbell_Turner_2018,forward,,10.1016/b978-0-323-90235-9.00008-2,Overview of various antiaging strategies,2022,Elsevier eBooks,openalex_cited_by_no_pmid
Campbell_Turner_2018,forward,,10.31571/gervasi.v6i2.3440,Program Senam Aerobik Intensitas Sedang sebagai Upaya Meningkatkan Imunitas Tubuh Tenaga Kependidikan di Masa Pandemi,2022,GERVASI Jurnal Pengabdian kepada Masyarakat,openalex_cited_by_no_pmid
Campbell_Turner_2018,forward,,10.20868/upm.thesis.70736,Valores bioquímicos y hematológicos basales en deportistas de élite españoles,2021,,openalex_cited_by_no_pmid
Campbell_Turner_2018,forward,,10.52142/omujecm.39.4.32,Evaluation of sleep quality and physical activity levels of university students during the COVID-19 pandemic,2022,Journal of Experimental and Clinical Medicine,openalex_cited_by_no_pmid
Campbell_Turner_2018,forward,,10.1101/2022.11.13.515896,Analysis of IGHA1 and other salivary proteins post half marathon in female participants,2022,bioRxiv (Cold Spring Harbor Laboratory),openalex_cited_by_no_pmid
Campbell_Turner_2018,forward,,10.5772/intechopen.102531,Physical Activity and Vaccine Response,2022,IntechOpen eBooks,openalex_cited_by_no_pmid
Campbell_Turner_2018,forward,,10.11606/t.58.2022.tde-06122022-114711,"Efeitos dos serviços assistidos por equinos no sistema imunológico, estomatognático e na capacidade funcional de adultos mais velhos: estudo longitudinal",2022,,openalex_cited_by_no_pmid
Campbell_Turner_2018,forward,,10.1007/978-3-031-06101-1_9,Promoting Emotion-Regulating Coping Resilience,2022,Springer eBooks,openalex_cited_by_no_pmid
Campbell_Turner_2018,forward,,10.51847/gplgidmfkz,Regular Exercise of Moderate Intensity and Lemon Peel Essential Oil as Immunomodulator during Covid-19,2022,Pharmacophore,openalex_cited_by_no_pmid
Campbell_Turner_2018,forward,,10.1007/978-3-031-06101-1_12,Psychological Healing and Leveraging the Placebo Effect,2022,Springer eBooks,openalex_cited_by_no_pmid
Campbell_Turner_2018,forward,,10.4328/acam.21214,The effect of lifestyle on the course of COVID-19 infection,2022,The Annals of Clinical and Analytical Medicine,openalex_cited_by_no_pmid
Campbell_Turner_2018,forward,,10.21248/gups.71408,Physical activity and health during the SARS-CoV2 pandemic,2022,,openalex_cited_by_no_pmid
Campbell_Turner_2018,forward,,10.11606/t.5.2022.tde-01022023-090414,Estudo translacional da regulação metabólica do microambiente tumoral através do treinamento físico na modulação da resposta imune antitumoral em pacientes com câncer,2022,,openalex_cited_by_no_pmid
Campbell_Turner_2018,forward,,10.1007/978-3-662-53410-6_20,Sportmedizinische Grundlagen: Immunologische Beanspruchung durch körperliche Belastung,2023,Springer eBooks,openalex_cited_by_no_pmid
Campbell_Turner_2018,forward,,10.29086/978-0-9869937-0-1/2022/aasbs9/7,Social Isolation Sport and Exercise Disruptions and Impacts on the Elderly as a Vulnerable Group,2022,Alternation eBooks,openalex_cited_by_no_pmid
Campbell_Turner_2018,forward,,10.46551/ruc.v25n1a8,Exercício Físico Como Aliado Profilático Contra a COVID-19: Uma Hipótese Envolvendo o Receptor do Tipo Toll 7 (TLR-7),2023,Unimontes Científica,openalex_cited_by_no_pmid
Campbell_Turner_2018,forward,,10.11606/d.100.2023.tde-28032023-182809,A quantificação do estado emocional em ambiente competitivo: estudo de caso no tiro com arco,2023,,openalex_cited_by_no_pmid
Campbell_Turner_2018,forward,,10.1007/978-981-99-1802-7_2,Physical Activity as a Protective Factor of COVID-19,2023,Springer eBooks,openalex_cited_by_no_pmid
Campbell_Turner_2018,forward,,10.21203/rs.3.rs-3190890/v1,Intervention effectiveness of health behaviors during COVID-19: A network meta-analysis,2023,Research Square,openalex_cited_by_no_pmid
Campbell_Turner_2018,forward,,10.51271/jorr-0011,"Comparison of physical activity, internet addiction, and healthy lifestyle behavior of Turkish University students before and during the early COVID-19 Pandemic",2023,Journal of Orthopedics Research and Rehabilitation,openalex_cited_by_no_pmid
Campbell_Turner_2018,forward,,10.47749/t/unicamp.2021.1168948,"Resposta imune, bem-estar e microbiota intestinal de militares suplementados com sorvete simbiótico e submetidos a treinamento de campo",2021,,openalex_cited_by_no_pmid
Campbell_Turner_2018,forward,,10.1163/17552559-20220060,Effects of single and multiple bouts of eccentric exercise on immune responses to HSV-gD1 DNA vaccination in mice,2023,Comparative Exercise Physiology,openalex_cited_by_no_pmid
Campbell_Turner_2018,forward,,10.2139/ssrn.4687388,Low Energy Availability Increases Immune Cell Formation of Reactive Oxygen Species to Exercise and Impairs Exercise Performance in Female Endurance Athletes,2024,SSRN Electronic Journal,openalex_cited_by_no_pmid
Campbell_Turner_2018,forward,,10.22541/au.170665370.09722541/v1,Salivary biomarkers in COVID-19 patients: the rabbit out of the hat!,2024,,openalex_cited_by_no_pmid
Campbell_Turner_2018,forward,,10.34119/bjhrv7n1-581,"Impactos da pandemia de COVID-19 na qualidade de vida de professores de escolas públicas estaduais de um município Sergipano, Brasil",2024,Brazilian Journal of Health Review,openalex_cited_by_no_pmid
Campbell_Turner_2018,forward,,10.3895/rbqv.v15n0.15100,Influência da pandemia de COVID-19 na qualidade de vida e no comportamento ativo de professores universitários,2023,Revista Brasileira de Qualidade de Vida,openalex_cited_by_no_pmid
Campbell_Turner_2018,forward,,10.31080/asnh.2024.08.1385,Boosting the Immune System by Sport Activity and Nutrition Against Coronavirus (COVID),2024,Acta Scientifci Nutritional Health,openalex_cited_by_no_pmid
Campbell_Turner_2018,forward,,10.32652/spmed.2024.1.49-53,Вторинні імунодефіцитні стани у спортсменів,2024,Спортивна медицина фізична терапія та ерготерапія,openalex_cited_by_no_pmid
Campbell_Turner_2018,forward,,10.1016/b978-0-323-95648-2.00047-2,Social distancing behavior and mental health in US adolescents during the COVID-19 pandemic,2024,Elsevier eBooks,openalex_cited_by_no_pmid
Campbell_Turner_2018,forward,,10.1016/b978-0-12-822969-9.00006-7,Sleep and recovery,2024,Elsevier eBooks,openalex_cited_by_no_pmid
Campbell_Turner_2018,forward,,10.61186/jbums.30.1.56,Effect of periodic of resistance training on lipid peroxidation and Tumor necrosis factor-alpha in the heart tissue of male rats exposed to stanazol,2023,Sālnāmah va āmār.,openalex_cited_by_no_pmid
Campbell_Turner_2018,forward,,10.16887/kza73227,Ação Imunomoduladora da Estimulação Parassimpática promovida pelo Exercício Físico,2024,Fiep Bulletin - online,openalex_cited_by_no_pmid
Campbell_Turner_2018,forward,,10.53897/li.2024.0018.ucol,Aportes para la práctica del running,2024,Universidad de Colima eBooks,openalex_cited_by_no_pmid
Campbell_Turner_2018,forward,,10.1016/b978-0-443-23565-8.09996-8,References,2024,Elsevier eBooks,openalex_cited_by_no_pmid
Campbell_Turner_2018,forward,,10.1016/b978-0-443-23565-8.00009-0,Lifestyle Factors Affecting Biological Processes and Health,2024,Elsevier eBooks,openalex_cited_by_no_pmid
Campbell_Turner_2018,forward,,10.1007/978-981-97-4186-1_7,Impact of COVID-19 on Lifestyle-Related Behaviours Among Medical Student in Universiti Malaysia Sabah (UMS),2024,Lecture notes in bioengineering,openalex_cited_by_no_pmid
Campbell_Turner_2018,forward,,10.47529/2223-2524.2024.2.1,Assessment of the functional state of the body of highly qualified swimmers based on the analysis of correlations and dynamics of indicators of the morphological composition of the blood after the stress test,2024,Sports medicine research and practice,openalex_cited_by_no_pmid
Campbell_Turner_2018,forward,,10.5772/intechopen.1008423,Physical Activity: An Immunity Booster for Treating Respiratory Diseases,2025,IntechOpen eBooks,openalex_cited_by_no_pmid
Campbell_Turner_2018,forward,,10.1101/2025.01.30.25321196,Acute exercise rewires the proteomic landscape of human immune cells,2025,medRxiv,openalex_cited_by_no_pmid
Campbell_Turner_2018,forward,,10.2139/ssrn.5137605,Childhood Trauma and Immune-Mediated Disease: Evidence from Ecological and Prospective Cohort Studies,2025,SSRN Electronic Journal,openalex_cited_by_no_pmid
Campbell_Turner_2018,forward,,10.26641/2307-0404.2025.1.325371,Limited impact of roselle flower extract on protein carbonyl levels after physical exercise in healthy men,2025,Medicni perspektivi,openalex_cited_by_no_pmid
Campbell_Turner_2018,forward,,10.1007/978-3-031-84493-5_10,It’s Contagious,2025,Springer eBooks,openalex_cited_by_no_pmid
Campbell_Turner_2018,forward,,10.56984/8zg7d197y8i,Exercise immunology in 2 decades: systematic review and bibliometric analysis,2025,,openalex_cited_by_no_pmid
Campbell_Turner_2018,forward,,10.21203/rs.3.rs-6864249/v1,Acute exercise rewires the proteomic landscape of human immune cells,2025,Research Square,openalex_cited_by_no_pmid
Campbell_Turner_2018,forward,,10.17816/rjpbr657473,Molecular mechanisms of heat shock protein 27 under physical exertion and its role in cardiovascular disease prevention,2025,Russian Journal of Physiotherapy Balneology and Rehabilitation,openalex_cited_by_no_pmid
Campbell_Turner_2018,forward,,10.64628/aai.cyqupp7av,Untangling tattoos’ influence on immune response,2019,,openalex_cited_by_no_pmid
Campbell_Turner_2018,forward,,10.1007/978-3-662-68883-0_22,Sport und Immunsystem,2025,Springer eBooks,openalex_cited_by_no_pmid
Campbell_Turner_2018,forward,,10.1007/978-981-96-8249-2_73,Post Pandemic Covid-19 Students’ Physical Activities in Peri-Urban Areas,2025,Proceedings in Technology Transfer,openalex_cited_by_no_pmid
Campbell_Turner_2018,forward,,10.1051/bioconf/202621702005,Inflammation biomarker and physical exercise: A bibliometric study,2026,BIO Web of Conferences,openalex_cited_by_no_pmid
Campbell_Turner_2018,forward,,,How has the initial lockdown and reopening due to the COVID-19 pandemic affected physical activity level and well-being in Turkey?,2021,DergiPark (Istanbul University),openalex_cited_by_no_pmid
Campbell_Turner_2018,forward,,10.70675/4abe6de9z03b8z4096zaf2dz172152e67c73,Etude de différents protocoles d’exercice chez la souris et dans un modèle préclinique de lésion médullaire cervicale,2020,,openalex_cited_by_no_pmid
Campbell_Turner_2018,forward,,10.31435/ijitss.1(49).2026.5152,PHYSICAL ACTIVITY AND IMMUNE FUNCTION: IMPLICATIONS FOR RESPIRATORY INFECTIONS AND VACCINE IMMUNOGENICITY – A NARRATIVE REVIEW,2026,International Journal of Innovative Technologies in Social Science,openalex_cited_by_no_pmid
Campbell_Turner_2018,forward,,10.59614/acief62026275,"Exercise and Human Immunity in Adolescents (12–18 Years): Biomarkers, Sex Differences, and Evidence From Mexico and International Studies: a Narrative Review",2026,Revista Académica Internacional de Educación Física,openalex_cited_by_no_pmid
Campbell_Turner_2018,forward,,10.61399/ikcusbfd.1636975,Şiddetli Fiziksel Aktiviteye Bağlı Ortaya Çıkan Gastrointestinal ve Bağışıklık Sistemi Problemlerinin Önlenmesinde Probiyotik Takviyesinin Rolü: Geleneksel Derleme,2026,İzmir Katip Çelebi Üniversitesi Sağlık Bilimleri Fakültesi Dergisi,openalex_cited_by_no_pmid
Campbell_Turner_2018,forward,,10.2187/bss.40.18,Regulation of muscle properties by elevation of mitochondrial metabolism independent of changes in muscle contractility,2026,Biological Sciences in Space,openalex_cited_by_no_pmid
Campbell_Turner_2018,forward,,10.36283/pjr.zu.15.2/005,Effect of Badminton Sporting Activity on Complete Blood Count Parameters in Untrained University Students: A Pre-Post Tria,2026,Pakistan Journal of Rehabilitation,openalex_cited_by_no_pmid
Campbell_Turner_2018,forward,,10.1016/b978-3-437-24041-6.00005-2,Intervention bei krankheitsspezifischen Aspekten,2022,Elsevier eBooks,openalex_cited_by_no_pmid
Campbell_Turner_2018,forward,,10.1016/b978-0-443-36649-9.00004-9,Recent advances and future research directions in the crosstalk between inflammation and tumors,2026,Elsevier eBooks,openalex_cited_by_no_pmid
Campbell_Turner_2018,forward,,10.52976/vansaglik.1741773,Covid 19 Aşısı Olan Sağlık Çalışanlarında Antikor Düzeyi İle Egzersiz Alışkanlığı Arasındaki İlişkinin Değerlendirilmesi,2026,Van Sağlık Bilimleri Dergisi,openalex_cited_by_no_pmid
Campbell_Turner_2018,forward,,10.3389/fcimb.2026.1918695,Microbiota-mediated gut–brain communication following whey protein supplementation and resistance training: current evidence linking gastrointestinal function and cognitive health,2026,Frontiers in Cellular and Infection Microbiology,openalex_cited_by_no_pmid
Campbell_Turner_2018,forward,,10.31435/ijitss.3(51).2026.6701,SAUNA BATHING IN COMPETITIVE ATHLETES: BENEFIT OR RISK FOR RESPIRATORY AND IMMUNE FUNCTION? A NARRATIVE REVIEW,2026,International Journal of Innovative Technologies in Social Science,openalex_cited_by_no_pmid
Campbell_Turner_2018,forward,,10.3389/fpubh.2026.1958833,"Lifestyle factors or protective behaviors: which are more strongly associated with upper respiratory tract infections after COVID-19? A cross-sectional study of 1,535 Chinese college students",2026,Frontiers in Public Health,openalex_cited_by_no_pmid
Campbell_Turner_2018,forward,,10.3389/fspor.2026.1944574,Physical activity and improvement of physiological parameters by training,2026,Frontiers in Sports and Active Living,openalex_cited_by_no_pmid
Campbell_Turner_2018,forward,,10.1136/bmjimm-2025-000015,Impacts of arduous military training on immune function and susceptibility to respiratory infection: a narrative review,2026,BMJ Immunology,openalex_cited_by_no_pmid
Campbell_Turner_2018,forward,,10.5124/jkma.26.0087,"Liver-centric strategies for immune enhancement: an evidence-based review of the gut–liver axis, metabolism, lifestyle, and vaccination",2026,Journal of Korean Medical Association,openalex_cited_by_no_pmid
