title,journal,year,pmid,doi,title_hint
T and B cell subsets differentially correlate with amyloid deposition and neurocognitive function in patients with amnestic mild cognitive impairment after one year of physical activity,PubMed,2026,30785868,10.22029/eir.2019.1727,exercise+immune title
Physical Exercise as a Model for Investigation of the Inflammation Response in Mice,Methods in molecular biology,2026,41478938,10.1007/978-1-0716-5019-6_11,animal/in-vitro-like
An Overview of the Effects of Exercise on Viral Infection in Obesity: Recent Advances and Potential Mechanisms,Applied Biochemistry and Biotechnology,2026,41485170,10.1007/s12010-025-05504-w,review/editorial/book-like
Effects of Greek Yogurt Versus Whey Protein Supplementation on Markers of Bone Turnover and Inflammation in University Athletes: A 24-Week Intervention Study,International Journal of Sport Nutrition and Exercise Metabolism,2026,41493773,10.1123/ijsnem.2025-0155,exercise+immune title
Treadmill Exercise Modulates TNF‐α and IL‐1β Expression in Rodent Models of CNS Inflammation: A Systematic Review,International Journal of Developmental Neuroscience,2026,41510828,10.1002/jdn.70090,review/editorial/book-like
Prehabilitation as a Biologically Active Intervention Is Associated with the Remodeling of the Pancreatic Tumor-Immune Microenvironment,International Journal of Molecular Sciences,2026,41596590,10.3390/ijms27020943,other
Too much of a good thing: Can high doses of exercise promote chronic low-grade inflammation and cardiovascular risk in competitive athletes?,Journal of science and medicine in sport,2026,41611591,10.1016/j.jsams.2026.01.006,exercise+immune title
Move to tolerate: Exercise and environmental factors improve transplant outcomes,American Journal of Transplantation,2026,41616978,10.1016/j.ajt.2026.01.022,other
"Neurobiological, molecular, and systemic mechanisms of exercise in the treatment of mental health disorders",Journal of Psychiatric Research,2026,41619687,10.1016/j.jpsychires.2026.01.043,other
The acute effect of sprint interval training on the immune system: a systematic review and meta-regression analysis,Frontiers in Medicine,2026,41705158,10.3389/fmed.2025.1703829,review/editorial/book-like
"Multimodal Wearable Monitoring of Exercise in Isolated, Confined, and Extreme Environments: A Standardized Method",Methods and Protocols,2026,41718317,10.3390/mps9010015,other
"Chronic exercise training intensity, immune cells, and cancer outcomes: a scoping review",JNCI Cancer Spectrum,2026,41795834,10.1093/jncics/pkag021,review/editorial/book-like
The Immune System as a Biosensor of Health and Athletic Performance,Scandinavian Journal of Medicine and Science in Sports,2026,41842715,10.1111/sms.70258,exercise+immune title
The impact of exercise on tolerability of systemic treatment in metastatic colorectal cancer: A literature review,Journal of Cancer Survivorship,2026,41844927,10.1007/s11764-026-02002-8,review/editorial/book-like
Peripheral Oxidation-Inflammation and Immunosenescence in Triple-Transgenic Mice for Alzheimer’s Disease (3xTg-AD) at Early Neuropathological Stages of Disease and Decrease of Immune Impairment by Voluntary Exercise,Biomolecules,2026,41897410,10.3390/biom16030475,animal/in-vitro-like
Sleep inadequacy and the relationship with mucosal immunity and upper respiratory symptoms in elite swimmers: A longitudinal study leading into the Commonwealth Games,PLoS ONE,2026,41926426,10.1371/journal.pone.0346138,other
Swimming in fish: integrating redox homeostasis and immune responses,Journal of Experimental Biology,2026,41944067,10.1242/jeb.251212,other
Is Lifelong Physical Activity a Determinant of Lung Transplantation Outcomes?,Journal of Clinical Medicine,2026,41977039,10.3390/jcm15072738,other
Pre-diagnosis recreational physical activity and lung cancer survival within the California teachers study,Cancer Causes & Control,2026,42018036,10.1007/s10552-026-02169-6,other
The Physiological Impact of Viewing Original Artworks in a gallery vs. Reproductions in a laboratory: A Comparative Study,Brain Behavior and Immunity,2026,42070699,10.1016/j.bbi.2026.106789,other
Forging resilient warriors within: exercise’s epic role in training innate immunity and taming inflammation’s storm,Frontiers in Immunology,2026,42136653,10.3389/fimmu.2026.1777470,exercise+immune title
The impact of probiotic supplementation on mucosal immunity and oxidative stress after high-intensity exercise among athletes: a meta-analysis,BMC Sports Science Medicine and Rehabilitation,2026,42169190,10.1186/s13102-026-01746-1,review/editorial/book-like
Exercise and tissue-resident memory T cells: from circulating numbers to spatial immune remodeling,Frontiers in Immunology,2026,42183211,10.3389/fimmu.2026.1822561,exercise+immune title
Effects of Moderate-Intensity Aerobic Exercise on Clinical Symptoms and Physiological Outcomes in Young Adults with Persistent Allergic Rhinitis: A Randomized Controlled Trial,International Journal of Environmental Research and Public Health,2026,42196705,10.3390/ijerph23050611,other
"The effect of moderate physical activity on NK cells populations and cytotoxic T lymphocytes in young, healthy women",PLoS ONE,2026,42213729,10.1371/journal.pone.0349215,exercise+immune title
Systemic Degree of Perturbation of Plasma Markers Reveals Cumulative Biological Stress Across the Competitive Season in Professional Soccer Players,Sports Medicine,2026,42329304,10.1007/s40279-026-02470-z,other
Perspective: Personalized Management of Oxidative and Nitrosative Stress in Post-Exercise Recovery with a Particular Emphasis on the Potential of Micro-Immunotherapy,Sports,2026,42347463,10.3390/sports14060239,review/editorial/book-like
A Healthy Lifestyle Can Slow Immune System Aging and Reduce Age-Related Chronic Inflammation: A Narrative Review,International Journal of Molecular Sciences,2026,42353319,10.3390/ijms27125605,review/editorial/book-like
"Link between physical activity, nutrition, and antimicrobial pharmacokinetics and therapeutic efficacy: Implications for resistance management",SAGE Open Medicine,2026,42369219,10.1177/20503121261462838,other
The potential mechanisms of exercise-regulated mechanically sensitive ion channels in promoting spinal cord injury repair: a hypothesis-driven narrative review,Reviews in the Neurosciences,2026,42370596,10.1515/revneuro-2026-0048,review/editorial/book-like
Overall survival following palliative immune checkpoint inhibitor treatment according to ECOG performance status: a large registry-based study,Acta Oncologica,2026,42397290,10.2340/1651-226x.2026.45827,other
Organ-specific redox and trace element modulation and hematological adaptation following hyperbaric oxygenation and physical activity in rats,Frontiers in Medicine,2026,42445137,10.3389/fmed.2026.1820821,animal/in-vitro-like
Association Between Physical Activity and Mortality in Men with or at Risk of Prostate Cancer: A Systematic Review,Healthcare,2026,42451008,10.3390/healthcare14131998,review/editorial/book-like
"Exercise, mitochondrial stress, and trained immunity: metabolic adaptation of innate immunity",Frontiers in Immunology,2026,42495615,10.3389/fimmu.2026.1902029,exercise+immune title
"Physical Activity Behavior and Acute Myocardial Infarction, Stroke, and Sepsis Outcomes in Brazil: Insights from Targeted Eigenvector Centrality Networks",International Journal of Environmental Research and Public Health,2026,42512227,10.3390/ijerph23070923,other
Exogenous Heat Shock Proteins in Oncology: Biological Roles and Clinical Implications,Cancers,2026,42512385,10.3390/cancers18142322,other
The interplay between recovery and immunity in infectious and non-communicable diseases,Frontiers in Cellular and Infection Microbiology,2026,42528649,10.3389/fcimb.2026.1745649,other
"Bibliometric and visualization analysis of exercise interventions for respiratory infectious diseases (2000–2025): Trends, hotspots, and future directions",Medicine,2026,42536576,10.1097/md.0000000000050013,other
"Tissue-resident memory T cells in atopic dermatitis: mechanisms of residual inflammation, relapse, and therapeutic persistence",Frontiers in Immunology,2026,42548688,10.3389/fimmu.2026.1849265,other
Sarcopenia and sepsis fuel a self-perpetuating cycle of immunometabolism decline,Frontiers in Immunology,2026,42553058,10.3389/fimmu.2026.1867909,other
Sleep disturbances after an ultra-trail endurance race: a field study,Sleep Medicine X,2026,42571451,10.1016/j.sleepx.2026.100197,other
"The effect of an 8-week Life Kinetics exercise program on salivary cortisol, alpha-amylase, and ımmunoglobulin-A in U14 female cross-country skiers",Frontiers in Physiology,2026,42582198,10.3389/fphys.2026.1847163,exercise+immune title
Impact of exercise intervention on immune function during aging,Frontiers in Immunology,2026,42591912,10.3389/fimmu.2026.1817225,exercise+immune title
Exercise-induced anti-inflammatory adaptation in older adults: a Bayesian network meta-analysis and dose–response analysis of C-reactive protein,Frontiers in Medicine,2026,42625625,10.3389/fmed.2026.1889076,review/editorial/book-like
Preservation of Antioxidant and Immunomodulatory Properties in a Heat-Treated Probiotic Blend: Insights from Preclinical Models,Microorganisms,2026,42655164,10.3390/microorganisms14081820,other
Immunological effects of supervised exercise in long COVID in adults: A secondary analysis of a randomized crossover trial,Physiological Reports,2026,42665974,10.14814/phy2.71031,exercise+immune title
Synergistic effects of intradialytic concurrent training and melatonin supplementation on immune cell adaptations in hemodialysis patients,Frontiers in Pharmacology,2026,42729312,10.3389/fphar.2026.1880592,exercise+immune title
"Exploratory study of β-endorphin, immune profiles, and skeletal muscle endoplasmic reticulum stress following an overtraining-like forced swimming regimen in rats",Physiology International,2026,42742976,10.1556/2060.2026.00883,animal/in-vitro-like
Multiomics profiling identifies molecular and cellular signatures of regular exercise in human peripheral blood,Science Advances,2026,42758809,10.1126/sciadv.aeh0260,other
Lactate as a Potential Exercise-Induced Signaling Molecule: Implications for Immunometabolic Adaptation Following HIIT,Muscles,2026,42784047,10.3390/muscles5030062,other
Macrophage,Springer eBooks,2026,,10.1007/978-3-032-05988-8_245,other
Recent advances and future research directions in the crosstalk between inflammation and tumors,Elsevier eBooks,2026,,10.1016/b978-0-443-36649-9.00004-9,other
Inflammation biomarker and physical exercise: A bibliometric study,BIO Web of Conferences,2026,,10.1051/bioconf/202621702005,exercise+immune title
Impacts of arduous military training on immune function and susceptibility to respiratory infection: a narrative review,BMJ Immunology,2026,,10.1136/bmjimm-2025-000015,review/editorial/book-like
Phase-Dependent Interaction Between Oxidative Stress and Muscle Damage During Acute Recovery Following Eccentric Exercise,Physical Education Theory and Methodology,2026,,10.17309/tmfv.2026.3.20,other
"Performance in enduro mountain biking: the influence of training status, recovery, and vibration",Edinburgh Napier Research Repository (Edinburgh Napier University),2026,,10.17869/enu.2026.2383477,other
Exercise as a stress buffer in cancer patients: a review of the mechanisms and psychological outcomes,Psycho-Oncologie,2026,,10.18282/po4046,review/editorial/book-like
Regulation of muscle properties by elevation of mitochondrial metabolism independent of changes in muscle contractility,Biological Sciences in Space,2026,,10.2187/bss.40.18,other
"A comprehensive review on traditional uses, botany, chemical constituents, pharmacology of turnip ( Brassica rapa L.)",Food & medicine homology.,2026,,10.26599/fmh.2027.9420143,review/editorial/book-like
PHYSICAL ACTIVITY AND IMMUNE FUNCTION: IMPLICATIONS FOR RESPIRATORY INFECTIONS AND VACCINE IMMUNOGENICITY – A NARRATIVE REVIEW,International Journal of Innovative Technologies in Social Science,2026,,10.31435/ijitss.1(49).2026.5152,review/editorial/book-like
SAUNA BATHING IN COMPETITIVE ATHLETES: BENEFIT OR RISK FOR RESPIRATORY AND IMMUNE FUNCTION? A NARRATIVE REVIEW,International Journal of Innovative Technologies in Social Science,2026,,10.31435/ijitss.3(51).2026.6701,review/editorial/book-like
Microbiota-mediated gut–brain communication following whey protein supplementation and resistance training: current evidence linking gastrointestinal function and cognitive health,Frontiers in Cellular and Infection Microbiology,2026,,10.3389/fcimb.2026.1918695,other
"Lifestyle factors or protective behaviors: which are more strongly associated with upper respiratory tract infections after COVID-19? A cross-sectional study of 1,535 Chinese college students",Frontiers in Public Health,2026,,10.3389/fpubh.2026.1958833,other
Physical activity and improvement of physiological parameters by training,Frontiers in Sports and Active Living,2026,,10.3389/fspor.2026.1944574,other
Effect of Badminton Sporting Activity on Complete Blood Count Parameters in Untrained University Students: A Pre-Post Tria,Pakistan Journal of Rehabilitation,2026,,10.36283/pjr.zu.15.2/005,other
Eixo intestino-músculo: influência da microbiota intestinal na recuperação muscular e na resposta inflamatória pós exercício intenso,Journal Archives of Health,2026,,10.46919/archv7n2-004,other
"Liver-centric strategies for immune enhancement: an evidence-based review of the gut–liver axis, metabolism, lifestyle, and vaccination",Journal of Korean Medical Association,2026,,10.5124/jkma.26.0087,review/editorial/book-like
Covid 19 Aşısı Olan Sağlık Çalışanlarında Antikor Düzeyi İle Egzersiz Alışkanlığı Arasındaki İlişkinin Değerlendirilmesi,Van Sağlık Bilimleri Dergisi,2026,,10.52976/vansaglik.1741773,other
"Hormonas, sueño y recuperación en deportistas femeninas",Revista Mexicana de Ciencias de la Cultura Física,2026,,10.54167/rmccf.v6i12.2284,other
"Effects of intermittent pneumatic compression method on muscle pain, soreness, and recovery after exercise: a systematic review with meta-analysis",Romanian Journal of Military Medicine,2026,,10.55453/rjmm.2026.129.5.6,review/editorial/book-like
"Exercise and Human Immunity in Adolescents (12–18 Years): Biomarkers, Sex Differences, and Evidence From Mexico and International Studies: a Narrative Review",Revista Académica Internacional de Educación Física,2026,,10.59614/acief62026275,review/editorial/book-like
Şiddetli Fiziksel Aktiviteye Bağlı Ortaya Çıkan Gastrointestinal ve Bağışıklık Sistemi Problemlerinin Önlenmesinde Probiyotik Takviyesinin Rolü: Geleneksel Derleme,İzmir Katip Çelebi Üniversitesi Sağlık Bilimleri Fakültesi Dergisi,2026,,10.61399/ikcusbfd.1636975,other
Does regular exercise stop you getting sick in winter?,,2026,,10.64628/aa.csqdf36cq,other
Exercise-conditioned tear fluid suppresses myopia progression,bioRxiv (Cold Spring Harbor Laboratory),2026,,10.64898/2026.02.05.704049,other
"Gene III ® L-Ergothioneine Ameliorates Exercise-Induced Fatigue by Attenuating Oxidative Stress, Inflammation, and Modulating the AMPK/PGC-1α Signaling Pathway",bioRxiv (Cold Spring Harbor Laboratory),2026,,10.64898/2026.02.19.706732,exercise+immune title
High-intensity interval aerobic exercise delays recovery from heart rate variability: a systematic review with meta-analysis,Clinical Autonomic Research,2025,39821813,10.1007/s10286-024-01103-7,review/editorial/book-like
Nutrition for optimising immune function and recovery from injury in sports,Clinical Nutrition ESPEN,2025,39828217,10.1016/j.clnesp.2025.01.031,exercise+immune title
The effect of three types of water-based training protocols on thymus atrophy and specific indicators of cellular immune senescence in aged male rats,Biogerontology,2025,39832052,10.1007/s10522-025-10183-5,animal/in-vitro-like
"The Effects of the Mamanet Cachibol League Intervention Program on Perceived Health Status, Mental Health, and Healthy Lifestyle Among Arab Women",Healthcare,2025,39857197,10.3390/healthcare13020169,other
"Immunosenescence, Physical Exercise, and their Implications in Tumor Immunity and Immunotherapy",International Journal of Biological Sciences,2025,39897036,10.7150/ijbs.100948,exercise+immune title
"Ravi VR, Korkmaz FT, De Ana CL, Lu L, Shao FZ, Odom CV, et al. Lung CD4+ resident memory T cells use airway secretory cells to stimulate and regulate onset of allergic airway neutrophilic disease. Cell Rep. (2025) 44:115218. doi:  10.1093/med/9780199696277.003.0002. PMID:",Cell Rep,2025,39965565,10.1093/med/9780199696277.003.0002,other
Exercise May Improve Completion of Standard and Emerging Cancer Treatments,Exercise and Sport Sciences Reviews,2025,39982316,10.1249/jes.0000000000000360,other
The relationship between physical activity and telomere length in women: A systematic review,Mechanisms of Ageing and Development,2025,39983997,10.1016/j.mad.2025.112042,review/editorial/book-like
NK Cell-Microbiota Interaction Biomarker Strategy: Advancing Prostate Cancer Management,Biomolecules,2025,40001576,10.3390/biom15020273,other
The effects of acute and chronic exercise on immune markers of TH1/TH2 cells in older adults: a systematic review,Frontiers in Physiology,2025,40008210,10.3389/fphys.2025.1453747,review/editorial/book-like
Environmental risk factors of late-onset multiple sclerosis: A population-based case-control study,Journal of Clinical Neuroscience,2025,40015115,10.1016/j.jocn.2025.111146,other
"Induced swimming in European seabass (Dicentrarchus labrax): effects on the stress response, immune, and antioxidant status",Fish Physiology and Biochemistry,2025,40029414,10.1007/s10695-025-01474-2,other
Changes in plasma cytokines following a 60‐h fast are not influenced by the addition of exercise despite elevated ketones in healthy young adults,Physiological Reports,2025,40129260,10.14814/phy2.70294,exercise+immune title
Healthy and premature aging of monocytes and macrophages,Frontiers in Immunology,2025,40165963,10.3389/fimmu.2025.1506165,other
"Immunity, Inflammation and Airway Dysfunction in Elite Cross‐Country Skiers and Ice Hockey Players: A Systematic Review",Scandinavian Journal of Medicine and Science in Sports,2025,40223161,10.1111/sms.70046,review/editorial/book-like
How to improve the transferability of a 12-week home-space sedentary behaviour intervention for ethnically diverse older adults: a qualitative study protocol of key stakeholder perspectives,BMJ Open,2025,40250877,10.1136/bmjopen-2024-091049,review/editorial/book-like
Beyond physical exhaustion: Understanding overtraining syndrome through the lens of molecular mechanisms and clinical manifestation,Sports Medicine and Health Science,2025,40264836,10.1016/j.smhs.2025.01.006,other
Prehabilitation and Inflammation,Annals of Nutrition and Metabolism,2025,40267903,10.1159/000545181,other
Branched-Chain Amino Acids and Inflammation Management in Endurance Sports: Molecular Mechanisms and Practical Implications,Nutrients,2025,40284200,10.3390/nu17081335,exercise+immune title
Techniques and factors for reducing chronic neuropathic pain: A review,Neural Regeneration Research,2025,40364650,10.4103/nrr.nrr-d-22-00015,review/editorial/book-like
Vaccine-Induced Specific Cellular and Humoral Immunity after MRNA-Based COVID-19 Vaccination in Athletes and Controls,Medicine & Science in Sports & Exercise,2025,40367509,10.1249/mss.0000000000003757,exercise+immune title
Rehabilitation for persons with long COVID beyond the recovery phase of SARS-CoV-2 infection,European Respiratory Journal,2025,40404198,10.1183/13993003.00239-2025,other
The Impact of Physical Activity on Long COVID Symptoms Among College Students: A Retrospective Study,International Journal of Environmental Research and Public Health,2025,40427869,10.3390/ijerph22050754,other
Microbiome: A Key Regulator of Body-Brain Interactions,Advances in experimental medicine and biology,2025,40442386,10.1007/978-3-031-89525-8_6,other
Viral acute respiratory illnesses in elite athletes: A 12-month controlled follow-up study,PLoS ONE,2025,40455745,10.1371/journal.pone.0322283,other
"Effects of Gravitational Acceleration on Physical Fitness, Stress, and Immunity Levels of Prospective Air Force Pilots",Stress and Health,2025,40497823,10.1002/smi.70060,other
Microecologics and Exercise: Targeting the Microbiota–Gut–Brain Axis for Central Nervous System Disease Intervention,Nutrients,2025,40507038,10.3390/nu17111769,other
"Triathlon: Ergo Nutrition for Training, Competing, and Recovering",Nutrients,2025,40507114,10.3390/nu17111846,other
Association between physical activity and gynecological cancers: a meta-analysis of prospective cohort studies,BMC Women s Health,2025,40611086,10.1186/s12905-025-03848-3,review/editorial/book-like
Physical activity intensity and amount are inversely correlated with the risk of tuberculosis in patients with diabetes,Scientific Reports,2025,40634446,10.1038/s41598-025-09593-9,other
Protective effect of exercise on metabolic dysfunction‑associated fatty liver disease: Potential epigenetic mechanisms (Review),International Journal of Molecular Medicine,2025,40682843,10.3892/ijmm.2025.5587,review/editorial/book-like
"Rigorous methodological approaches to address knowledge gaps in exercise, nutrition, immunity, and infection risk research",Physiological Reports,2025,40709812,10.14814/phy2.70479,exercise+immune title
"Kirkby M, Veldhoen M. CD4+ tissue-resident memory T cells and their role in immunity. Immunol Cell Biol. (2025) 103:1–15. doi:  10.1111/imcb.70052. PMID:",Immunol Cell Biol,2025,40710024,10.1111/imcb.70052,other
The effect of physical activity on anti-infection immunity: a review,Health Information Science and Systems,2025,40717906,10.1007/s13755-025-00360-8,review/editorial/book-like
Physical activity based interventions for reducing body mass index in children aged 6–12 years: a systematic review,Frontiers in Pediatrics,2025,40755910,10.3389/fped.2025.1449436,review/editorial/book-like
Long-term impact of the COVID-19 pandemic on physical activity and estimated cardiorespiratory fitness in south American adults: a multi-country cross-sectional online survey,Archives of Public Health,2025,40759970,10.1186/s13690-025-01664-7,other
Exercise workload: a key determinant of immune health – a narrative review,Frontiers in Immunology,2025,40777031,10.3389/fimmu.2025.1617261,review/editorial/book-like
"Wei H, Wang Y, Jiang S, Zhang X, Zhang J. The roles of tissue-resident memory T cells (TRMs) in diseases and vaccine development: A comprehensive review. Vaccine. (2025) 62:127605. doi:  10.1016/j.vaccine.2025.127605. PMID:",Vaccine,2025,40789264,10.1016/j.vaccine.2025.127605,review/editorial/book-like
RETRACTED: Physical activity and glioblastoma: a paradigm shift in neuro-oncology therapy,Frontiers in Oncology,2025,40809025,10.3389/fonc.2025.1638060,exercise+immune title
Combination of intermittent fasting and endurance exercise impedes the development of the musculoskeletal system in non-obese growing rats,Nutrition Research and Practice,2025,40809888,10.4162/nrp.2025.19.4.483,animal/in-vitro-like
Fueling immunity: the synergy of natural products and exercise for optimal health,Frontiers in Pharmacology,2025,40822484,10.3389/fphar.2025.1582540,exercise+immune title
Skeletal Muscle and the Immune System,Advances in experimental medicine and biology,2025,40879955,10.1007/978-3-031-88361-3_23,other
Comparative effects of moderate and high-intensity training on immune activation in myocarditis: a review of preclinical and clinical evidence,Frontiers in Pharmacology,2025,40910007,10.3389/fphar.2025.1643056,review/editorial/book-like
The Dual Role of Myokines in Fatigue Associated with Inflammatory Joint Diseases,Journal of Inflammation Research,2025,40917935,10.2147/jir.s545914,other
Beyond function: supervised exercise therapy may target inflammatory gene expression in patients with symptomatic peripheral artery disease,VASA,2025,40926499,10.1024/0301-1526/a001230,exercise+immune title
Effect of Exercise on Immune System Markers in Cancer Patients and Survivors: A Systematic Review,Journal of Sports Science and Medicine,2025,40933320,10.52082/jssm.2025.645,review/editorial/book-like
Physical activity influences immunity with an assist from the gut microbiome,Journal of sport and health science/Journal of Sport and Health Science,2025,40962028,10.1016/j.jshs.2025.101086,exercise+immune title
Load-bearing aerobic exercise prior to injury moderates systemic immunosuppression response to fracture,Frontiers in Physiology,2025,41018019,10.3389/fphys.2025.1587766,review/editorial/book-like
Effects of exercise on neuroinflammation in age-related neurodegenerative disorders,European journal of medical research,2025,41024269,10.1186/s40001-025-03165-3,exercise+immune title
Impact of aerobic exercise on immune components across healthy and diseased populations: A systematic review and meta-analysis of randomized controlled trials,Journal of Exercise Science & Fitness,2025,41049033,10.1016/j.jesf.2025.09.002,review/editorial/book-like
Exoskeleton Robot Gait Training and Its Impact on the Gut Microbiota-Brain Axis in Incomplete Spinal Cord Injury Patients: A Narrative Review of Rehabilitation Mechanisms,Journal of Multidisciplinary Healthcare,2025,41080808,10.2147/jmdh.s543841,review/editorial/book-like
The molecular mechanisms of exercise in cancer prevention and management,European Journal of Cancer Prevention,2025,41117626,10.1097/cej.0000000000000989,other
Systemic hypoxia appears to attenuate autophagy in human peripheral blood mononuclear cells during repeated sprint exercises,Scientific Reports,2025,41152359,10.1038/s41598-025-21430-7,other
Physical Activity Guidelines for Astronauts: An Immunological Perspective,Biomolecules,2025,41154619,10.3390/biom15101390,review/editorial/book-like
Exercise induced immune regulation and drug efficacy in rhinitis nasopharyngeal carcinoma implications for tumor microenvironment single cell immune signal transduction,Frontiers in Immunology,2025,41159023,10.3389/fimmu.2025.1673383,exercise+immune title
Recovery of Linear and Nonlinear Heart Rate Variability Metrics After Short‐Term Moderate versus Vigorous Intensity Exercise: A Cross‐Sectional Randomized Cross‐Over Study,European Journal of Sport Science,2025,41175376,10.1002/ejsc.70077,other
Intensive physical training induces NET release in athletes,Scientific Reports,2025,41198789,10.1038/s41598-025-22886-3,other
"Histamine mediates food intake, but not muscle adaptations, following 10 weeks of resistance training in humans",The Journal of Physiology,2025,41243337,10.1113/jp289240,other
UCI Sports Nutrition Project: The Role of Nutrition in the Prevention and Management of Illnesses and Injuries in Elite Cycling,International Journal of Sport Nutrition and Exercise Metabolism,2025,41265430,10.1123/ijsnem.2025-0144,other
Physical Activity for Human and Planetary Health,Rheumatic Disease Clinics of North America,2025,41265941,10.1016/j.rdc.2025.08.009,other
"Biochemical, immune, and endocrine biomarkers associated with exacerbated muscular response: insights from a field-based operational cohort study",Scientific Reports,2025,41298810,10.1038/s41598-025-26196-6,other
"Effects of heat stimulation after high-intensity interval training on serum adipokines, eHSP72, and immunoglobulins in men with obesity",Journal of Exercise Science & Fitness,2025,41323564,10.1016/j.jesf.2025.11.002,other
"Comparison of different exercise modalities on chronic inflammation and immune function in cancer survivors: a systematic review with network, dose–response, and Bayesian meta-analyses",Supportive Care in Cancer,2025,41329223,10.1007/s00520-025-09971-z,review/editorial/book-like
Pre-Diagnosis Recreational Physical Activity and Lung Cancer Mortality within the California Teachers Study,Research Square,2025,41377988,10.21203/rs.3.rs-8138657/v1,other
Exercise Ameliorates Immunosenescence: From Mechanisms to Interventions,Biology,2025,41514897,10.3390/biology15010058,other
Antioxidants and Exercise Performance: Focus on Mediterranean Diet,Antioxidants,2025,41596069,10.3390/antiox15010010,other
It’s Contagious,Springer eBooks,2025,,10.1007/978-3-031-84493-5_10,other
Cancer Rehabilitation or Physical Exercise Effect on Immune Function,Springer eBooks,2025,,10.1007/978-3-032-00775-9_354,exercise+immune title
Macrophage,Springer eBooks,2025,,10.1007/978-3-642-27830-3_245-1,other
Sport und Immunsystem,Springer eBooks,2025,,10.1007/978-3-662-68883-0_22,other
Post Pandemic Covid-19 Students’ Physical Activities in Peri-Urban Areas,Proceedings in Technology Transfer,2025,,10.1007/978-981-96-8249-2_73,other
Long-term clinical outcome and exercise capacity in SARS-CoV-2-positive elite athletes,German Journal of Exercise and Sport Research,2025,,10.1007/s12662-025-01024-1,other
Ernährungsstrategien,Elsevier eBooks,2025,,10.1016/b978-3-437-45059-4.00004-4,other
Prevalence of latent CMV and EBV infection and their impact on the incidence of upper respiratory infection among athletes: A systematic review and meta-analysis,Science & Sports,2025,,10.1016/j.scispo.2024.12.004,review/editorial/book-like
Acute exercise rewires the proteomic landscape of human immune cells,medRxiv,2025,,10.1101/2025.01.30.25321196,exercise+immune title
WITHDRAWN: Inflammatory profile changes in response to acute endurance exercise from NULISAseq-based detection of analytes in dried blood spot specimens from half marathon participants,medRxiv,2025,,10.1101/2025.02.18.25322495,review/editorial/book-like
"DNA Methylation Dynamics of Dose-dependent Acute Exercise, Training Adaptation, and Detraining",bioRxiv (Cold Spring Harbor Laboratory),2025,,10.1101/2025.04.22.650067,other
Physical activity as a regulator of myocardial remodeling: from cellular mechanisms to clinical recommendations,Medical and Social Expert Evaluation and Rehabilitation,2025,,10.17816/mser663975,other
Molecular mechanisms of heat shock protein 27 under physical exertion and its role in cardiovascular disease prevention,Russian Journal of Physiotherapy Balneology and Rehabilitation,2025,,10.17816/rjpbr657473,other
"Association between Cytokines, 25-Hydroxyvitamin D, and Physical Activity: Evidence from a cross sectional Brazilian Population",Research Square,2025,,10.21203/rs.3.rs-6214919/v1,exercise+immune title
Acute exercise rewires the proteomic landscape of human immune cells,Research Square,2025,,10.21203/rs.3.rs-6864249/v1,exercise+immune title
Subtle changes in exhaled particle size and phospholipid composition of the respiratory tract lining fluid following moderate-intensity exercise in sub-zero conditions,Research Square,2025,,10.21203/rs.3.rs-8084613/v1,other
Childhood Trauma and Immune-Mediated Disease: Evidence from Ecological and Prospective Cohort Studies,SSRN Electronic Journal,2025,,10.2139/ssrn.5137605,other
Acute Exercise Rewires the Proteomic Landscape of Human Immune Cells,SSRN Electronic Journal,2025,,10.2139/ssrn.5143717,exercise+immune title
Moderate Exercise Suppresses Tumor Growth and Progression through Regulating Cytokines,OBM Integrative and Complementary Medicine,2025,,10.21926/obm.icm.2502021,exercise+immune title
Assessment of body’s response in working people in Arctic region of Russia based on leukocyte formula of blood: cohort study,Marine Medicine,2025,,10.22328/2413-5747-2025-11-3-84-92,other
Impact of physical activity on respiratory diseases,Slovak Journal of Sport Science,2025,,10.24040/sjss.2024.9.2.94-114,other
Limited impact of roselle flower extract on protein carbonyl levels after physical exercise in healthy men,Medicni perspektivi,2025,,10.26641/2307-0404.2025.1.325371,other
Exploring Stressors: Impact on Cellular Organelles and Implications for Cellular Functions,Stresses,2025,,10.3390/stresses5020026,other
Exercise immunology in 2 decades: systematic review and bibliometric analysis,,2025,,10.56984/8zg7d197y8i,review/editorial/book-like
Physical Activity: An Immunity Booster for Treating Respiratory Diseases,IntechOpen eBooks,2025,,10.5772/intechopen.1008423,exercise+immune title
Recovery methods and medical issues during the transalpinerun 2023:A prospective observational study,German Journal of Sports Medicine,2025,,10.5960/dzsm.2025.637,other
Effect of physical exercise on the proliferation and inactivation capacity of biological immune cells,Molecular & cellular biomechanics,2025,,10.62617/mcb713,exercise+immune title
Nasal Injuries and Issues in Athletes,Current Sports Medicine Reports,2024,38180070,10.1249/jsr.0000000000001130,other
"Rajizadeh MA, Khoramipour K, Joukar S, Darvishzadeh-Mahani F, Iranpour M, Bejeshk MA, et al. Lung molecular and histological changes in type 2 diabetic rats and its improvement by high-intensity interval training. BMC Pulmon Med. (2024) 24:37. doi:  10.1186/s12890-024-02840-1, PMID:",BMC Pulmon Med,2024,38233819,10.1186/s12890-024-02840-1,animal/in-vitro-like
Immunomodulatory effects of exercise in cancer prevention and adjuvant therapy: a narrative review,Frontiers in Physiology,2024,38239881,10.3389/fphys.2023.1292580,review/editorial/book-like
"Rajizadeh MA, Hosseini MH, Bahrami M, Bahri F, Rostamabadi F, Bagheri F, et al. High-intensity intermittent training ameliorates methotrexate-induced acute lung injury. BMC Pulm Med. (2024) 24:45. doi:  10.1186/s12890-024-02853-w, PMID:",BMC Pulm Med,2024,38245672,10.1186/s12890-024-02853-w,other
Complement System Deficiencies in Elite Athletes,Sports Medicine - Open,2024,38252367,10.1186/s40798-024-00681-0,other
Exercise mimetics: a novel strategy to combat neuroinflammation and Alzheimer’s disease,Journal of Neuroinflammation,2024,38308368,10.1186/s12974-024-03031-9,exercise+immune title
The effect of a web-based lifestyle intervention on nutritional status and physical activity on prevention of COVID-19: a randomized controlled trial in women's empowerment,Frontiers in Nutrition,2024,38312144,10.3389/fnut.2023.1172014,other
The acute effects of pre- and mid-exercise carbohydrate ingestion on the immunoregulatory stress hormone release in experienced endurance athletes—a systematic review,Frontiers in Sports and Active Living,2024,38362064,10.3389/fspor.2024.1264814,review/editorial/book-like
Epigenetic aging in older people living with HIV in Eswatini: a pilot study of HIV and lifestyle factors and epigenetic aging,Clinical Epigenetics,2024,38403593,10.1186/s13148-024-01629-7,other
Nutritional and Training Strategies for Actual Competition in World-Class Japanese Female Wrestler: A Case Report,Journal of Nutritional Science and Vitaminology,2024,38417854,10.3177/jnsv.70.72,other
"Baseline data and associations between urinary biomarkers of polycyclic aromatic hydrocarbons, blood pressure, hemogram, and lifestyle among wildland firefighters",Frontiers in Public Health,2024,38510349,10.3389/fpubh.2024.1338435,other
Higher level of physical activity reduces mental and neurological symptoms during and two years after COVID-19 infection in young women,Scientific Reports,2024,38519586,10.1038/s41598-024-57646-2,other
"Sports and Immunity, from the recreational to the elite athlete",Infectious Diseases Now,2024,38531477,10.1016/j.idnow.2024.104893,exercise+immune title
"Joukar S, Rajizadeh MA, Bejeshk MA, Alavi SS, Bagheri F, Rami M, et al. Atp releasing channels and the ameliorative effects of high intensity interval training on diabetic heart: A multifaceted analysis. Sci Rep. (2024) 14:7113. doi:  10.1038/s41598-024-57818-0, PMID:",Sci Rep,2024,38532054,10.1038/s41598-024-57818-0,other
The Role and Potential Mechanisms of Rehabilitation Exercise Improving Cardiac Remodeling,Journal of Cardiovascular Translational Research,2024,38558377,10.1007/s12265-024-10498-7,other
"Bray F, Laversanne M, Sung H, Ferlay J, Siegel RL, Soerjomataram I, et al. Global cancer statistics 2022: Globocan estimates of incidence and mortality worldwide for 36 cancers in 185 countries. CA Cancer J Clin. (2024) 74:229–63. doi:  10.3322/caac.21834, PMID:",CA Cancer J Clin,2024,38572751,10.3322/caac.21834,other
Exercise and osteoimmunology in bone remodeling,The FASEB Journal,2024,38588175,10.1096/fj.202301508rrr,exercise+immune title
"Pradeu T, Thomma B, Girardin SE, Lemaitre B. The conceptual foundations of innate immunity: taking stock 30 years later. Immunity. (2024) 57:613–31. doi:  10.1016/j.immuni.2024.03.007, PMID:",Immunity,2024,38599162,10.1016/j.immuni.2024.03.007,other
Cellular Immunity of SARS-CoV-2 in the Borriana COVID-19 Cohort: A Nested Case–Control Study,Epidemiologia,2024,38651389,10.3390/epidemiologia5020012,other
"The Role of Diet and Physical Activity in Shaping COVID-19 Severity: Design, Validation, and Application of a Retrospective Questionnaire",Healthcare,2024,38667575,10.3390/healthcare12080813,other
Immunological regulation of skeletal muscle adaptation to exercise,Cell Metabolism,2024,38670108,10.1016/j.cmet.2024.04.001,exercise+immune title
Molecular adaptations in response to exercise training are associated with tissue-specific transcriptomic and epigenomic signatures,Cell Genomics,2024,38697122,10.1016/j.xgen.2023.100421,review/editorial/book-like
Demystifying roles of exercise in immune response regulation against acute respiratory infections: A narrative review,Sports Medicine and Health Science,2024,38708320,10.1016/j.smhs.2024.01.004,review/editorial/book-like
New insight of square stepping exercise in immune fine-tuning for anticipating emerging pandemics,Animal Cells and Systems,2024,38721229,10.1080/19768354.2024.2350157,exercise+immune title
Comparison of Australian Football League Women's athletes match day energy and nutrient intake to recommendations,Nutrition & Dietetics,2024,38747095,10.1111/1747-0080.12874,other
Urinary Proteomic Biomarkers of Trabecular Bone Volume Change during Army Basic Combat Training,Medicine & Science in Sports & Exercise,2024,38758530,10.1249/mss.0000000000003464,other
"Liu G, Wang Z, Li S. Heterogeneity and plasticity of tissue-resident memory T cells in skin diseases and homeostasis: a review. Front Immunol. (2024) 15:1378359. doi:  10.3389/fimmu.2024.1378359. PMID:",Front Immunol,2024,38779662,10.3389/fimmu.2024.1378359,review/editorial/book-like
Exercise to Prevent Accelerated Vascular Aging in People Living With HIV,Circulation Research,2024,38781293,10.1161/circresaha.124.323975,other
Immunology of Physical Exercise: Is Equus caballus an Appropriate Animal Model for Human Athletes?,International Journal of Molecular Sciences,2024,38791248,10.3390/ijms25105210,exercise+immune title
Molecular insights of exercise therapy in disease prevention and treatment,Signal Transduction and Targeted Therapy,2024,38806473,10.1038/s41392-024-01841-0,other
The influence of endurance exercise training on myocardial fibrosis and arrhythmogenesis in a coxsackievirus B3 myocarditis mouse model,Scientific Reports,2024,38825590,10.1038/s41598-024-61874-x,animal/in-vitro-like
Evaluation of Immune Characteristics and Factors Associated with Immune Response following Hepatitis B Vaccination among Ghanaian Adolescents,Advances in Virology,2024,38827254,10.1155/2024/9502939,other
Unraveling the link between cardiorespiratory fitness and cancer: a state-of-the-art review,GeroScience,2024,38831183,10.1007/s11357-024-01222-z,review/editorial/book-like
"Physical exercise, the immune system and infection risk: implications for prehabilitation and rehabilitation for solid organ transplantation candidates and recipients",Current Opinion in Organ Transplantation,2024,38847176,10.1097/mot.0000000000001156,exercise+immune title
Freshwater sports and infectious diseases: A narrative review,Infectious Diseases Now,2024,38849257,10.1016/j.idnow.2024.104883,review/editorial/book-like
The Improvement and Related Mechanism of Microecologics on the Sports Performance and Post-Exercise Recovery of Athletes: A Narrative Review,Nutrients,2024,38892536,10.3390/nu16111602,review/editorial/book-like
Ilizarov technique for treating elbow stiffness caused by myositis ossificans: A case report,World Journal of Clinical Cases,2024,38898861,10.12998/wjcc.v12.i17.3144,other
Clear Yet Crossed: Athletes’ Retrospective Reports of Coach Violence,Behavioral Sciences,2024,38920818,10.3390/bs14060486,other
"Environmental challenges facing athletes, stakeholders and spectators at Paris 2024 Olympic and Paralympic Games: an evidence-based review of mitigation strategies and recommendations",British Journal of Sports Medicine,2024,38955507,10.1136/bjsports-2024-108281,review/editorial/book-like
Moderate-intensity aerobic exercise training improves CD8+ tumor-infiltrating lymphocytes effector function by reducing mitochondrial loss,iScience,2024,38957793,10.1016/j.isci.2024.110121,exercise+immune title
COVID-19 Infection in Ultramarathon Runners: Findings of the Ultrarunners Longitudinal TRAcking Study,Clinical Journal of Sport Medicine,2024,38975933,10.1097/jsm.0000000000001252,other
Beyond Menstrual Dysfunction: Does Altered Endocrine Function Caused by Problematic Low Energy Availability Impair Health and Sports Performance in Female Athletes?,Sports Medicine,2024,38995599,10.1007/s40279-024-02065-6,other
"Kuehu DL, Fu Y, Nasu M, Yang H, Khadka VS, Deng Y. Use of microalgae-derived astaxanthin to improve cytoprotective capacity in the ileum of heat-induced oxidative stressed broilers. Anim (Basel). (2024) 14:1932. doi:  10.3390/ani14131932, PMID:",Anim (Basel),2024,38998041,10.3390/ani14131932,other
Levels of circulating angiotensin‐converting enzyme 2 are affected by acute exercise and correlate with markers of physical fitness in male athletes,Physiological Reports,2024,39020498,10.14814/phy2.16161,other
"Ramirez SI, Faraji F, Hills LB, Lopez PG, Goodwin B, Stacey HD, et al. Immunological memory diversity in the human upper airway. Nature. (2024) 632:630–8. doi:  10.1038/s41586-024-07748-8. PMID:",Nature,2024,39085605,10.1038/s41586-024-07748-8,other
"Mizokami T, Suzuki K. Involvement of neutrophils and macrophages in exhaustive exercise-induced liver, kidney, heart, and lung injuries. Exerc Immunol Rev. (2024) 30:49–62., PMID:",Exerc Immunol Rev,2024,39094180,,exercise+immune title
"Hernández-Urbán AJ, Drago-Serrano M-E, Reséndiz-Albor AA, Sierra-Ramírez JA, Guzmán-Mejía F, Oros-Pantoja R, et al. Moderate aerobic exercise induces homeostatic Iga generation in senile mice. Int J Mol Sci. (2024) 25:8200. doi:  10.3390/ijms25158200, PMID:",Int J Mol Sci,2024,39125769,10.3390/ijms25158200,animal/in-vitro-like
Gut-muscle axis mechanism of exercise prevention of sarcopenia,Frontiers in Nutrition,2024,39221163,10.3389/fnut.2024.1418778,other
Global hotspots and trends of nutritional supplements in sport and exercise from 2000 to 2024: a bibliometric analysis,Journal of Health Population and Nutrition,2024,39267150,10.1186/s41043-024-00638-9,other
"Is Micronutrient Supplementation Helpful in Supporting the Immune System during Prolonged, High-Intensity Physical Training?",Nutrients,2024,39275323,10.3390/nu16173008,exercise+immune title
A proteomics perspective on 2 years of high-intensity training in horses: a pilot study,Scientific Reports,2024,39390056,10.1038/s41598-024-75266-8,review/editorial/book-like
Potential of traditional medicines in alleviating COVID-19 symptoms,Frontiers in Pharmacology,2024,39391697,10.3389/fphar.2024.1452616,other
Physical activity and idiopathic pulmonary fibrosis: A prospective cohort study in UK Biobank and Mendelian randomization analyses,Respiratory Medicine and Research,2024,39413579,10.1016/j.resmer.2024.101141,other
Association between physical activity based on wearables and self-reported health status among adolescents: NHANES 2011–2014,BMC Public Health,2024,39425121,10.1186/s12889-024-20363-6,other
Myokines May Be the Answer to the Beneficial Immunomodulation of Tailored Exercise—A Narrative Review,Biomolecules,2024,39456138,10.3390/biom14101205,review/editorial/book-like
"T Cell Peptide Prediction, Immune Response, and Host–Pathogen Relationship in Vaccinated and Recovered from Mild COVID-19 Subjects",Biomolecules,2024,39456150,10.3390/biom14101217,other
The Effect of Four-Month Training on Biochemical Variables in Amateur Cross-Country Skiers,Journal of Clinical Medicine,2024,39457976,10.3390/jcm13206026,other
"Impact of the Mediterranean Diet on Athletic Performance, Muscle Strength, Body Composition, and Antioxidant Markers in Both Athletes and Non-Professional Athletes: A Systematic Review of Intervention Trials",Nutrients,2024,39458450,10.3390/nu16203454,review/editorial/book-like
‘Supporting the Support Staff’: A Narrative Review of Nutritional Opportunities to Enhance Recovery and Wellbeing in Multi-Disciplinary Soccer Performance Staff,Nutrients,2024,39458469,10.3390/nu16203474,review/editorial/book-like
Back pain exercise therapy remodels human epigenetic profiles in buccal and human peripheral blood mononuclear cells: an exploratory study in young male participants,Frontiers in Sports and Active Living,2024,39478832,10.3389/fspor.2024.1393067,other
Exercise intensity and mortality in overweight and obese patients with chronic kidney disease: longitudinal analysis (1999–2016),BMC Public Health,2024,39482632,10.1186/s12889-024-20498-6,other
Exploring the association between lifestyle and cardiovascular health metrics and HPV infection risk: insights from the National Health and Nutrition Examination Survey 2005–2016 data,BMC Public Health,2024,39482693,10.1186/s12889-024-20546-1,other
Effects of concentric and eccentric exercise regimens on bioenergetic efficiency of lymphocytes in sedentary males,European Journal of Sport Science,2024,39520384,10.1002/ejsc.12221,exercise+immune title
Testing in Football: A Narrative Review,Sports,2024,39590909,10.3390/sports12110307,review/editorial/book-like
Emerging Mechanisms of Physical Exercise Benefits in Adjuvant and Neoadjuvant Cancer Immunotherapy,Biomedicines,2024,39595094,10.3390/biomedicines12112528,other
Efficacy of Streptococcus salivarius Blis K12 in the Prevention of Upper Respiratory Tract Infections in Physically Active Individuals: A Randomized Controlled Trial,Microorganisms,2024,39597553,10.3390/microorganisms12112164,other
"The impact of N‐acetylcysteine on lactate, biomarkers of oxidative stress, immune response, and muscle damage: A systematic review and meta‐analysis",Journal of Cellular and Molecular Medicine,2024,39632267,10.1111/jcmm.70198,review/editorial/book-like
Immune inflammation markers and physical fitness during a congested match play period in elite male soccer players,Scientific Reports,2024,39639055,10.1038/s41598-024-81225-0,other
Global consensus on optimal exercise recommendations for enhancing healthy longevity in older adults (ICFSR),The journal of nutrition health & aging,2024,39743381,10.1016/j.jnha.2024.100401,other
The Therapeutic Potential of Physical Exercise in Cancer: The Role of Chemokines,International Journal of Molecular Sciences,2024,39769501,10.3390/ijms252413740,other
Mechanism of Action and Beneficial Effects of Probiotics in Amateur and Professional Athletes,Food Science & Nutrition,2024,39803224,10.1002/fsn3.4658,other
Respiratory viruses affecting health and performance in equine athletes,Virology,2024,39837220,10.1016/j.virol.2024.110372,animal/in-vitro-like
Multi-omics reveals immune response and metabolic profiles during high-altitude mountaineering,Cell Reports,2024,39932189,10.1016/j.celrep.2024.115134,other
Impact of COVID-19 on Lifestyle-Related Behaviours Among Medical Student in Universiti Malaysia Sabah (UMS),Lecture notes in bioengineering,2024,,10.1007/978-981-97-4186-1_7,other
Adaptive fitness enhancement model: Improving exercise feedback and outcomes through tailored independent physical education plan,Education and Information Technologies,2024,,10.1007/s10639-024-12616-z,other
Sleep and recovery,Elsevier eBooks,2024,,10.1016/b978-0-12-822969-9.00006-7,other
Social distancing behavior and mental health in US adolescents during the COVID-19 pandemic,Elsevier eBooks,2024,,10.1016/b978-0-323-95648-2.00047-2,other
Exercise and the Brain–Gut Axis,Elsevier eBooks,2024,,10.1016/b978-0-323-99971-7.00019-9,other
Age-related disease: Immune system,Elsevier eBooks,2024,,10.1016/b978-0-443-15500-0.00004-9,other
Lifestyle Factors Affecting Biological Processes and Health,Elsevier eBooks,2024,,10.1016/b978-0-443-23565-8.00009-0,other
References,Elsevier eBooks,2024,,10.1016/b978-0-443-23565-8.09996-8,other
Exercise and Immunity in Horses,Elsevier eBooks,2024,,10.1016/b978-0-7020-8370-9.00047-3,exercise+immune title
"Immunomodulatory effects of herbal extract mixture of Boswellia serrata, Commiphora myrrha, and propolis in a forced swimming-induced mouse model of immune dysfunction",Applied Food Research,2024,,10.1016/j.afres.2024.100662,animal/in-vitro-like
The effects of training conditions on athletes’ mental health throughout the COVID-19 pandemic: Psychometric validation of the Persian athlete psychological strain questionnaire,Apunts Sports Medicine,2024,,10.1016/j.apunsm.2024.100437,other
High-intensity exercise training in large yellow croaker is a compromise between disease resistance and fish welfare,Aquaculture,2024,,10.1016/j.aquaculture.2024.741043,other
Time and environmental conditions for heat stress recovery based on human physiological responses: Developing a predictive model,Building and Environment,2024,,10.1016/j.buildenv.2024.112228,other
Cross-cutting Themes Influencing Well-being and Well-becoming across the Life-course,,2024,,10.1093/9780191919336.003.0002,other
Multi-omics Reveals Immune Response and Metabolic Profiles during High-Altitude Mountaineering,bioRxiv (Cold Spring Harbor Laboratory),2024,,10.1101/2024.05.03.592361,other
Can just 15 minutes of moderate-intensity exercise mobilize cytotoxic NK cells into circulation?,Physiology,2024,,10.1152/physiol.2024.39.s1.2061,exercise+immune title
Effect of exercise on different factors affecting the immune system,Comparative Exercise Physiology,2024,,10.1163/17552559-20230033,exercise+immune title
Potential for Strengthening Immune Function and Sports Performance with Lactobacillus pentosus b240,Exercise Science,2024,,10.15857/ksep.2024.00255,exercise+immune title
Ação Imunomoduladora da Estimulação Parassimpática promovida pelo Exercício Físico,Fiep Bulletin - online,2024,,10.16887/kza73227,other
"Phytochemical Contain, Biological Properties and Toxicities of Herbals Used for Doping",Preprints.org,2024,,10.20944/preprints202401.0223.v1,other
Cellular Immunity of SARS-CoV-2 in the Borriana COVID-19 Cohort: A Nested Case-Control Study,Preprints.org,2024,,10.20944/preprints202402.1112.v1,other
"The Role of Diet and Physical Activity in Shaping COVID-19 Severity: Design, Validation, and Application of a Retrospective Questionnaire",Preprints.org,2024,,10.20944/preprints202403.0358.v1,other
Low Energy Availability Increases Immune Cell Formation of Reactive Oxygen Species to Exercise and Impairs Exercise Performance in Female Endurance Athletes,SSRN Electronic Journal,2024,,10.2139/ssrn.4687388,exercise+immune title
Salivary biomarkers in COVID-19 patients: the rabbit out of the hat!,,2024,,10.22541/au.170665370.09722541/v1,other
MODERN VIEWS ABOUT THE IMMUNO-INDUCED PROCESS IN MUSCLES DURING PHYSICAL ACTIVITY,Scientific Notes of V I Vernadsky Crimean Federal University Biology Chemistry,2024,,10.29039/2413-1725-2024-10-3-128-146,other
Boosting the Immune System by Sport Activity and Nutrition Against Coronavirus (COVID),Acta Scientifci Nutritional Health,2024,,10.31080/asnh.2024.08.1385,exercise+immune title
Вторинні імунодефіцитні стани у спортсменів,Спортивна медицина фізична терапія та ерготерапія,2024,,10.32652/spmed.2024.1.49-53,other
Novel Study for the Early Identification of Injury Risks in Athletes Using Machine Learning Techniques,Applied Sciences,2024,,10.3390/app14020570,other
Novel Antioxidants for Animal Nutrition,MDPI eBooks,2024,,10.3390/books978-3-7258-1157-1,other
"Comprehensive Dataset on Pre-SARS-CoV-2 Infection Sports-Related Physical Activity Levels, Disease Severity, and Treatment Outcomes: Insights and Implications for COVID-19 Management",Data,2024,,10.3390/data9020023,other
Effects of Wildfire Exposure on the Human Immune System,Fire,2024,,10.3390/fire7120469,other
"Assessment of formed elements, vitamins B12, folic acid and iron in the blood of men with mental work",Sanitarnyj vrač (Sanitary Doctor),2024,,10.33920/med-08-2405-02,other
Assessment of hemograms in military servicemen at different durations of professional activity in the Arctic,Sanitarnyj vrač (Sanitary Doctor),2024,,10.33920/med-08-2406-03,other
"Impactos da pandemia de COVID-19 na qualidade de vida de professores de escolas públicas estaduais de um município Sergipano, Brasil",Brazilian Journal of Health Review,2024,,10.34119/bjhrv7n1-581,other
"Influence of puberty stage in immune-inflammatory parameters in well-trained adolescent soccer-players, following 8-weeks of pre-seasonal preparation training",Exploration of Immunology,2024,,10.37349/ei.2024.00175,exercise+immune title
Exercise intervention may play a potential therapeutic role in patients with glioblastoma multiforme (Review),World Academy of Sciences Journal,2024,,10.3892/wasj.2024.256,review/editorial/book-like
Effects of two massage therapy techniques on the rate of perceived exertion and performance recovery among adolescent footballers in Lagos State,African Journal of Social Issues,2024,,10.4314/ajosi.v7i1.7,other
Experimental study of toxic effects of cadmium against background of physical exercise,Hygiene and Sanitation,2024,,10.47470/0016-9900-2024-103-8-895-905,other
Assessment of the functional state of the body of highly qualified swimmers based on the analysis of correlations and dynamics of indicators of the morphological composition of the blood after the stress test,Sports medicine research and practice,2024,,10.47529/2223-2524.2024.2.1,other
Aportes para la práctica del running,Universidad de Colima eBooks,2024,,10.53897/li.2024.0018.ucol,other
Fatores motivacionais de alunos praticantes de neopilates durante a pandemia do COVID-19,Caderno Pedagógico,2024,,10.54033/cadpedv21n6-141,other
Physical Activity Adaptations in Vietnam during COVID-19,International Sports Studies,2024,,10.69665/iss.v46i1.15,other
Acute physiological outcomes of high-intensity functional training: a scoping review,PeerJ,2023,36620744,10.7717/peerj.14493,review/editorial/book-like
"Ostrzyżek-Przeździecka K, Panczyk M, Bronikowski M, Gąsior JS, Feleszko W. Association of low physical activity with higher respiratory tract infections frequency among pre-school children. Pediatr Res. (2023) 94:594–602. doi:  10.1038/s41390-022-02436-7",Pediatr Res,2023,36690745,10.1038/s41390-022-02436-7,other
"Exercise-induced skeletal muscle angiogenesis: impact of age, sex, angiocrines and cellular mediators",European Journal of Applied Physiology,2023,36715739,10.1007/s00421-022-05128-6,other
Exercise is medicine,Frontiers in Aging Neuroscience,2023,36793648,10.3389/fnagi.2023.1129221,other
Association of Accelerometer-Measured Physical Activity Level With Risks of Hospitalization for 25 Common Health Conditions in UK Adults,JAMA Network Open,2023,36795414,10.1001/jamanetworkopen.2022.56186,other
"The Impact of Exercise on Immunity, Metabolism, and Atherosclerosis",International Journal of Molecular Sciences,2023,36834808,10.3390/ijms24043394,exercise+immune title
"Reported COVID-19 vaccines side effects among Algerian athletes: a comparison between inactivated virus, adenoviral vector, and mRNA COVID-19 vaccines",The Physician and Sportsmedicine,2023,36876437,10.1080/00913847.2023.2186691,other
"Garneau L, Terada T, Mistura M, Mulvihill EE, Reed JL, Aguer C. Exercise training reduces circulating cytokines in male patients with coronary artery disease and type 2 diabetes: A pilot study. Physiol Rep. (2023) 11:e15634. doi:  10.14814/phy2.15634, PMID:",Physiol Rep,2023,36905198,10.14814/phy2.15634,exercise+immune title
"Liu S, Wen D, Feng C, Yu C, Gu Z, Wang L, et al. Alteration of gut microbiota after heat acclimation may reduce organ damage by regulating immune factors during heat stress. Front Microbiol. (2023) 14:1114233. doi:  10.3389/fmicb.2023.1114233, PMID:",Front Microbiol,2023,36910226,10.3389/fmicb.2023.1114233,other
Effects of protein–carbohydrate vs. carbohydrate alone supplementation on immune inflammation markers in endurance athletes: a randomized controlled trial,European Journal of Applied Physiology,2023,36918416,10.1007/s00421-023-05168-6,exercise+immune title
The physical exercise-induced oxidative/inflammatory response in peripheral blood mononuclear cells: Signaling cellular energetic stress situations,Life Sciences,2023,36921686,10.1016/j.lfs.2023.121440,exercise+immune title
Exercise suppresses neuroinflammation for alleviating Alzheimer’s disease,Journal of Neuroinflammation,2023,36935511,10.1186/s12974-023-02753-6,exercise+immune title
Importance of moderate-to-vigorous physical activity during the COVID-19 pandemic: a systematic review and meta-analysis,Journal of Basic and Clinical Physiology and Pharmacology,2023,36957989,10.1515/jbcpp-2023-0040,review/editorial/book-like
"Lajqi T, Köstlin-Gille N, Bauer R, Zarogiannis SG, Lajqi E, Ajeti V, et al. Training vs. tolerance: The yin/yang of the innate immune system. Biomedicines. (2023) 11:766. doi:  10.3390/biomedicines11030766. PMID:",Biomedicines,2023,36979747,10.3390/biomedicines11030766,exercise+immune title
Does Physical Exercise Enhance the Immune Response after Vaccination? A Systematic Review for Clinical Indications of COVID-19 Vaccine,International Journal of Environmental Research and Public Health,2023,36982095,10.3390/ijerph20065183,review/editorial/book-like
"Boeira M, Dorneles GP, Junior WF, Peres A. The influence of physical activity level and cytomegalovirus serostatus on the cytokine levels of young individuals. Immunol Lett. (2023) 256-257:28–33. doi:  10.1016/j.imlet.2023.03.006, PMID:",Immunol Lett,2023,36996911,10.1016/j.imlet.2023.03.006,exercise+immune title
Stress induced proinflammatory adaptations: Plausible mechanisms for the link between stress and cardiovascular disease,Frontiers in Physiology,2023,37007994,10.3389/fphys.2023.1124121,other
"Energy Expenditure, Dietary Energy Intake, and Nutritional Supplements in Adolescent Volleyball Athletes versus Nonathletic Controls",Nutrients,2023,37049627,10.3390/nu15071788,other
High‐Intensity interval training reduces transcriptomic age: A randomized controlled trial,Aging Cell,2023,37078430,10.1111/acel.13841,other
Biomarkers of post-match recovery in semi-professional and professional football (soccer),Frontiers in Physiology,2023,37113691,10.3389/fphys.2023.1167449,other
"Associations of long-term exposure to air pollution, physical activity with blood pressure and prevalence of hypertension: the China Health and Retirement Longitudinal Study",Frontiers in Public Health,2023,37206865,10.3389/fpubh.2023.1137118,other
Myocarditis Screening Methods in Athletes After SARS-CoV-2 Infection – a Systematic Review,International Journal of Sports Medicine,2023,37225132,10.1055/a-2099-6725,review/editorial/book-like
"Physical Exercise Induces Significant Changes in Immunoglobulin G N-Glycan Composition in a Previously Inactive, Overweight Population",Biomolecules,2023,37238633,10.3390/biom13050762,other
The effects of exercise training for eight weeks on immune cell characteristics among breast cancer survivors,Frontiers in Sports and Active Living,2023,37252426,10.3389/fspor.2023.1163182,exercise+immune title
Exercise and COVID-19: exercise intensity reassures immunological benefits of post-COVID-19 condition,Frontiers in Physiology,2023,37275224,10.3389/fphys.2023.1036925,exercise+immune title
"Murugathasan M, Jafari A, Amandeep A, Hassan SA, Chihata M, Abdul-Sater AA. Moderate exercise induces trained immunity in macrophages. Am J Physiol Cell Physiol. (2023) 325:C429–c42. doi:  10.1152/ajpcell.00130.2023, PMID:",Am J Physiol Cell Physiol,2023,37306389,10.1152/ajpcell.00130.2023,exercise+immune title
A self-selected 16:8 time-restricted eating quasi-experimental intervention improves various markers of cardiovascular health in middle-age male cyclists,Nutrition,2023,37331215,10.1016/j.nut.2023.112086,other
"Buggert M, Price DA, Mackay LK, Betts MR. Human circulating and tissue-resident memory CD8+ T cells. Nat Immunol. (2023) 24:1076–83. doi:  10.1038/s41590-023-01538-6. PMID:",Nat Immunol,2023,37349380,10.1038/s41590-023-01538-6,other
Effects of Covid-19 on the autonomic nervous system in elite athletes assessed by heart rate variability,Sport Sciences for Health,2023,37360977,10.1007/s11332-023-01067-7,other
"Mental health, eating habits and physical activity levels of elite Iranian athletes during the COVID-19 pandemic",Science & Sports,2023,37362084,10.1016/j.scispo.2023.01.002,other
"Involvement of Matrix Metalloproteinases in COVID-19: Molecular Targets, Mechanisms, and Insights for Therapeutic Interventions",Biology,2023,37372128,10.3390/biology12060843,other
Chromosome-Level Genome Assembly Provides Insights into the Evolution of the Special Morphology and Behaviour of Lepturacanthus savala,Genes,2023,37372448,10.3390/genes14061268,other
Seasonal changes in physiological and psychological parameters of stress in collegiate swimmers,Scientific Reports,2023,37419893,10.1038/s41598-023-37124-x,other
Tracking Biomarker Responses to Exercise in Hypertension,Current Hypertension Reports,2023,37428393,10.1007/s11906-023-01252-6,other
Examining Physical Wellness as the Fundamental Element for Achieving Holistic Well-Being in Older Persons: Review of Literature and Practical Application in Daily Life,Journal of Multidisciplinary Healthcare,2023,37435298,10.2147/jmdh.s419306,review/editorial/book-like
Short-term swimming up-regulates pro-inflammatory mediators and cytokines in gilthead seabream (Sparus aurata),Comparative Biochemistry and Physiology Part A Molecular & Integrative Physiology,2023,37437802,10.1016/j.cbpa.2023.111487,other
Salivary Markers Responses in the Post-Exercise and Recovery Period: A Systematic Review,Sports,2023,37505624,10.3390/sports11070137,review/editorial/book-like
"Intensity-effects of strengthening exercise on thigh muscle volume, pro- or anti-inflammatory cytokines, and immunocytes in the older adults: A randomized controlled trial",Archives of Gerontology and Geriatrics,2023,37541052,10.1016/j.archger.2023.105136,exercise+immune title
Outdoor environmental exposome and the burden of tuberculosis: Findings from nearly two million adults in northwestern China,Journal of Hazardous Materials,2023,37557043,10.1016/j.jhazmat.2023.132222,other
Exercise therapy to prevent and treat Alzheimer’s disease,Frontiers in Aging Neuroscience,2023,37600508,10.3389/fnagi.2023.1243869,other
Popular Dietary Trends’ Impact on Athletic Performance: A Critical Analysis Review,Nutrients,2023,37630702,10.3390/nu15163511,review/editorial/book-like
Calorie Restriction Impairs Anti-Tumor Immune Responses in an Immunogenic Preclinical Cancer Model,Nutrients,2023,37630828,10.3390/nu15163638,other
The effect of Baduanjin Qigong combined with five-elements music on anxiety and quality of sleep in asymptomatic patients with COVID-19 infection: A randomised controlled trial,Heliyon,2023,37636423,10.1016/j.heliyon.2023.e18962,other
Physical activity in lactating women influences SARS-CoV-2-specific antibodies in human milk,Heliyon,2023,37654447,10.1016/j.heliyon.2023.e19218,exercise+immune title
Harnessing the immunomodulatory effects of exercise to enhance the efficacy of monoclonal antibody therapies against B-cell haematological cancers: a narrative review,Frontiers in Oncology,2023,37681023,10.3389/fonc.2023.1244090,review/editorial/book-like
"Sheikh R, Shakerian S, Fatemi Tabatabaei SR, Habibi A. Moderate and high-intensity interval training protect against diabetes-induced modulation of hepatic Cd86 and Cd206 expression associated with the amelioration of insulin resistance and inflammation in rats. Immunobiology. (2023) 228:152745. doi:  10.1016/j.imbio.2023.152745, PMID:",Immunobiology,2023,37722328,10.1016/j.imbio.2023.152745,animal/in-vitro-like
"Becker M, Joseph SS, Garcia-Carrizo F, Tom RZ, Opaleva D, Serr I, et al. Regulatory T cells require Il6 receptor alpha signaling to control skeletal muscle function and regeneration. Cell Metab. (2023) 35:1736–51.e7. doi:  10.1016/j.cmet.2023.08.010, PMID:",Cell Metab,2023,37734370,10.1016/j.cmet.2023.08.010,other
Immune consequences of exercise in hypoxia: A narrative review,Journal of sport and health science/Journal of Sport and Health Science,2023,37734549,10.1016/j.jshs.2023.09.007,review/editorial/book-like
Association of pre-diagnostic physical exercise and peri-diagnostic body composition with mortality in non-metastatic colorectal cancer,International Journal of Colorectal Disease,2023,37755537,10.1007/s00384-023-04536-0,other
Can Exercise Enhance the Efficacy of Checkpoint Inhibition by Modulating Anti-Tumor Immunity?,Cancers,2023,37760634,10.3390/cancers15184668,exercise+immune title
"Hu Z, Li X, Yang Y, Zhang Z, Ding S. High-intensity interval training ameliorates high-fat diet-induced metabolic disorders via the cyclic gmp-amp synthase-stimulator of interferon gene signaling pathway. Int J Mol Sci. (2023) 24:13840. doi:  10.3390/ijms241813840, PMID:",Int J Mol Sci,2023,37762143,10.3390/ijms241813840,exercise+immune title
"Günbatar N, Bulduk B, Bezgin S, Oto G, Bayıroğlu F, Bulduk M. The effect of moderate-intensity physical exercise on some serum inflammation markers and the immune system in rats fed intermittent fasting with a high-fat diet. Medicina. (2023) 59:1687. doi:  10.3390/medicina59091687, PMID:",Medicina,2023,37763806,10.3390/medicina59091687,animal/in-vitro-like
"Exploring the Impact of COVID-19 on Physical Activity One Month after Infection and Its Potential Determinants: Re-Infections, Pre-Illness Vaccination Profiles/Types, and Beyond",Vaccines,2023,37766108,10.3390/vaccines11091431,other
Physical exercise in kidney disease: A commonly undervalued treatment modality,European Journal of Clinical Investigation,2023,37814427,10.1111/eci.14105,other
Impact of exercise on markers of B cell-related immunity: A systematic review,Journal of sport and health science/Journal of Sport and Health Science,2023,37832643,10.1016/j.jshs.2023.10.002,review/editorial/book-like
What if gastrointestinal complications in endurance athletes were gut injuries in response to a high consumption of ultra-processed foods? Please take care of your bugs if you want to improve endurance performance: a narrative review,European Journal of Applied Physiology,2023,37839038,10.1007/s00421-023-05331-z,review/editorial/book-like
Team USA injury and illness incidence at the 2022 Beijing Winter Olympic and Paralympic Games,British Journal of Sports Medicine,2023,37890965,10.1136/bjsports-2023-107185,other
Intervention Effects of Physical Activity on Type 2 Diabetic Patients Potentially Infected with COVID-19,Medicina,2023,37893490,10.3390/medicina59101772,other
"Effects of Online Pilates and Face-to-Face Pilates Intervention on Body Composition, Muscle Mechanical Properties, Cardiometabolic Parameters, Mental Health, and Physical Fitness in Middle-Aged Women with Obesity",Healthcare,2023,37893842,10.3390/healthcare11202768,other
"Cai Y, Xiong M, Xin Z, Liu C, Ren J, Yang X, et al. Decoding Aging-Dependent Regenerative Decline across Tissues at Single-Cell Resolution. Cell Stem Cell. (2023) 30:1674–91.e8. doi:  10.1016/j.stem.2023.09.014, PMID:",Cell Stem Cell,2023,37898124,10.1016/j.stem.2023.09.014,other
"Langston PK, Sun Y, Ryback BA, Mueller AL, Spiegelman BM, Benoist C, et al. Regulatory T cells shield muscle mitochondria from interferon-Γ-mediated damage to promote the beneficial effects of exercise. Sci Immunol. (2023) 8:eadi5377. doi:  10.1126/sciimmunol.adi5377, PMID:",Sci Immunol,2023,37922340,10.1126/sciimmunol.adi5377,exercise+immune title
Negative mood state in Kermanshah population during COVID-19 quarantine linked to low physical activity levels: a cross-sectional online survey study,Scientific Reports,2023,37996488,10.1038/s41598-023-48009-4,other
"Impact of Chlorogenic Acid on Peripheral Blood Mononuclear Cell Proliferation, Oxidative Stress, and Inflammatory Responses in Racehorses during Exercise",Antioxidants,2023,38001777,10.3390/antiox12111924,exercise+immune title
Metabolic pathways in immune senescence and inflammaging: Novel therapeutic strategy for chronic inflammatory lung diseases. An EAACI position paper from the Task Force for Immunopharmacology,Allergy,2023,38108546,10.1111/all.15977,other
The Impact of COVID-19 Health and Safety Measures on the Self-Reported Exercise Behaviors and Mental Health of College Students,International Journal of Environmental Research and Public Health,2023,38131715,10.3390/ijerph20247163,other
Exercise to transform tumours from cold to hot and improve immunotherapy responsiveness,Frontiers in Immunology,2023,38149260,10.3389/fimmu.2023.1335256,other
Vital role for primary healthcare providers: urgent need to educate the community about daily nutritional self-care to support immune function and maintain health,BMJ Nutrition Prevention & Health,2023,38618551,10.1136/bmjnph-2023-000755,other
Immune System and Its Adaptation to Exercise,Springer eBooks,2023,,10.1007/978-3-031-27184-7_25,exercise+immune title
"Auswirkungen von Ausdauer-, Kraft- und kombiniertem Training auf Zytokine und Inflammation",Springer eBooks,2023,,10.1007/978-3-031-36310-8_9,exercise+immune title
"Sedentary Behaviour, Diabetes and the Metabolic Syndrome",Springer series on epidemiology and public health,2023,,10.1007/978-3-031-41881-5_7,other
Sportmedizinische Grundlagen: Immunologische Beanspruchung durch körperliche Belastung,Springer eBooks,2023,,10.1007/978-3-662-53410-6_20,exercise+immune title
Physical Activity as a Protective Factor of COVID-19,Springer eBooks,2023,,10.1007/978-981-99-1802-7_2,other
Current return to sports recommendations after non-severe COVID-19 from an exercise immunology perspective: A scoping review,Sports Orthopaedics and Traumatology,2023,,10.1016/j.orthtr.2023.11.003,review/editorial/book-like
Handbook of Religion and Health,,2023,,10.1093/oso/9780190088859.001.0001,other
Copyright Page,,2023,,10.1093/oso/9780190088859.002.0003,other
Dedication,,2023,,10.1093/oso/9780190088859.002.0004,other
Foreword,,2023,,10.1093/oso/9780190088859.002.0006,review/editorial/book-like
Preface,,2023,,10.1093/oso/9780190088859.002.0007,review/editorial/book-like
Introduction,,2023,,10.1093/oso/9780190088859.002.0009,other
Definitions,,2023,,10.1093/oso/9780190088859.003.0001,other
Measurement,,2023,,10.1093/oso/9780190088859.003.0002,other
Research Design,,2023,,10.1093/oso/9780190088859.003.0003,other
Coping with Stress,,2023,,10.1093/oso/9780190088859.003.0004,other
Depression,,2023,,10.1093/oso/9780190088859.003.0005,other
Bipolar Disorder,,2023,,10.1093/oso/9780190088859.003.0006,other
Suicide,,2023,,10.1093/oso/9780190088859.003.0007,other
Anxiety,,2023,,10.1093/oso/9780190088859.003.0008,other
Schizophrenia and Other Psychoses,,2023,,10.1093/oso/9780190088859.003.0009,other
Substance Use and Substance Use Disorders,,2023,,10.1093/oso/9780190088859.003.0010,other
Personality Traits and Disorders,,2023,,10.1093/oso/9780190088859.003.0011,other
Psychological Well-Being and Positive Emotions,,2023,,10.1093/oso/9780190088859.003.0012,other
Delinquency and Crime,,2023,,10.1093/oso/9780190088859.003.0013,other
Marital and Family Stability,,2023,,10.1093/oso/9780190088859.003.0014,other
Social Support,,2023,,10.1093/oso/9780190088859.003.0015,other
"Understanding the Religion, Mental, and Social Health Relationship",,2023,,10.1093/oso/9780190088859.003.0016,other
Cigarette Smoking,,2023,,10.1093/oso/9780190088859.003.0017,other
Exercise,,2023,,10.1093/oso/9780190088859.003.0018,other
Diet and Weight,,2023,,10.1093/oso/9780190088859.003.0019,other
Heart Disease,,2023,,10.1093/oso/9780190088859.003.0020,other
Hypertension,,2023,,10.1093/oso/9780190088859.003.0021,other
Cerebrovascular Disease,,2023,,10.1093/oso/9780190088859.003.0022,other
Alzheimer’s Disease and Other Dementias,,2023,,10.1093/oso/9780190088859.003.0023,other
Immune Function,,2023,,10.1093/oso/9780190088859.003.0024,other
Stress Hormones,,2023,,10.1093/oso/9780190088859.003.0025,other
Cancer,,2023,,10.1093/oso/9780190088859.003.0026,other
Mortality,,2023,,10.1093/oso/9780190088859.003.0027,other
Physical Disability,,2023,,10.1093/oso/9780190088859.003.0028,other
Chronic Pain,,2023,,10.1093/oso/9780190088859.003.0029,other
"Disease Prevention, Detection, and Treatment",,2023,,10.1093/oso/9780190088859.003.0030,other
Understanding the Religion–Physical Health Relationship,,2023,,10.1093/oso/9780190088859.003.0031,other
Public Health and Human Flourishing,,2023,,10.1093/oso/9780190088859.003.0032,other
Health Policy Implications,,2023,,10.1093/oso/9780190088859.003.0033,other
Summary and Conclusions,,2023,,10.1093/oso/9780190088859.003.0034,other
Studies on Religion and Health,,2023,,10.1093/oso/9780190088859.005.0001,other
A quantificação do estado emocional em ambiente competitivo: estudo de caso no tiro com arco,,2023,,10.11606/d.100.2023.tde-28032023-182809,other
The Role of Biomarkers in Elite Sports,Balneo and PRM Research Journal,2023,,10.12680/balneo.2023.581,other
Prática de atividade física ao ar livre na pandemia da COVID-19 entre professores do ensino público,Revista Brasileira de Atividade Física & Saúde,2023,,10.12820/rbafs.28e0312,other
Preparing Basketball Players for Competition During COVID-19 Lockdown: An International Strength and Conditioning Perspective,Strength and conditioning journal,2023,,10.1519/ssc.0000000000000807,review/editorial/book-like
Physical Activity and Immunity in the Elderly for the Post-COVID-19 Pandemic Era: A Literature Review,The Asian Journal of Kinesiology,2023,,10.15758/ajk.2023.25.4.50,review/editorial/book-like
Experienced vs Inexperienced Disabled Swimmers: Training Load and Recovery in Preparation Period,Physical Education Theory and Methodology,2023,,10.17309/tmfv.2023.2.02,other
Survei Minat Masyarakat Untuk Melakukan Aktivitas Olahraga Setelah PPKM di Stadion Maulana Yusuf Serang,Sport Science and Health,2023,,10.17977/um062v5i32023p345-352,other
Atividade física e saúde mental em atletas brasileiros de basquetebol em cadeira de rodas durante o isolamento social na pandemia de Covid-19,Conexões,2023,,10.20396/conex.v21i00.8668046,other
Literature Review: Hubungan Kejadian Sedentary Lifestyle dengan Obesitas di Masa Pandemi Covid-19,Media Gizi Kesmas,2023,,10.20473/mgk.v12i2.2023.1117-1124,review/editorial/book-like
Intervention Effects of Physical Activity on Type 2 Diabetic Patients Potentially Infected with COVID-19: A Systematic Review,Preprints.org,2023,,10.20944/preprints202309.1203.v1,review/editorial/book-like
Exercise from home improves physical performance：A study conducted specifically for COVID-19,Research Square,2023,,10.21203/rs.3.rs-2713467/v1,other
Intervention effectiveness of health behaviors during COVID-19: A network meta-analysis,Research Square,2023,,10.21203/rs.3.rs-3190890/v1,review/editorial/book-like
Tópicos em ciências do movimento humano,,2023,,10.22533/at.ed.541232706,other
INTRODUÇÃO,,2023,,10.22533/at.ed.5412327061,other
EXERCÍCIO E SAÚDE MENTAL,,2023,,10.22533/at.ed.54123270610,other
EXERCÍCIO E SISTEMA IMUNE,,2023,,10.22533/at.ed.54123270611,other
EXERCÍCIO E CÂNCER,,2023,,10.22533/at.ed.54123270612,other
AVALIAÇÕES OBJETIVAS DO NÍVEL DE ATIVIDADE FÍSICA,,2023,,10.22533/at.ed.5412327062,other
VARIÁVEIS DE PRESCRIÇÃO DE EXERCÍCIO,,2023,,10.22533/at.ed.5412327063,other
MÉTODOS DE AVALIAÇÃO CARDIORRESPIRATÓRIA,,2023,,10.22533/at.ed.5412327064,other
MÉTODOS DE AVALIAÇÃO NEUROMUSCULAR,,2023,,10.22533/at.ed.5412327065,other
EXERCÍCIO E FUNÇÃO EXECUTIVA,,2023,,10.22533/at.ed.5412327066,other
ATIVIDADE FÍSICA E COGNIÇÃO,,2023,,10.22533/at.ed.5412327067,other
EXERCÍCIO E EQUILÍBRIO,,2023,,10.22533/at.ed.5412327068,other
OCLUSÃO VASCULAR: APTIDÃO E REABILITAÇÃO,,2023,,10.22533/at.ed.5412327069,other
Minat Melakukan Aktivitas Olahraga Masyarakat Suku Anak Dalam (SAD) Binaan Komunitas Sobat Eksplorasi Anak Dalam (SEAD),JURNAL PENJAKORA,2023,,10.23887/penjakora.v10i1.58580,other
Support Your Recovery Needs (SYRN) – a systemic approach to improve sport performance,Biomedical Human Kinetics,2023,,10.2478/bhk-2023-0033,other
Physical activity levels and sleep quality among military aircrew during COVID-19: A questionnaire-based pilot study,Indian Journal of Aerospace Medicine,2023,,10.25259/ijasm_18_2022,other
Pengaruh Latihan Intensitas Sedang Selama Pandemic Covid – 19 Terhadap Keterampilan Sepakbola Dan Kebugaran Jasmani,Jendela Olahraga,2023,,10.26877/jo.v8i2.15050,other
Investigating the genetic basis of disease resistance in animal populations,World Journal of Advanced Research and Reviews,2023,,10.30574/wjarr.2023.18.1.0443,other
Characterization of the Cytotoxic T lymphocytes Acute Response Following Continuous Moderate Intensity and High Intensity Interval Exercise in Metastatic Cancer Patients Undergoing Chemotherapy,,2023,,10.31219/osf.io/sq5d3,exercise+immune title
Acute Natural Killer Cells Response to a Continuous Moderate Intensity and a Work-Matched High Intensity Interval Exercise Session in Metastatic Cancer Patients Treated With Chemotherapy,,2023,,10.31219/osf.io/uyqfv,review/editorial/book-like
The long-term consequences of exposure to adverse experience on muscle physiology,,2023,,10.31274/td-20240329-773,other
Why Are Obese People Predisposed to Severe Disease in Viral Respiratory Infections?,Obesities,2023,,10.3390/obesities3010005,other
FIZINIO KRŪVIO POVEIKIS IMUNINEI SISTEMAI,Health Sciences,2023,,10.35988/sm-hs.2023.107,other
Influência da pandemia de COVID-19 na qualidade de vida e no comportamento ativo de professores universitários,Revista Brasileira de Qualidade de Vida,2023,,10.3895/rbqv.v15n0.15100,other
The Clinical Practices and Post-Treatment Care for COVID-19 Patients With Heart Complications,"Advances in medical diagnosis, treatment, and care (AMDTC) book series",2023,,10.4018/978-1-6684-6855-5.ch007,other
Variations in Inflammatory Cells and IL-6 in Long-Distance Runners Susceptible to Exercise-Induced Bronchospasm and Previously Treated with Salbutamol,Journal of Biosciences and Medicines,2023,,10.4236/jbm.2023.111005,exercise+immune title
Exercício Físico Como Aliado Profilático Contra a COVID-19: Uma Hipótese Envolvendo o Receptor do Tipo Toll 7 (TLR-7),Unimontes Científica,2023,,10.46551/ruc.v25n1a8,other
Ejercicio físico reduce la discapacidade física y el sufrimento psicológico em pacientes con lumbalgia: un estudio cuasi experimental (Physical exercise reduces physical disability and psychological suffering in patients with chronic low back pain: a quasi-experimental study),Retos,2023,,10.47197/retos.v51.101475,other
"Comparison of physical activity, internet addiction, and healthy lifestyle behavior of Turkish University students before and during the early COVID-19 Pandemic",Journal of Orthopedics Research and Rehabilitation,2023,,10.51271/jorr-0011,other
Mitigation of heat strain during exercise in hot-humid conditions,,2023,,10.5463/thesis.263,exercise+immune title
Anthropometric and Physiological Changes in Bodybuilders During the COVID Pandemic,Zahedan Journal of Research in Medical Sciences,2023,,10.5812/zjrms-127999,other
Effect of periodic of resistance training on lipid peroxidation and Tumor necrosis factor-alpha in the heart tissue of male rats exposed to stanazol,Sālnāmah va āmār.,2023,,10.61186/jbums.30.1.56,animal/in-vitro-like
Influence du sexe et de l'exercice physique sur la réponse immune dans un modèle murin de pneumopathie,,2023,,10.70675/208ba22bz2ec2z47d3z9889z4157016e475d,other
Effets de l’exercice physique aigu pré administration de l’immunochimiothérapie dans les cancers métastatiques : données précliniques et faisabilité clinique,,2023,,10.70675/ed8e1406zad5dz489dzbbf9z1b29193856b2,other
Splenic morphologic changes induced by a strenuous and exhaustive training program in Wistar rats,The Journal of Sports Medicine and Physical Fitness,2022,34028237,10.23736/s0022-4707.21.12251-0,animal/in-vitro-like
"Zheng MZM, Wakim LM. Tissue resident memory T cells in the respiratory tract. Mucosal Immunol. (2022) 15:379–88. doi:  10.1038/s41385-021-00461-z. PMID:",Mucosal Immunol,2022,34671115,10.1038/s41385-021-00461-z,other
"Fu R, Niu R, Zhao F, Wang J, Cao Q, Yu Y, et al. Exercise alleviated intestinal damage and microbial disturbances in mice exposed to fluoride. Chemosphere. (2022) 288:132658. doi:  10.1016/j.chemosphere.2021.132658, PMID:",Chemosphere,2022,34710452,10.1016/j.chemosphere.2021.132658,animal/in-vitro-like
"Mogilenko DA, Shchukina I, Artyomov MN. Immune ageing at single-cell resolution. Nat Rev Immunol. (2022) 22:484–98. doi:  10.1038/s41577-021-00646-4. PMID:",Nat Rev Immunol,2022,34815556,10.1038/s41577-021-00646-4,other
Measuring the Impact of Operational Stress: The Relevance of Assessing Stress-related Health Across the Deployment Cycle,Military Medicine,2022,34977944,10.1093/milmed/usab542,other
Training associated alterations in equine respiratory immunity using a multiomics comparative approach,Scientific Reports,2022,35013475,10.1038/s41598-021-04137-3,animal/in-vitro-like
"Effect of swimming exercise, insulin-associated or not, on inflammatory cytokines, apoptosis, and collagen in diabetic rat placentas",Histochemistry and Cell Biology,2022,35022821,10.1007/s00418-021-02069-7,animal/in-vitro-like
The Model for End-Stage Liver Disease Score and the Follow-Up Period Can Cause the Shift of Circulating Lymphocyte Subsets in Liver Transplant Recipients,Frontiers in Medicine,2022,35047528,10.3389/fmed.2021.779443,other
A Life History Perspective on Athletes with Low Energy Availability,Sports Medicine,2022,35113390,10.1007/s40279-022-01643-w,review/editorial/book-like
Association of Physical Activity and Lower Respiratory Tract Infection Outcomes in Patients With Cardiovascular Disease,Journal of the American Heart Association,2022,35132873,10.1161/jaha.121.023775,other
Issues on Trainability,Frontiers in Physiology,2022,35140629,10.3389/fphys.2021.790196,other
Why Physical Activity Should Be Considered in Clinical Trials for COVID-19 Vaccines: A Focus on Risk Groups,International Journal of Environmental Research and Public Health,2022,35162875,10.3390/ijerph19031853,other
"A Guide to Different Intensities of Exercise, Vaccination, and Sports Nutrition in the Course of Preparing Elite Athletes for the Management of Upper Respiratory Infections during the COVID-19 Pandemic: A Narrative Review",International Journal of Environmental Research and Public Health,2022,35162910,10.3390/ijerph19031888,review/editorial/book-like
"Nobari H, Gandomani EE, Reisi J, Vahabidelshad R, Suzuki K, Volpe SL, et al. Effects of 8 weeks of high-intensity interval training and spirulina supplementation on immunoglobin levels, cardio-respiratory fitness, and body composition of overweight and obese women. Biology. (2022) 11:196. doi:  10.3390/biology11020196, PMID:",Biology,2022,35205063,10.3390/biology11020196,other
Risk/benefit tradeoff of habitual physical activity and air pollution on chronic pulmonary obstructive disease: findings from a large prospective cohort study,BMC Medicine,2022,35220974,10.1186/s12916-022-02274-8,other
Unraveling Muscle Impairment Associated With COVID-19 and the Role of 3D Culture in Its Investigation,Frontiers in Nutrition,2022,35223956,10.3389/fnut.2022.825629,other
Taiwan's Response to Influenza: A Seroepidemiological Evaluation of Policies and Implications for Pandemic Preparedness,International Journal of Infectious Diseases,2022,35235824,10.1016/j.ijid.2022.02.038,review/editorial/book-like
Results of the Adult COVID-19 Lifestyle Matching Study,International Journal of Public Health,2022,35250431,10.3389/ijph.2022.1604329,other
Incidence of acute respiratory illnesses in athletes: a systematic review and meta-analysis by a subgroup of the IOC consensus on ‘acute respiratory illness in the athlete’,British Journal of Sports Medicine,2022,35260411,10.1136/bjsports-2021-104737,review/editorial/book-like
"Effects of the combination of vitamins C and E supplementation on oxidative stress, inflammation, muscle soreness, and muscle strength following acute physical exercise: meta-analyses of randomized controlled trials",Critical Reviews in Food Science and Nutrition,2022,35261309,10.1080/10408398.2022.2048290,exercise+immune title
Basal Values of Biochemical and Hematological Parameters in Elite Athletes,International Journal of Environmental Research and Public Health,2022,35270750,10.3390/ijerph19053059,other
Exercise in People With Cancer: A Spotlight on Energy Regulation and Cachexia,Frontiers in Physiology,2022,35283780,10.3389/fphys.2022.836804,other
Health Benefits of Probiotics in Sport and Exercise - Non-existent or a Matter of Heterogeneity? A Systematic Review,Frontiers in Nutrition,2022,35284446,10.3389/fnut.2022.804046,review/editorial/book-like
"The impact of physical activity on well-being, lifestyle and health promotion in an era of COVID-19 and SARS-CoV-2 variant",Postgraduate Medicine,2022,35285767,10.1080/00325481.2022.2052467,other
A Bioinformatics-Assisted Review on Iron Metabolism and Immune System to Identify Potential Biomarkers of Exercise Stress-Induced Immunosuppression,Biomedicines,2022,35327526,10.3390/biomedicines10030724,review/editorial/book-like
"Physical Exercise, a Potential Non-Pharmacological Intervention for Attenuating Neuroinflammation and Cognitive Decline in Alzheimer’s Disease Patients",International Journal of Molecular Sciences,2022,35328666,10.3390/ijms23063245,exercise+immune title
"Sports, Myocarditis and COVID-19: Diagnostics, Prevention and Return-to-play Strategies",International Journal of Sports Medicine,2022,35345017,10.1055/a-1810-5314,other
Respiratory Viral Infections in Athletes: Many Unanswered Questions,Sports Medicine,2022,35353361,10.1007/s40279-022-01660-9,other
"Influence of the COVID-19 pandemic on running behaviors, motives, and running-related injury: A one-year follow-up survey",PLoS ONE,2022,35353824,10.1371/journal.pone.0264361,other
Reframing How Physical Activity Reduces The Incidence of Clinically-Diagnosed Cancers: Appraising Exercise-Induced Immuno-Modulation As An Integral Mechanism,Frontiers in Oncology,2022,35359426,10.3389/fonc.2022.788113,other
Changes in Specific Biomarkers Indicate Cardiac Adaptive and Anti-inflammatory Response of Repeated Recreational SCUBA Diving,Frontiers in Cardiovascular Medicine,2022,35360010,10.3389/fcvm.2022.855682,other
"Breast cancer survivors’ typhoid vaccine responses: Chemotherapy, obesity, and fitness make a difference",Brain Behavior and Immunity,2022,35378230,10.1016/j.bbi.2022.03.019,other
Utility of exercise testing to assess athletes for post COVID-19 myocarditis,American Heart Journal Plus Cardiology Research and Practice,2022,35378797,10.1016/j.ahjo.2022.100125,other
Home-Based Physical Activity as a Healthy Aging Booster before and during COVID-19 Outbreak,International Journal of Environmental Research and Public Health,2022,35410000,10.3390/ijerph19074317,other
Effects of Training Loads on Stress Tolerance and Mucosal Immunity in High-Intensity Functional Fitness Athletes,Research Quarterly for Exercise and Sport,2022,35416755,10.1080/02701367.2021.2011828,exercise+immune title
Effects of cycling on the morphology and spinal posture in professional and recreational cyclists: a systematic review,Sports Biomechanics,2022,35440291,10.1080/14763141.2022.2058990,review/editorial/book-like
Exercise Preferences and Benefits in Patients Hospitalized with COVID-19,Journal of Personalized Medicine,2022,35455761,10.3390/jpm12040645,other
Physical Activity and Exercise Addiction During the Covid-19 Pandemic in Italy,International Journal of Mental Health and Addiction,2022,35469185,10.1007/s11469-022-00815-z,other
"Kurowski M, Seys S, Bonini M, Del Giacco S, Delgado L, Diamant Z, et al. Physical exercise, immune response, and susceptibility to infections-current knowledge and growing research areas. Allergy. (2022) 77:2653–64. doi:  10.1111/all.15328, PMID:",Allergy,2022,35485959,10.1111/all.15328,exercise+immune title
Evidence of immunometabolic dysregulation and airway dysbiosis in athletes susceptible to respiratory illness,EBioMedicine,2022,35490556,10.1016/j.ebiom.2022.104024,other
The Relationship between Physical Activity and Long COVID: A Cross-Sectional Study,International Journal of Environmental Research and Public Health,2022,35564488,10.3390/ijerph19095093,other
Effects and Causes of Detraining in Athletes Due to COVID-19: A Review,International Journal of Environmental Research and Public Health,2022,35564795,10.3390/ijerph19095400,review/editorial/book-like
State of Knowledge on Molecular Adaptations to Exercise in Humans: Historical Perspectives and Future Directions,Comprehensive physiology,2022,35578962,10.1002/cphy.c200033,review/editorial/book-like
Adapted physical activity in subjects and athletes recovering from covid-19: a position statement of the Società Italiana Scienze Motorie e Sportive,Sport Sciences for Health,2022,35600000,10.1007/s11332-022-00951-y,other
Wheel‐Running Exercise Protects Ovariectomized Mice from Bone Loss via IFN‐ γ ‐Mediated Suppression of the NF‐ κ B and MAPK Pathways,Oxidative Medicine and Cellular Longevity,2022,35602099,10.1155/2022/2030818,animal/in-vitro-like
"Resistance Training before, during, and after COVID-19 Infection: What Have We Learned So Far?",International Journal of Environmental Research and Public Health,2022,35627861,10.3390/ijerph19106323,other
Influence of Nutritional Status and Physical Exercise on Immune Response in Metabolic Syndrome,Nutrients,2022,35631195,10.3390/nu14102054,exercise+immune title
"Xiao Y, Sun S, Kang L, Zhao M. Transient receptor potential vanilloid 1 (TRPV1) channel opens sesame of T cell responses and T cell-mediated inflammatory diseases. Front Immunol. (2022) 13:870952. doi:  10.3389/fimmu.2022.870952. PMID:",Front Immunol,2022,35634308,10.3389/fimmu.2022.870952,other
Clinical and nutritional management of very-low-calorie ketogenic diet (VLCKD) in patients with psoriasis and obesity: a practical guide for the nutritionist,Critical Reviews in Food Science and Nutrition,2022,35653127,10.1080/10408398.2022.2083070,other
An immunometabolic signature of athletes susceptible to respiratory tract illness? Comment on: Evidence of immunometabolic dysregulation and airway dysbiosis in athletes susceptible to respiratory illness,EBioMedicine,2022,35671623,10.1016/j.ebiom.2022.104096,review/editorial/book-like
Use of Physical Activity and Exercise to Reduce Inflammation in Children and Adolescents with Obesity,International Journal of Environmental Research and Public Health,2022,35682490,10.3390/ijerph19116908,exercise+immune title
Regular Physical Activities Inhibit Risk Factors of the Common Cold Among Chinese Adults,Frontiers in Psychology,2022,35686081,10.3389/fpsyg.2022.864515,other
"Malczynska-Sims P, Chalimoniuk M, Wronski Z, Marusiak J, Sulek A. High-intensity interval training modulates inflammatory response in Parkinson’s disease. Aging Clin Exp Res. (2022) 34:2165–76. doi:  10.1007/s40520-022-02153-5, PMID:",Aging Clin Exp Res,2022,35699838,10.1007/s40520-022-02153-5,exercise+immune title
Intrinsic Exercise Capacity Affects Glycine and Angiotensin-Converting Enzyme 2 (ACE2) Levels in Sedentary and Exercise Trained Rats,Metabolites,2022,35736481,10.3390/metabo12060548,animal/in-vitro-like
"Daily Life Patterns, Psychophysical Conditions, and Immunity of Adolescents in the COVID-19 Era: A Mixed Research with Qualitative Interviews by a Quasi-Experimental Retrospective Study",Healthcare,2022,35742203,10.3390/healthcare10061152,other
Reply to Ewell and Abbotts,Journal of Applied Physiology,2022,35776895,10.1152/japplphysiol.00243.2022,review/editorial/book-like
Post pandemic research priorities: A consensus statement from the HL-PIVOT,Progress in Cardiovascular Diseases,2022,35842068,10.1016/j.pcad.2022.07.001,review/editorial/book-like
"Fonseca R, Burn TN, Gandolfo LC, Devi S, Park SL, Obers A, et al. Runx3 drives a CD8+ T cell tissue residency program that is absent in CD4+ T cells. Nat Immunol. (2022) 23:1236–45. doi:  10.1038/s41590-022-01273-4. PMID:",Nat Immunol,2022,35882933,10.1038/s41590-022-01273-4,other
Counseling for Physical Activity in Adults during the COVID-19 Pandemic: A Scope Review,International Journal of Environmental Research and Public Health,2022,35886538,10.3390/ijerph19148687,review/editorial/book-like
The acute physiological response of polar bears to helicopter capture,Journal of Wildlife Management,2022,35915725,10.1002/jwmg.22238,other
Age-dependent impact of two exercise training regimens on genomic and metabolic remodeling in skeletal muscle and liver of male mice,npj Aging,2022,35927269,10.1038/s41514-022-00089-8,animal/in-vitro-like
[Retracted] Review on the Effect of Exercise Training on Immune Function,BioMed Research International,2022,35941982,10.1155/2022/9933387,review/editorial/book-like
Resistance training and clinical status in patients with postdischarge symptoms after COVID-19: protocol for a randomized controlled crossover trial “The EXER-COVID Crossover Study”,Trials,2022,35945634,10.1186/s13063-022-06608-y,other
"Orally Ingested Probiotics, Prebiotics, and Synbiotics as Countermeasures for Respiratory Tract Infections in Nonelderly Adults: A Systematic Review and Meta-Analysis",Advances in Nutrition,2022,35948276,10.1093/advances/nmac086,review/editorial/book-like
Experience of rehabilitation management in public hospital after it was identified as designated rehabilitation hospital for COVID-19 patients: A qualitative study,Frontiers in Public Health,2022,35958844,10.3389/fpubh.2022.919730,other
"Zhao H, He Z, Yun H, Wang R, Liu C. A meta-analysis of the effects of different exercise modes on inflammatory response in the elderly. Int J Environ Res Public Health. (2022) 19:10451. doi:  10.3390/ijerph191610451, PMID:",Int J Environ Res Public Health,2022,36012088,10.3390/ijerph191610451,review/editorial/book-like
In vitro assessment of the probiotic properties of an industrial preparation containing Lacticaseibacillus paracasei in the context of athlete health,Frontiers in Pharmacology,2022,36016576,10.3389/fphar.2022.857987,animal/in-vitro-like
The growing field of immunometabolism and exercise: Key findings in the last 5 years,Journal of Cellular Physiology,2022,36052887,10.1002/jcp.30866,other
The effect of rugby training on indirect markers of gut permeability and gut damage in academy level rugby players,European Journal of Applied Physiology,2022,36053363,10.1007/s00421-022-05027-w,other
Validity of the peak velocity to detect physical training improvements in athymic mice,Frontiers in Physiology,2022,36091383,10.3389/fphys.2022.943498,animal/in-vitro-like
Good perceived sleep quality protects against the raised risk of respiratory infection during sleep restriction in young adults,SLEEP,2022,36112383,10.1093/sleep/zsac222,other
Effects of Moderate-Intensity Training Under Cyclic Hypoxia on Cardiorespiratory Fitness and Hematological Parameters in People Recovered From COVID-19: The AEROBICOVID Study,Sports Health A Multidisciplinary Approach,2022,36154544,10.1177/19417381221120639,other
An integrated network pharmacology and metabolomics approach to reveal the immunomodulatory mechanism of Brassica rapa L. (Tibetan Turnip) in fatigue mice,Food & Function,2022,36200535,10.1039/d2fo02308c,animal/in-vitro-like
"Vitamin D, exercise, and immune health in athletes: A narrative review",Frontiers in Immunology,2022,36211340,10.3389/fimmu.2022.954994,review/editorial/book-like
A ‘health message’ on sustainable physical and mental health for the prolonged COVID-19 and other pandemics,Postgraduate Medicine,2022,36219130,10.1080/00325481.2022.2134693,other
Correspondence to: “Preclinical atherosclerosis and cardiovascular events: Do we have a consensus about the role of preclinical atherosclerosis in the prediction of cardiovascular events?”,Atherosclerosis,2022,36261306,10.1016/j.atherosclerosis.2022.10.001,other
Modeling Community Residents’ Exercise Adherence and Life Satisfaction: An Application of the Influence of the Reference Group,International Journal of Environmental Research and Public Health,2022,36293754,10.3390/ijerph192013174,other
The Efficient Antiviral Response of A549 Cells Is Enhanced When Mitochondrial Respiration Is Promoted,Pathogens,2022,36297225,10.3390/pathogens11101168,other
"Knowledge, attitude, practices and perceived job stress among physical therapists in the Kingdom of Saudi Arabia during the COVID-19 pandemic: a cross-sectional study.",Acta bio-medica dell'Ateneo parmense/Acta biomedica,2022,36300227,10.23750/abm.v93i5.13158,other
Heat acclimation does not negatively affect salivary immunoglobulin-A and self-reported illness symptoms and wellness in recreational athletes,Temperature,2022,36339091,10.1080/23328940.2022.2088029,exercise+immune title
Lifestyle changes and risk of tuberculosis in patients with type 2 diabetes mellitus: A nationwide cohort study,Frontiers in Endocrinology,2022,36339423,10.3389/fendo.2022.1009493,other
Respiratory muscle strength and pulmonary function in unvaccinated athletes before and after COVID-19 infection: A prospective cohort study,Respiratory Physiology & Neurobiology,2022,36343877,10.1016/j.resp.2022.103983,other
A Case Series of SARS-CoV-2 Reinfection in Elite Athletes,International Journal of Environmental Research and Public Health,2022,36360678,10.3390/ijerph192113798,other
Impact of Physical Activity on COVID-19,International Journal of Environmental Research and Public Health,2022,36360985,10.3390/ijerph192114108,other
Exercise sustains the hallmarks of health,Journal of sport and health science/Journal of Sport and Health Science,2022,36374766,10.1016/j.jshs.2022.10.003,other
"Influences of sleep and lifestyle factors on the risk for covid-19 infections, from internet survey of 10,000 Japanese business workers",Scientific Reports,2022,36385119,10.1038/s41598-022-22105-3,other
Dose caffeinated energy drink is a consideration issue for endurance performance,Frontiers in Physiology,2022,36388121,10.3389/fphys.2022.999811,other
Respiratory issues in patients with multiple sclerosis as a risk factor during SARS-CoV-2 infection: a potential role for exercise,Molecular and Cellular Biochemistry,2022,36411399,10.1007/s11010-022-04610-1,other
Immunomodulatory action of Lactococcus lactis,Journal of Bioscience and Bioengineering,2022,36428209,10.1016/j.jbiosc.2022.10.010,other
Impact of Physical Activity on the Characteristics and Metabolic Consequences of Alcohol Consumption: A Cross-Sectional Population-Based Study,International Journal of Environmental Research and Public Health,2022,36429766,10.3390/ijerph192215048,other
"Before and during the COVID-19 Pandemic, Physical Fitness Association with Mental Health among Higher Education Students: A Multi-Group Analysis Model",International Journal of Environmental Research and Public Health,2022,36430110,10.3390/ijerph192215393,other
"Balogh L, Szabó K, Pucsok JM, Jámbor I, Gyetvai Á, Mile M, et al. The effect of aerobic exercise and low-impact pilates workout on the adaptive immune system. J Clin Med. (2022) 11:6814. doi:  10.3390/jcm11226814, PMID:",J Clin Med,2022,36431291,10.3390/jcm11226814,exercise+immune title
"Physical Activity, Dietary Behavior, and Body Weight Changes during the COVID-19 Nationwide Level 3 Alert in Taiwan: Results of a Taiwanese Online Survey",Nutrients,2022,36432627,10.3390/nu14224941,other
Exercise Training and Verbena officinalis L. Affect Pre-Clinical and Histological Parameters,Plants,2022,36432843,10.3390/plants11223115,other
Lymphocyte and dendritic cell response to a period of intensified training in young healthy humans and rodents: A systematic review and meta-analysis,Frontiers in Physiology,2022,36439269,10.3389/fphys.2022.998925,review/editorial/book-like
"Effects of walking training at different speeds on body composition, muscle contractility, and immunocytes in the elderly: A single-blinded randomized controlled trial",Archives of Gerontology and Geriatrics,2022,36450211,10.1016/j.archger.2022.104871,other
"COVID-19, cardiac involvement and cardiac rehabilitation: Insights from a rehabilitation perspective - State of the Art",Turkish Journal of Physical Medicine and Rehabilitation,2022,36475104,10.5606/tftrd.2022.11435,review/editorial/book-like
The Potential of Exerkines in Women’s COVID-19: A New Idea for a Better and More Accurate Understanding of the Mechanisms behind Physical Exercise,International Journal of Environmental Research and Public Health,2022,36497720,10.3390/ijerph192315645,other
Relationship between Tai Chi and clinical outcomes in elderly patients with COVID-19: a protocol for systematic review and dose–response meta-analysis,BMJ Open,2022,36523226,10.1136/bmjopen-2022-066803,review/editorial/book-like
Psychological Wellbeing and Perceived Fatigue in Competitive Athletes after SARS-CoV-2 Infection 2 Years after Pandemic Start: Practical Indications,Journal of Functional Morphology and Kinesiology,2022,36648893,10.3390/jfmk8010001,other
Intensity-specific considerations for exercise for patients with inflammatory bowel disease,Gastroenterology report,2022,36814502,10.1093/gastro/goad004,exercise+immune title
Overtraining Syndrome as a Complex Systems Phenomenon,Frontiers in Network Physiology,2022,36925581,10.3389/fnetp.2021.794392,other
State of Knowledge on Molecular Adaptations to Exercise in Humans: Historical Perspectives and Future Directions,Comprehensive physiology,2022,,10.1002/j.2040-4603.2022.tb00211.x,review/editorial/book-like
Cancer Rehabilitation or Physical Exercise Effect on Immune Function,Springer eBooks,2022,,10.1007/978-3-030-80962-1_354-1,exercise+immune title
Psychological Healing and Leveraging the Placebo Effect,Springer eBooks,2022,,10.1007/978-3-031-06101-1_12,other
Promoting Emotion-Regulating Coping Resilience,Springer eBooks,2022,,10.1007/978-3-031-06101-1_9,other
Het immuunsysteem en samenhangende ziekten,Bohn Stafleu van Loghum eBooks,2022,,10.1007/978-90-368-2761-4_11,other
Exercise in Immune Health Management and Rehabilitation Against COVID-19,Springer eBooks,2022,,10.1007/978-981-16-9336-6_14,exercise+immune title
The Importance of Physical Health Maintenance Applications During the COVID-19 Pandemic in Indonesia,Lecture notes on data engineering and communications technologies,2022,,10.1007/978-981-19-3035-5_26,other
Probiotics in sports nutrition,Elsevier eBooks,2022,,10.1016/b978-0-323-85170-1.00024-5,other
Impact of the COVID-19 pandemic on the physical and mental health of the elderly,Elsevier eBooks,2022,,10.1016/b978-0-323-85174-9.00012-1,other
Exercise and immunity,Elsevier eBooks,2022,,10.1016/b978-0-323-89843-0.00033-7,exercise+immune title
Overview of various antiaging strategies,Elsevier eBooks,2022,,10.1016/b978-0-323-90235-9.00008-2,review/editorial/book-like
Elimination of damaged cells-dependent antiaging strategy,Elsevier eBooks,2022,,10.1016/b978-0-323-90235-9.00013-6,other
Exercise,Cancer,2022,,10.1016/b978-0-323-91904-3.00014-8,other
Training und Adaptation,Elsevier eBooks,2022,,10.1016/b978-3-437-21481-3.00005-0,other
Intervention bei krankheitsspezifischen Aspekten,Elsevier eBooks,2022,,10.1016/b978-3-437-24041-6.00005-2,other
COVID-19 vaccination status is associated with physical activity in German-speaking countries: the COR-PHYS-Q cohort study,medRxiv,2022,,10.1101/2022.01.01.21268576,other
Analysis of IGHA1 and other salivary proteins post half marathon in female participants,bioRxiv (Cold Spring Harbor Laboratory),2022,,10.1101/2022.11.13.515896,exercise+immune title
"Effects of n-3 long-chain polyunsaturated fatty acid supplementation on the omega-3 index, and exercise performance among Malaysian football players: a randomised controlled trial",British Food Journal,2022,,10.1108/bfj-11-2021-1250,other
Estudo translacional da regulação metabólica do microambiente tumoral através do treinamento físico na modulação da resposta imune antitumoral em pacientes com câncer,,2022,,10.11606/t.5.2022.tde-01022023-090414,other
"Efeitos dos serviços assistidos por equinos no sistema imunológico, estomatognático e na capacidade funcional de adultos mais velhos: estudo longitudinal",,2022,,10.11606/t.58.2022.tde-06122022-114711,other
Seasonal Climate Effects on Influenza–Pneumonia Mortality and Public Health,Weather Climate and Society,2022,,10.1175/wcas-d-21-0073.1,other
Innovation on Education and Social Sciences,Routledge eBooks,2022,,10.1201/9781003265061,other
Profile of changes in adaptive physical education learning during the Covid-19 pandemic,Routledge eBooks,2022,,10.1201/9781003265061-3,other
The Effect of the Music Tempo on the Recovery of Cardiopulmonary Function after Aerobic Exercise Based on Personal Health Record,International journal of human movement and sports sciences,2022,,10.13189/saj.2022.100214,other
Can a Healthy Lifestyle Reduce Feelings of Anxiety during the COVID-19 Pandemic?,Universal Journal of Public Health,2022,,10.13189/ujph.2022.100609,other
Can Regular Exercise Before COVID-19 Disease Upregulate ACE2 and Downregulate TMPRSS2 in Patient’s Cells?,Exploratory Research and Hypothesis in Medicine,2022,,10.14218/erhm.2021.00055,other
Sociology of Space: The Elderly Activity Space Before and During the Covid-19 Pandemic,KOMUNITAS INTERNATIONAL JOURNAL OF INDONESIAN SOCIETY AND CULTURE,2022,,10.15294/komunitas.v14i2.37883,other
Exercise and Gut Microbiome: Trends and Advances in Research Methods,Exercise Science,2022,,10.15857/ksep.2022.00479,other
People with asthma: care during the COVID-19 pandemic and the importance of regular exercise for the immune system,Motriz Revista de Educação Física,2022,,10.1590/s1980-657420220021121,exercise+immune title
"Exercise Performance and Immune Competence [EPIC]: Background of Natural Immunity, Immune Diversity and Immuno-iatrogenesis",International Journal of Physiotherapy and Research,2022,,10.16965/ijpr.2022.124,exercise+immune title
Análisis diferencial de variables psicológicas relacionadas con el compromiso para la práctica deportiva en universitarios durante el confinamiento por la COVID-19,Sportis Scientific Journal of School Sport Physical Education and Psychomotricity,2022,,10.17979/sportis.2022.8.3.8920,other
Saúde física e mental de profissionais de unidades de saúde da família na pandemia do COVID-19,Revista Portuguesa de Enfermagem de Saúde Mental,2022,,10.19131/rpesm.328,other
The Efficient Antiviral Response of A549 Cells Is Enhanced When Mitochondrial Respiration Is Promoted,Preprints.org,2022,,10.20944/preprints202209.0062.v1,other
Modeling Community Residents’ Exercise Adherence and Life Satisfaction: An Application of the Influence of the Reference Group,Preprints.org,2022,,10.20944/preprints202210.0021.v1,other
"Influences of sleep and lifestyle factors on the risk for covid-19 infections: internet survey from 10,000 Japanese business workers",Research Square,2022,,10.21203/rs.3.rs-1566865/v1,other
Microbial Bowel Infections-Induced Biochemical and Biological Abnormalities among Young Egyptian Swimmers: Associated Risk Factors Affecting Swimming Performance Running title: Swimmers’ Microbial Bowel Infections and Swimming Performance,Research Square,2022,,10.21203/rs.3.rs-2113868/v1,other
Physical activity and health during the SARS-CoV2 pandemic,,2022,,10.21248/gups.71408,other
EFFICACY OF AEROBIC VERSUS RESISTANCE TRAINING ON DYSPNEA AND CRP LEVELS IN POST-COVID-19 PATIENTS,NILES Journal forGeriatric and Gerontology/NILES Journal for Geriatric and Gerontology,2022,,10.21608/niles.2022.142671.1068,other
An Outlook on the COVID-19 Infection Magnitude in Pakistan and Potential Factors Contributing to Low Mortality Rates,Annals of King Edward Medical University,2022,,10.21649/akemu.v27i4.4908,other
IMPORTÂNCIA DA ATIVIDADE FÍSICA PARA A SAÚDE EM TEMPOS DE PANDEMIA COVID-19: revisão de literatura,Revista Eletrônica Científica Ensino Interdisciplinar,2022,,10.21920/recei72022826398410,other
The effects of Curcuma xanthorrhiza rhizome simplicia and Camellia sinensis green tea in a patient with chronic hepatitis B infection: a case report,Indonesian Journal of Pharmacology and Therapy,2022,,10.22146/ijpther.4567,other
Consecuencias en salud de la inactividad física: revisión teórica,Psic-Obesidad,2022,,10.22201/fesz.20075502e.2021.11.44.84415,other
Exercise dosing considerations in times of COVID-19 pandemic: A review,Universidad y Salud,2022,,10.22267/rus.222403.287,review/editorial/book-like
INDICATORS OF GENERAL IMMUNITY IN PATIENTS WITH IATROGENIC MAXILLARY SINUSITIS,World of Medicine and Biology,2022,,10.26724/2079-8334-2022-1-79-29-33,other
How has the initial lockdown and reopening due to the COVID-19 pandemic affected physical activity level and well-being in Turkey?,Journal of Surgery and Medicine,2022,,10.28982/josam.935905,other
Social Isolation Sport and Exercise Disruptions and Impacts on the Elderly as a Vulnerable Group,Alternation eBooks,2022,,10.29086/978-0-9869937-0-1/2022/aasbs9/7,other
Fiziksel Aktivite Alışkanlıklarının Covid-19 Geçirme Sürecindeki Etkilerinin Araştırılması,JOURNAL OF SOCIAL HUMANITIES AND ADMINISTRATIVE SCIENCES,2022,,10.29228/joshas.64447,other
Active recovery is better than passive recovery to optimizing post-exercise body recovery,Jurnal SPORTIF Jurnal Penelitian Pembelajaran,2022,,10.29407/js_unpgri.v8i1.17685,other
"Influence of Aerobic Exercise Combined with Forest Bathing on Immunocytes, Stress Hormones, VO2peak, and Body Composition in Elderly Men: A Randomized Controlled Trial",Journal of Men s Health,2022,,10.31083/j.jomh1807149,other
Program Senam Aerobik Intensitas Sedang sebagai Upaya Meningkatkan Imunitas Tubuh Tenaga Kependidikan di Masa Pandemi,GERVASI Jurnal Pengabdian kepada Masyarakat,2022,,10.31571/gervasi.v6i2.3440,other
Effect of Regular Exercise and Antioxidant on Superoxide Dismutase (SOD),Kinestetik Jurnal Ilmiah Pendidikan Jasmani,2022,,10.33369/jk.v6i3.23751,other
"Physical Activity, Outdoor and Adventure Sports During the Covid-19 Pandemic Process",Baltic Journal of Sport and Health Sciences,2022,,10.33607/bjshs.v1i124.1160,other
Aktivitas Fisik pada Masyarakat yang Terpapar dan Tidak Terpapar Covid-19,Lentora Nursing Journal,2022,,10.33860/lnj.v3i1.1723,other
Energy Metabolism and Diet,MDPI eBooks,2022,,10.3390/books978-3-0365-1851-0,other
Excesso de exercício físico?,Brazilian Journals Editora eBooks,2022,,10.35587/brj.ed.0001379,other
OVERTRAINING NO FISICULTURISMO,Brazilian Journals Editora eBooks,2022,,10.35587/brj.ed.0001380,other
ORIGEM DO OVERTRAINING: SISTEMA IMUNE,Brazilian Journals Editora eBooks,2022,,10.35587/brj.ed.0001382,other
ORIGEM DO OVERTRAINING: ESTRESSE OXIDATIVO,Brazilian Journals Editora eBooks,2022,,10.35587/brj.ed.0001383,other
ORIGEM DA FADIGA AGUDA: CÉREBRO,Brazilian Journals Editora eBooks,2022,,10.35587/brj.ed.0001384,other
VARIABILIDADE DA FREQUÊNCIA CARDÍACA,Brazilian Journals Editora eBooks,2022,,10.35587/brj.ed.0001385,other
PERIODIZAÇÃO E ESTRATÉGIAS DE TREINAMENTO,Brazilian Journals Editora eBooks,2022,,10.35587/brj.ed.0001386,other
TÓPICOS ESPECIAIS: METABOLÔMICA,Brazilian Journals Editora eBooks,2022,,10.35587/brj.ed.0001387,other
Response to COVID 19 Pandemic in MENA Region. Practices and Polices,Scholars Journal of Medical Case Reports,2022,,10.36347/sjmcr.2022.v10i07.026,review/editorial/book-like
A IMPORTÂNCIA DO PROFISSIONAL DE EDUCAÇÃO FÍSICA FRENTE A PANDEMIA DA COVID-19,Revista CPAQV - Centro de Pesquisas Avançadas em Qualidade de Vida,2022,,10.36692/v14n1-03,other
Gençlere Yönelik Egzersiz Bağımlılığı Ölçeği (GYEB): Bir Ölçek Uyarlama Çalışması,Gümüşhane Üniversitesi Sağlık Bilimleri Dergisi,2022,,10.37989/gumussagbil.1096398,other
"""Tips to Boost Innate Immune System to Fight Viruses with a Focus on COVID-19: A Short Review""",Open Access Journal of Biomedical Science,2022,,10.38125/oajbs.000421,review/editorial/book-like
Exploring the Potential of Non-Pharmacological Therapeutic Interventions to Promote Resilience of the Human Immune System. Part I: Biological Foundations and Structured Exercise,OALib,2022,,10.4236/oalib.1108691,exercise+immune title
The effect of lifestyle on the course of COVID-19 infection,The Annals of Clinical and Analytical Medicine,2022,,10.4328/acam.21214,other
Science Mapping for Nutrition Education in Sports Recovery Research: A Bibliometric Analysis,International Journal of Education in Mathematics Science and Technology,2022,,10.46328/ijemst.2620,other
"Nutrición y ejercicio físico, una considerable propuesta de ayuda no farmacológica ante el COVID-19 (Nutrition and exercise, a considerable proposal for non-pharmacological help against COVID-19)",Retos,2022,,10.47197/retos.v45i0.91455,other
Beneficios y riesgos de la práctica de la carrera de resistencia en corredores veteranos. Un análisis crítico ( Benefits and risks of endurance running in veteran runners. A critical análisis),Retos,2022,,10.47197/retos.v47.95252,other
COVID-19 pandemic: regular physical activity and respiratory exercises at home as prevention and treatment,Physiotherapy Quarterly,2022,,10.5114/pq.2022.121150,other
The Impact of Moderate Intensity Exercise and Lemon Peel Essential Oil on Immune Function During the COVID-19 Pandemic,Specialty journal of Pharmacognosy Phytochemistry and Biotechnology,2022,,10.51847/fccjs2pjin,exercise+immune title
The effects of an educational intervention on exercise advice behaviours of Thai oncology nurses,Queensland University of Technology,2022,,10.5204/thesis.eprints.228685,other
Evaluation of sleep quality and physical activity levels of university students during the COVID-19 pandemic,Journal of Experimental and Clinical Medicine,2022,,10.52142/omujecm.39.4.32,other
Factores del estilo de vida con efecto inmunomodulador ante infecciones virales respiratorias en el adulto,ALERTA Revista Científica del Instituto Nacional de Salud,2022,,10.5377/alerta.v5i2.12803,other
Breast Cancer Screening Practices Amongst Female Students in Pakistan,Pakistan BioMedical Journal,2022,,10.54393/pbmj.v5i6.523,other
Physical Activity and Vaccine Response,IntechOpen eBooks,2022,,10.5772/intechopen.102531,other
Exercise in Cold Weather for COVID-19-Recovered Individuals,Asian Journal of Sports Medicine,2022,,10.5812/asjsm-127151,other
Immune response to physical exercise: evidence to take into account during the Coronavirus disease (COVID-19) pandemic,The Journal of Sports Medicine and Physical Fitness,2021,33092337,10.23736/s0022-4707.20.11767-5,review/editorial/book-like
"Leite AB, Lima HN, Flores C, Oliveira CA, Cunha LEC, Neves JL, et al. High-intensity interval training is more effective than continuous training to reduce inflammation markers in female rats with cisplatin nephrotoxicity. Life Sci. (2021) 266:118880. doi:  10.1016/j.lfs.2020.118880, PMID:",Life Sci,2021,33310039,10.1016/j.lfs.2020.118880,animal/in-vitro-like
Sustaining efficient immune functions with regular physical exercise in the COVID‐19 era and beyond,European Journal of Clinical Investigation,2021,33393082,10.1111/eci.13485,exercise+immune title
The Effect of Acute Physical Exercise on NK-Cell Cytolytic Activity: A Systematic Review and Meta-Analysis,Sports Medicine,2021,33398798,10.1007/s40279-020-01402-9,review/editorial/book-like
"Swarnalekha N, Schreiner D, Litzler LC, Iftikhar S, Kirchmeier D, Künzli M, et al. T resident helper cells promote humoral responses in the lung. Sci Immunol. (2021) 6:eabb6808. doi:  10.1126/sciimmunol.abb6808. PMID:",Sci Immunol,2021,33419790,10.1126/sciimmunol.abb6808,other
"Son YM, Cheon IS, Wu Y, Li C, Wang Z, Gao X, et al. Tissue-resident CD4+ T helper cells assist the development of protective respiratory B and CD8+ T cell memory responses. Sci Immunol. (2021) 6:eabb6852. doi:  10.1126/sciimmunol.abb6852. PMID:",Sci Immunol,2021,33419791,10.1126/sciimmunol.abb6852,other
"Upper-Body Resistance Training Following Soccer Match Play: Compatible, Complementary, or Contraindicated?",International Journal of Sports Physiology and Performance,2021,33440333,10.1123/ijspp.2020-0762,other
"Suzuki K, Hayashida H. Effect of exercise intensity on cell-mediated immunity. Sports (Basel). (2021) 9:8. doi:  10.3390/sports9010008, PMID:",Sports (Basel),2021,33440732,10.3390/sports9010008,exercise+immune title
"Examine the associations between perceived neighborhood conditions, physical activity, and mental health during the COVID-19 pandemic",Health & Place,2021,33454564,10.1016/j.healthplace.2021.102505,other
"FitzPatrick MEB, Provine NM, Garner LC, Powell K, Amini A, Irwin SL, et al. Human intestinal tissue-resident memory T cells comprise transcriptionally and functionally distinct subsets. Cell Rep. (2021) 34:108661. doi:  10.1101/869917. PMID:",Cell Rep,2021,33472060,10.1101/869917,other
Adrenergic Signaling in Immunotherapy of Cancer: Friend or Foe?,Cancers,2021,33494360,10.3390/cancers13030394,other
"Ramadan Fasting During the COVID-19 Pandemic; Observance of Health, Nutrition and Exercise Criteria for Improving the Immune System",Frontiers in Nutrition,2021,33521030,10.3389/fnut.2020.570235,exercise+immune title
Cancer Related Anemia: An Integrated Multitarget Approach and Lifestyle Interventions,Nutrients,2021,33535496,10.3390/nu13020482,other
"Coletta AM, Agha NH, Baker FL, Niemiro GM, Mylabathula PL, Brewster AM, et al. The Impact of High-Intensity Interval Exercise Training on Nk-Cell Function and Circulating Myokines for Breast Cancer Prevention among Women at High Risk for Breast Cancer. Breast Cancer Res Treat. (2021) 187:407–16. doi:  10.1007/s10549-021-06111-z, PMID:",Breast Cancer Res Treat,2021,33555464,10.1007/s10549-021-06111-z,other
Obesity and aging: Molecular mechanisms and therapeutic approaches,Ageing Research Reviews,2021,33556548,10.1016/j.arr.2021.101268,other
"Fitness and prostate cancer screening, incidence, and mortality: Results from the Henry Ford Exercise Testing (FIT) Project",Cancer,2021,33561293,10.1002/cncr.33426,other
COVID-19: Are Non-Communicable Diseases Risk Factors for Its Severity?,American Journal of Health Promotion,2021,33576237,10.1177/0890117121990518,other
Fruits and Vegetables in the Management of Underlying Conditions for COVID-19 High-Risk Groups,Foods,2021,33578926,10.3390/foods10020389,other
Viral Respiratory Infections: An Ounce of Prevention Is Worth a Pound of Cure,Mayo Clinic Proceedings Innovations Quality & Outcomes,2021,33585798,10.1016/j.mayocpiqo.2020.12.008,other
Resuming professional football (soccer) during the COVID-19 pandemic in a country with high infection rates: a prospective cohort study,British Journal of Sports Medicine,2021,33589470,10.1136/bjsports-2020-103724,other
"Immune status, well-being and gut microbiota in military supplemented with synbiotic ice cream and submitted to field training: a randomised clinical trial",British Journal Of Nutrition,2021,33593462,10.1017/s0007114521000568,exercise+immune title
A Phenomic Perspective on Factors Influencing Breast Cancer Treatment: Integrating Aging and Lifestyle in Blood and Tissue Biomarker Profiling,Frontiers in Immunology,2021,33597950,10.3389/fimmu.2020.616188,review/editorial/book-like
"The Relevance of a Physical Active Lifestyle and Physical Fitness on Immune Defense: Mitigating Disease Burden, With Focus on COVID-19 Consequences",Frontiers in Immunology,2021,33613573,10.3389/fimmu.2021.587146,other
Predictors of upper respiratory tract symptom risk: Differences between elite rugby union and league players,Journal of Sports Sciences,2021,33629651,10.1080/02640414.2021.1888430,other
Levels of cardiorespiratory fitness in men exerts strong impact on lymphocyte function after mitogen stimulation,Journal of Applied Physiology,2021,33630676,10.1152/japplphysiol.01051.2020,other
Exposomes and metabolic health through a physical activity lens: a narrative review,Journal of Endocrinology,2021,33650530,10.1530/joe-20-0487,review/editorial/book-like
A Pandemic within the Pandemic? Physical Activity Levels Substantially Decreased in Countries Affected by COVID-19,International Journal of Environmental Research and Public Health,2021,33668262,10.3390/ijerph18052235,other
Indirect Health Effects of COVID-19: Unhealthy Lifestyle Behaviors during the Lockdown in the United Arab Emirates,International Journal of Environmental Research and Public Health,2021,33670510,10.3390/ijerph18041964,other
An experimental exposure study revealing composite airway effects of physical exercise in a subzero environment,International Journal of Circumpolar Health,2021,33685367,10.1080/22423982.2021.1897213,other
Recommendations on Youth Participation in Ultra-Endurance Running Events: A Consensus Statement,Sports Medicine,2021,33704697,10.1007/s40279-021-01441-w,review/editorial/book-like
Mitochondrial bioenergetic pathways in blood leukocyte transcriptome decrease after intensive weight loss but are rescued following weight regain in female physique athletes,The FASEB Journal,2021,33710692,10.1096/fj.202002029r,exercise+immune title
Vaccine and physical activity in the era of COVID-19 pandemic,Progress in Cardiovascular Diseases,2021,33716015,10.1016/j.pcad.2021.03.001,other
Patients with Severe Obesity during the COVID-19 Pandemic: How to Maintain an Adequate Multidisciplinary Nutritional Rehabilitation Program?,Obesity Facts,2021,33744894,10.1159/000513283,other
Practical Recommendations Relevant to the Use of Resistance Training for COVID-19 Survivors,Frontiers in Physiology,2021,33746777,10.3389/fphys.2021.637590,other
Lifestyle exercise attenuates immunosenescence; flow cytometry analysis,BMC Geriatrics,2021,33752623,10.1186/s12877-021-02128-7,other
"Transferring clinically established immune inflammation markers into exercise physiology: focus on neutrophil-to-lymphocyte ratio, platelet-to-lymphocyte ratio and systemic immune-inflammation index",European Journal of Applied Physiology,2021,33787989,10.1007/s00421-021-04668-7,exercise+immune title
Love in the time of COVID-19: Social prescribing and the paradox of isolation,Future Healthcare Journal,2021,33791461,10.7861/fhj.2021-0009,other
The Role of Innate and Adaptive Immune Cells in Skeletal Muscle Regeneration,International Journal of Molecular Sciences,2021,33806895,10.3390/ijms22063265,other
Does Flavonoid Consumption Improve Exercise Performance? Is It Related to Changes in the Immune System and Inflammatory Biomarkers? A Systematic Review of Clinical Studies since 2005,Nutrients,2021,33808153,10.3390/nu13041132,review/editorial/book-like
Exercise-Induced Changes in Tumor Growth via Tumor Immunity,Sports,2021,33808154,10.3390/sports9040046,exercise+immune title
Differential effects of whole blood heat treatment on the ex vivo inflammatory profile of untrained and trained men,Cytokine,2021,33812764,10.1016/j.cyto.2021.155514,other
Does exercise attenuate age- and disease-associated dysfunction in unconventional T cells? Shining a light on overlooked cells in exercise immunology,European Journal of Applied Physiology,2021,33822261,10.1007/s00421-021-04679-4,exercise+immune title
Targets identified from exercised heart: killing multiple birds with one stone,npj Regenerative Medicine,2021,33837221,10.1038/s41536-021-00128-0,other
Immunometabolic responses according to physical fitness status and lifelong exercise during aging: New roads for exercise immunology,Ageing Research Reviews,2021,33839332,10.1016/j.arr.2021.101341,exercise+immune title
"Gomes-Santos IL, Amoozgar Z, Kumar AS, Ho WW, Roh K, Talele NP, et al. Exercise training improves tumor control by increasing CD8+ T-cell infiltration via CXCR3 signaling and sensitizes breast cancer to immune checkpoint blockade. Cancer Immunol Res. (2021) 9:765–78. doi:  10.1158/2326-6066.cir-20-0499. PMID:",Cancer Immunol Res,2021,33839688,10.1158/2326-6066.cir-20-0499,exercise+immune title
"Chastin SFM, Abaraogu U, Bourgois JG, Dall PM, Darnborough J, Duncan E, et al. Effects of regular physical activity on the immune system, vaccination and risk of community-acquired infectious disease in the general population: systematic review and meta-analysis. Sports Med. (2021) 51:1673–86. doi:  10.1007/s40279-021-01466-1. PMID:",Sports Med,2021,33877614,10.1007/s40279-021-01466-1,review/editorial/book-like
Ammonium Salts Promote Adaptive Changes of Rat Immune System to Ultimate Load in the Forced Swimming Model,Bulletin of Experimental Biology and Medicine,2021,33893945,10.1007/s10517-021-05139-x,animal/in-vitro-like
Exercise and Adipose Tissue Immunity: Outrunning Inflammation,Obesity,2021,33899336,10.1002/oby.23147,exercise+immune title
Physical Activity and the Risk of COVID-19 Infection and Mortality: A Nationwide Population-Based Case-Control Study,Journal of Clinical Medicine,2021,33917558,10.3390/jcm10071539,other
Nutrition for Older Athletes: Focus on Sex-Differences,Nutrients,2021,33922108,10.3390/nu13051409,other
Upper Respiratory Tract Infections in Sport and the Immune System Response. A Review,Biology,2021,33922542,10.3390/biology10050362,review/editorial/book-like
The central role of mitochondrial fitness on antiviral defenses: An advocacy for physical activity during the COVID-19 pandemic,Redox Biology,2021,33932869,10.1016/j.redox.2021.101976,other
Altered immunoemotional regulatory system in COVID-19: From the origins to opportunities,Journal of Neuroimmunology,2021,33933818,10.1016/j.jneuroim.2021.577578,other
Regular Exercise May Restore Certain Age-Related Alterations of Adaptive Immunity and Rebalance Immune Regulation,Frontiers in Immunology,2021,33936054,10.3389/fimmu.2021.639308,exercise+immune title
Increased risk of respiratory viral infections in elite athletes: A controlled study,PLoS ONE,2021,33945550,10.1371/journal.pone.0250907,other
Impact of COVID-19 on Swimming Training: Practical Recommendations during Home Confinement/Isolation,International Journal of Environmental Research and Public Health,2021,33947100,10.3390/ijerph18094767,other
"Proschinger S, Winker M, Joisten N, Bloch W, Palmowski J, Zimmer P. The effect of exercise on regulatory T cells: A systematic review of human and animal studies with future perspectives and methodological recommendations. Exerc Immunol Rev. (2021) 27:142–66., PMID:",Exerc Immunol Rev,2021,33965900,,review/editorial/book-like
Skin Diseases in Elite Athletes,International Journal of Sports Medicine,2021,33975368,10.1055/a-1446-9828,other
Training and illness characteristics of cross-country skiers transitioning from junior to senior level,PLoS ONE,2021,33989314,10.1371/journal.pone.0250088,other
The relationship between duration and quality of sleep and upper respiratory tract infections: a systematic review,Family Practice,2021,33997896,10.1093/fampra/cmab033,review/editorial/book-like
"Exercise, infection and rheumatic diseases: what do we know?",RMD Open,2021,34001646,10.1136/rmdopen-2021-001644,other
Effect of COVID-19 Lockdown on Young Egyptian Soccer Players,Global Pediatric Health,2021,34017905,10.1177/2333794x211012980,other
"Grau-Expósito J, Sánchez-Gaona N, Massana N, Suppi M, Astorga-Gamaza A, Perea D, et al. Peripheral and lung resident memory T cell responses against SARS-CoV-2. Nat Commun. (2021) 12:3010. doi:  10.1038/s41467-021-23333-3. PMID:",Nat Commun,2021,34021148,10.1038/s41467-021-23333-3,other
"Effect of Exercising in the Heat on Intestinal Fatty Acid-Binding Protein, Endotoxins, and Lipopolysaccharide-Binding Protein Markers in Trained Athletic Populations: A Systematic Literature Review",International Journal of Sport Nutrition and Exercise Metabolism,2021,34039771,10.1123/ijsnem.2021-0040,review/editorial/book-like
"Using Slow-Paced Breathing to Foster Endurance, Well-Being, and Sleep Quality in Athletes During the COVID-19 Pandemic",Frontiers in Psychology,2021,34054642,10.3389/fpsyg.2021.624655,other
Salivary Biomarkers in COVID-19 Patients: Towards a Wide-Scale Test for Monitoring Disease Activity,Journal of Personalized Medicine,2021,34066701,10.3390/jpm11050385,other
Post-COVID-19 Syndrome and the Potential Benefits of Exercise,International Journal of Environmental Research and Public Health,2021,34067776,10.3390/ijerph18105329,other
Changes in Physical Activity and Sedentary Behaviour Due to Enforced COVID-19-Related Lockdown and Movement Restrictions: A Protocol for a Systematic Review and Meta-Analysis,International Journal of Environmental Research and Public Health,2021,34069251,10.3390/ijerph18105251,review/editorial/book-like
Literature Review of the Implications of Exercise Rehabilitation Strategies for SARS Patients on the Recovery of COVID-19 Patients,Healthcare,2021,34070115,10.3390/healthcare9050590,review/editorial/book-like
The Use of Bovine Colostrum in Sport and Exercise,Nutrients,2021,34073917,10.3390/nu13061789,animal/in-vitro-like
Nutrition and indoor cycling: a cross-sectional analysis of carbohydrate intake for online racing and training,British Journal Of Nutrition,2021,34080530,10.1017/s0007114521001860,other
Potential role of Nigella sativa supplementation with physical activity in prophylaxis and treatment of COVID-19: a contemporary review,Sport Sciences for Health,2021,34093778,10.1007/s11332-021-00787-y,review/editorial/book-like
Swimming exercise improves short‐ and long‐term memories: Time‐course changes,Physiological Reports,2021,34110704,10.14814/phy2.14851,other
Protective role of physical activity patterns prior to COVID-19 confinement with the severity/duration of respiratory pathologies consistent with COVID-19 symptoms in Spanish populations,Research in Sports Medicine,2021,34128446,10.1080/15438627.2021.1937166,other
Bruxism and type of breathing as factors associated with oral herpes lesion in Brazilian para‐athletes,Special Care in Dentistry,2021,34131935,10.1111/scd.12616,other
"The innovative role of Olympic sports and exercise in the promotion of health, gender equality and sustainability: past achievements and future challenges",The Journal of Sports Medicine and Physical Fitness,2021,34156183,10.23736/s0022-4707.21.12721-5,other
Low-volume cycling training improves body composition and functionality in older people with multimorbidity: a randomized controlled trial,Scientific Reports,2021,34183717,10.1038/s41598-021-92716-9,other
Physiological and Psychological Effects of Treadmill Overtraining Implementation,Biology,2021,34200732,10.3390/biology10060515,other
Mental Health and Physical Activity in Health-Related University Students during the COVID-19 Pandemic,Healthcare,2021,34202384,10.3390/healthcare9070801,other
Return to Basketball Play Following COVID-19 Lockdown,Sports,2021,34204988,10.3390/sports9060081,other
Movement as a Positive Modulator of Aging,International Journal of Molecular Sciences,2021,34208002,10.3390/ijms22126278,other
Exercise-induced gene expression changes in skeletal muscle of old mice,Genomics,2021,34214629,10.1016/j.ygeno.2021.06.035,animal/in-vitro-like
Exercise and the immune system: taking steps to improve responses to cancer immunotherapy,Journal for ImmunoTherapy of Cancer,2021,34215686,10.1136/jitc-2020-001872,exercise+immune title
New Approaches to Profile the Microbiome for Treatment of Neurodegenerative Disease,Journal of Alzheimer s Disease,2021,34219718,10.3233/jad-210198,other
Physical activity and exercise as an essential medical strategy for the COVID-19 pandemic and beyond,Experimental Biology and Medicine,2021,34233523,10.1177/15353702211028543,other
Cross-sectional study of changes in physical activity behavior during the COVID-19 pandemic among US adults,International Journal of Behavioral Nutrition and Physical Activity,2021,34233691,10.1186/s12966-021-01161-4,other
How Should Athletes Coping With COVID-19: Focus on Severity and Psychological Support,Frontiers in Psychology,2021,34248725,10.3389/fpsyg.2021.559125,other
The impact of physical activity rate on subjective well-being among North-Western Italian population during COVID-19 nationwide lockdown,The Journal of Sports Medicine and Physical Fitness,2021,34275263,10.23736/s0022-4707.21.12787-2,other
Time and belief in exercise importance predict increased activity during initial COVID-19 restrictions in Ireland,Health Promotion International,2021,34293147,10.1093/heapro/daab113,other
Exercise and adrenergic regulation of immunity,Brain Behavior and Immunity,2021,34302965,10.1016/j.bbi.2021.07.010,exercise+immune title
Functional and concurrent training do not impair immune function and improve functional fitness in postmenopausal women: A randomized controlled trial,Experimental Gerontology,2021,34343632,10.1016/j.exger.2021.111504,exercise+immune title
Preoperative physical activity and functional performance levels are predictors of acute postoperative outcomes in a private South African colorectal cancer cohort,South African Journal of Physiotherapy,2021,34355106,10.4102/sajp.v77i1.1526,other
"Nieman DC. Exercise is medicine for immune function: implication for Covid-19. Curr Sports Med Rep. (2021) 20:395–401. doi:  10.1249/jsr.0000000000000867, PMID:",Curr Sports Med Rep,2021,34357885,10.1249/jsr.0000000000000867,exercise+immune title
Effects of moderate-intensity intermittent hypoxic training on health outcomes of patients recovered from COVID-19: the AEROBICOVID study protocol for a randomized controlled trial,Trials,2021,34384461,10.1186/s13063-021-05414-2,other
No independent associations between physical activity and clinical outcomes among hospitalized patients with moderate to severe COVID-19,Journal of sport and health science/Journal of Sport and Health Science,2021,34391961,10.1016/j.jshs.2021.08.001,other
"The immunological influence of physical exercise on TBI-induced pathophysiology: Crosstalk between the spleen, gut, and brain",Neuroscience & Biobehavioral Reviews,2021,34400178,10.1016/j.neubiorev.2021.08.006,exercise+immune title
The Mediterranean dietary pattern for optimising health and performance in competitive athletes: a narrative review,British Journal Of Nutrition,2021,34420536,10.1017/s0007114521003202,review/editorial/book-like
Influence of Exercise on Exhausted and Senescent T Cells: A Systematic Review,Frontiers in Physiology,2021,34489717,10.3389/fphys.2021.668327,review/editorial/book-like
"Hooshmand Moghadam B, Golestani F, Bagheri R, Cheraghloo N, Eskandari M, Wong A, et al. The effects of high-intensity interval training vs. Moderate-intensity continuous training on inflammatory markers, body composition, and physical fitness in overweight/obese survivors of breast cancer: A randomized controlled clinical trial. Cancers. (2021) 13:4386. doi:  10.3390/cancers13174386, PMID:",Cancers,2021,34503198,10.3390/cancers13174386,exercise+immune title
The role of exercise in rehabilitation of discharged COVID-19 patients,Sports Medicine and Health Science,2021,34541561,10.1016/j.smhs.2021.09.001,other
The impact of daytime napping on athletic performance – A narrative review,Scandinavian Journal of Medicine and Science in Sports,2021,34559915,10.1111/sms.14060,review/editorial/book-like
Potential Physiological and Cellular Mechanisms of Exercise That Decrease the Risk of Severe Complications and Mortality Following SARS-CoV-2 Infection,Sports,2021,34564326,10.3390/sports9090121,other
Acute and Chronic Effects of Interval Training on the Immune System: A Systematic Review with Meta-Analysis,Biology,2021,34571745,10.3390/biology10090868,review/editorial/book-like
Epigenetic Regulation of Inflammatory Responses in the Context of Physical Activity,Genes,2021,34573295,10.3390/genes12091313,exercise+immune title
The COVID-19 Pandemic Strain: Teleworking and Health Behavior Changes in the Portuguese Context,Healthcare,2021,34574925,10.3390/healthcare9091151,other
Predictors of Biological Age: The Implications for Wellness and Aging Research,Gerontology and Geriatric Medicine,2021,34595331,10.1177/23337214211046419,other
Various Workload Models and the Preseason Are Associated With Injuries in Professional Female Cyclists,International Journal of Sports Physiology and Performance,2021,34611059,10.1123/ijspp.2021-0144,other
Does Modern Lifestyle Favor Neuroimmunometabolic Changes? A Path to Obesity,Frontiers in Nutrition,2021,34621773,10.3389/fnut.2021.705545,other
High Endurance Elite Athletes Show Age-dependent Lower Levels of Circulating Complements Compared to Low/Moderate Endurance Elite Athletes,Frontiers in Molecular Biosciences,2021,34631796,10.3389/fmolb.2021.715035,other
Overnight Immune Regulation and Subjective Measures of Sleep: A Three Night Observational Study in Adolescent Track and Field Athletes,Frontiers in Sports and Active Living,2021,34651124,10.3389/fspor.2021.689805,exercise+immune title
Physical Activity and Nutritional Influence on Immune Function: An Important Strategy to Improve Immunity and Health Status,Frontiers in Physiology,2021,34690818,10.3389/fphys.2021.751374,exercise+immune title
Associations of pre-pandemic levels of physical function and physical activity with COVID-19-like symptoms during the outbreak,Aging Clinical and Experimental Research,2021,34716912,10.1007/s40520-021-02006-7,other
Efficacy of immune-strengthening functional drinks in top-level athletes: a questionnaire survey-based research,Physical Activity and Nutrition,2021,34727685,10.20463/pan.2021.0017,exercise+immune title
"Effects of a Partially Supervised Conditioning Program in Cystic Fibrosis: An International Multicenter, Randomized Controlled Trial (ACTIVATE-CF)",American Journal of Respiratory and Critical Care Medicine,2021,34735776,10.1164/rccm.202106-1419oc,other
Beyond the Finish Line: The Impact and Dynamics of Biomarkers in Physical Exercise—A Narrative Review,Journal of Clinical Medicine,2021,34768497,10.3390/jcm10214978,review/editorial/book-like
Gene Doping with Peroxisome-Proliferator-Activated Receptor Beta/Delta Agonists Alters Immunity but Exercise Training Mitigates the Detection of Effects in Blood Samples,International Journal of Molecular Sciences,2021,34768927,10.3390/ijms222111497,exercise+immune title
Epstein–Barr Virus (EBV) DNA as a Potential Marker of in vivo Immunity in Professional Footballers,Research Quarterly for Exercise and Sport,2021,34806947,10.1080/02701367.2021.1932707,other
The active grandparent hypothesis: Physical activity and the evolution of extended human healthspans and lifespans,Proceedings of the National Academy of Sciences,2021,34810239,10.1073/pnas.2107621118,other
Physical Training Increases Erythroferrone Levels in Men,Biology,2021,34827208,10.3390/biology10111215,other
Physical Activity in Polluted Air—Net Benefit or Harm to Cardiovascular Health? A Comprehensive Review,Antioxidants,2021,34829658,10.3390/antiox10111787,review/editorial/book-like
Exercise Cuts Both Ways with ROS in Remodifying Innate and Adaptive Responses: Rewiring the Redox Mechanism of the Immune System during Exercise,Antioxidants,2021,34829717,10.3390/antiox10111846,exercise+immune title
Telehealth: A Useful Tool for the Management of Nutrition and Exercise Programs in Pediatric Obesity in the COVID-19 Era,Nutrients,2021,34835945,10.3390/nu13113689,other
The Association of Anti-Inflammatory Diet Ingredients and Lifestyle Exercise with Inflammaging,Nutrients,2021,34835952,10.3390/nu13113696,exercise+immune title
"Luo L, Liu M, Xie H, Fan Y, Zhang J, Liu L, et al. High-intensity interval training improves physical function, prevents muscle loss, and modulates macrophage-mediated inflammation in skeletal muscle of cerebral ischemic mice. Mediators Inflammation. (2021) 2021:1–28. doi:  10.1155/2021/1849428, PMID:",Mediators Inflammation,2021,34845407,10.1155/2021/1849428,animal/in-vitro-like
Moderate Intensity Aerobic Exercise Potential Favorable Effect Against COVID-19: The Role of Renin-Angiotensin System and Immunomodulatory Effects,Frontiers in Physiology,2021,34867452,10.3389/fphys.2021.747200,other
Upper respiratory tract symptom risk in elite field hockey players during a dry run for the Tokyo Olympics,European Journal of Sport Science,2021,34873991,10.1080/17461391.2021.2009041,other
Cancer Evo–Dev: A Theory of Inflammation-Induced Oncogenesis,Frontiers in Immunology,2021,34880864,10.3389/fimmu.2021.768098,other
Therapeutic Effects of Physical Exercise and the Mesenchymal Stem Cell Secretome by Modulating Neuroinflammatory Response in Multiple Sclerosis,Current Stem Cell Research & Therapy,2021,34886779,10.2174/1574888x16666211209155333,exercise+immune title
The mediating effect of engagement in physical activity over a 24-hour period on chronic disease and depression: Using compositional mediation model,Journal of Affective Disorders,2021,34902506,10.1016/j.jad.2021.12.019,other
Large-scale genomic study reveals robust activation of the immune system following advanced Inner Engineering meditation retreat,Proceedings of the National Academy of Sciences,2021,34907015,10.1073/pnas.2110455118,other
In silico study of potential immunonutrient-based sports supplements against COVID-19 via targeting ACE2 inhibition using molecular docking and molecular dynamics simulations,Journal of Biomolecular Structure and Dynamics,2021,34931597,10.1080/07391102.2021.2016489,other
"Krill-Oil-Dependent Increases in HS-Omega-3 Index, Plasma Choline and Antioxidant Capacity in Well-Conditioned Power Training Athletes",Nutrients,2021,34959789,10.3390/nu13124237,other
Inflammation in the Pathogenesis of Arrhythmogenic Cardiomyopathy: Secondary Event or Active Driver?,Frontiers in Cardiovascular Medicine,2021,34988129,10.3389/fcvm.2021.784715,other
Mechanisms of Musculoskeletal Frailty in People Living with HIV,The Journal of Frailty & Aging,2021,35122095,10.14283/jfa.2021.44,other
A survey on relationship between Gendarmerie Coast Guard Academy (GCGA) students’ physical activity and COVID-19 infection,International Maritime Health,2021,35146742,10.5603/imh.2021.0050,other
"COVID-19: Implications for Physical Activity, Health Disparities, and Health Equity",American Journal of Lifestyle Medicine,2021,35855783,10.1177/15598276211029222,other
Effects of the COVID-19 Pandemic on Physical Activity Behavior Across Domains and Settings,Journal of Healthy Eating and Active Living,2021,37771563,10.51250/jheal.v1i4.21,other
Effect of resistance training on chronic inflammation: A systematic review and meta‐analysis,Translational Sports Medicine,2021,,10.1002/tsm2.294,review/editorial/book-like
Chest Pain and Dyspnea,Springer eBooks,2021,,10.1007/978-3-030-69384-8_18,other
Physical Exercise and Metabolic Reprogramming,Springer eBooks,2021,,10.1007/978-3-030-86684-6_12,other
Sportmedizinische Grundlagen: Immunologische Beanspruchung durch körperliche Belastung,Springer eBooks,2021,,10.1007/978-3-662-53386-4_20-1,exercise+immune title
"Physical activity as a counteracting measure to mitigate the harmful effects of COVID-19 lockdowns: Special focus on healthy children, adolescents, adults, elderly, athletes, and people with Down syndrome",Elsevier eBooks,2021,,10.1016/b978-0-12-824289-6.00010-6,exercise+immune title
Immunsystem,Elsevier eBooks,2021,,10.1016/b978-3-437-23461-3.00009-2,other
Positive Effects of Probiotics on Motor Coordination and Brain during Moderate and High-Intensity Exercise in Adolescent Female Mice,Physikalische Medizin Rehabilitationsmedizin Kurortmedizin,2021,,10.1055/a-1493-4911,animal/in-vitro-like
Effectiveness of aerobic exercise training program on cardio-respiratory fitness and quality of life in patients recovered from COVID-19,European Journal of Physiotherapy,2021,,10.1080/21679169.2021.1909649,other
T-cell responses to acute cardiorespiratory or resistance exercise in cohorts of physically active or physically inactive older adults: A randomized complete crossover,medRxiv,2021,,10.1101/2021.04.25.21255567,exercise+immune title
Large-scale genomic study reveals robust activation of the immune system following advanced Inner Engineering meditation retreat,bioRxiv (Cold Spring Harbor Laboratory),2021,,10.1101/2021.05.18.444668,other
"Adaptive immune response and resting metabolism are unaffected by manipulation of flight intensity, but negatively related to each other",Journal of Avian Biology,2021,,10.1111/jav.02764,other
Perceptions of Physical Activity Changes Due to COVID-19 Restrictions Among Women in the United Kingdom,Women in Sport and Physical Activity Journal,2021,,10.1123/wspaj.2020-0068,other
Eating behavior and physical activity of senior citizens during the COVID-19 lockdown,International Journal of Public Health Science (IJPHS),2021,,10.11591/ijphs.v10i3.20827,other
Efeito da suplementação de probióticos sobre parâmetros imunológicos e de permeabilidade intestinal em corredores após uma maratona,,2021,,10.11606/t.39.2021.tde-18052021-165712,other
Efeitos da suplementação de probióticos na modulação das células dos sistema imunológico e por consequência nas infecções do trato respiratório superior em corredores de longa distância.,,2021,,10.11606/t.42.2021.tde-03082021-110552,other
COVID-19 Versus University Students Physical Activity,International Journal of Sports Science and Physical Education,2021,,10.11648/j.ijsspe.20210603.12,other
SHAREABLE RESOURCE,ACSMʼs Health & Fitness Journal,2021,,10.1249/fit.0000000000000656,other
Gross Motor Skills Levels in Children with Autism Spectrum Disorder during the COVID-19 Pandemic,International journal of human movement and sports sciences,2021,,10.13189/saj.2021.090418,other
Effect of physical activity on COVID-19 symptoms: A narrative review,,2021,,10.14198/jhse.2021.16.proc4.51,review/editorial/book-like
Is physical activity a necessary element during Italian coronavirus disease emergency? Yes or no debate,Journal of Human Sport and Exercise,2021,,10.14198/jhse.2022.174.09,other
Perfil del patrón de sueño en deportistas universitarios,Cuerpo Cultura y Movimiento,2021,,10.15332/2422474x.6469,other
Blood parameters as a measure for controlling physical performance of young Algerian cyclists (U23 category),Pedagogy of Physical Culture and Sports,2021,,10.15561/26649837.2021.0202,other
INDICADORES DE SAÚDE MENTAL E A PRÁTICA DE ATIVIDADES FÍSICAS NO CONTEXTO DA PANDEMIA DA COVID-19,,2021,,10.17771/pucrio.acad.52462,other
Teachers’ Approaches to Strengthening their Immune Systems during the COVID-19 Pandemic,Konuralp Tıp Dergisi,2021,,10.18521/ktd.924043,other
Valores bioquímicos y hematológicos basales en deportistas de élite españoles,,2021,,10.20868/upm.thesis.70736,other
Salivary Biomarkers in COVID-19 Patients: The Rabbit out of the Hat!,Preprints.org,2021,,10.20944/preprints202104.0408.v1,other
Exercise-Induced Engagement of the IL-15/IL15Rα axis Promotes Anti-Tumor Immunity,Research Square,2021,,10.21203/rs.3.rs-130050/v1,exercise+immune title
A Rise in Percentages of Circulating Lymphocyte Subsets Correlates With Acute Rejection in Liver Transplant Recipients,Research Square,2021,,10.21203/rs.3.rs-139859/v1,other
Physical Activity Levels and Mood State during COVID-19 Quarantine among the Kermanshah Population: A Cross-Sectional Online Survey Study,Research Square,2021,,10.21203/rs.3.rs-397992/v1,other
The Relationship Between Physical Activity Level with Quality of Life and General Health among COVID-19 Recovered Individuals,Research Square,2021,,10.21203/rs.3.rs-465421/v1,other
Lifestyle Exercise Attenuates Immunosenescence; Flow Cytometry Analysis,Research Square,2021,,10.21203/rs.3.rs-47396/v3,other
Training-Associated Alterations In Equine Respiratory Immunity – A Multi-Omics Comparative Approach.,Research Square,2021,,10.21203/rs.3.rs-770868/v1,animal/in-vitro-like
Training Associated Alterations in Equine Respiratory Immunity Using a Multiomics Comparative Approach,Research Square,2021,,10.21203/rs.3.rs-787990/v1,animal/in-vitro-like
,OBM Integrative and Complementary Medicine,2021,,10.21926/obm.icm.2103,other
Physical Activity Behaviors and COVID-19 Symptoms,OBM Integrative and Complementary Medicine,2021,,10.21926/obm.icm.2103027,other
Barrier to health protocol adherence during exercise among youth in the COVID-19 pandemic era,Journal of Community Empowerment for Health,2021,,10.22146/jcoemph.58535,other
"Engagement in physical activity for health and well-being: Self-rated activity level, perception of the value of physical activity and differences among teachers in public primary schools of six selected educational circuits",International Journal of Physical Education Sports and Health,2021,,10.22271/kheljournal.2021.v8.i5c.2285,other
O FUNCIONAMENTO DO GRUPO DE CORRIDA PAPA-LÉGUAS NA PANDEMIA,Revista Extensão & Cidadania/Revista Extensão e Cidadania,2021,,10.22481/recuesb.v9i16.8728,other
NEUROCIÊNCIA DO EXERCÍCIO E SAÚDE MENTAL,,2021,,10.22533/at.ed.2272107061,other
DEPENDÊNCIA QUÍMICA E EXERCICIO FÍSICO,,2021,,10.22533/at.ed.22721070610,other
"POLÍTICAS PÚBLICAS PARA A ORIENTAÇÃO DA VOCAÇÃO, DETECÇÃO E DESENVOLVIMENTO DE TALENTOS ESPORTIVOS",,2021,,10.22533/at.ed.22721070611,other
"CONDICIONAMENTO FÍSICO, AUTONOMIA FUNCIONAL E QUALIDADE DE VIDA EM IDOSOS",,2021,,10.22533/at.ed.2272107062,other
EXERCÍCIO FÍSICO E DOENÇAS AUTOIMUNES,,2021,,10.22533/at.ed.2272107063,other
INCLUSÃO DE PESSOAS COM DEFICIÊNCIA E ESPORTE PARALÍMPICO,,2021,,10.22533/at.ed.2272107064,other
"EXERCÍCIOS FÍSICOS PARA DENSIDADE MINERAL ÓSSEA, SAÚDE E RISCO DE QUEDA EM IDOSOS",,2021,,10.22533/at.ed.2272107065,other
"CONDICIONAMENTO FÍSICO, SAÚDE E QUALIDADE DE VIDA",,2021,,10.22533/at.ed.2272107066,other
"SAÚDE, PERFORMANCE E DESENVOLVIMENTO HUMANO",,2021,,10.22533/at.ed.2272107067,other
EXERCÍCIO E DOENÇAS CRÔNICAS NÃO TRANSMISSÍVEIS,,2021,,10.22533/at.ed.2272107068,other
The effect of exercise during sport training on levels of salivary diagnostic markers,Srpski arhiv za celokupno lekarstvo,2021,,10.2298/sarh210913095b,exercise+immune title
Penggunaan Masker pada Saat Aktivitas Fisik di Saat Pandemi Covid-19,Jurnal Ilmu Keolahragaan Undiksha,2021,,10.23887/jiku.v9i3.39579,other
Covid-19 Pandemi Sürecinde Spor Yapan Bireylerin Serbest Zaman Motivasyonlarının İncelenmesi,Spor Bilimleri Araştırmaları Dergisi,2021,,10.25307/jssr.894818,other
The effects of acute moderate intensity training on hematological parameters in elite para-badminton athletes,Journal of Men s Health,2021,,10.31083/jomh.2021.106,other
The Multifaceted Benefits of Exercise in Prevention of COVID-19,Journal of Clinical Exercise Physiology,2021,,10.31189/2165-7629-10.1.35,other
Gambaran Aktivitas Fisik Dan Pola Hidup Sehat Siswa Sekolah Menengah Atas Di Kota Surabaya,Bravo’s Jurnal Program Studi Pendidikan Jasmani dan Kesehatan,2021,,10.32682/bravos.v9i3.1982,other
Fiziksel Aktivitenin Kısıtlanması: Yetişkin ve Yaşlı Yetişkin Bireyler Arasındaki Farklılıklar,Uludağ Üniversitesi Tıp Fakültesi Dergisi,2021,,10.32708/uutfd.833931,other
Tai Chi to Preserve General Health of Elderly during the COVID-19 Pandemic,Ulum Islamiyyah,2021,,10.33102/uij.vol33no1.289,other
Recomendações para a prática de exercício físico em face do COVID-19: uma revisão integrativa,Revista Brasileira de Fisiologia do Exercício,2021,,10.33233/rbfex.v20i1.4254,other
Viral Infection in Athletes,Case Reports and Reviews,2021,,10.33425/2693-1516.1014,other
Análise de proteínas salivares de corredores de rua após evento esportivo real,Research Society and Development,2021,,10.33448/rsd-v10i10.18183,exercise+immune title
Como os profissionais de educação física se reinventaram durante a pandemia do COVID-19,Research Society and Development,2021,,10.33448/rsd-v10i13.21045,other
From Exercise to Cognitive Performance: Role of Irisin,Applied Sciences,2021,,10.3390/app11157120,other
"Pathogenesis, Diagnosis and Risk Stratification in Arrhythmogenic Cardiomyopathy",Cardiogenetics,2021,,10.3390/cardiogenetics11040025,other
Natural Killer Cell Mobilization in Breast and Prostate Cancer Survivors: The Implications of Altered Stress Hormones Following Acute Exercise,Endocrines,2021,,10.3390/endocrines2020012,exercise+immune title
The Effects of Physical Activity on the Aging of Circulating Immune Cells in Humans: A Systematic Review,Immuno,2021,,10.3390/immuno1030009,review/editorial/book-like
Effect of the COVID-19 Pandemic on Interest in Home-Based Exercise: An Application of Digital Epidemiology,International journal of epidemiologic research,2021,,10.34172/ijer.2021.08,other
Covid-19 and Social Distancing of the Elderly: The Importance of Physical Exercise,International Journal of Physical Education Fitness and Sports,2021,,10.34256/ijpefs21211,other
Aktivitas fisik dan aspek kekhawatiran lansia pada masa pandemi Covid-19,Altius Jurnal Ilmu Olahraga dan Kesehatan,2021,,10.36706/altius.v10i1.14140,other
"Three pandemics at once: Noninfectious (cancer), infectious (COVID-19), and behavioral (hypokinesia)",Voprosy Onkologii,2021,,10.37469/0507-3758-2021-67-2-163-180,other
Papel de la alimentación en la respuesta a infecciones respiratorias altas en atletas de élite,Archivos Latinoamericanos de Nutrición,2021,,10.37527/2021.71.1.007,other
Lower-limb resistive versus aerobic training impact on quality of life in post-COVID-19 patients,Journal of Medicine in Scientific Research,2021,,10.4103/jmisr.jmisr_46_21,other
COVID-19 Lockdowns: Exacerbating the Silent Pandemic,International Journal of Clinical Studies and Medical Case Reports,2021,,10.46998/ijcmcr.2021.12.000299,other
"Repercusión en la calidad de vida, salud y práctica de actividad física del confinamiento por Covid-19 en España (Effects on quality of life, health and practice of physical activity of Covid-19 confinement in Spain)",Retos,2021,,10.47197/retos.v42i0.88098,other
Influência do exercício físico e do nível de atividade física na saúde física e mental de mulheres idosas,,2021,,10.47328/ufvbbt.2021.271,other
"Resposta imune, bem-estar e microbiota intestinal de militares suplementados com sorvete simbiótico e submetidos a treinamento de campo",,2021,,10.47749/t/unicamp.2021.1168948,other
EFEITO DO SISTEMA IMUNOLÓGICO FRENTE AO EXERCICIO FISICO,DIGITAL EDITORA eBooks,2021,,10.48140/digitaleditora.2020.002.17,other
"The effect of leisure time regular exercise on neutrophil function, myeloperoxidase levels, and antioxidant capacity in middle-aged men",فصلنامه علوم پزشکی دانشگاه آزاد اسلامی واحد پزشکی تهران,2021,,10.52547/iau.31.4.413,exercise+immune title
Highly Branched Cyclic Dextrin and its Ergogenic Effects in Athletes: A Brief Review,Journal of Exercise and Nutrition,2021,,10.53520/jen2021.103100,review/editorial/book-like
THE KEY TO STRONG IMMUNITY: LIFESTYLE,Academic Platform Journal of Halal Life Style,2021,,10.53569/apjhls.991895,other
Tingkat aktivitas fisik dan kualitas tidur masyarakat di Jawa Timur selama masa pandemi covid-19,Jurnal Olahraga Pendidikan Indonesia (JOPI),2021,,10.54284/jopi.v1i1.4,other
Covid-19 versus Physical Activity in the Context of University Students,Studia sportiva,2021,,10.5817/sts2021-2-3,other
"Educação física e ciências do esporte no tempo presente: desmonte dos processos democráticos, desvalorização da ciência, da educação e ações em defesa da vida",,2021,,10.7476/9786586383829,other
Impacto da pandemia de Covid-19 sobre o treinamento esportivo,,2021,,10.7476/9786586383829.0017,other
,Journal of Physical Education and Sport,2021,,10.7752/jpes.2021.s4328,other
"Main LC, Wolkow AP, Tait JL, Della Gatta P, Raines J, Snow R, et al. Firefighter’s acute inflammatory response to wildfire suppression. J Occup Environ Med. (2020) 62:145–8. doi:  10.1097/jom.0000000000001775, PMID:",J Occup Environ Med,2020,31764604,10.1097/jom.0000000000001775,review/editorial/book-like
Exercise as a countermeasure for latent viral reactivation during long duration space flight,The FASEB Journal,2020,31908052,10.1096/fj.201902327r,other
"Pillon NJ, Gabriel BM, Dollet L, Smith JAB, Sardón Puig L, Botella J, et al. Transcriptomic profiling of skeletal muscle adaptations to exercise and inactivity. Nat Commun. (2020) 11:470. doi:  10.1038/s41467-019-13869-w, PMID:",Nat Commun,2020,31980607,10.1038/s41467-019-13869-w,other
T helper cell-related changes in peripheral blood induced by progressive effort among soccer players,PLoS ONE,2020,31990927,10.1371/journal.pone.0227993,other
"Sun L, Li FH, Li T, Min Z, Yang LD, Gao HE, et al. Effects of high-intensity interval training on adipose tissue lipolysis, inflammation, and metabolomics in aged rats. Pflugers Arch. (2020) 472:245–58. doi:  10.1007/s00424-020-02351-y, PMID:",Pflugers Arch,2020,32006095,10.1007/s00424-020-02351-y,animal/in-vitro-like
Physical exercise and catecholamines response: benefits and health risk: possible mechanisms,Free Radical Research,2020,32020819,10.1080/10715762.2020.1726343,other
Effects of Exercise on the Tumour Microenvironment,Advances in experimental medicine and biology,2020,32030646,10.1007/978-3-030-35727-6_3,other
"Targeting Age-Dependent Functional and Metabolic Decline of Human Skeletal Muscle: The Geroprotective Role of Exercise, Myokine IL-6, and Vitamin D",International Journal of Molecular Sciences,2020,32033000,10.3390/ijms21031010,other
"Should, and how can, exercise be done during a coronavirus outbreak? An interview with Dr. Jeffrey A. Woods",Journal of sport and health science/Journal of Sport and Health Science,2020,32099717,10.1016/j.jshs.2020.01.005,other
New Insights about Regulatory T Cells Distribution and Function with Exercise: The Role of Immunometabolism,Current Pharmaceutical Design,2020,32133958,10.2174/1381612826666200305125210,exercise+immune title
"Simpson RJ, Campbell JP, Gleeson M, Krüger K, Nieman DC, Pyne DB, et al. Can exercise affect immune function to increase susceptibility to infection? Exerc Immunol Rev. (2020) 26:8–22., PMID:",Can exercise affect immune function to increase susceptibility to infection? Exerc Immunol Rev,2020,32139352,,exercise+immune title
The Association Between Pelvic Discomfort and Erectile Dysfunction in Adult Male Bicyclists,The Journal of Sexual Medicine,2020,32156585,10.1016/j.jsxm.2020.01.022,other
Which are the Nutritional Supplements Used by Beach-Volleyball Athletes? A Cross-Sectional Study at the Italian National Championship,Sports,2020,32168730,10.3390/sports8030031,other
"β‐1,3/1,6‐Glucans and Immunity: State of the Art and Future Directions",Molecular Nutrition & Food Research,2020,32223047,10.1002/mnfr.201901071,other
"Shanaki M, Khosravi M, Khoshdooni-Farahani A, Dadashi A, Heydari MF, Delfan M, et al. High-intensity interval training reversed high-fat diet-induced M1-macrophage polarization in rat adipose tissue via inhibition of notch signaling. J Inflammation Res. (2020) 13:165–74. doi:  10.2147/jir.S237049, PMID:",J Inflammation Res,2020,32231438,10.2147/jir.s237049,animal/in-vitro-like
Coronavirus Disease 2019 (COVID-19): Considerations for the Competitive Athlete,Sports Health A Multidisciplinary Approach,2020,32250193,10.1177/1941738120918876,other
Physical activity for immunity protection: Inoculating populations with healthy living medicine in preparation for the next pandemic,Progress in Cardiovascular Diseases,2020,32278694,10.1016/j.pcad.2020.04.006,exercise+immune title
Ejercitarse en tiempos de la COVID-19: ¿qué recomiendan hacer los expertos entre cuatro paredes?,Revista Española de Cardiología,2020,32296257,10.1016/j.recesp.2020.04.002,other
The immunological case for staying active during the COVID-19 pandemic,Brain Behavior and Immunity,2020,32311497,10.1016/j.bbi.2020.04.041,other
"Modifiable Cardiovascular Risk, Hematopoiesis, and Innate Immunity",Circulation Research,2020,32324501,10.1161/circresaha.120.315936,other
Does High Cardiorespiratory Fitness Confer Some Protection Against Proinflammatory Responses After Infection by SARS‐CoV‐2?,Obesity,2020,32324968,10.1002/oby.22849,other
COVID-19 – does exercise prescription and maximal oxygen uptake (VO2 max) have a role in risk-stratifying patients?,Clinical Medicine,2020,32327405,10.7861/clinmed.2020-0111,other
Exercise against SARS-CoV-2 (COVID-19): Does workout intensity matter? (A mini review of some indirect evidence related to obesity),Obesity Medicine,2020,32342019,10.1016/j.obmed.2020.100245,review/editorial/book-like
"Bartlett DB, Brander DM, Sitlinger A. Impact of exercise on the immune system and outcomes in hematologic Malignancies. Blood Adv. (2020) 4:1801–11. doi:  10.1182/bloodadvances.2019001317, PMID:",Blood Adv,2020,32343800,10.1182/bloodadvances.2019001317,exercise+immune title
Exercise-induced immune system response: Anti-inflammatory status on peripheral and central organs,Biochimica et Biophysica Acta (BBA) - Molecular Basis of Disease,2020,32360589,10.1016/j.bbadis.2020.165823,exercise+immune title
Sports Health During the SARS-Cov-2 Pandemic,Sports Medicine,2020,32361898,10.1007/s40279-020-01288-7,other
Human needs in COVID-19 isolation,Journal of Health Psychology,2020,32375564,10.1177/1359105320925149,other
"Coronavirus disease-2019: A tocsin to our aging, unfit, corpulent, and immunodeficient society",Journal of sport and health science/Journal of Sport and Health Science,2020,32389882,10.1016/j.jshs.2020.05.001,other
Exercising in times of COVID-19: what do experts recommend doing within four walls?,Revista Española de Cardiología (English Edition),2020,32414660,10.1016/j.rec.2020.04.001,other
COVID-19: The Inflammation Link and the Role of Nutrition in Potential Mitigation,Nutrients,2020,32438620,10.3390/nu12051466,other
Exercise training as prophylactic strategy in the management of neutropenia during chemotherapy,British Journal of Pharmacology,2020,32449810,10.1111/bph.15141,other
Mental Health Problems during the COVID-19 Pandemics and the Mitigation Effects of Exercise: A Longitudinal Study of College Students in China,International Journal of Environmental Research and Public Health,2020,32466163,10.3390/ijerph17103722,exercise+immune title
Exercise in the Severe Acute Respiratory Syndrome Coronavirus-2 (SARS-CoV-2) era: A Question and Answer session with the experts Endorsed by the section of Sports Cardiology & Exercise of the European Association of Preventive Cardiology (EAPC),European Journal of Preventive Cardiology,2020,32475157,10.1177/2047487320930596,other
The Cellular Composition of the Innate and Adaptive Immune System Is Changed in Blood in Response to Long-Term Swimming Training,Frontiers in Physiology,2020,32477166,10.3389/fphys.2020.00471,review/editorial/book-like
"Crisis of confidence averted: Impairment of exercise economy and performance in elite race walkers by ketogenic low carbohydrate, high fat (LCHF) diet is reproducible",PLoS ONE,2020,32497061,10.1371/journal.pone.0234027,other
Potential Importance of Immune System Response to Exercise on Aging Muscle and Bone,Current Osteoporosis Reports,2020,32500480,10.1007/s11914-020-00596-1,review/editorial/book-like
Covid-19 and Exercise-Induced Immunomodulation,NeuroImmunoModulation,2020,32506067,10.1159/000508951,other
Medical recommendations for home-confined footballers’ training during the COVID-19 pandemic: from evidence to practical application,Biology of Sport,2020,32508388,10.5114/biolsport.2020.94348,other
Diet in neurogenic bowel management: A viewpoint on spinal cord injury,World Journal of Gastroenterology,2020,32523306,10.3748/wjg.v26.i20.2479,other
Physical activity and blood gene expression profiles: the Norwegian Women and Cancer (NOWAC) Post-genome cohort,BMC Research Notes,2020,32527328,10.1186/s13104-020-05121-2,other
Physical activity: Benefits and challenges during the COVID‐19 pandemic,Scandinavian Journal of Medicine and Science in Sports,2020,32542719,10.1111/sms.13710,other
The Benefits of Strength Training on Musculoskeletal System Health: Practical Applications for Interdisciplinary Care,Sports Medicine,2020,32564299,10.1007/s40279-020-01309-5,other
Immunological Implications of Physical Inactivity among Older Adults during the COVID-19 Pandemic,Gerontology,2020,32585674,10.1159/000509216,other
The role of innate immunity in Alzheimer's disease,Immunological Reviews,2020,32588460,10.1111/imr.12896,other
Sedentariness and physical activity in type 2 diabetes during the COVID‐19 pandemic,Diabetes/Metabolism Research and Reviews,2020,32592519,10.1002/dmrr.3378,other
Sports activities during any pandemic lockdown,Irish Journal of Medical Science (1971 -),2020,32621168,10.1007/s11845-020-02300-9,other
"McGee SL, Hargreaves M. Exercise adaptations: molecular mechanisms and potential targets for therapeutic benefit. Nat Rev Endocrinol. (2020) 16:495–505. doi:  10.1038/s41574-020-0377-1. PMID:",Nat Rev Endocrinol,2020,32632275,10.1038/s41574-020-0377-1,other
Exercise and well-being during COVID 19 – time to boost your immunity,Expert Review of Anti-infective Therapy,2020,32662717,10.1080/14787210.2020.1794818,exercise+immune title
"Pathophysiology of exercise-induced muscle damage and its structural, functional, metabolic, and clinical consequences",Physiological Research,2020,32672048,10.33549/physiolres.934371,other
Better Preventing and Mitigating the Effects of Covid-19,Future Science OA,2020,32685190,10.2144/fsoa-2020-0051,other
Physical Exercise Potentials Against Viral Diseases Like COVID-19 in the Elderly,Frontiers in Medicine,2020,32714938,10.3389/fmed.2020.00379,other
Coronavirus disease (COVID-19) and the need to maintain regular physical activity,The Journal of Sports Medicine and Physical Fitness,2020,32734758,10.23736/s0022-4707.20.11524-x,other
Ergogenic Effect of BCAAs and L-Alanine Supplementation: Proof-of-Concept Study in a Murine Model of Physiological Exercise,Nutrients,2020,32751732,10.3390/nu12082295,animal/in-vitro-like
Physical Activity Promotes Health and Reduces Cardiovascular Mortality in Depressed Populations: A Literature Overview,International Journal of Environmental Research and Public Health,2020,32751902,10.3390/ijerph17155545,review/editorial/book-like
Exercise addiction and COVID-19-associated restrictions,Journal of Mental Health,2020,32755432,10.1080/09638237.2020.1803234,other
Dietary and Lifestyle Changes During COVID-19 and the Subsequent Lockdowns among Polish Adults: A Cross-Sectional Online Survey PLifeCOVID-19 Study,Nutrients,2020,32756458,10.3390/nu12082324,other
COVID-19 and obesity in childhood and adolescence: a clinical review,Jornal de Pediatria,2020,32768388,10.1016/j.jped.2020.07.001,review/editorial/book-like
ACSM Call to Action Statement: COVID-19 Considerations for Sports and Physical Activity,Current Sports Medicine Reports,2020,32769667,10.1249/jsr.0000000000000739,other
Articles with impact: insights into 10 years of research with machine learning,Journal of Applied Physiology,2020,32790596,10.1152/japplphysiol.00489.2020,other
Optimizing Skeletal Muscle Anabolic Response to Resistance Training in Aging,Frontiers in Physiology,2020,32792984,10.3389/fphys.2020.00874,review/editorial/book-like
Oxidative Stress and Inflammation Induced by Waterpipe Tobacco Smoking Despite Possible Protective Effects of Exercise Training: A Review of the Literature,Antioxidants,2020,32825755,10.3390/antiox9090777,review/editorial/book-like
Exercise influences the impact of polychlorinated biphenyl exposure on immune function,PLoS ONE,2020,32833973,10.1371/journal.pone.0237705,exercise+immune title
Do the benefits of exercise in indoor and outdoor environments during the COVID-19 pandemic outweigh the risks of infection?,Sport Sciences for Health,2020,32837566,10.1007/s11332-020-00673-z,other
Physical exercise during coronavirus disease (COVID-19): Recommendations to remaining active in periods of confinement,Anais da Academia Brasileira de Ciências,2020,32844988,10.1590/0001-3765202020200691,other
"A repeated-measures examination of organizational stressors, perceived psychological and physical health, and perceived performance in semi-elite athletes",Journal of Sports Sciences,2020,32851916,10.1080/02640414.2020.1804801,other
The COVID-19 pandemic: how to maintain a healthy immune system during the lockdown – a multidisciplinary approach with special focus on athletes,Biology of Sport,2020,32879542,10.5114/biolsport.2020.95125,exercise+immune title
Upper respiratory tract symptoms and salivary immunoglobulin A of elite female gymnasts: a full year longitudinal field study,Biology of Sport,2020,32879551,10.5114/biolsport.2020.95639,other
Molecular mechanisms involved in the positive effects of physical activity on coping with COVID-19,European Journal of Applied Physiology,2020,32885275,10.1007/s00421-020-04484-5,other
Contextualizing Parental/Familial Influence on Physical Activity in Adolescents before and during COVID-19 Pandemic: A Prospective Analysis,Children,2020,32899277,10.3390/children7090125,other
COVID-19: Optimizing healthcare provider wellness and posttraumatic growth,The American Journal of Emergency Medicine,2020,32917427,10.1016/j.ajem.2020.08.066,other
Cardiometabolic Health: Key in Reducing Adverse COVID-19 Outcomes,Global Heart,2020,32923351,10.5334/gh.879,other
Diagnostic approaches in COVID-19: clinical updates,Expert Review of Respiratory Medicine,2020,32924671,10.1080/17476348.2021.1823833,other
Exercise Immunology Reconsidered,Current Sports Medicine Reports,2020,32925370,10.1249/jsr.0000000000000743,exercise+immune title
Five Myths of COVID-19 for the Team Physician,HSS Journal® The Musculoskeletal Journal of Hospital for Special Surgery,2020,32929321,10.1007/s11420-020-09793-1,other
The Impact of the COVID-19 Confinement on the Habits of PA Practice According to Gender (Male/Female): Spanish Case,International Journal of Environmental Research and Public Health,2020,32977571,10.3390/ijerph17196961,other
Exercise Behavior and Mood during the COVID-19 Pandemic in Taiwan: Lessons for the Future,International Journal of Environmental Research and Public Health,2020,32998207,10.3390/ijerph17197092,other
A Preventive Role of Exercise Across the Coronavirus 2 (SARS-CoV-2) Pandemic,Frontiers in Physiology,2020,33013486,10.3389/fphys.2020.572718,other
Commentaries on Viewpoint: The interaction between SARS-CoV-2 and ACE2 may have consequences for skeletal muscle viral susceptibility and myopathies,Journal of Applied Physiology,2020,33027604,10.1152/japplphysiol.00775.2020,review/editorial/book-like
Resistance Training Safety during and after the SARS‐Cov‐2 Outbreak: Practical Recommendations,BioMed Research International,2020,33029503,10.1155/2020/3292916,other
The Functional Medicine Approach to COVID-19: Nutrition and Lifestyle Practices for Strengthening Host Defense.,PubMed,2020,33041708,,other
Plasticity of the human IgM repertoire in response to long‐term spaceflight,The FASEB Journal,2020,33047384,10.1096/fj.202001403rr,review/editorial/book-like
The COVID-19 pandemic: The importance of physical activity among faculty members,Journal of American College Health,2020,33048633,10.1080/07448481.2020.1817037,other
Enduring neuroimmunological consequences of developmental experiences: From vulnerability to resilience,Molecular and Cellular Neuroscience,2020,33068720,10.1016/j.mcn.2020.103567,other
Enhancing innate immunity against virus in times of COVID-19: Trying to untangle facts from fictions,World Allergy Organization Journal,2020,33072240,10.1016/j.waojou.2020.100476,other
"Salivary free light chains as a new biomarker to measure psychological stress: the impact of a university exam period on salivary immunoglobulins, cortisol, DHEA and symptoms of infection",Psychoneuroendocrinology,2020,33086142,10.1016/j.psyneuen.2020.104912,other
Impact of COVID-19 Lockdown on Physical Activity in a Sample of Greek Adults,Sports,2020,33096721,10.3390/sports8100139,other
A review on exploring evidence-based approach to harnessing the immune system in times of corona virus pandemic: Best of modern and traditional Indian system of medicine,Journal of Family Medicine and Primary Care,2020,33110775,10.4103/jfmpc.jfmpc_504_20,review/editorial/book-like
Physical Activity and Sociodemographic Profile of Brazilian People during COVID-19 Outbreak: An Online and Cross-Sectional Survey,International Journal of Environmental Research and Public Health,2020,33138270,10.3390/ijerph17217964,other
The Danger of Sedentary Lifestyle in Diabetic and Obese People During the COVID-19 Pandemic,Clinical Medicine Insights Endocrinology and Diabetes,2020,33149717,10.1177/1179551420964487,other
Stress and Fear,Mayo Clinic Proceedings,2020,33153636,10.1016/j.mayocp.2020.08.028,other
Assessment of Serum Cytokines and Oxidative Stress Markers in Elite Athletes Reveals Unique Profiles Associated With Different Sport Disciplines,Frontiers in Physiology,2020,33178053,10.3389/fphys.2020.600888,exercise+immune title
Running behavior and symptoms of respiratory tract infection during the COVID-19 pandemic,Journal of science and medicine in sport,2020,33189596,10.1016/j.jsams.2020.10.009,other
The Long History of Vitamin C: From Prevention of the Common Cold to Potential Aid in the Treatment of COVID-19,Frontiers in Immunology,2020,33193359,10.3389/fimmu.2020.574029,other
Sports Medicine Considerations During the COVID-19 Pandemic,The American Journal of Sports Medicine,2020,33196320,10.1177/0363546520975186,other
"Bull FC, Al-Ansari SS, Biddle S, Borodulin K, Buman MP, Cardon G, et al. World health organization 2020 guidelines on physical activity and sedentary behaviour. Br J Sports Med. (2020) 54:1451–62. doi:  10.1136/bjsports-2020-102955, PMID:",Br J Sports Med,2020,33239350,10.1136/bjsports-2020-102955,review/editorial/book-like
Household illness is the strongest predictor of upper respiratory tract symptom risk in elite rugby union players,Journal of science and medicine in sport,2020,33262041,10.1016/j.jsams.2020.10.011,other
Innate and Adaptive Immunity in Aging and Longevity: The Foundation of Resilience,Aging and Disease,2020,33269094,10.14336/ad.2020.0603,other
"Time-restricted eating effects on performance, immune function, and body composition in elite cyclists: a randomized controlled trial",Journal of the International Society of Sports Nutrition,2020,33308259,10.1186/s12970-020-00396-z,exercise+immune title
Healthy lifestyle behaviors are major predictors of mental wellbeing during COVID-19 pandemic confinement: A study on adult Arabs in higher educational institutions,PLoS ONE,2020,33315880,10.1371/journal.pone.0243524,other
Recreational Dance Practice Modulates Lymphocyte Profile and Function in Diabetic Women,International Journal of Sports Medicine,2020,33321520,10.1055/a-1309-2037,other
Physical Exercise and Immune System in the Elderly: Implications and Importance in COVID-19 Pandemic Period,Frontiers in Psychology,2020,33329256,10.3389/fpsyg.2020.593903,exercise+immune title
Covid-19 Mortality: A Matter of Vulnerability Among Nations Facing Limited Margins of Adaptation,Frontiers in Public Health,2020,33330343,10.3389/fpubh.2020.604339,other
The Impact of Obesity and Lifestyle on the Immune System and Susceptibility to Infections Such as COVID-19,Frontiers in Nutrition,2020,33330597,10.3389/fnut.2020.597600,other
Physical Activity During the Coronavirus (COVID-19) Pandemic: Prevention of a Decline in Metabolic and Immunological Functions,Frontiers in Sports and Active Living,2020,33345048,10.3389/fspor.2020.00057,exercise+immune title
Exercise: A Protective Measure or an “Open Window” for COVID-19? A Mini Review,Frontiers in Sports and Active Living,2020,33345052,10.3389/fspor.2020.00061,review/editorial/book-like
Temporal changes in personal activity intelligence and mortality: Data from the aerobics center longitudinal study,Progress in Cardiovascular Diseases,2020,33370551,10.1016/j.pcad.2020.12.001,other
Limbic Encephalitis Brain Damage Induced by Cocal Virus in Adult Mice Is Reduced by Environmental Enrichment: Neuropathological and Behavioral Studies,Viruses,2020,33396704,10.3390/v13010048,animal/in-vitro-like
How to Exercise During Coronavirus Quarantine?,PubMed,2020,33425264,10.22088/cjim.11.0.479,other
Coronavirus Outbreak in Italy: Physiological Benefits of Home-Based Exercise During Pandemic,Journal of Functional Morphology and Kinesiology,2020,33467247,10.3390/jfmk5020031,other
Behavioral strategies to prevent and mitigate COVID-19 infection,Sports Medicine and Health Science,2020,34189481,10.1016/j.smhs.2020.09.001,other
The COVID-19 pandemic and physical activity,Sports Medicine and Health Science,2020,34189484,10.1016/j.smhs.2020.05.006,other
Lymphocytosis,Springer eBooks,2020,,10.1007/978-1-4614-6439-6_101907-1,other
"Immune, Endocrine, and Soluble Factor Interactions During Aerobic Exercise in Cancer Survivors",Contemporary Endocrinology,2020,,10.1007/978-3-030-33376-8_24,exercise+immune title
"Salivary Bioscience, Immunity, and Inflammation",Springer eBooks,2020,,10.1007/978-3-030-35784-9_9,other
Lymphocytosis,Springer eBooks,2020,,10.1007/978-3-030-39903-0_101907,other
The Immune System,Springer eBooks,2020,,10.1007/978-3-030-48806-2_10,other
A study of possible role of exercise and some antioxidant supplements against coronavirus disease 2019 (COVID-19): A cytokines related perspective,Apunts Sports Medicine,2020,,10.1016/j.apunsm.2020.06.003,review/editorial/book-like
COVID‐19 and obesity in childhood and adolescence: a clinical review,Jornal de Pediatria (Versão em Português),2020,,10.1016/j.jpedp.2020.07.003,review/editorial/book-like
Immunité et sport,La Presse Médicale Formation,2020,,10.1016/j.lpmfor.2020.10.016,other
Physical education of students in the format of distance education,BIO Web of Conferences,2020,,10.1051/bioconf/20202600054,other
Effects of COVID-19 on society and sport a national response,Managing Sport and Leisure,2020,,10.1080/23750472.2020.1779115,other
Resuming professional football (soccer) during the COVID-19 pandemic in a country with high infection rates: A prospective cohort study,medRxiv,2020,,10.1101/2020.11.17.20233023,other
No associations between physical activity and clinical outcomes among hospitalized patients with severe COVID-19,medRxiv,2020,,10.1101/2020.11.25.20237925,other
Health Signatures During COVID-19: A Precision Fitness Case Study,medRxiv,2020,,10.1101/2020.12.07.20245001,other
"Plant‐based eating patterns and endurance performance: A focus on inflammation, oxidative stress and immune responses",Nutrition Bulletin,2020,,10.1111/nbu.12427,exercise+immune title
"Effects of diets, foods and nutrients on immunity: Implications for COVID‐19?",Nutrition Bulletin,2020,,10.1111/nbu.12470,other
"Aerobic swimming in intensive finfish aquaculture: applications for production, mitigation and selection",Reviews in Aquaculture,2020,,10.1111/raq.12467,exercise+immune title
"Nutrientes, alimentación y actividad física como potenciadores del sistema inmune en tiempos de COVID-19.",ARS MEDICA Revista de Ciencias Médicas,2020,,10.11565/arsmed.v45i4.1732,other
Exercise to Support Optimal Immune Function,ACSMʼs Health & Fitness Journal,2020,,10.1249/fit.0000000000000628,exercise+immune title
Multiple benefits of physical activity during the Coronavirus pandemic,Revista Brasileira de Atividade Física & Saúde,2020,,10.12820/rbafs.25e0112,other
Discursos de instituições de saúde brasileiras sobre atividade física no início da pandemia de COVID-19,Revista Brasileira de Atividade Física & Saúde,2020,,10.12820/rbafs.25e0122,other
Recomendações de atividade física e exercício físico durante a pandemia Covid-19: revisão de escopo sobre publicações no Brasil,Revista Brasileira de Atividade Física & Saúde,2020,,10.12820/rbafs.25e0176,other
Immunoglobulin-A (IgA) Improvement through Sports and Frirage Massage,International journal of human movement and sports sciences,2020,,10.13189/saj.2020.080516,exercise+immune title
A sport-elköteleződés modell összefüggéseinek vizsgálata serdülő sportolók körében,,2020,,10.14232/phd.10447,other
Quarantine Exercises in the Time of Covid-19- A Review,Journal of Evolution of Medical and Dental Sciences,2020,,10.14260/jemds/2020/418,review/editorial/book-like
COVID-19 Pandemic- A Curse to the Physical Well-Being of Every Individual in Lock-Down,Journal of Evolution of Medical and Dental Sciences,2020,,10.14260/jemds/2020/556,other
COVID-19 immune system and exercise,Journal of Human Sciences,2020,,10.14687/jhs.v17i2.6005,exercise+immune title
Challenges to Athletes During the Home Confinement Caused by the COVID-19 Pandemic,Strength and conditioning journal,2020,,10.1519/ssc.0000000000000563,other
IN THE STATE OF IMMUNE RESISTANCE OF AN ORGANISM OF PEOPLE WITH DIFFERENT PHYSICAL TRAINING,Fìzìologìčnij žurnal,2020,,10.15407/fz66.01.083,exercise+immune title
COVID-19 e sistema imune: qual o papel do exercício físico e recomendações práticas?,Saúde em Revista,2020,,10.15600/2238-1244/sr.v20n52p57-66,other
COVID-19: importância das novas tecnologias para a prática de atividades físicas como estratégia de saúde pública,Cadernos de Saúde Pública,2020,,10.1590/0102-311x00054420,other
"PHYSICAL INACTIVITY, CHRONIC DISEASES, IMMUNITY AND COVID-19",Revista Brasileira de Medicina do Esporte,2020,,10.1590/1517-8692202026052019_0040,other
Analgesic effects of physical exercise in patients with chronic musculoskeletal pain during confinement by the COVID -19 pandemic,Archivos de medicina del deporte: revista de la Federación Española de Medicina del Deporte y de la Confederación Iberoamericana de Medicina del Deporte,2020,,10.18176/archmeddeporte.00014,other
Repercussões da prática de exercício físico na quarentena causada pelo COVID-19,Revista Brasileira de Educação e Saúde,2020,,10.18378/rebes.v10i4.8542,other
Immunometabolism and Covid-19: Could Lifelong Exercise Training Have a Protective Effect?,Immunometabolism,2020,,10.20900/immunometab20210001,other
Implications of Engaging in Regular Exercise and Reducing Sedentary Behavior During a Global Pandemic: An Immuno-metabolic Perspective in Patients with Obesity and Type 2 Diabetes,Preprints.org,2020,,10.20944/preprints202010.0270.v1,review/editorial/book-like
Healthy Lifestyle Behaviors Are Major Predictors of Mental Wellbeing During COVID-19 Pandemic Confinement: A Study on Adult Arabs in Higher Educational Institutions,Research Square,2020,,10.21203/rs.3.rs-37899/v1,other
Healthy Lifestyle Behaviors Are Major Predictors of Mental Wellbeing During COVID-19 Pandemic Confinement: A Study on Adult Arabs in Higher Educational Institutions,Research Square,2020,,10.21203/rs.3.rs-37977/v1,other
Lifestyle Exercise Attenuates Immunosenescence; Flow Cytometry Analysis,Research Square,2020,,10.21203/rs.3.rs-47396/v1,other
Lifestyle Exercise Attenuates Immunosenescence; Flow Cytometry Analysis,Research Square,2020,,10.21203/rs.3.rs-47396/v2,other
The impact of recovered by cold water immersion on some immunoglobulin for young swimmers.,The International Scientific Journal of Physical Education and Sport Sciences,2020,,10.21608/isjpes.2020.32819.1018,other
Cardiac Structural Repercussions Induced by Exhaustive Physical Training in the Animal Model,Archives of Cardiology and Cardiovascular Diseases,2020,,10.22259/2638-4744.0302006,other
Effect of COVID 19 Lockdown on a Group of Young Egyptian Athletes,,2020,,10.22541/au.160270385.53986317/v1,other
Transient Immune Deficit after Exercise and the Relationship with Immuno-Nutrition: A Short Review of the Literature,International Journal of Sports and Exercise Medicine,2020,,10.23937/2469-5718/1510172,review/editorial/book-like
The Role of Nutrients in Supporting The Immune System Against Viral Infection; Newly Emerged Coronavirus (COVID19): A Narrative Review,Kurdistan Journal of Applied Research,2020,,10.24017/covid.10,review/editorial/book-like
Pandemia COVID-19: ¿Qué más puedo hacer?,Revista de la Facultad de Medicina Humana,2020,,10.25176/rfmh.v20i2.2941,other
The effect of dietary manipulation on iron metabolism and the immune system in elite athletes,UWA Profiles and Research Repository (University of Western Australia),2020,,10.26182/0c78-pd14,exercise+immune title
The Systematic Power Fitness Impact on the Humoral Immunity Indices of Athletes with Different Levels of Physical Fitness,Ukraïnsʹkij žurnal medicini bìologìï ta sportu,2020,,10.26693/jmbs05.04.432,exercise+immune title
Physical Activity is a Preventive Factor Against SARSCOV- 2 in Healthy Subjects (Possible Cellular and Molecular Mechanisms),Biomedical Journal of Scientific & Technical Research,2020,,10.26717/bjstr.2020.29.004799,other
Physical Training Activity During Chemotherapy Affects Patient’s Immune System Indices,Biomedical Journal of Scientific & Technical Research,2020,,10.26717/bjstr.2020.30.004899,exercise+immune title
Benefícios do exercício físico e da nutrição na imunidade. Possíveis estratégias para prevenção da COVID-19,Jornal de Investigação Médica,2020,,10.29073/jim.v1i2.300,other
Revista Completa,Jornal de Investigação Médica,2020,,10.29073/jim.v1i2.304,other
The relationship between physical activity levels and health-related quality of life in elderly individuals aged 65 years and above with a chronic disease,Baltic Journal of Health and Physical Activity,2020,,10.29359/bjhpa.12.3.10,other
Olahraga Rutin Untuk Meningkatkan Imunitas Pasien Hipertensi Selama Masa Pandemi COVID-19,Indonesian Journal of Cardiology,2020,,10.30701/ijc.1016,other
COVID-19 - Considerations for the female athlete,,2020,,10.31219/osf.io/6ervy,other
COVID-19 and physical activity: What is the relation between exercise immunology and the current pandemic situation?,Revista Brasileira de Fisiologia do Exercício,2020,,10.33233/rbfe.v19i2.4115,exercise+immune title
High intensity interval training (HIIT) as a viable alternative to induce the prevention of respiratory diseases: a point of view of exercise immunology during COVID-19 outbreak,Research Society and Development,2020,,10.33448/rsd-v9i10.9186,exercise+immune title
Vitamin D Merging into Immune System-Skeletal Muscle Network: Effects on Human Health,Applied Sciences,2020,,10.3390/app10165592,other
Grupos de risco do COVID-19: a possível relação entre o acometimento de adultos jovens “saudáveis” e a imunidade,Brazilian Journal of Health Review,2020,,10.34119/bjhrv3n2-200,other
Alternativas para a prática de exercícios físicos durante a pandemia da COVID-19 e distanciamento social,Brazilian Journal of Health Review,2020,,10.34119/bjhrv3n4-247,other
Perception of the level of physical activity of university professors during the isolation of COVID-19 / Percepção do nível de atividade física dos professores universitários durante o isolamento da COVID-19,Brazilian Journal of Health Review,2020,,10.34119/bjhrv3n5-315,other
"Effects of the two consecutive anaerobic exercise sessions on leukocyte subsets distribution, blood lactate level and anaerobic power in female athletes with controlling the confounding effect from plasma shift",Medical Journal of Tabriz University of Medical Sciences and Health Services,2020,,10.34172/mj.2020.056,exercise+immune title
Student's Compliance in Doing Physical Activities During COVID-19 Pandemic,,2020,,10.4108/eai.22-7-2020.2300317,other
"COVID-19, Cardiological Issues & Health Education",Journal of Cardiology Research Review & Reports,2020,,10.47363/jcrrr/2020(1)117,other
"The Roadmap for Resilience: The California Surgeon General's Report on Adverse Childhood Experiences, Toxic Stress, and Health",,2020,,10.48019/peam8812,other
"Does the COVID-19 Outbreak, Global Trends, Physical Inactivity and Sedentary Behavior Effects?",Turkiye Klinikleri Journal of Sports Sciences,2020,,10.5336/sportsci.2020-76411,other
Assessing for the Co-morbidities and Factors That May Affect a Patient’s Risk and Response to COVID-19,CAND Journal,2020,,10.54434/candj.64,review/editorial/book-like
COVID-19 risk comorbidities: Time to reappraise our physical inactivity habits (again!),World Journal of Clinical Infectious Diseases,2020,,10.5495/wjcid.v10.i4.47,other
"Sport, exercise and COVID-19, the disease caused by the SARS-CoV-2 coronavirus",German Journal of Sports Medicine,2020,,10.5960/dzsm.2020.441,other
Etude de différents protocoles d’exercice chez la souris et dans un modèle préclinique de lésion médullaire cervicale,,2020,,10.70675/4abe6de9z03b8z4096zaf2dz172152e67c73,other
,Journal of Physical Education and Sport,2020,,10.7752/jpes.2020.s1050,other
,Journal of Physical Education and Sport,2020,,10.7752/jpes.2020.s6427,other
The Relationship between Exercise and Medication in Preventing Severe forms of COVID-19 Infection,Journal of Pharmaceutical Research International,2020,,10.9734/jpri/2020/v32i1430616,other
"Vasodilators, Enhancers of Prevention through Exercise of COVID-19?",Journal of Pharmaceutical Research International,2020,,10.9734/jpri/2020/v32i3430972,other
"Park SL, Buzzai A, Rautela J, Hor JL, Hochheiser K, Effern M, et al. Tissue-resident memory CD8+ T cells promote melanoma-immune equilibrium in skin. Nature. (2019) 565:366–73. doi:  10.1038/s41586-018-0812-9. PMID:",Nature,2019,30598548,10.1038/s41586-018-0812-9,other
Physical Exercise in Major Depression: Reducing the Mortality Gap While Improving Clinical Outcomes,Frontiers in Psychiatry,2019,30687141,10.3389/fpsyt.2018.00762,other
"Zundler S, Becker E, Spocinska M, Slawik M, Parga-Vidal L, Stark R, et al. Hobit- and Blimp-1-driven CD4+ tissue-resident memory T cells control chronic intestinal inflammation. Nat Immunol. (2019) 20:288–300. doi:  10.1038/s41590-018-0298-5. PMID:",Nat Immunol,2019,30692620,10.1038/s41590-018-0298-5,other
Physical Activity Associated Proteomics of Skeletal Muscle: Being Physically Active in Daily Life May Protect Skeletal Muscle From Aging,Frontiers in Physiology,2019,30971946,10.3389/fphys.2019.00312,other
A novel role of probiotics in improving host defence of elite rugby union athlete: A double blind randomised controlled trial,Journal of science and medicine in sport,2019,31006545,10.1016/j.jsams.2019.03.013,other
Influence of Immune and Nutritional Biomarkers on Illness Risk During Interval Training,International Journal of Sports Physiology and Performance,2019,31034260,10.1123/ijspp.2018-0527,exercise+immune title
Cardiorespiratory fitness and incident lung and colorectal cancer in men and women: Results from the Henry Ford Exercise Testing (FIT) cohort,Cancer,2019,31056756,10.1002/cncr.32085,other
Can Exercise-Induced Modulation of the Tumor Physiologic Microenvironment Improve Antitumor Immunity?,Cancer Research,2019,31068341,10.1158/0008-5472.can-18-2468,exercise+immune title
"de Matos MA, Garcia BCC, Vieira DV, de Oliveira MFA, Costa KB, Aguiar PF, et al. High-intensity interval training reduces monocyte activation in obese adults. Brain Behav Immun. (2019) 80:818–24. doi:  10.1016/j.bbi.2019.05.030, PMID:",Brain Behav Immun,2019,31125712,10.1016/j.bbi.2019.05.030,exercise+immune title
"Nieman DC, Wentz LM. The compelling link between physical activity and the body’s defense system. J Sport Health Sci. (2019) 8:201–17. doi:  10.1016/j.jshs.2018.09.009, PMID:",J Sport Health Sci,2019,31193280,10.1016/j.jshs.2018.09.009,other
Re-evaluating the causes and consequences of non-resolving inflammation in chronic cardiovascular disease,Heart Failure Reviews,2019,31201605,10.1007/s10741-019-09817-x,other
"Riding RL, Harris JE. The role of memory CD8+ T cells in vitiligo. J Immunol. (2019) 203:11–9. doi:  10.4049/jimmunol.1900027. PMID:",J Immunol,2019,31209143,10.4049/jimmunol.1900027,other
Definition and Treatment of Arrhythmogenic Cardiomyopathy: An Updated Expert Panel Report,European Journal of Heart Failure,2019,31210398,10.1002/ejhf.1534,other
Honey Supplementation and Exercise: A Systematic Review,Nutrients,2019,31336992,10.3390/nu11071586,review/editorial/book-like
"Exercise training, circulating cytokine levels and immune function in cancer survivors: A meta-analysis",Brain Behavior and Immunity,2019,31454519,10.1016/j.bbi.2019.08.187,review/editorial/book-like
Acute Illness in the Athlete,Clinics in Sports Medicine,2019,31472768,10.1016/j.csm.2019.05.001,other
A Longitudinal Examination of Military Veterans’ Invictus Games Stress Experiences,Frontiers in Psychology,2019,31507492,10.3389/fpsyg.2019.01934,other
Physical Activity and Brain Health,Genes,2019,31533339,10.3390/genes10090720,other
"Wein AN, McMaster SR, Takamura S, Dunbar PR, Cartwright EK, Hayward SL, et al. CXCR6 regulates localization of tissue-resident memory CD8 T cells to the airways. J Exp Med. (2019) 216:2748–62. doi:  10.1084/jem.20181308. PMID:",J Exp Med,2019,31558615,10.1084/jem.20181308,other
"Zhao T, Markevych I, Standl M, Schikowski T, Berdel D, Koletzko S, et al. Short-term exposure to ambient ozone and inflammatory biomarkers in cross-sectional studies of children and adolescents: results of the giniplus and lisa birth cohorts. Environ pollut. (2019) 255:113264. doi:  10.1016/j.envpol.2019.113264, PMID:",Environ pollut,2019,31563778,10.1016/j.envpol.2019.113264,other
Elite athletes on regular training show more pronounced induction of vaccine-specific T-cells and antibodies after tetravalent influenza vaccination than controls,Brain Behavior and Immunity,2019,31580932,10.1016/j.bbi.2019.09.024,exercise+immune title
"Arboleda-Serna VH, Feito Y, Patiño-Villada FA, Vargas-Romero AV, Arango-Vélez EF. Effects of high-intensity interval training compared to moderate-intensity continuous training on maximal oxygen consumption and blood pressure in healthy men: A randomized controlled trial. Biomedica. (2019) 39:524–36. doi:  10.7705/biomedica.4451, PMID:",Biomedica,2019,31584766,10.7705/biomedica.4451,other
Physical exercise stimulates salivary secretion of cystatins,PLoS ONE,2019,31648256,10.1371/journal.pone.0224147,exercise+immune title
The evolutionary adaptation of body art: Tattooing as costly honest signaling of enhanced immune response in American Samoa,American Journal of Human Biology,2019,31654543,10.1002/ajhb.23347,other
Skeletal muscle as potential central link between sarcopenia and immune senescence,EBioMedicine,2019,31662290,10.1016/j.ebiom.2019.10.034,other
Nutrition and Athlete Immune Health: New Perspectives on an Old Paradigm,Sports Medicine,2019,31691927,10.1007/s40279-019-01160-3,review/editorial/book-like
"Blood Biomarker Profiling and Monitoring for High-Performance Physiology and Nutrition: Current Perspectives, Limitations and Recommendations",Sports Medicine,2019,31691931,10.1007/s40279-019-01158-x,review/editorial/book-like
Effects of Resistance Exercise on Cerebral Redox Regulation and Cognition: An Interplay Between Muscle and Brain,Antioxidants,2019,31698763,10.3390/antiox8110529,other
Genetically Determined Physical Activity and Its Association with Circulating Blood Cells,Genes,2019,31703460,10.3390/genes10110908,other
Effects of low and moderate treadmill exercise on liver of d ‐galactose‐exposed aging rat model,Physiological Reports,2019,31724278,10.14814/phy2.14279,animal/in-vitro-like
"Lin CD, Chen JF. Regulation of immune cell trafficking by febrile temperatures. Int J Hyperthermia. (2019) 36:17–21. doi:  10.1080/02656736.2019.1647357. PMID:",Int J Hyperthermia,2019,31795834,10.1080/02656736.2019.1647357,other
Not going with the flow: Locomotor activity does not constrain immunity in a wild fish,Ecology and Evolution,2019,31832146,10.1002/ece3.5658,other
Sport Medicine in the Prevention and Management of Cancer,Integrative Cancer Therapies,2019,31838880,10.1177/1534735419894063,other
"(Whole-Body) Electromyostimulation, Muscle Damage, and Immune System: A Mini Review",Frontiers in Physiology,2019,31849709,10.3389/fphys.2019.01461,review/editorial/book-like
Impacts of exercise interventions on different diseases and organ functions in mice,Journal of sport and health science/Journal of Sport and Health Science,2019,31921481,10.1016/j.jshs.2019.07.004,animal/in-vitro-like
Educational differences in acute infectious diseases in the Netherlands: results from a nationwide health survey,European Journal of Public Health,2019,31981359,10.1093/eurpub/ckz230,other
Exercise Training in Cancer Control and Treatment,Comprehensive physiology,2019,,10.1002/j.2040-4603.2019.tb00064.x,other
Exercise-Induced Chaperokine Activity of Hsp70: Possible Role in Chronic Diseases,Heat shock proteins,2019,,10.1007/978-3-030-02254-9_10,other
The Travelling Athlete,Springer eBooks,2019,,10.1007/978-3-030-22357-1_16,other
Nutrition Strategies for Triathlon,Springer eBooks,2019,,10.1007/978-3-030-22357-1_17,other
Molekulare und biologische Grundlage zum Einfluss von Sport auf die Krebsentstehung,Die Gastroenterologie,2019,,10.1007/s11377-019-0379-5,other
The Impact of Sports and Energy Drinks in Performance,Elsevier eBooks,2019,,10.1016/b978-0-12-815851-7.00006-1,other
Exercise and psychoneuroimmunology,Current Opinion in Behavioral Sciences,2019,,10.1016/j.cobeha.2019.06.002,exercise+immune title
"Imunidade de mucosa oral, condicionamento aeróbio e estresse de jovens jogadores de basquetebol em um curto período de treinamento",,2019,,10.11606/d.39.2019.tde-21102021-185900,other
A Single Bout of Exercise Inhibits Alpha-2-HS-Glycoprotein (fetuin A) in the Adipose Tissue of Obese Mice,Exercise Science,2019,,10.15857/ksep.2019.28.1.31,animal/in-vitro-like
Reposición del Glucógeno Muscular en la Recuperación del Deportista,SPORT TK-Revista EuroAmericana de Ciencias del Deporte,2019,,10.6018/sportk.362071,other
Untangling tattoos’ influence on immune response,,2019,,10.64628/aai.cyqupp7av,other
"Shaw DM, Merien F, Braakhuis A, Dulson D. T-cells and their cytokine production: the anti-inflammatory and immunosuppressive effects of strenuous exercise. Cytokine. (2018) 104:136–42. doi:  10.1016/j.cyto.2017.10.001, PMID:",Cytokine,2018,29021092,10.1016/j.cyto.2017.10.001,exercise+immune title
"Cayrol C, Girard JP. Interleukin-33 (IL-33): A nuclear cytokine from the IL-1 family. Immunol Rev. (2018) 281:154–68. doi:  10.1111/imr.12619",Immunol Rev,2018,29247993,10.1111/imr.12619,other
"Pizzolla A, Nguyen TH, Sant S, Jaffar J, Loudovaris T, Mannering SI, et al. Influenza-specific lung-resident memory T cells are proliferative and polyfunctional and maintain diverse TCR profiles. J Clin Invest. (2018) 128:721–33. doi:  10.1172/jci96957. PMID:",J Clin Invest,2018,29309047,10.1172/jci96957,other
"Beura LK, Mitchell JS, Thompson EA, Schenkel JM, Mohammed J, Wijeyesinghe S, et al. Intravital mucosal imaging of CD8+ resident memory T cells shows tissue-autonomous recall responses that amplify secondary memory. Nat Immunol. (2018) 19:173–82. doi:  10.1038/s41590-017-0029-3. PMID:",Nat Immunol,2018,29311694,10.1038/s41590-017-0029-3,other
"Liu CSC, Raychaudhuri D, Paul B, Chakrabarty Y, Ghosh AR, Rahaman O, et al. Cutting edge: Piezo1 mechanosensors optimize human T cell activation. J Immunol. (2018) 200:1255–60. doi:  10.4049/jimmunol.1701118. PMID:",J Immunol,2018,29330322,10.4049/jimmunol.1701118,other
"Qiao G, Chen M, Bucsek MJ, Repasky EA, Hylander BL. Adrenergic signaling: a targetable checkpoint limiting development of the antitumor immune response. Front Immunol. (2018) 9:164. doi:  10.3389/fimmu.2018.00164. PMID:",Front Immunol,2018,29479349,10.3389/fimmu.2018.00164,other
"Trim W, Turner JE, Thompson D. Parallels in immunometabolic adipose tissue dysfunction with ageing and obesity. Front Immunol (2018) 9:169. 10.3389/fimmu.2018.00169",Front Immunol,2018,29479350,10.3389/fimmu.2018.00169,other
"Duggal NA, Pollock RD, Lazarus NR, Harridge S, Lord JM. Major features of immunesenescence, including reduced thymic output, are ameliorated by high levels of physiacl activity in adulthood. Aging Cell (2018). 10.1111/acel.12750",Aging Cell,2018,29517845,10.1111/acel.12750,other
IOC consensus statement: dietary supplements and the high-performance athlete,British Journal of Sports Medicine,2018,29540367,10.1136/bjsports-2018-099027,review/editorial/book-like
"Xia L, Li M, Zhang Y, Ruan J, Pei J, Shi J, et al. Exhaustive exercise does not affect humoral immunity and protection after rabies vaccination in a mouse model. Virol Sin. (2018) 33:241–8. doi:  10.1007/s12250-018-0026-1, PMID:",Virol Sin,2018,29594957,10.1007/s12250-018-0026-1,animal/in-vitro-like
"Menares E, Gálvez-Cancino F, Cáceres-Morgado P, Ghorani E, López E, Díaz X, et al. CD103+ tumor-resident CD8+ T cells are associated with improved survival in immunotherapy-naïve melanoma patients and expand significantly during anti-PD-1 treatment. Clin Cancer Res. (2018) 24:3036–45. doi:  10.1158/1078-0432.ccr-17-2257. PMID:",Clin Cancer Res,2018,29599411,10.1158/1078-0432.ccr-17-2257,other
"Do We Need a Cool-Down After Exercise? A Narrative Review of the Psychophysiological Effects and the Effects on Performance, Injuries and the Long-Term Adaptive Response",Sports Medicine,2018,29663142,10.1007/s40279-018-0916-2,review/editorial/book-like
"Campbell JP, Turner JE. Debunking the myth of exercise-induced immune suppression: redefining the impact of exercise on immunological health across the lifespan. Front Immunol. (2018) 9:648. doi:  10.3389/fimmu.2018.00648, PMID:",Front Immunol,2018,29713319,10.3389/fimmu.2018.00648,exercise+immune title
"Slusher AL, Whitehurst M, Maharaj A, Dodge KM, Fico BG, Mock JT, et al. Plasma pentraxin 3 and glucose kinetics following acute high-intensity interval exercise versus continuous moderate-intensity exercise in healthy men. Appl Physiol Nutr Metab. (2018) 43:1233–8. doi:  10.1139/apnm-2018-0039, PMID:",Appl Physiol Nutr Metab,2018,29738271,10.1139/apnm-2018-0039,other
Increased Risk of Upper Respiratory Infection in Military Recruits Who Report Sleeping Less Than 6 h per night,Military Medicine,2018,29746692,10.1093/milmed/usy090,other
"Walling BL, Kim M. LFA-1 in T cell migration and differentiation. Front Immunol. (2018) 9:952. doi:  10.3389/fimmu.2018.00952. PMID:",Front Immunol,2018,29774029,10.3389/fimmu.2018.00952,other
"Savas P, Virassamy B, Ye C, Salim A, Mintoff CP, Caramia F, et al. Single-cell profiling of breast cancer T cells reveals a tissue-resident memory subset associated with improved prognosis. Nat Med. (2018) 24:986–93. doi:  10.1038/s41591-018-0078-7. PMID:",Nat Med,2018,29942092,10.1038/s41591-018-0078-7,other
Immune Response Related With Skin Thermal Pattern in Judokas: A New Application for Infrared Thermography?,The Journal of Strength and Conditioning Research,2018,29952866,10.1519/jsc.0000000000002672,other
Patient performance status and cancer immunotherapy efficacy: a meta-analysis,Medical Oncology,2018,30128793,10.1007/s12032-018-1194-4,review/editorial/book-like
"Marshall JS, Warrington R, Watson W, Kim HL. An introduction to immunology and immunopathology. Allergy Asthma Clin Immunol. (2018) 14:49. doi:  10.1186/s13223-018-0278-1, PMID:",Allergy Asthma Clin Immunol,2018,30263032,10.1186/s13223-018-0278-1,other
Elongation/Termination Factor Exchange Mediated by PP1 Phosphatase Orchestrates Transcription Termination,Cell Reports,2018,30282034,10.1016/j.celrep.2018.09.007,other
Sports Foods and Dietary Supplements for Optimal Function and Performance Enhancement in Track-and-Field Athletes,International Journal of Sport Nutrition and Exercise Metabolism,2018,30299192,10.1123/ijsnem.2018-0271,other
Immune Function and Micronutrient Requirements Change over the Life Course,Nutrients,2018,30336639,10.3390/nu10101531,other
Effects of Acute and Chronic Exercise on Immunological Parameters in the Elderly Aged: Can Physical Activity Counteract the Effects of Aging?,Frontiers in Immunology,2018,30364079,10.3389/fimmu.2018.02187,exercise+immune title
There is limited existing evidence to support the common assumption that strenuous endurance exercise bouts impair immune competency,Expert Review of Clinical Immunology,2018,30430884,10.1080/1744666x.2019.1548933,exercise+immune title
"Oja AE, Piet B, van der Zwan D, Blaauwgeers H, Mensink M, de Kivit S, et al. Functional heterogeneity of CD4+ tumor-infiltrating lymphocytes with a resident memory phenotype in human lung cancer. Cancer Immunol Res. (2018) 6:2654. doi:  10.3389/fimmu.2018.02654. PMID:",Cancer Immunol Res,2018,30505306,10.3389/fimmu.2018.02654,other
"Handgrip strength, chronic physical conditions and physical multimorbidity in middle-aged and older adults in six low- and middle income countries",European Journal of Internal Medicine,2018,30509483,10.1016/j.ejim.2018.11.007,other
Exercise Training in Cancer Control and Treatment,Comprehensive physiology,2018,30549018,10.1002/cphy.c180016,other
Exercise as Adjunct Therapy in Cancer,Seminars in Radiation Oncology,2018,30573180,10.1016/j.semradonc.2018.10.001,other
Emerging Anti-Aging Strategies - Scientific Basis and Efficacy,Aging and Disease,2018,30574426,10.14336/ad.2018.1026,other
Biomarkers,Springer eBooks,2018,,10.1007/978-3-319-70217-9_11,other
"Effects of Endurance-, Strength-, and Concurrent Training on Cytokines and Inflammation",Springer eBooks,2018,,10.1007/978-3-319-75547-2_9,exercise+immune title
Shirts or Skins?: Tattoos as Costly Honest Signals of Fitness and Affiliation among US Intercollegiate Athletes and Other Undergraduates,Evolutionary Psychological Science,2018,,10.1007/s40806-018-0174-4,other
Effect of different loads of treadmill exercise on Th1/Th2 cytokine balance in rat splenocytes,Journal of Applied Biomedicine,2018,,10.1016/j.jab.2018.05.001,animal/in-vitro-like
IOC Consensus Statement: Dietary Supplements and the High-Performance Athlete,International Journal of Sport Nutrition and Exercise Metabolism,2018,,10.1123/ijsnem.2018-0020,review/editorial/book-like
The Effect of Moderate-intensity Technical Training and Resistance Training on Selected Hematological Parameters of Elite Wrestlers,Universal Journal of Educational Research,2018,,10.13189/ujer.2018.061134,other
Immune responses to extreme challenges,Annals of Research in Sport and Physical Activity,2018,,10.14195/2182-7087_ex2018_6,other
"From Risk to Resilience: How Lifestyle Factors Interact with Early-Life Trauma, Genetic Polymorphisms, and Stress, in Predicting Risk for Depression",,2018,,10.22215/etd/2018-13331,other
"EFFECT OF 12-WEEK LOW-INTENSITY EXERCISE ON INTERLEUKIN-2, INTERFERON-GAMMA AND INTERLEUKIN-4 CYTOKINE PRODUCTION IN RAT SPLEENS",Journal of Men s Health,2018,,10.22374/1875-6859.14.3.1,animal/in-vitro-like
"Cao Dinh H, Beyer I, Mets T, Onyema OO, Njemini R, Renmans W, et al. Effects of physical exercise on markers of cellular immunosenescence: a systematic review. Calcif Tissue Int (2017) 100(2):193–215. 10.1007/s00223-016-0212-9",Calcif Tissue Int,2017,27866236,10.1007/s00223-016-0212-9,review/editorial/book-like
"Chamorro-Viña C, Valentín J, Fernández L, González-Vicent M, Pérez-Ruiz M, Lucía A, et al. Influence of a moderate-intensity exercise program on early nk cell immune recovery in pediatric patients after reduced-intensity hematopoietic stem cell transplantation. Integr Cancer Ther. (2017) 16:464–72. doi:  10.1177/1534735416679515, PMID:",Integr Cancer Ther,2017,27903841,10.1177/1534735416679515,exercise+immune title
"Replace, restore, revive: the keys to recovery after exercise",Journal of Applied Physiology,2017,28153939,10.1152/japplphysiol.00086.2017,other
"Cheuk S, Schlums H, Gallais Sérézal I, Martini E, Chiang SC, Marquardt N, et al. CD49a expression defines tissue-resident CD8+ T cells poised for cytotoxic function in human skin. Immunity. (2017) 46:287–300. doi:  10.21417/b76k56",Immunity,2017,28214226,10.21417/b76k56,other
"Pan Y, Tian T, Park CO, Lofftus SY, Mei S, Liu X, et al. Survival of tissue-resident memory T cells requires exogenous lipid uptake and metabolism. Nature. (2017) 543:252–6. doi:  10.1038/nature21379. PMID:",Nature,2017,28219080,10.1038/nature21379,other
"Bermon S, Castell LM, Calder PC, Bishop NC, Blomstrand E, Mooren FC, et al. Consensus statement immunonutrition and exercise. Exerc Immunol Rev (2017) 23:8–50.",Exerc Immunol Rev,2017,28224969,,review/editorial/book-like
"Gleeson M, Pyne DB, Elkington LJ, Hall ST, Attia JR, Oldmeadow C, et al. Developing a multi-component immune model for evaluating the risk of respiratory illness in athletes. Exerc Immunol Rev (2017) 23:52–64.",Exerc Immunol Rev,2017,28230530,10.22029/eir.2017.1714,exercise+immune title
"Zimmer P, Schenk A, Kieven M, Holthaus M, Lehmann J, Lovenich L, et al. Exercise induced alterations in NK-cell cytotoxicity – methodological issues and future perspectives. Exerc Immunol Rev (2017) 23:66–81.",Exerc Immunol Rev,2017,28230531,,review/editorial/book-like
Physical activity and lung cancer risk in men and women,Cancer Causes & Control,2017,28247218,10.1007/s10552-017-0872-4,other
"Barry JC, Simtchouk S, Durrer C, Jung ME, Little JP. Short-term exercise training alters leukocyte chemokine receptors in obese adults. Med Sci Sports Exercise. (2017) 49:1631–40. doi:  10.1249/mss.0000000000001261, PMID:",Med Sci Sports Exercise,2017,28319586,10.1249/mss.0000000000001261,exercise+immune title
"Cibrián D, Sánchez-Madrid F. CD69: from activation marker to metabolic gatekeeper. Eur J Immunol. (2017) 47:946–53. doi:  10.1002/eji.201646837",Eur J Immunol,2017,28475283,10.1002/eji.201646837,other
"Pallett LJ, Davies J, Colbeck EJ, Robertson F, Hansi N, Easom NJW, et al. IL-2high tissue-resident T cells in the human liver: Sentinels for hepatotropic infection. J Exp Med. (2017) 214:1567–80. doi:  10.1084/jem.20162115. PMID:",J Exp Med,2017,28526759,10.1084/jem.20162115,other
"Bartlett DB, Shepherd SO, Wilson OJ, Adlan AM, Wagenmakers AJM, Shaw CS, et al. Neutrophil and monocyte bactericidal responses to 10 weeks of low-volume high-intensity interval or moderate-intensity continuous training in sedentary adults. Oxid Med Cell Longev (2017) 2017:8148742. 10.1155/2017/8148742",Oxid Med Cell Longev,2017,28656073,10.1155/2017/8148742,exercise+immune title
Hojman P. Exercise protects from cancer through regulation of immune function and inflammation. Biochem Soc Trans (2017) 45(4):905–11. 10.1042/BST20160466,Biochem Soc Trans,2017,28673937,10.1042/bst20160466,exercise+immune title
"Warburton DER, Bredin SSD. Health benefits of physical activity: a systematic review of current systematic reviews. Curr Opin Cardiol (2017) 32(5):541–56. 10.1097/HCO.0000000000000437",Curr Opin Cardiol,2017,28708630,10.1097/hco.0000000000000437,review/editorial/book-like
"Turner JE, Brum PC. Does regular exercise counter T cell immunosenescence reducing the risk of developing cancer and promoting successful treatment of malignancies? Oxid Med Cell Longev (2017) 2017:4234765. 10.1155/2017/4234765",Does regular exercise counter T cell immunosenescence reducing the risk of developing cancer and promoting successful treatment of malignancies? Oxid Med Cell Longev,2017,28751932,10.1155/2017/4234765,exercise+immune title
"Slütter B, Van Braeckel-Budimir N, Abboud G, Varga SM, Salek-Ardakani S, Harty JT. Dynamics of influenza-induced lung-resident memory T cells underlie waning heterosubtypic immunity. Sci Immunol. (2017) 2:eaag2031. doi:  10.1126/sciimmunol.aag2031",Sci Immunol,2017,28783666,10.1126/sciimmunol.aag2031,other
Exercise-dependent regulation of the tumour microenvironment,Nature reviews. Cancer,2017,28943640,10.1038/nrc.2017.78,other
Subjective and Objective Responses to Two Rugby Sevens World Series Competitions,The Journal of Strength and Conditioning Research,2017,29016478,10.1519/jsc.0000000000002276,other
"Milner JJ, Toma C, Yu B, Zhang K, Omilusik K, Phan AT, et al. Runx3 programs CD8+ T cell residency in non-lymphoid tissues and tumours. Nature. (2017) 552:253–8. doi:  10.1038/nature24993. PMID:",Nature,2017,29211713,10.1038/nature24993,other
Micronutrients for Natural Carbonated and Noncarbonated Soft Drink,Journal of Nutritional Health & Food Engineering,2017,,10.15406/jnhfe.2017.07.00226,other
"Engeland CG, Hugo FN, Hilgert JB, Nascimento GG, Junges R, Lim HJ, et al. Psychological distress and salivary secretory immunity. Brain Behav Immun (2016) 52:11–7. 10.1016/j.bbi.2015.08.017",Brain Behav Immun,2016,26318411,10.1016/j.bbi.2015.08.017,other
"Frasca D, Blomberg BB. Aging, cytomegalovirus (CMV) and influenza vaccine responses. Hum Vaccin Immunother (2016) 12(3):682–90. 10.1080/21645515.2015.1105413",Hum Vaccin Immunother,2016,26588038,10.1080/21645515.2015.1105413,other
"Rosenblum MD, Way SS, Abbas AK. Regulatory T cell memory. Nat Rev Immunol. (2016) 16:90–101. doi:  10.1038/nri.2015.1. PMID:",Nat Rev Immunol,2016,26688349,10.1038/nri.2015.1,other
"Mueller SN, Mackay LK. Tissue-resident memory T cells: local specialists in immune defence. Nat Rev Immunol. (2016) 16:79–89. doi:  10.1038/nri.2015.3. PMID:",Nat Rev Immunol,2016,26688350,10.1038/nri.2015.3,other
"O’Neill LA, Pearce EJ. Immunometabolism governs dendritic cell and macrophage function. J Exp Med. (2016) 213:15–23. doi:  10.1084/jem.20151570",J Exp Med,2016,26694970,10.1084/jem.20151570,other
"Simpson RJ, Bigley AB, Spielmann G, LaVoy EC, Kunz H, Bollard CM. Human cytomegalovirus infection and the immune response to exercise. Exerc Immunol Rev (2016) 22:8–27.",Exerc Immunol Rev,2016,26853134,,review/editorial/book-like
"Silva LC, de Araujo AL, Fernandes JR, Matias Mde S, Silva PR, Duarte AJ, et al. Moderate and intense exercise lifestyles attenuate the effects of aging on telomere length and the survival and composition of T cell subpopulations. Age (Dordr) (2016) 38(1):24. 10.1007/s11357-016-9879-0",Age (Dordr),2016,26863877,10.1007/s11357-016-9879-0,exercise+immune title
Simulated Night Shift Disrupts Circadian Rhythms of Immune Functions in Humans,The Journal of Immunology,2016,26873990,10.4049/jimmunol.1502422,other
"Pedersen L, Idorn M, Olofsson GH, Lauenborg B, Nookaew I, Hansen RH, et al. Voluntary running suppresses tumor growth through epinephrine- and IL-6-dependent NK cell mobilization and redistribution. Cell Metab (2016) 23(3):554–62. 10.1016/j.cmet.2016.01.011",Cell Metab,2016,26895752,10.1016/j.cmet.2016.01.011,exercise+immune title
"Bartlett DB, Fox O, McNulty CL, Greenwood HL, Murphy L, Sapey E, et al. Habitual physical activity is associated with the maintenance of neutrophil migratory dynamics in healthy older adults. Brain Behav Immun (2016) 56:12–20. 10.1016/j.bbi.2016.02.024",Brain Behav Immun,2016,26928196,10.1016/j.bbi.2016.02.024,exercise+immune title
"Svendsen IS, Taylor IM, Tonnessen E, Bahr R, Gleeson M. Training-related and competition-related risk factors for respiratory tract and gastrointestinal infections in elite cross-country skiers. Br J Sports Med (2016) 50(13):809–15. 10.1136/bjsports-2015-095398",Br J Sports Med,2016,26941278,10.1136/bjsports-2015-095398,other
"McElhaney JE, Kuchel GA, Zhou X, Swain SL, Haynes L. T-cell immunity to influenza in older adults: a pathophysiological framework for development of more effective vaccines. Front Immunol (2016) 7:41. 10.3389/fimmu.2016.00041",Front Immunol,2016,26941738,10.3389/fimmu.2016.00041,other
"Schenkel JM, Fraser KA, Casey KA, Beura LK, Pauken KE, Vezys V, et al. IL-15-independent maintenance of tissue-resident and boosted effector memory CD8 T cells. J Immunol. (2016) 196:3920–6. doi:  10.1016/j.immuni.2014.12.007. PMID:",J Immunol,2016,27001957,10.1016/j.immuni.2014.12.007,other
Turner JE. Is immunosenescence influenced by our lifetime “dose” of exercise? Biogerontology (2016) 17(3):581–602. 10.1007/s10522-016-9642-z,Is immunosenescence influenced by our lifetime “dose” of exercise? Biogerontology,2016,27023222,10.1007/s10522-016-9642-z,other
"Mackay LK, Minnich M, Kragten NA, Liao Y, Nota B, Seillet C, et al. Hobit and Blimp1 instruct a universal transcriptional program of tissue residency in lymphocytes. Science. (2016) 352:459–63. doi:  10.1126/science.aad2035. PMID:",Science,2016,27102484,10.1126/science.aad2035,other
"Netea MG, Joosten LA, Latz E, Mills KH, Natoli G, Stunnenberg HG, et al. Trained immunity: A program of innate immune memory in health and disease. Science. (2016) 352:aaf1098. doi:  10.1126/science.aaf1098. PMID:",Science,2016,27102489,10.1126/science.aaf1098,other
"Moore SC, Lee IM, Weiderpass E, Campbell PT, Sampson JN, Kitahara CM, et al. Association of leisure-time physical activity with risk of 26 types of cancer in 1.44 million adults. JAMA Intern Med (2016) 176(6):816–25. 10.1001/jamainternmed.2016.1548",JAMA Intern Med,2016,27183032,10.1001/jamainternmed.2016.1548,other
"Pape K, Ryttergaard L, Rotevatn TA, Nielsen BJ, Torp-Pedersen C, Overgaard C, et al. Leisure-time physical activity and the risk of suspected bacterial infections. Med Sci Sports Exerc (2016) 48(9):1737–44. 10.1249/MSS.0000000000000953",Med Sci Sports Exerc,2016,27187103,10.1249/mss.0000000000000953,other
"Buck MD, O'Sullivan D, Klein Geltink RI, Curtis JD, Chang CH, Sanin DE, et al. Mitochondrial dynamics controls T cell fate through metabolic programming. Cell. (2016) 166:63–76. doi:  10.1016/j.cell.2016.05.035. PMID:",Cell,2016,27293185,10.1016/j.cell.2016.05.035,other
"Ruffino JS, Davies NA, Morris K, Ludgate M, Zhang L, Webb R, et al. Moderate-intensity exercise alters markers of alternative activation in circulating monocytes in females: A putative role for pparγ. Eur J Appl Physiol. (2016) 116:1671–82. doi:  10.1007/s00421-016-3414-y, PMID:",Eur J Appl Physiol,2016,27339155,10.1007/s00421-016-3414-y,exercise+immune title
"Zens KD, Chen JK, Farber DL. Vaccine-generated lung tissue-resident memory T cells provide heterosubtypic protection to influenza infection. JCI Insight. (2016) 1:e85832. doi:  10.1172/jci.insight.85832. PMID:",JCI Insight,2016,27468427,10.1172/jci.insight.85832,other
Macrophage Polarization: Implications on Metabolic Diseases and the Role of Exercise,Critical Reviews in Eukaryotic Gene Expression,2016,27480774,10.1615/critreveukaryotgeneexpr.2016015920,other
"Grande AJ, Reid H, Thomas EE, Nunan D, Foster C. Exercise prior to influenza vaccination for limiting influenza incidence and its related complications in adults. Cochrane Database Syst Rev (2016) (8):CD011857. 10.1002/14651858.CD011857.pub2",Cochrane Database Syst Rev,2016,27545762,10.1002/14651858.cd011857.pub2,other
"Klein SL, Flanagan KL. Sex differences in immune responses. Nat Rev Immunol. (2016) 16:626–38. doi:  10.1038/nri.2016.90. PMID:",Nat Rev Immunol,2016,27546235,10.1038/nri.2016.90,other
"Hombrink P, Helbig C, Backer RA, Piet B, Oja AE, Stark R, et al. Programs for the persistence, vigilance and control of human CD8+ lung-resident memory T cells. Nat Immunol. (2016) 17:1467–78. doi:  10.1038/ni.3589. PMID:",Nat Immunol,2016,27776108,10.1038/ni.3589,other
"Suzuki K, Hayano Y, Nakai A, Furuta F, Noda M. Adrenergic control of the adaptive immune response by diurnal lymphocyte recirculation through lymph nodes. J Exp Med (2016) 213(12):2567–74. 10.1084/jem.20160723",J Exp Med,2016,27799619,10.1084/jem.20160723,other
"Gerosa-Neto J, Antunes BMM, Campos EZ, Rodrigues J, Ferrari GD, Neto JCR, et al. Impact of long-term high-intensity interval and moderate-intensity continuous training on subclinical inflammation in overweight/obese adults. J Exercise Rehabil. (2016) 12:575–80. doi:  10.12965/jer.1632770.385, PMID:",J Exercise Rehabil,2016,28119880,10.12965/jer.1632770.385,exercise+immune title
"Hazeldine J, Lord JM. Innate immunesenescence: underlying mechanisms and clinical relevance. Biogerontology (2015) 16(2):187–201. 10.1007/s10522-014-9514-3",Biogerontology,2015,25009085,10.1007/s10522-014-9514-3,other
"Hellard P, Avalos M, Guimaraes F, Toussaint JF, Pyne DB. Training-related risk of common illnesses in elite swimmers over a 4-yr period. Med Sci Sports Exerc (2015) 47(4):698–707. 10.1249/MSS.0000000000000461",Med Sci Sports Exerc,2015,25100341,10.1249/mss.0000000000000461,other
"Lambrecht BN, Hammad H. The immunology of asthma. Nat Immunol. (2015) 16:45–56. doi:  10.1038/ni.3049. PMID:",Nat Immunol,2015,25521684,10.1038/ni.3049,other
"Mackay LK, Braun A, Macleod BL, Collins N, Tebartz C, Bedoui S, et al. Cutting edge: CD69 interference with sphingosine-1-phosphate receptor function regulates peripheral T cell retention. J Immunol. (2015) 194:2059–63. doi:  10.4049/jimmunol.1402256. PMID:",J Immunol,2015,25624457,10.4049/jimmunol.1402256,other
"Bergsbaken T, Bevan MJ. Proinflammatory microenvironments within the intestine regulate the differentiation of tissue-resident CD8+ T cells responding to infection. Nat Immunol. (2015) 16:406–14. doi:  10.1038/ni.3108. PMID:",Nat Immunol,2015,25706747,10.1038/ni.3108,other
"Trigunaite A, Dimo J, Jorgensen TN. Suppressive effects of androgens on the immune system. Cell Immunol (2015) 294(2):87–94. 10.1016/j.cellimm.2015.02.004",Cell Immunol,2015,25708485,10.1016/j.cellimm.2015.02.004,other
"Costanzo AE, Taylor KR, Dutt S, Han PP, Fujioka K, Jameson JM. Obesity impairs gammadelta T cell homeostasis and antiviral function in humans. PLoS One (2015) 10(3):e0120918. 10.1371/journal.pone.0120918",PLoS One,2015,25785862,10.1371/journal.pone.0120918,other
"Watanabe R, Gehad A, Yang C, Scott LL, Teague JE, Schlapbach C, et al. Human skin is protected by four functionally and phenotypically discrete populations of resident and recirculating memory T cells. Sci Transl Med. (2015) 7:279ra39. doi:  10.1126/scitranslmed.3010302. PMID:",Sci Transl Med,2015,25787765,10.1126/scitranslmed.3010302,other
"Denham J, O’Brien BJ, Harvey JT, Charchar FJ. Genome-wide sperm DNA methylation changes after 3 months of exercise training in humans. Epigenomics. (2015) 7:717–31. doi:  10.2217/epi.15.29. PMID:",Epigenomics,2015,25864559,10.2217/epi.15.29,other
"Hunter CA, Jones SA. IL-6 as a keystone cytokine in health and disease. Nat Immunol. (2015) 16:448–57. doi:  10.1038/ni.3153. PMID:",Nat Immunol,2015,25898198,10.1038/ni.3153,other
"Steinert EM, Schenkel JM, Fraser KA, Beura LK, Manlove LS, Igyártó BZ, et al. Quantifying memory CD8 T cells reveals regionalization of immunosurveillance. Cell. (2015) 161:737–49. doi:  10.1016/j.cell.2015.03.031. PMID:",Cell,2015,25957682,10.1016/j.cell.2015.03.031,other
"Dopico XC, Evangelou M, Ferreira RC, Guo H, Pekalski ML, Smyth DJ, et al. Widespread seasonal gene expression reveals annual differences in human immunity and physiology. Nat Commun (2015) 6:7000. 10.1038/ncomms8000",Nat Commun,2015,25965853,10.1038/ncomms8000,other
"Evans SS, Repasky EA, Fisher DT. Fever and the thermal regulation of immunity: the immune system feels the heat. Nat Rev Immunol. (2015) 15:335–49. doi:  10.1038/nri3843. PMID:",Nat Rev Immunol,2015,25976513,10.1038/nri3843,other
Mills CD. Anatomy of a discovery: m1 and m2 macrophages. Front Immunol (2015) 6:212. 10.3389/fimmu.2015.00212,Front Immunol,2015,25999950,10.3389/fimmu.2015.00212,other
"Goldinger A, Shakhbazov K, Henders AK, McRae AF, Montgomery GW, Powell JE. Seasonal effects on gene expression. PLoS One (2015) 10(5):e0126995. 10.1371/journal.pone.0126995",PLoS One,2015,26023781,10.1371/journal.pone.0126995,other
"McMaster SR, Wilson JJ, Wang H, Kohlmeier JE. Airway-resident memory CD8 T cells provide antigen-specific protection against respiratory virus challenge through rapid IFN-γ production. J Immunol. (2015) 195:203–9. doi:  10.4049/jimmunol.1402975. PMID:",J Immunol,2015,26026054,10.4049/jimmunol.1402975,other
"Chavez-Galan L, Olleros ML, Vesin D, Garcia I. Much more than M1 and M2 macrophages, there are also CD169(+) and TCR(+) macrophages. Front Immunol (2015) 6:263. 10.3389/fimmu.2015.00263",Front Immunol,2015,26074923,10.3389/fimmu.2015.00263,other
Behaviorally Assessed Sleep and Susceptibility to the Common Cold,SLEEP,2015,26118561,10.5665/sleep.4968,other
"Brown FF, Bigley AB, Ross JC, LaVoy EC, Simpson RJ, Galloway SD. T-lymphocyte populations following a period of high volume training in female soccer players. Physiol Behav (2015) 152(Pt A):175–81. 10.1016/j.physbeh.2015.09.027",Physiol Behav,2015,26432452,10.1016/j.physbeh.2015.09.027,exercise+immune title
"Simpson RJ, Kunz H, Agha N, Graff R. Exercise and the regulation of immune functions. Prog Mol Biol Transl Sci. (2015) 135:355–80. doi:  10.1016/bs.pmbts.2015.08.001, PMID:",Prog Mol Biol Transl Sci,2015,26477922,10.1016/bs.pmbts.2015.08.001,exercise+immune title
"Adachi T, Kobayashi T, Sugihara E, Yamada T, Ikuta K, Pittaluga S, et al. Hair follicle-derived IL-7 and IL-15 mediate skin-resident memory T cell homeostasis and lymphoma. Nat Med. (2015) 21:1272–9. doi:  10.1038/nm.3962. PMID:",Nat Med,2015,26479922,10.1038/nm.3962,other
"de Araujo AL, Silva LC, Fernandes JR, Matias Mde S, Boas LS, Machado CM, et al. Elderly men with moderate and intense training lifestyle present sustained higher antibody responses to influenza vaccine. Age (Dordr) (2015) 37(6):105. 10.1007/s11357-015-9843-4",Age (Dordr),2015,26480853,10.1007/s11357-015-9843-4,exercise+immune title
Immunological aspects of sport nutrition,Immunology and Cell Biology,2015,26634839,10.1038/icb.2015.109,exercise+immune title
"Mackay LK, Wynne-Jones E, Freestone D, Pellicci DG, Mielke LA, Newman DM, et al. T-box transcription factors combine with the cytokines TGF-β and IL-15 to control tissue-resident memory T cell fate. Immunity. (2015) 43:1101–11. doi:  10.1016/j.immuni.2015.11.008. PMID:",Immunity,2015,26682984,10.1016/j.immuni.2015.11.008,other
"Chester C, Fritsch K, Kohrt HE. Natural killer cell immunomodulation: targeting activating, inhibitory, and co-stimulatory receptor signaling for cancer immunotherapy. Front Immunol. (2015) 6:601. doi:  10.3389/fimmu.2015.00601, PMID:",Front Immunol,2015,26697006,10.3389/fimmu.2015.00601,other
A randomised controlled trial of resistance exercise prior to administration of influenza vaccination in older adults,Brain Behavior and Immunity,2015,,10.1016/j.bbi.2015.06.102,other
The impact of endurance exercise intensity on local and systemic hormonal and cytokine responses in the recreationally active young and old,e-space (Manchester Metropolitan University),2015,,10.13140/rg.2.1.1730.6000,exercise+immune title
"Wu T, Hu Y, Lee YT, Bouchard KR, Benechet A, Khanna K, et al. Lung-resident memory CD8 T cells (TRM) are indispensable for optimal cross-protection against pulmonary virus infection. J Leukoc Biol. (2014) 95:215–24. doi:  10.1189/jlb.0313180. PMID:",J Leukoc Biol,2014,24006506,10.1189/jlb.0313180,other
"Pascoe AR, Fiatarone Singh MA, Edwards KM. The effects of exercise on vaccination responses: a review of chronic and acute exercise interventions in humans. Brain Behav Immun (2014) 39:33–41. 10.1016/j.bbi.2013.10.003",Brain Behav Immun,2014,24126151,10.1016/j.bbi.2013.10.003,review/editorial/book-like
"Weston KS, Wisløff U, Coombes JS. High-intensity interval training in patients with lifestyle-induced cardiometabolic disease: A systematic review and meta-analysis. Br J Sports Med. (2014) 48:1227–34. doi:  10.1136/bjsports-2013-092576, PMID:",Br J Sports Med,2014,24144531,10.1136/bjsports-2013-092576,review/editorial/book-like
"Muezzinler A, Zaineddin AK, Brenner H. Body mass index and leukocyte telomere length in adults: a systematic review and meta-analysis. Obes Rev (2014) 15(3):192–201. 10.1111/obr.12126",Obes Rev,2014,24165286,10.1111/obr.12126,review/editorial/book-like
"Jagger A, Shimojima Y, Goronzy JJ, Weyand CM. Regulatory T cells and the immune aging process: a mini-review. Gerontology (2014) 60(2):130–7. 10.1159/000355303",Gerontology,2014,24296590,10.1159/000355303,review/editorial/book-like
"Furman D, Hejblum BP, Simon N, Jojic V, Dekker CL, Thiebaut R, et al. Systems analysis of sex differences reveals an immunosuppressive role for testosterone in the response to influenza vaccination. Proc Natl Acad Sci U S A (2014) 111(2):869–74. 10.1073/pnas.1321060111",Proc Natl Acad Sci U S A,2014,24367114,10.1073/pnas.1321060111,review/editorial/book-like
"Moro-Garcia MA, Fernandez-Garcia B, Echeverria A, Rodriguez-Alonso M, Suarez-Garcia FM, Solano-Jaurrieta JJ, et al. Frequent participation in high volume exercise throughout life is associated with a more differentiated adaptive immune response. Brain Behav Immun (2014) 39:61–74. 10.1016/j.bbi.2013.12.014",Brain Behav Immun,2014,24384467,10.1016/j.bbi.2013.12.014,exercise+immune title
"Spielmann G, Johnston CA, O’Connor DP, Foreyt JP, Simpson RJ. Excess body mass is associated with T cell differentiation indicative of immune ageing in children. Clin Exp Immunol (2014) 176(2):246–54. 10.1111/cei.12267",Clin Exp Immunol,2014,24401077,10.1111/cei.12267,other
"Prieto-Hinojosa A, Knight A, Compton C, Gleeson M, Travers PJ. Reduced thymic output in elite athletes. Brain Behav Immun (2014) 39:75–9. 10.1016/j.bbi.2014.01.004",Brain Behav Immun,2014,24434039,10.1016/j.bbi.2014.01.004,other
"Appay V, Sauce D. Naive T cells: the crux of cellular immune aging? Exp Gerontol (2014) 54:90–3. 10.1016/j.exger.2014.01.003",Naive T cells: the crux of cellular immune aging? Exp Gerontol,2014,24440387,10.1016/j.exger.2014.01.003,other
"Bayer C, Remschmidt C, an der Heiden M, Tolksdorf K, Herzhoff M, Kaersten S, et al. Internet-based syndromic monitoring of acute respiratory illness in the general population of Germany, weeks 35/2011 to 34/2012. Euro Surveill (2014) 19(4):1–11. 10.2807/1560-7917.ES2014.19.4.20684",Euro Surveill,2014,24507468,10.2807/1560-7917.es2014.19.4.20684,other
"Garg SK, Delaney C, Shi H, Yung R. Changes in adipose tissue macrophages and T cells during aging. Crit Rev Immunol (2014) 34(1):1–14. 10.1615/CritRevImmunol.2013006833",Crit Rev Immunol,2014,24579699,10.1615/critrevimmunol.2013006833,other
"Cheuk S, Wikén M, Blomqvist L, Nylén S, Talme T, Ståhle M, et al. Epidermal Th22 and Tc17 cells form a localized disease memory in clinically healed psoriasis. J Immunol. (2014) 192:3111–20. doi:  10.4049/jimmunol.1302313. PMID:",J Immunol,2014,24610014,10.4049/jimmunol.1302313,other
"Gulati N, Suarez-Farinas M, Fuentes-Duculan J, Gilleaudeau P, Sullivan-Whalen M, Correa da Rosa J, et al. Molecular characterization of human skin response to diphencyprone at peak and resolution phases: therapeutic insights. J Invest Dermatol (2014) 134(10):2531–40. 10.1038/jid.2014.196",J Invest Dermatol,2014,24751728,10.1038/jid.2014.196,review/editorial/book-like
"Haq K, McElhaney JE. Immunosenescence: influenza vaccination and the elderly. Curr Opin Immunol (2014) 29:38–42. 10.1016/j.coi.2014.03.008",Curr Opin Immunol,2014,24769424,10.1016/j.coi.2014.03.008,other
"Dhabhar FS. Effects of stress on immune function: the good, the bad, and the beautiful. Immunol Res (2014) 58(2–3):193–210. 10.1007/s12026-014-8517-0",Immunol Res,2014,24798553,10.1007/s12026-014-8517-0,other
"Goh J, Ladiges WC. Exercise enhances wound healing and prevents cancer progression during aging by targeting macrophage polarity. Mech Ageing Dev (2014) 139:41–8. 10.1016/j.mad.2014.06.004",Mech Ageing Dev,2014,24932991,10.1016/j.mad.2014.06.004,other
"Aroor AR, DeMarco VG. Oxidative stress and obesity: the chicken or the egg? Diabetes (2014) 63(7):2216–8. 10.2337/db14-0424",Oxidative stress and obesity: the chicken or the egg? Diabetes,2014,24962921,10.2337/db14-0424,other
"Alexis NE, Huang YC, Rappold AG, Kehrl H, Devlin R, Peden DB. Patients with asthma demonstrate airway inflammation after exposure to concentrated ambient particulate matter. Am J Respir Crit Care Med. (2014) 190:235–7. doi:  10.1164/rccm.201401-0126LE, PMID:",Am J Respir Crit Care Med,2014,25025358,10.1164/rccm.201401-0126le,other
Why Sleep Is Important for Health: A Psychoneuroimmunology Perspective,Annual Review of Psychology,2014,25061767,10.1146/annurev-psych-010213-115205,review/editorial/book-like
"Henson SM, Lanna A, Riddell NE, Franzese O, Macaulay R, Griffiths SJ, et al. p38 signaling inhibits mTORC1-independent autophagy in senescent human CD8(+) T cells. J Clin Invest (2014) 124(9):4004–16. 10.1172/JCI75051",J Clin Invest,2014,25083993,10.1172/jci75051,other
"Derman W, Schwellnus M, Jordaan E. Clinical characteristics of 385 illnesses of athletes with impairment reported on the WEB-IISS system during the London 2012 Paralympic Games. PM R (2014) 6(8 Suppl):S23–30. 10.1016/j.pmrj.2014.05.016",PM R,2014,25134749,10.1016/j.pmrj.2014.05.016,other
Inhibitory Phenotype of HBV-Specific CD4+ T-Cells Is Characterized by High PD-1 Expression but Absent Coregulation of Multiple Inhibitory Molecules,PLoS ONE,2014,25144233,10.1371/journal.pone.0105703,other
"Iijima N, Iwasaki A. T cell memory. A local macrophage chemokine network sustains protective tissue-resident memory CD4 T cells. Science. (2014) 346:93–8. doi:  10.1126/science.1257530. PMID:",Science,2014,25170048,10.1126/science.1257530,other
"Kratz M, Coats BR, Hisert KB, Hagman D, Mutskov V, Peris E, et al. Metabolic dysfunction drives a mechanistically distinct proinflammatory phenotype in adipose tissue macrophages. Cell Metab (2014) 20(4):614–25. 10.1016/j.cmet.2014.08.010",Cell Metab,2014,25242226,10.1016/j.cmet.2014.08.010,other
"Laidlaw BJ, Zhang N, Marshall HD, Staron MM, Guan T, Hu Y, et al. CD4+ T cell help guides formation of CD103+ lung-resident memory CD8+ T cells during influenza viral infection. Immunity. (2014) 41:633–45. doi:  10.1016/j.immuni.2014.09.007. PMID:",Immunity,2014,25308332,10.1016/j.immuni.2014.09.007,other
"Bueno V, Sant’Anna OA, Lord JM. Ageing and myeloid-derived suppressor cells: possible involvement in immunosenescence and age-related disease. Age (Dordr) (2014) 36(6):9729. 10.1007/s11357-014-9729-x",Age (Dordr),2014,25399072,10.1007/s11357-014-9729-x,other
"Hawley JA, Hargreaves M, Joyner MJ, Zierath JR. Integrative biology of exercise. Cell. (2014) 159:738–49. doi:  10.1016/j.cell.2014.10.029. PMID:",Cell,2014,25417152,10.1016/j.cell.2014.10.029,other
"Nakai A, Hayano Y, Furuta F, Noda M, Suzuki K. Control of lymphocyte egress from lymph nodes through β2-adrenergic receptors. J Exp Med. (2014) 211:2583–98. doi:  10.1084/jem.20141132. PMID:",J Exp Med,2014,25422496,10.1084/jem.20141132,other
"Martensson S, Nordebo K, Malm C. High training volumes are associated with a low number of self-reported sick days in elite endurance athletes. J Sports Sci Med (2014) 13(4):929–33.",J Sports Sci Med,2014,25435787,,other
"Schenkel JM, Masopust D. Tissue-resident memory T cells. Immunity. (2014) 41:886–97. doi:  10.1016/j.immuni.2014.12.007. PMID:",Immunity,2014,25526304,10.1016/j.immuni.2014.12.007,other
"Aral LA, Pinar L, Göktaş G, Deveden EY, Erdoğan D. Comparison of hippocampal interleukin-6 immunoreactivity after exhaustive exercise in both exercise-trained and untrained rats. Turk J Med Sci. (2014) 44:560–8. doi:  10.3906/sag-1305-23, PMID:",Turk J Med Sci,2014,25551922,10.3906/sag-1305-23,animal/in-vitro-like
"Avaliação do conteúdo de treinamento e sua relação com biomarcadores imunológicos, dano muscular e desempenho físico em jogadores de futebol júnior",,2014,,10.47749/t/unicamp.2014.922428,other
"Gleeson M, Bishop N, Oliveira M, Tauler P. Influence of training load on upper respiratory tract infection incidence and antigen-stimulated cytokine production. Scand J Med Sci Sports (2013) 23(4):451–7. 10.1111/j.1600-0838.2011.01422.x",Scand J Med Sci Sports,2013,22151281,10.1111/j.1600-0838.2011.01422.x,exercise+immune title
"Derhovanessian E, Maier AB, Hahnel K, Zelba H, de Craen AJ, Roelofs H, et al. Lower proportion of naive peripheral CD8+ T cells and an unopposed pro-inflammatory response to human cytomegalovirus proteins in vitro are associated with longer survival in very elderly people. Age (Dordr) (2013) 35(4):1387–99. 10.1007/s11357-012-9425-7",Age (Dordr),2013,22661297,10.1007/s11357-012-9425-7,review/editorial/book-like
"Prevention, Diagnosis, and Treatment of the Overtraining Syndrome",Medicine & Science in Sports & Exercise,2013,23247672,10.1249/mss.0b013e318279a10a,other
"Tchernof A, Despres JP. Pathophysiology of human visceral obesity: an update. Physiol Rev (2013) 93(1):359–404. 10.1152/physrev.00033.2011",Physiol Rev,2013,23303913,10.1152/physrev.00033.2011,other
"Scheiermann C, Kunisaki Y, Frenette PS. Circadian control of the immune system. Nat Rev Immunol (2013) 13(3):190–8. 10.1038/nri3386",Nat Rev Immunol,2013,23391992,10.1038/nri3386,other
"Egan B, Zierath JR. Exercise metabolism and the molecular regulation of skeletal muscle adaptation. Cell Metab. (2013) 17:162–84. doi:  10.1016/j.cmet.2012.12.012. PMID:",Cell Metab,2013,23395166,10.1016/j.cmet.2012.12.012,other
Timing and distribution of protein ingestion during prolonged recovery from resistance exercise alters myofibrillar protein synthesis,The Journal of Physiology,2013,23459753,10.1113/jphysiol.2012.244897,other
Brandtzaeg P. Secretory immunity with special reference to the oral cavity. J Oral Microbiol (2013) 5:1–24. 10.3402/jom.v5i0.20401,J Oral Microbiol,2013,23487566,10.3402/jom.v5i0.20401,other
"Geiger H, de Haan G, Florian MC. The ageing haematopoietic stem cell compartment. Nat Rev Immunol (2013) 13(5):376–89. 10.1038/nri3433",Nat Rev Immunol,2013,23584423,10.1038/nri3433,other
"Masopust D, Schenkel JM. The integration of T cell migration, differentiation and function. Nat Rev Immunol. (2013) 13:309–20. doi:  10.1038/nri3442. PMID:",Nat Rev Immunol,2013,23598650,10.1038/nri3442,other
"Radtke F, MacDonald HR, Tacchini-Cottier F. Regulation of innate and adaptive immunity by Notch. Nat Rev Immunol (2013) 13(6):427–37. 10.1038/nri3445",Nat Rev Immunol,2013,23665520,10.1038/nri3445,other
"Roux A, Mourin G, Larsen M, Fastenackels S, Urrutia A, Gorochov G, et al. Differential impact of age and cytomegalovirus infection on the gammadelta T cell compartment. J Immunol (2013) 191(3):1300–6. 10.4049/jimmunol.1202940",J Immunol,2013,23817410,10.4049/jimmunol.1202940,other
"Eichenberger PA, Diener SN, Kofmehl R, Spengler CM. Effects of exercise training on airway hyperreactivity in asthma: a systematic review and meta-analysis. Sports Med. (2013) 43:1157–70. doi:  10.1007/s40279-013-0077-2. PMID:",Sports Med,2013,23846823,10.1007/s40279-013-0077-2,review/editorial/book-like
"Albers R, Bourdet-Sicard R, Braun D, Calder PC, Herz U, Lambert C, et al. Monitoring immune modulation by nutrition in the general population: identifying and substantiating effects on human health. Br J Nutr (2013) 110(Suppl 2):S1–30. 10.1017/S0007114513001505",Br J Nutr,2013,23902657,10.1017/s0007114513001505,other
"He CS, Handzlik M, Muhamad A, Gleeson M. Influence of CMV/EBV serostatus on respiratory infection incidence during 4 months of winter training in a student cohort of endurance athletes. Eur J Appl Physiol (2013) 113(10):2613–9. 10.1007/s00421-013-2704-x",Eur J Appl Physiol,2013,23922172,10.1007/s00421-013-2704-x,other
"Schmitt V, Rink L, Uciechowski P. The Th17/Treg balance is disturbed during aging. Exp Gerontol (2013) 48(12):1379–86. 10.1016/j.exger.2013.09.003",Exp Gerontol,2013,24055797,10.1016/j.exger.2013.09.003,other
"Fulop T, Larbi A, Pawelec G. Human T cell aging and the impact of persistent viral infections. Front Immunol (2013) 4:271. 10.3389/fimmu.2013.00271",Front Immunol,2013,24062739,10.3389/fimmu.2013.00271,other
"Needleman I, Ashley P, Petrie A, Fortune F, Turner W, Jones J, et al. Oral health and impact on performance of athletes participating in the London 2012 Olympic Games: a cross-sectional study. Br J Sports Med (2013) 47(16):1054–8. 10.1136/bjsports-2013-092891",Br J Sports Med,2013,24068332,10.1136/bjsports-2013-092891,other
"Zhang N, Bevan MJ. Transforming growth factor-β signaling controls the formation and maintenance of gut-resident memory T cells by regulating migration and retention. Immunity. (2013) 39:687–96. doi:  10.1016/j.immuni.2013.08.019. PMID:",Immunity,2013,24076049,10.1016/j.immuni.2013.08.019,other
"Mackay LK, Rahimpour A, Ma JZ, Collins N, Stock AT, Hafon ML, et al. The developmental pathway for CD103+CD8+ tissue-resident memory T cells of skin. Nat Immunol. (2013) 14:1294–301. doi:  10.1038/ni.2744. PMID:",Nat Immunol,2013,24162776,10.1038/ni.2744,other
"Câmara Niels OS, Weng T-P, Huang S-C, Chuang Y-F, Wang J-S. Effects of interval and continuous exercise training on Cd4 lymphocyte apoptotic and autophagic responses to hypoxic stress in sedentary men. PloS One. (2013) 8:e80248. doi:  10.1371/journal.pone.0080248, PMID:",PloS One,2013,24236174,10.1371/journal.pone.0080248,exercise+immune title
"Gross E, Sunwoo JB, Bui JD. Cancer immunosurveillance and immunoediting by natural killer cells. Cancer J (2013) 19(6):483–9. 10.1097/PPO.0000000000000005",Cancer J,2013,24270347,10.1097/ppo.0000000000000005,other
Pawelec G. Immunosenenescence: role of cytomegalovirus. Exp Gerontol (2013) 54:1–5. 10.1016/j.exger.2013.11.010,Exp Gerontol,2013,24291068,10.1016/j.exger.2013.11.010,other
"Xu X, Grijalva A, Skowronski A, van Eijk M, Serlie MJ, Ferrante AW, Jr. Obesity activates a program of lysosomal-dependent lipid metabolism in adipose tissue macrophages independently of classic activation. Cell Metab (2013) 18(6):816–30. 10.1016/j.cmet.2013.11.001",Cell Metab,2013,24315368,10.1016/j.cmet.2013.11.001,other
"Rocha RE, Coelho I, Pequito DC, Yamagushi A, Borghetti G, Yamazaki RK, et al. Interval training attenuates the metabolic disturbances in type 1 diabetes rat model. Arq Bras Endocrinol Metabol. (2013) 57:594–602. doi:  10.1590/s0004-27302013000800003, PMID:",Arq Bras Endocrinol Metabol,2013,24343627,10.1590/s0004-27302013000800003,animal/in-vitro-like
"Bachi AL, Suguri VM, Ramos LR, Mariano M, Vaisberg M, Lopes JD. Increased production of autoantibodies and specific antibodies in response to influenza virus vaccination in physically active older individuals. Results Immunol. (2013) 3:10–6. doi:  10.1016/j.rinim.2013.01.001, PMID:",Results Immunol,2013,24600554,10.1016/j.rinim.2013.01.001,review/editorial/book-like
Interrelations Between Acute and Chronic Exercise Stress and the Immune and Endocrine Systems,Humana Press eBooks,2013,,10.1007/978-1-62703-314-5_15,exercise+immune title
"Gleeson M, Bishop N, Oliveira M, McCauley T, Tauler P, Muhamad AS. Respiratory infection risk in athletes: association with antigen-stimulated IL-10 production and salivary IgA secretion. Scand J Med Sci Sports (2012) 22(3):410–7. 10.1111/j.1600-0838.2010.01272.x",Scand J Med Sci Sports,2012,21385218,10.1111/j.1600-0838.2010.01272.x,exercise+immune title
"van der Weerd K, Dik WA, Schrijver B, Schweitzer DH, Langerak AW, Drexhage HA, et al. Morbidly obese human subjects have increased peripheral blood CD4+ T cells with skewing toward a Treg- and Th2-dominated phenotype. Diabetes (2012) 61(2):401–8. 10.2337/db11-1065",Diabetes,2012,22228716,10.2337/db11-1065,other
"Hoffman MD, Fogard K. Demographic characteristics of 161-km ultramarathon runners. Res Sports Med (2012) 20(1):59–69. 10.1080/15438627.2012.634707",Res Sports Med,2012,22242737,10.1080/15438627.2012.634707,other
"de Araújo CC, Silva JD, Samary CS, Guimarães IH, Marques PS, Oliveira GP, et al. Regular and moderate exercise before experimental sepsis reduces the risk of lung and distal organ injury. J Appl Physiol. (2012) 112:1206–14. doi:  10.1152/japplphysiol.01061.2011, PMID:",J Appl Physiol,2012,22267391,10.1152/japplphysiol.01061.2011,other
Sleep duration and quality in elite athletes measured using wristwatch actigraphy,Journal of Sports Sciences,2012,22329779,10.1080/02640414.2012.660188,other
"Jiang X, Clark RA, Liu L, Wagers AJ, Fuhlbrigge RC, Kupper TS. Skin infection generates non-migratory memory CD8+ TRM cells providing global skin immunity. Nature. (2012) 483:227–31. doi:  10.1038/nature10851. PMID:",Nature,2012,22388819,10.1038/nature10851,other
"Simpson RJ, Lowder TW, Spielmann G, Bigley AB, LaVoy EC, Kunz H. Exercise and the aging immune system. Ageing Res Rev (2012) 11(3):404–20. 10.1016/j.arr.2012.03.003",Ageing Res Rev,2012,22465452,10.1016/j.arr.2012.03.003,exercise+immune title
"Pedersen BK, Febbraio MA. Muscles, exercise and obesity: skeletal muscle as a secretory organ. Nat Rev Endocrinol. (2012) 8:457–65. doi:  10.1038/nrendo.2012.49. PMID:",Nat Rev Endocrinol,2012,22473333,10.1038/nrendo.2012.49,other
"Kanneganti TD, Dixit VD. Immunological complications of obesity. Nat Immunol (2012) 13(8):707–12. 10.1038/ni.2343",Nat Immunol,2012,22814340,10.1038/ni.2343,other
Pawelec G. Hallmarks of human “immunosenescence”: adaptation or dysregulation? Immun Ageing (2012) 9(1):15. 10.1186/1742-4933-9-15,Hallmarks of human “immunosenescence”: adaptation or dysregulation? Immun Ageing,2012,22830639,10.1186/1742-4933-9-15,other
"Alam I, Larbi A, Pawelec G. Nutritional status influences peripheral immune cell phenotypes in healthy men in rural Pakistan. Immun Ageing (2012) 9(1):16. 10.1186/1742-4933-9-16",Immun Ageing,2012,22863368,10.1186/1742-4933-9-16,other
"Scheiermann C, Kunisaki Y, Lucas D, Chow A, Jang JE, Zhang D, et al. Adrenergic nerves govern circadian leukocyte recruitment to tissues. Immunity. (2012) 37:290–301. doi:  10.1016/j.immuni.2012.05.021. PMID:",Immunity,2012,22863835,10.1016/j.immuni.2012.05.021,other
"Schwellnus MP, Derman WE, Jordaan E, Page T, Lambert MI, Readhead C, et al. Elite athletes travelling to international destinations >5 time zone differences from their home country have a 2-3-fold increased risk of illness. Br J Sports Med (2012) 46(11):816–21. 10.1136/bjsports-2012-091395",Br J Sports Med,2012,22875910,10.1136/bjsports-2012-091395,other
"Farnault L, Sanchez C, Baier C, Le Treut T, Costello RT. Hematological Malignancies escape from nk cell innate immune surveillance: mechanisms and therapeutic implications. Clin Dev Immunol. (2012) 2012:1–8. doi:  10.1155/2012/421702, PMID:",Clin Dev Immunol,2012,22899948,10.1155/2012/421702,other
"Santos RVT, Viana VAR, Boscolo RA, Marques VG, Santana MG, Lira FS, et al. Moderate exercise training modulates cytokine profile and sleep in elderly people. Cytokine. (2012) 60:731–5. doi:  10.1016/j.cyto.2012.07.028, PMID:",Cytokine,2012,22917967,10.1016/j.cyto.2012.07.028,exercise+immune title
"Shin H, Iwasaki A. A vaccine strategy that protects against genital herpes by establishing local memory T cells. Nature. (2012) 491:463–7. doi:  10.1038/nature11522. PMID:",Nature,2012,23075848,10.1038/nature11522,other
Applicability of the Reference Interval and Reference Change Value of Hematological and Biochemical Biomarkers to Sport Science,InTech eBooks,2012,,10.5772/27971,other
"Fondell E, Lagerros YT, Sundberg CJ, Lekander M, Balter O, Rothman KJ, et al. Physical activity, stress, and self-reported upper respiratory tract infection. Med Sci Sports Exerc (2011) 43(2):272–9. 10.1249/MSS.0b013e3181edf108",Med Sci Sports Exerc,2011,20581713,10.1249/mss.0b013e3181edf108,other
"Baune BT, Rothermundt M, Ladwig KH, Meisinger C, Berger K. Systemic inflammation (interleukin 6) predicts all-cause mortality in men: results from a 9-year follow-up of the MEMO Study. Age (Dordr) (2011) 33(2):209–17. 10.1007/s11357-010-9165-5",Age (Dordr),2011,20617391,10.1007/s11357-010-9165-5,other
"Walsh NP, Gleeson M, Shephard RJ, Gleeson M, Woods JA, Bishop NC, et al. Position statement. Part one: immune function and exercise. Exerc Immunol Rev (2011) 17:6–63.",Exerc Immunol Rev,2011,21446352,,exercise+immune title
"Walsh NP, Gleeson M, Pyne DB, Nieman DC, Dhabhar FS, Shephard RJ, et al. Position statement. Part two: maintaining immune health. Exerc Immunol Rev (2011) 17:64–103.",Exerc Immunol Rev,2011,21446353,,other
"Munk PS, Breland UM, Aukrust P, Ueland T, Kvaløy JT, Larsen AI. High intensity interval training reduces systemic inflammation in post-pci patients. Eur J Cardiovasc Prev Rehabil. (2011) 18:850–7. doi:  10.1177/1741826710397600, PMID:",Eur J Cardiovasc Prev Rehabil,2011,21450602,10.1177/1741826710397600,exercise+immune title
"Viloria M, Lara-Padilla E, Campos-Rodríguez R, Jarillo-Luna A, Reyna-Garfias H, López-Sánchez P, et al. Effect of moderate exercise on Iga levels and lymphocyte count in mouse intestine. Immunol Invest. (2011) 40:640–56. doi:  10.3109/08820139.2011.575425, PMID:",Immunol Invest,2011,21554181,10.3109/08820139.2011.575425,animal/in-vitro-like
Sleep after Vaccination Boosts Immunological Memory,The Journal of Immunology,2011,21632713,10.4049/jimmunol.1100015,other
"Garber CE, Blissmer B, Deschenes MR, Franklin BA, Lamonte MJ, Lee IM, et al. American college of sports medicine position stand. Quantity and quality of exercise for developing and maintaining cardiorespiratory, musculoskeletal, and neuromotor fitness in apparently healthy adults: guidance for prescribing exercise. Med Sci Sports Exerc. (2011) 43:1334–59. doi:  10.1249/MSS.0b013e318213fefb, PMID:",Med Sci Sports Exerc,2011,21694556,10.1249/mss.0b013e318213fefb,review/editorial/book-like
"Spielmann G, McFarlin BK, O’Connor DP, Smith PJ, Pircher H, Simpson RJ. Aerobic fitness is associated with lower proportions of senescent blood T-cells in man. Brain Behav Immun (2011) 25(8):1521–9. 10.1016/j.bbi.2011.07.226",Brain Behav Immun,2011,21784146,10.1016/j.bbi.2011.07.226,exercise+immune title
"Michishita Y, Hirokawa M, Guo YM, Abe Y, Liu J, Ubukawa K, et al. Age-associated alteration of gammadelta T-cell repertoire and different profiles of activation-induced death of Vdelta1 and Vdelta2 T cells. Int J Hematol (2011) 94(3):230–40. 10.1007/s12185-011-0907-7",Int J Hematol,2011,21858446,10.1007/s12185-011-0907-7,other
"Mace TA, Zhong L, Kilpatrick C, Zynda E, Lee CT, Capitano M, et al. Differentiation of CD8+ T cells into effector cells is enhanced by physiological range hyperthermia. J Leukoc Biol. (2011) 90:951–62. doi:  10.1189/jlb.0511229. PMID:",J Leukoc Biol,2011,21873456,10.1189/jlb.0511229,other
"Giovannini S, Onder G, Liperoti R, Russo A, Carter C, Capoluongo E, et al. Interleukin-6, C-reactive protein, and tumor necrosis factor-alpha as predictors of mortality in frail, community-living elderly individuals. J Am Geriatr Soc (2011) 59(9):1679–85. 10.1111/j.1532-5415.2011.03570.x",J Am Geriatr Soc,2011,21883115,10.1111/j.1532-5415.2011.03570.x,other
"Ferrando-Martinez S, Franco JM, Ruiz-Mateos E, Hernandez A, Ordonez A, Gutierrez E, et al. A reliable and simplified sj/beta-TREC ratio quantification method for human thymic output measurement. J Immunol Methods (2010) 352(1–2):111–7. 10.1016/j.jim.2009.11.007",J Immunol Methods,2010,19919841,10.1016/j.jim.2009.11.007,other
"Dimitrov S, Lange T, Born J. Selective mobilization of cytotoxic leukocytes by epinephrine. J Immunol (2010) 184(1):503–11. 10.4049/jimmunol.0902189",J Immunol,2010,19949113,10.4049/jimmunol.0902189,other
"Norton K, Norton L, Sadgrove D. Position statement on physical activity and exercise intensity terminology. J Sci Med Sport. (2010) 13:496–502. doi:  10.1016/j.jsams.2009.09.008, PMID:",J Sci Med Sport,2010,20005170,10.1016/j.jsams.2009.09.008,other
"Simpson RJ, Guy K. Coupling aging immunity with a sedentary lifestyle: has the damage already been done? – a mini-review. Gerontology (2010) 56(5):449–58. 10.1159/000270905",Gerontology,2010,20029165,10.1159/000270905,review/editorial/book-like
"Burns VE, Gallagher S. Antibody response to vaccination as a marker of in vivo immune function in psychophysiological research. Neurosci Biobehav Rev (2010) 35(1):122–6. 10.1016/j.neubiorev.2010.01.005",Neurosci Biobehav Rev,2010,20083139,10.1016/j.neubiorev.2010.01.005,review/editorial/book-like
"Haugen F, Norheim F, Lian H, Wensaas AJ, Dueland S, Berg O, et al. IL-7 is expressed and secreted by human skeletal muscle cells. Am J Physiol Cell Physiol (2010) 298(4):C807–16. 10.1152/ajpcell.00094.2009",Am J Physiol Cell Physiol,2010,20089933,10.1152/ajpcell.00094.2009,other
"Masopust D, Choo D, Vezys V, Wherry EJ, Duraiswamy J, Akondy R, et al. Dynamic T cell migration program provides resident memory within intestinal epithelium. J Exp Med. (2010) 207:553–64. doi:  10.1084/jem.20090858. PMID:",J Exp Med,2010,20156972,10.1084/jem.20090858,other
"Effects of Post-Exercise Recovery Interventions on Physiological, Psychological, and Performance Parameters",International Journal of Sports Medicine,2010,20180177,10.1055/s-0030-1248242,other
Cytotoxic T Lymphocytes Established by Seasonal Human Influenza Cross-React against 2009 Pandemic H1N1 Influenza Virus,Journal of Virology,2010,20410263,10.1128/jvi.00519-10,other
"Ziegler-Heitbrock L, Ancuta P, Crowe S, Dalod M, Grau V, Hart DN, et al. Nomenclature of monocytes and dendritic cells in blood. Blood (2010) 116(16):e74–80. 10.1182/blood-2010-02-258558",Blood,2010,20628149,10.1182/blood-2010-02-258558,other
"Bjorkstrom NK, Riese P, Heuts F, Andersson S, Fauriat C, Ivarsson MA, et al. Expression patterns of NKG2A, KIR, and CD57 define a process of CD56dim NK-cell differentiation uncoupled from NK-cell education. Blood (2010) 116(19):3853–64. 10.1182/blood-2010-04-281675",Blood,2010,20696944,10.1182/blood-2010-04-281675,other
"Lopez-Verges S, Milush JM, Pandey S, York VA, Arakawa-Hoyt J, Pircher H, et al. CD57 defines a functionally distinct population of mature NK cells in the human CD56dimCD16+ NK-cell subset. Blood (2010) 116(19):3865–74. 10.1182/blood-2010-04-282301",Blood,2010,20733159,10.1182/blood-2010-04-282301,other
"Belotto MF, Magdalon J, Rodrigues HG, Vinolo MA, Curi R, Pithon-Curi TC, et al. Moderate exercise improves leucocyte function and decreases inflammation in diabetes. Clin Exp Immunol. (2010) 162:237–43. doi:  10.1111/j.1365-2249.2010.04240.x, PMID:",Clin Exp Immunol,2010,20846161,10.1111/j.1365-2249.2010.04240.x,exercise+immune title
Carbohydrate Availability and Training Adaptation,Exercise and Sport Sciences Reviews,2010,20871231,10.1097/jes.0b013e3181f44dd9,other
Nutritional modulation of training-induced skeletal muscle adaptations,Journal of Applied Physiology,2010,21030665,10.1152/japplphysiol.00949.2010,other
"Aging, Persistent Viral Infections, and Immunosenescence",Exercise and Sport Sciences Reviews,2010,21088603,10.1097/jes.0b013e318201f39d,other
Sleep loss and inflammation,Best Practice & Research Clinical Endocrinology & Metabolism,2010,21112025,10.1016/j.beem.2010.08.014,other
The Prevalence of Vitamin Supplementation in Ultraendurance Triathletes,International Journal of Sport Nutrition and Exercise Metabolism,2010,21116023,10.1123/ijsnem.20.6.507,other
Sleep Habits and Susceptibility to the Common Cold,Archives of Internal Medicine,2009,19139325,10.1001/archinternmed.2008.505,other
"Siegrist CA, Aspinall R. B-cell responses to vaccination at the extremes of age. Nat Rev Immunol (2009) 9(3):185–94. 10.1038/nri2508",Nat Rev Immunol,2009,19240757,10.1038/nri2508,other
"Poli A, Michel T, Theresine M, Andres E, Hentges F, Zimmer J. CD56bright natural killer (NK) cells: an important NK cell subset. Immunology (2009) 126(4):458–65. 10.1111/j.1365-2567.2008.03027.x",Immunology,2009,19278419,10.1111/j.1365-2567.2008.03027.x,other
"Dimitrov S, Benedict C, Heutling D, Westermann J, Born J, Lange T. Cortisol and epinephrine control opposing circadian rhythms in T cell subsets. Blood (2009) 113(21):5134–43. 10.1182/blood-2008-11-190769",Blood,2009,19293427,10.1182/blood-2008-11-190769,other
"Gebhardt T, Wakim LM, Eidsmo L, Reading PC, Heath WR, Carbone FR. Memory T cells in nonlymphoid tissue that provide enhanced local immunity during infection with herpes simplex virus. Nat Immunol. (2009) 10:524–30. doi:  10.1038/ni.1718. PMID:",Nat Immunol,2009,19305395,10.1038/ni.1718,other
"Nosbaum A, Vocanson M, Rozieres A, Hennino A, Nicolas JF. Allergic and irritant contact dermatitis. Eur J Dermatol (2009) 19(4):325–32. 10.1684/ejd.2009.0686",Eur J Dermatol,2009,19447733,10.1684/ejd.2009.0686,other
"Rochman Y, Spolski R, Leonard WJ. New insights into the regulation of T cells by γc family cytokines. Nat Rev Immunol. (2009) 9:480–90. doi:  10.1038/nri2580. PMID:",Nat Rev Immunol,2009,19543225,10.1038/nri2580,other
"Booth CK, Dwyer DB, Pacque PF, Ball MJ. Measurement of immunoglobulin A in saliva by particle-enhanced nephelometric immunoassay: sample collection, limits of quantitation, precision, stability and reference range. Ann Clin Biochem (2009) 46(Pt 5):401–6. 10.1258/acb.2009.008248",Ann Clin Biochem,2009,19641004,10.1258/acb.2009.008248,other
"Huster KM, Stemberger C, Gasteiger G, Kastenmuller W, Drexler I, Busch DH. Cutting edge: memory CD8 T cell compartment grows in size with immunological experience but nevertheless can lose function. J Immunol (2009) 183(11):6898–902. 10.4049/jimmunol.0902454",J Immunol,2009,19890045,10.4049/jimmunol.0902454,other
Surgical Stress-Induced Immune Cell Redistribution Profiles Predict Short-Term and Long-Term Postsurgical Recovery,Journal of Bone and Joint Surgery,2009,19952239,10.2106/jbjs.h.00989,other
"Woods JA, Keylock KT, Lowder T, Vieira VJ, Zelkovich W, Dumich S, et al. Cardiovascular exercise training extends influenza vaccine seroprotection in sedentary older adults: the immune function intervention trial. J Am Geriatr Soc (2009) 57(12):2183–91. 10.1111/j.1532-5415.2009.02563.x",J Am Geriatr Soc,2009,20121985,10.1111/j.1532-5415.2009.02563.x,exercise+immune title
"Pockley AG, Muthana M, Calderwood SK. The dual immunoregulatory roles of stress proteins. Trends Biochem Sci. (2008) 33:71–9. doi:  10.1016/j.tibs.2007.10.005. PMID:",Trends Biochem Sci,2008,18182297,10.1016/j.tibs.2007.10.005,other
"Radak Z, Chung HY, Goto S. Systemic adaptation to oxidative challenge induced by regular exercise. Free Radic Biol Med (2008) 44(2):153–9. 10.1016/j.freeradbiomed.2007.01.029",Free Radic Biol Med,2008,18191751,10.1016/j.freeradbiomed.2007.01.029,other
"Bourlier V, Zakaroff-Girard A, Miranville A, De Barros S, Maumus M, Sengenes C, et al. Remodeling phenotype of human subcutaneous adipose tissue macrophages. Circulation (2008) 117(6):806–15. 10.1161/CIRCULATIONAHA.107.724096",Circulation,2008,18227385,10.1161/circulationaha.107.724096,other
"Edwards KM, Burns VE, Adkins AE, Carroll D, Drayson M, Ring C. Meningococcal A vaccination response is enhanced by acute stress in men. Psychosom Med (2008) 70(2):147–51. 10.1097/PSY.0b013e318164232e",Psychosom Med,2008,18256346,10.1097/psy.0b013e318164232e,other
"Grant RW, Mariani RA, Vieira VJ, Fleshner M, Smith TP, Keylock KT, et al. Cardiovascular exercise intervention improves the primary antibody response to keyhole limpet hemocyanin (KLH) in previously sedentary older adults. Brain Behav Immun (2008) 22(6):923–32. 10.1016/j.bbi.2008.01.006",Brain Behav Immun,2008,18295445,10.1016/j.bbi.2008.01.006,review/editorial/book-like
Phosphatidylinositol-3-OH kinase and nutrient-sensing mTOR pathways control T lymphocyte trafficking,Nature Immunology,2008,18391955,10.1038/ni.1603,other
"Yang Y, Verkuilen J, Rosengren KS, Mariani RA, Reed M, Grubisich SA, et al. Effects of a traditional Taiji/Qigong curriculum on older adults’ immune response to influenza vaccine. Med Sport Sci (2008) 52:64–76. 10.1159/000134285",Med Sport Sci,2008,18487887,10.1159/000134285,review/editorial/book-like
"Gormley SE, Swain DP, High R, Spina RJ, Dowling EA, Kotipalli US, et al. Effect of intensity of aerobic training on vo2max. Med Sci Sports Exerc. (2008) 40:1336–43. doi:  10.1249/MSS.0b013e31816c4839, PMID:",Med Sci Sports Exerc,2008,18580415,10.1249/mss.0b013e31816c4839,other
"Rogers CJ, Zaharoff DA, Hance KW, Perkins SN, Hursting SD, Schlom J, et al. Exercise enhances vaccine-induced antigen-specific T cell responses. Vaccine. (2008) 26:5407–15. doi:  10.1016/j.vaccine.2008.07.081, PMID:",Vaccine,2008,18706954,10.1016/j.vaccine.2008.07.081,exercise+immune title
"Cox AJ, Gleeson M, Pyne DB, Callister R, Hopkins WG, Fricker PA. Clinical and laboratory evaluation of upper respiratory symptoms in elite athletes. Clin J Sport Med (2008) 18(5):438–45. 10.1097/JSM.0b013e318181e501",Clin J Sport Med,2008,18806552,10.1097/jsm.0b013e318181e501,other
"Pedersen BK, Febbraio MA. Muscle as an endocrine organ: focus on muscle-derived interleukin-6. Physiol Rev. (2008) 88:1379–406. doi:  10.1152/physrev.90100.2007, PMID:",Physiol Rev,2008,18923185,10.1152/physrev.90100.2007,other
Enhancing versus Suppressive Effects of Stress on Immune Function: Implications for Immunoprotection versus Immunopathology,Allergy Asthma and Clinical Immunology,2008,20525121,10.1186/1710-1492-4-1-2,other
Fpga-Based Implementation Of A Real-Time 5000-Word Continuous Speech Recognizer,,2008,,10.5281/zenodo.40804,other
"Edwards KM, Burns VE, Allen LM, McPhee JS, Bosch JA, Carroll D, et al. Eccentric exercise as an adjuvant to influenza vaccination in humans. Brain Behav Immun (2007) 21(2):209–17. 10.1016/j.bbi.2006.04.158",Brain Behav Immun,2007,16824730,10.1016/j.bbi.2006.04.158,other
"Franceschi C, Capri M, Monti D, Giunta S, Olivieri F, Sevini F, et al. Inflammaging and anti-inflammaging: a systemic perspective on aging and longevity emerged from studies in humans. Mech Ageing Dev (2007) 128(1):92–105. 10.1016/j.mad.2006.11.016",Mech Ageing Dev,2007,17116321,10.1016/j.mad.2006.11.016,review/editorial/book-like
"Wang Q, Guo XL, Noel G, Ogle C. Heat shock stress ameliorates cytokine mixture-induced permeability by downregulating the nitric oxide and signal transducer and activator of transcription pathways in caco-2 cells. Shock. (2007) 27:179–85. doi:  10.1097/01.shk.0000238070.66900.0e, PMID:",Shock,2007,17224793,10.1097/01.shk.0000238070.66900.0e,other
"Pedersen BK, Fischer CP. Beneficial health effects of exercise--the role of IL-6 as a myokine. Trends Pharmacol Sci. (2007) 28:152–6. doi:  10.1016/j.tips.2007.02.002. PMID:",Trends Pharmacol Sci,2007,17331593,10.1016/j.tips.2007.02.002,other
"Kim R, Emi M, Tanabe K. Cancer immunoediting from immune surveillance to immune escape. Immunology (2007) 121(1):1–14. 10.1111/j.1365-2567.2007.02587.x",Immunology,2007,17386080,10.1111/j.1365-2567.2007.02587.x,other
"Hill AM, Worthley C, Murphy KJ, Buckley JD, Ferrante A, Howe PRC. N-3 fatty acid supplementation and regular moderate exercise: differential effects of a combined intervention on neutrophil function. Br J Nutr. (2007) 98:300–9. doi:  10.1017/s0007114507707286, PMID:",Br J Nutr,2007,17391558,10.1017/s0007114507707286,exercise+immune title
"Spence L, Brown WJ, Pyne DB, Nissen MD, Sloots TP, McCormack JG, et al. Incidence, etiology, and symptomatology of upper respiratory illness in elite athletes. Med Sci Sports Exerc (2007) 39(4):577–86. 10.1249/mss.0b013e31802e851a",Med Sci Sports Exerc,2007,17414793,10.1249/mss.0b013e31802e851a,other
Brandtzaeg P. Do salivary antibodies reliably reflect both mucosal and systemic immunity? Ann N Y Acad Sci (2007) 1098:288–311. 10.1196/annals.1384.012,Do salivary antibodies reliably reflect both mucosal and systemic immunity? Ann N Y Acad Sci,2007,17435136,10.1196/annals.1384.012,other
"Zeyda M, Farmer D, Todoric J, Aszmann O, Speiser M, Gyori G, et al. Human adipose tissue macrophages are of an anti-inflammatory phenotype but capable of excessive pro-inflammatory mediator production. Int J Obes (Lond) (2007) 31(9):1420–8. 10.1038/sj.ijo.0803632",Int J Obes (Lond),2007,17593905,10.1038/sj.ijo.0803632,other
"Chatzizisis YS, Coskun AU, Jonas M, Edelman ER, Feldman CL, Stone PH. Role of endothelial shear stress in the natural history of coronary atherosclerosis and vascular remodeling: molecular, cellular, and vascular behavior. J Am Coll Cardiol. (2007) 49:2379–93. doi:  10.1016/j.jacc.2007.02.059. PMID:",J Am Coll Cardiol,2007,17599600,10.1016/j.jacc.2007.02.059,other
"Peralbo E, Alonso C, Solana R. Invariant NKT and NKT-like lymphocytes: two different T cell subsets that are differentially affected by ageing. Exp Gerontol (2007) 42(8):703–8. 10.1016/j.exger.2007.05.002",Exp Gerontol,2007,17604928,10.1016/j.exger.2007.05.002,other
Elevated Inflammatory Markers in Response to Prolonged Sleep Restriction Are Associated With Increased Pain Experience in Healthy Volunteers,SLEEP,2007,17910386,10.1093/sleep/30.9.1145,review/editorial/book-like
"Ganusov VV, De Boer RJ. Do most lymphocytes in humans really reside in the gut? Trends Immunol. (2007) 28:514–8. doi:  10.1016/j.it.2007.08.009. PMID:",Do most lymphocytes in humans really reside in the gut? Trends Immunol,2007,17964854,10.1016/j.it.2007.08.009,other
"Calderwood SK, Mambula SS, Gray PJ. Extracellular heat shock proteins in cell signaling and immunity. Ann N Y Acad Sci. (2007) 1113:28–39. doi:  10.1196/annals.1391.019. PMID:",Ann N Y Acad Sci,2007,17978280,10.1196/annals.1391.019,other
"Kruger K, Mooren FC. T cell homing and exercise. Exerc Immunol Rev (2007) 13:37–54.",Exerc Immunol Rev,2007,18198659,,exercise+immune title
Malm C. Susceptibility to infections in elite athletes: the S-curve. Scand J Med Sci Sports (2006) 16(1):4–6. 10.1111/j.1600-0838.2005.00499.x,Scand J Med Sci Sports,2006,16430674,10.1111/j.1600-0838.2005.00499.x,other
"Shiow LR, Rosen DB, Brdicková N, Xu Y, An J, Lanier LL, et al. CD69 acts downstream of interferon-α/β to inhibit S1P1 and lymphocyte egress from lymphoid organs. Nature. (2006) 440:540–7. doi:  10.1038/nature04606. PMID:",Nature,2006,16525420,10.1038/nature04606,other
"Clark RA, Chong B, Mirchandani N, Brinster NK, Yamanaka K, Dowgiert RK, et al. The vast majority of CLA+ T cells are resident in normal skin. J Immunol. (2006) 176:4431–9. doi:  10.4049/jimmunol.176.7.4431. PMID:",J Immunol,2006,16547281,10.4049/jimmunol.176.7.4431,other
"Wikby A, Nilsson BO, Forsey R, Thompson J, Strindhall J, Lofgren S, et al. The immune risk phenotype is associated with IL-6 in the terminal decline stage: findings from the Swedish NONA immune longitudinal study of very late life functioning. Mech Ageing Dev (2006) 127(8):695–704. 10.1016/j.mad.2006.04.003",Mech Ageing Dev,2006,16750842,10.1016/j.mad.2006.04.003,other
"Gibala MJ, Little JP, Van Essen M, Wilkin GP, Burgomaster KA, Safdar A, et al. Short-term sprint interval versus traditional endurance training: similar initial adaptations in human skeletal muscle and exercise performance. J Physiol. (2006) 575:901–11. doi:  10.1113/jphysiol.2006.112094, PMID:",J Physiol,2006,16825308,10.1113/jphysiol.2006.112094,other
"van Leeuwen EM, Koning JJ, Remmerswaal EB, van Baarle D, van Lier RA, ten Berge IJ. Differential usage of cellular niches by cytomegalovirus versus EBV- and influenza virus-specific CD8+ T cells. J Immunol (2006) 177(8):4998–5005. 10.4049/jimmunol.177.8.4998",J Immunol,2006,17015682,10.4049/jimmunol.177.8.4998,other
"Choudhry AJ, Al-Mudaimegh KS, Turkistani AM, Al-Hamdan NA. Hajj-associated acute respiratory infection among hajjis from Riyadh. East Mediterr Health J (2006) 12(3–4):300–9.",East Mediterr Health J,2006,17037698,,other
"Freud AG, Caligiuri MA. Human natural killer cell development. Immunol Rev (2006) 214:56–72. 10.1111/j.1600-065X.2006.00451.x",Immunol Rev,2006,17100876,10.1111/j.1600-065x.2006.00451.x,other
Elevated plasma interleukin-6 levels in trained male triathletes following an acute period of intense interval training,European Journal of Applied Physiology,2006,17165057,10.1007/s00421-006-0354-y,exercise+immune title
"Glaser R, Kiecolt-Glaser JK. Stress-induced immune dysfunction: implications for health. Nat Rev Immunol (2005) 5(3):243–51. 10.1038/nri1571",Nat Rev Immunol,2005,15738954,10.1038/nri1571,other
Mucosal IgA and URTI in American College Football Players: A Year Longitudinal Study,Medicine & Science in Sports & Exercise,2005,15741834,10.1249/01.mss.0000155432.67020.88,other
"Takahashi A, Hanson MG, Norell HR, Havelka AM, Kono K, Malmberg KJ, et al. Preferential cell death of CD8+ effector memory (CCR7-CD45RA-) T cells by hydrogen peroxide-induced oxidative stress. J Immunol (2005) 174(10):6080–7. 10.4049/jimmunol.174.10.6080",J Immunol,2005,15879102,10.4049/jimmunol.174.10.6080,other
"Fry TJ, Mackall CL. The many faces of IL-7: from lymphopoiesis to peripheral T cell maintenance. J Immunol (2005) 174(11):6571–6. 10.4049/jimmunol.174.11.6571",J Immunol,2005,15905493,10.4049/jimmunol.174.11.6571,other
"Pedersen BK, Febbraio M. Muscle-derived interleukin-6–a possible link between skeletal muscle, adipose tissue, liver, and brain. Brain Behav Immun. (2005) 19:371–6. doi:  10.1016/j.bbi.2005.04.008, PMID:",Brain Behav Immun,2005,15935612,10.1016/j.bbi.2005.04.008,other
"Wikby A, Ferguson F, Forsey R, Thompson J, Strindhall J, Lofgren S, et al. An immune risk phenotype, cognitive impairment, and survival in very late life: impact of allostatic load in Swedish octogenarian and nonagenarian humans. J Gerontol A Biol Sci Med Sci (2005) 60(5):556–65. 10.1093/gerona/60.5.556",J Gerontol A Biol Sci Med Sci,2005,15972602,10.1093/gerona/60.5.556,other
"Akbar AN, Fletcher JM. Memory T cell homeostasis and senescence during aging. Curr Opin Immunol (2005) 17(5):480–5. 10.1016/j.coi.2005.07.019",Curr Opin Immunol,2005,16098721,10.1016/j.coi.2005.07.019,other
"Sylwester AW, Mitchell BL, Edgar JB, Taormina C, Pelte C, Ruchti F, et al. Broadly targeted human cytomegalovirus-specific CD4+ and CD8+ T cells dominate the memory compartments of exposed subjects. J Exp Med (2005) 202(5):673–85. 10.1084/jem.20050882",J Exp Med,2005,16147978,10.1084/jem.20050882,other
"Gleeson M, Bishop NC. The T cell and nk cell immune response to exercise. Ann Transplant. (2005) 10:43–8.",Ann Transplant,2005,17037088,,review/editorial/book-like
Effects of low‐intensity physical exercise on acute changes in resting saliva secretory IgA levels in the elderly,Geriatrics and gerontology international/Geriatrics & gerontology international,2005,,10.1111/j.1447-0594.2005.00297.x,exercise+immune title
"Davis JM, Murphy EA, Brown AS, Carmichael MD, Ghaffar A, Mayer EP. Effects of moderate exercise and oat beta-glucan on innate immune function and susceptibility to respiratory infection. Am J Physiol Regul Integr Comp Physiol. (2004) 286:R366–72. doi:  10.1152/ajpregu.00304.2003, PMID:",Am J Physiol Regul Integr Comp Physiol,2004,14551169,10.1152/ajpregu.00304.2003,exercise+immune title
Higher dietary carbohydrate content during intensified running training results in better maintenance of performance and mood state,Journal of Applied Physiology,2004,14660506,10.1152/japplphysiol.00973.2003,other
"Kohut ML, Arntson BA, Lee W, Rozeboom K, Yoon KJ, Cunnick JE, et al. Moderate exercise improves antibody response to influenza immunization in older adults. Vaccine (2004) 22(17–18):2298–306. 10.1016/j.vaccine.2003.11.023",Vaccine,2004,15149789,10.1016/j.vaccine.2003.11.023,review/editorial/book-like
"Cox AJ, Gleeson M, Pyne DB, Saunders PU, Clancy RL, Fricker PA. Valtrex therapy for Epstein-Barr virus reactivation and upper respiratory symptoms in elite runners. Med Sci Sports Exerc (2004) 36(7):1104–10. 10.1249/01.MSS.0000131957.40985.2B",Med Sci Sports Exerc,2004,15235312,10.1249/01.mss.0000131957.40985.2b,other
"Drela N, Kozdron E, Szczypiorski P. Moderate exercise may attenuate some aspects of immunosenescence. BMC Geriatr. (2004) 4:8. doi:  10.1186/1471-2318-4-8, PMID:",BMC Geriatr,2004,15456521,10.1186/1471-2318-4-8,other
"Kohut ML, SenChina DS, Madden KS, Martin AE, Felten DL, Moynihan JA. Age effects on macrophage function vary by tissue site, nature of stimulant, and exercise behavior. Exp Gerontol. (2004) 39:1347–60. doi:  10.1016/j.exger.2004.07.001, PMID:",Exp Gerontol,2004,15489058,10.1016/j.exger.2004.07.001,other
"Colonna-Romano G, Aquino A, Bulati M, Lio D, Candore G, Oddo G, et al. Impairment of gamma/delta T lymphocytes in elderly: implications for immunosenescence. Exp Gerontol (2004) 39(10):1439–46. 10.1016/j.exger.2004.07.005",Exp Gerontol,2004,15501013,10.1016/j.exger.2004.07.005,other
"Kohut ML, Senchina DS. Reversing age-associated immunosenescence via exercise. Exerc Immunol Rev (2004) 10:6–41.",Exerc Immunol Rev,2004,15633584,,other
"Akimoto T, Kumai Y, Akama T, Hayashi E, Murakami H, Soma R, et al. Effects of 12 months of exercise training on salivary secretory Iga levels in elderly subjects. Br J Sports Med. (2003) 37:76–9. doi:  10.1136/bjsm.37.1.76, PMID:",Br J Sports Med,2003,12547749,10.1136/bjsm.37.1.76,exercise+immune title
"Fendrick AM, Monto AS, Nightengale B, Sarnes M. The economic burden of non-influenza-related viral respiratory tract infection in the United States. Arch Intern Med (2003) 163(4):487–94. 10.1001/archinte.163.4.487",Arch Intern Med,2003,12588210,10.1001/archinte.163.4.487,other
"Bruunsgaard H, Ladelund S, Pedersen AN, Schroll M, Jorgensen T, Pedersen BK. Predicting death from tumour necrosis factor-alpha and interleukin-6 in 80-year-old people. Clin Exp Immunol (2003) 132(1):24–31. 10.1046/j.1365-2249.2003.02137.x",Clin Exp Immunol,2003,12653832,10.1046/j.1365-2249.2003.02137.x,other
"Shephard RJ. Adhesion molecules, catecholamines and leucocyte redistribution during and following exercise. Sports Med (2003) 33(4):261–84. 10.2165/00007256-200333040-00002",Sports Med,2003,12688826,10.2165/00007256-200333040-00002,exercise+immune title
"Smith LL. Overtraining, excessive exercise, and altered immunity: is this a T helper-1 versus T helper-2 lymphocyte response? Sports Med. (2003) 33:347–64. doi:  10.2165/00007256-200333050-00002. PMID:","Overtraining, excessive exercise, and altered immunity: is this a T helper-1 versus T helper-2 lymphocyte response? Sports Med",2003,12696983,10.2165/00007256-200333050-00002,exercise+immune title
"Mora JR, Bono MR, Manjunath N, Weninger W, Cavanagh LL, Rosemblatt M, et al. Selective imprinting of gut-homing T cells by Peyer’s patch dendritic cells. Nature. (2003) 424:88–92. doi:  10.1038/nature01726. PMID:",Nature,2003,12840763,10.1038/nature01726,other
"Pedersen BK, Steensberg A, Fischer C, Keller C, Keller P, Plomgaard P, et al. Searching for the exercise factor: is Il-6 a candidate? J Muscle Res Cell Motil. (2003) 24:113–9. doi:  10.1023/a:1026070911202, PMID:",Searching for the exercise factor: is Il-6 a candidate? J Muscle Res Cell Motil,2003,14609022,10.1023/a:1026070911202,other
"Schuler PB, Leblanc PA, Marzilli TS. Effect of physical activity on the production of specific antibody in response to the 1998–99 influenza virus vaccine in older adults. J Sports Med Phys Fitness (2003) 43(3):404.",J Sports Med Phys Fitness,2003,14625524,,review/editorial/book-like
Epstein-Barr virus reactivation and upper-respiratory illness in elite swimmers,Medicine & Science in Sports & Exercise,2002,11880803,10.1097/00005768-200203000-00005,other
"Woods JA, Lowder TW, Keylock KT. Can exercise training improve immune function in the aged? Ann N Y Acad Sci (2002) 959:117–27. 10.1111/j.1749-6632.2002.tb02088.x",Can exercise training improve immune function in the aged? Ann N Y Acad Sci,2002,11976191,10.1111/j.1749-6632.2002.tb02088.x,exercise+immune title
"Khan N, Shariff N, Cobbold M, Bruton R, Ainsworth JA, Sinclair AJ, et al. Cytomegalovirus seropositivity drives the CD8 T cell repertoire toward greater clonality in healthy elderly individuals. J Immunol (2002) 169(4):1984–92. 10.4049/jimmunol.169.4.1984",J Immunol,2002,12165524,10.4049/jimmunol.169.4.1984,other
"Matthews CE, Ockene IS, Freedson PS, Rosal MC, Merriam PA, Hebert JR. Moderate to vigorous physical activity and risk of upper-respiratory tract infection. Med Sci Sports Exerc. (2002) 34:1242–8. doi:  10.1097/00005768-200208000-00003, PMID:",Med Sci Sports Exerc,2002,12165677,10.1097/00005768-200208000-00003,other
"Kohut ML, Cooper MM, Nickolaus MS, Russell DR, Cunnick JE. Exercise and psychosocial factors modulate immunity to influenza vaccine in elderly individuals. J Gerontol A Biol Sci Med Sci (2002) 57(9):M557–62. 10.1093/gerona/57.9.M557",J Gerontol A Biol Sci Med Sci,2002,12196490,10.1093/gerona/57.9.m557,exercise+immune title
"Febbraio MA, Pedersen BK. Muscle-derived interleukin-6: mechanisms for activation and possible biological roles. FASEB J. (2002) 16:1335–47. doi:  10.1096/fj.01-0876rev, PMID:",FASEB J,2002,12205025,10.1096/fj.01-0876rev,other
"Bramley TJ, Lerner D, Sames M. Productivity losses related to the common cold. J Occup Environ Med (2002) 44(9):822–9. 10.1097/00043764-200209000-00004",J Occup Environ Med,2002,12227674,10.1097/00043764-200209000-00004,other
Soluble TNF-α receptor 1 and IL-6 plasma levels in humans subjected to the sleep deprivation model of spaceflight,Journal of Allergy and Clinical Immunology,2001,11150007,10.1067/mai.2001.112270,other
"Pawelec G, Ferguson FG, Wikby A. The SENIEUR protocol after 16 years. Mech Ageing Dev (2001) 122(2):132–4. 10.1016/S0047-6374(00)00240-2",Mech Ageing Dev,2001,11166351,10.1016/s0047-6374(00)00240-2,other
"Mueller YM, De Rosa SC, Hutton JA, Witek J, Roederer M, Altman JD, et al. Increased CD95/Fas-induced apoptosis of HIV-specific CD8(+) T cells. Immunity (2001) 15(6):871–82. 10.1016/S1074-7613(01)00246-1",Immunity,2001,11754810,10.1016/s1074-7613(01)00246-1,other
"Gray DW. An overview of the immune system with specific reference to membrane encapsulation and islet transplantation. Ann N Y Acad Sci. (2001) 944:226–39. doi:  10.1111/j.1749-6632.2001.tb03835.x, PMID:",Ann N Y Acad Sci,2001,11797672,10.1111/j.1749-6632.2001.tb03835.x,review/editorial/book-like
"Kostka T, Berthouze SE, Lacour J, Bonnefoy M. The symptomatology of upper respiratory tract infections and exercise in elderly people. Med Sci Sports Exerc (2000) 32(1):46–51. 10.1097/00005768-200001000-00008",Med Sci Sports Exerc,2000,10647528,10.1097/00005768-200001000-00008,other
"Franceschi C, Bonafe M, Valensin S. Human immunosenescence: the prevailing of innate immunity, the failing of clonotypic immunity, and the filling of immunological space. Vaccine (2000) 18(16):1717–20. 10.1016/S0264-410X(99)00513-7",Vaccine,2000,10689155,10.1016/s0264-410x(99)00513-7,other
Speir E. Cytomegalovirus gene regulation by reactive oxygen species. Agents in atherosclerosis. Ann N Y Acad Sci (2000) 899:363–74. 10.1111/j.1749-6632.2000.tb06200.x,Ann N Y Acad Sci,2000,10863553,10.1111/j.1749-6632.2000.tb06200.x,other
"Prösch S, Wendt CEC, Reinke P, Priemer C, Oppert M, Krüger DH, et al. A novel link between stress and human cytomegalovirus (HCMV) infection: sympathetic hyperactivity stimulates HCMV activation. Virology (2000) 272:357–65. 10.1006/viro.2000.0367",Virology,2000,10873779,10.1006/viro.2000.0367,other
"Pedersen BK, Hoffman-Goetz L. Exercise and the immune system: regulation, integration, and adaptation. Physiol Rev. (2000) 80:1055–81. doi:  10.1152/physrev.2000.80.3.1055. PMID:",Physiol Rev,2000,10893431,10.1152/physrev.2000.80.3.1055,exercise+immune title
"Franceschi C, Bonafe M, Valensin S, Olivieri F, De Luca M, Ottaviani E, et al. Inflamm-aging. An evolutionary perspective on immunosenescence. Ann N Y Acad Sci (2000) 908:244–54. 10.1111/j.1749-6632.2000.tb06651.x",Ann N Y Acad Sci,2000,10911963,10.1111/j.1749-6632.2000.tb06651.x,review/editorial/book-like
"Pedersen BK, Toft AD. Effects of exercise on lymphocytes and cytokines. Br J Sports Med. (2000) 34:246–51. doi:  10.1136/bjsm.34.4.246, PMID:",Br J Sports Med,2000,10953894,10.1136/bjsm.34.4.246,exercise+immune title
"Baik I, Curhan GC, Rimm EB, Bendich A, Willett WC, Fawzi WW. A prospective study of age and lifestyle factors in relation to community-acquired pneumonia in US men and women. Arch Intern Med (2000) 160(20):3082–8. 10.1001/archinte.160.20.3082",Arch Intern Med,2000,11074737,10.1001/archinte.160.20.3082,other
"Malm C, Nyberg P, Engstrom M, Sjodin B, Lenkei R, Ekblom B, et al. Immunological changes in human skeletal muscle and blood after eccentric exercise and multiple biopsies. J Physiol. (2000) 529 Pt 1:243–62. doi:  10.1111/j.1469-7793.2000.00243.x, PMID:",J Physiol,2000,11080266,10.1111/j.1469-7793.2000.00243.x,exercise+immune title
"Leveille SG, Gray S, LaCroix AZ, Ferrucci L, Black DJ, Guralnik JM. Physical inactivity and smoking increase risk for serious infections in older women. J Am Geriatr Soc (2000) 48(12):1582–8. 10.1111/j.1532-5415.2000.tb03867.x",J Am Geriatr Soc,2000,11129746,10.1111/j.1532-5415.2000.tb03867.x,other
"Olsson J, Wikby A, Johansson B, Lofgren S, Nilsson BO, Ferguson FG. Age-related change in peripheral blood T-lymphocyte subpopulations and cytomegalovirus infection in the very old: the Swedish longitudinal OCTO immune study. Mech Ageing Dev (2000) 121(1–3):187–201. 10.1016/S0047-6374(00)00210-4",Mech Ageing Dev,2000,11164473,10.1016/s0047-6374(00)00210-4,other
"Undernutrition, infection and immune function",Nutrition Research Reviews,2000,19087431,10.1079/095442200108728981,other
"Nieman DC, Henson DA, Nehlsen-Cannarella SL, Ekkens M, Utter AC, Butterworth DE, et al. Influence of obesity on immune function. J Am Diet Assoc (1999) 99(3):294–9. 10.1016/S0002-8223(99)00077-2",J Am Diet Assoc,1999,10076580,10.1016/s0002-8223(99)00077-2,other
"Stocchi R, Ward KN, Fanin R, Baccarani M, Apperley JF. Management of human cytomegalovirus infection and disease after allogeneic bone marrow transplantation. Haematologica (1999) 84(1):71–9.",Haematologica,1999,10091394,,other
"Schön MP, Arya A, Murphy EA, Adams CM, Strauch UG, Agace WW, et al. Mucosal T lymphocyte numbers are selectively reduced in integrin αE (CD103)-deficient mice. J Immunol. (1999) 162:6641–9.",J Immunol,1999,10352281,,animal/in-vitro-like
"Sallusto F, Lenig D, Förster R, Lipp M, Lanzavecchia A. Two subsets of memory T lymphocytes with distinct homing potentials and effector functions. Nature. (1999) 401:708–12. doi:  10.1038/35005534. PMID:",Nature,1999,10537110,10.1038/35005534,other
"Gleeson M, McDonald WA, Pyne DB, Cripps AW, Francis JL, Fricker PA, et al. Salivary Iga levels and infection risk in elite swimmers. Med Sci Sports Exerc. (1999) 31:67–73. doi:  10.1097/00005768-199901000-00012, PMID:",Med Sci Sports Exerc,1999,9927012,10.1097/00005768-199901000-00012,exercise+immune title
"Makela MJ, Puhakka T, Ruuskanen O, Leinonen M, Saikku P, Kimpimaki M, et al. Viruses and bacteria in the etiology of the common cold. J Clin Microbiol (1998) 36(2):539–42.",J Clin Microbiol,1998,9466772,,other
"Marcotte H, Lavoie MC. Oral microbial ecology and the role of salivary immunoglobulin A. Microbiol Mol Biol Rev (1998) 62(1):71–109.",Microbiol Mol Biol Rev,1998,9529888,,other
"Wikby A, Maxson P, Olsson J, Johansson B, Ferguson FG. Changes in CD8 and CD4 lymphocyte subsets, T cell proliferation responses and non-survival in the very old: the Swedish longitudinal OCTO-immune study. Mech Ageing Dev (1998) 102(2–3):187–98. 10.1016/S0047-6374(97)00151-6",Mech Ageing Dev,1998,9720651,10.1016/s0047-6374(97)00151-6,other
Shearer GM. Th1/Th2 changes in aging. Mech Ageing Dev (1997) 94(1–3):1–5.,Mech Ageing Dev,1997,9147355,,other
"Hormonal, immunological, and hematological responses to intensified training in elite swimmers",Medicine & Science in Sports & Exercise,1997,9432098,10.1097/00005768-199712000-00014,exercise+immune title
"Bøyum A, Wiik P, Gustavsson E, Veiby OP, Reseland J, Haugen AH, et al. The effect of strenuous exercise, calorie deficiency and sleep deprivation on white blood cells, plasma immunoglobulins and cytokines. Scand J Immunol. (1996) 43:228–35. doi:  10.1046/j.1365-3083.1996.d01-32.x, PMID:",Scand J Immunol,1996,8633203,10.1046/j.1365-3083.1996.d01-32.x,exercise+immune title
"The haematological, biochemical and immunological profile of athletes suffering from the overtraining syndrome",European Journal of Applied Physiology,1995,7556122,10.1007/bf00634379,exercise+immune title
"Wikby A, Johansson B, Ferguson F, Olsson J. Age-related changes in immune parameters in a very old population of Swedish people: a longitudinal study. Exp Gerontol (1994) 29(5):531–41. 10.1016/0531-5565(94)90036-1",Exp Gerontol,1994,7828662,10.1016/0531-5565(94)90036-1,other
"Benschop RJ, Nijkamp FP, Ballieux RE, Heijnen CJ. The effects of beta-adrenoceptor stimulation on adhesion of human natural killer cells to cultured endothelium. Br J Pharmacol (1994) 113(4):1311–6. 10.1111/j.1476-5381.1994.tb17141.x",Br J Pharmacol,1994,7889286,10.1111/j.1476-5381.1994.tb17141.x,other
"Docke WD, Prosch S, Fietze E, Kimel V, Zuckermann H, Klug C, et al. Cytomegalovirus reactivation and tumour necrosis factor. Lancet (1994) 343(8892):268–9. 10.1016/S0140-6736(94)91116-9",Lancet,1994,7905100,10.1016/s0140-6736(94)91116-9,other
"Cepek KL, Shaw SK, Parker CM, Russell GJ, Morrow JS, Rimm DL, et al. Adhesion between epithelial cells and T lymphocytes mediated by E-cadherin and the αEβ7 integrin. Nature. (1994) 372:190–3. doi:  10.1038/372190a0. PMID:",Nature,1994,7969453,10.1038/372190a0,other
"Nehlsen-Cannarella SL, Nieman DC, Balk-Lamberton AJ, Markoff PA, Chritton DB, Gusewitch G, et al. The effects of moderate exercise training on immune response. Med Sci Sports Exerc. (1991) 23:64–70. doi:  10.1249/00005768-199101000-00011",Med Sci Sports Exerc,1991,1997814,10.1249/00005768-199101000-00011,exercise+immune title
"Nieman DC, Nehlsen-Cannarella SL. The effects of acute and chronic exercise of immunoglobulins. Sports Med. (1991) 11:183–201. doi:  10.2165/00007256-199111030-00003, PMID:",Sports Med,1991,2047622,10.2165/00007256-199111030-00003,other
"Nieman DC, Johanssen LM, Lee JW, Arabatzis K. Infectious episodes in runners before and after the Los Angeles Marathon. J Sports Med Phys Fitness (1990) 30(3):316–28.",J Sports Med Phys Fitness,1990,2266764,,other
"Deslauriers N, Oudghiri M, Seguin J, Trudel L. The oral immune system: dynamics of salivary immunoglobulin production in the inbred mouse. Immunol Invest (1986) 15(4):339–49. 10.3109/08820138609052953",Immunol Invest,1986,3093375,10.3109/08820138609052953,animal/in-vitro-like
"Smith TP, Kennedy SL, Fleshner M. Influence of age and physical activity on the primary in vivo antibody and T cell-mediated responses in men. J Appl Physiol (1985) (2004) 97(2):491–8. 10.1152/japplphysiol.01404.2003",J Appl Physiol,1985,15247195,10.1152/japplphysiol.01404.2003,exercise+immune title
Gleeson M. Immune function in sport and exercise. J Appl Physiol (1985) (2007) 103(2):693–9. 10.1152/japplphysiol.00008.2007,J Appl Physiol,1985,17303714,10.1152/japplphysiol.00008.2007,exercise+immune title
"Peake JM, Neubauer O, Walsh NP, Simpson RJ. Recovery of the immune system after exercise. J Appl Physiol (1985) (2017) 122(5):1077–87. 10.1152/japplphysiol.00622.2016",J Appl Physiol,1985,27909225,10.1152/japplphysiol.00622.2016,exercise+immune title
"Peters EM, Bateman ED. Ultramarathon running and upper respiratory tract infections. An epidemiological survey. S Afr Med J (1983) 64(15):582–4.",S Afr Med J,1983,6623247,,other
"Cupps TR, Fauci AS. Corticosteroid-mediated immunoregulation in man. Immunol Rev. (1982) 65:133–55. doi:  10.1111/j.1600-065x.1982.tb00431.x. PMID:",Immunol Rev,1982,6214495,10.1111/j.1600-065x.1982.tb00431.x,other
