pmid,doi,title,year,journal,source_reviews,directions,resolved_via,in_pool
10069269,10.1080/026404199366226,"Walsh NP, Blannin AK, Clark AM, Cook L, Robson PJ, Gleeson M. The effects of high-intensity intermittent exercise on saliva IgA, total protein and alpha-amylase. J Sports Sci (1999) 17(2):129–34. 10.1080/026404199366226",1999,J Sports Sci,Campbell_Turner_2018,backward,pubmed_efetch_referencelist,yes
10076580,10.1016/s0002-8223(99)00077-2,"Nieman DC, Henson DA, Nehlsen-Cannarella SL, Ekkens M, Utter AC, Butterworth DE, et al. Influence of obesity on immune function. J Am Diet Assoc (1999) 99(3):294–9. 10.1016/S0002-8223(99)00077-2",1999,J Am Diet Assoc,Campbell_Turner_2018,backward,pubmed_efetch_referencelist,no_new
10091394,,"Stocchi R, Ward KN, Fanin R, Baccarani M, Apperley JF. Management of human cytomegalovirus infection and disease after allogeneic bone marrow transplantation. Haematologica (1999) 84(1):71–9.",1999,Haematologica,Campbell_Turner_2018,backward,pubmed_efetch_referencelist,no_new
10190775,10.1055/s-2007-971106,"Effects of Exercise Intensity, Duration and Recovery onin vitroNeutrophil Function in Male Athletes",1999,International Journal of Sports Medicine,Peake_2017;Shi_2025,backward,crossref_reference_list+openalex_doi_lookup;pubmed_efetch_referencelist,yes
10352281,,"Schön MP, Arya A, Murphy EA, Adams CM, Strauch UG, Agace WW, et al. Mucosal T lymphocyte numbers are selectively reduced in integrin αE (CD103)-deficient mice. J Immunol. (1999) 162:6641–9.",1999,J Immunol,Xie_2026,backward,pubmed_efetch_referencelist,no_new
10378910,10.1097/00005768-199906000-00011,"Ceddia MA, Price EA, Kohlmeier CK, Evans JK, Lu Q, McAuley E, et al. Differential leukocytosis and lymphocyte mitogenic response to acute maximal exercise in the young and old. Med Sci Sports Exerc (1999) 31(6):829–36. 10.1097/00005768-199906000-00011",1999,Med Sci Sports Exerc,Campbell_Turner_2018,backward,pubmed_efetch_referencelist,yes
10517764,10.1152/jappl.1999.87.4.1360,"Endurance exercise causes interaction among stress hormones, cytokines, neutrophil dynamics, and muscle damage",1999,Journal of Applied Physiology,Peake_2017,backward,crossref_reference_list+openalex_doi_lookup,yes
10537110,10.1038/35005534,"Sallusto F, Lenig D, Förster R, Lipp M, Lanzavecchia A. Two subsets of memory T lymphocytes with distinct homing potentials and effector functions. Nature. (1999) 401:708–12. doi:  10.1038/35005534. PMID:",1999,Nature,Xie_2026,backward,pubmed_efetch_referencelist,no_new
10541441,10.2165/00007256-199928030-00003,"Shephard RJ, Shek PN. Effects of exercise and training on natural killer cell counts and cytolytic activity: a meta-analysis. Sports Med (1999) 28(3):177–95. 10.2165/00007256-199928030-00003",1999,Sports Med,Campbell_Turner_2018;Shi_2025,backward,pubmed_efetch_referencelist,yes
10638381,10.1007/s004210050034,"Nehlsen-Cannarella SL, Nieman DC, Fagoaga OR, Kelln WJ, Henson DA, Shannon M, et al. Saliva immunoglobulins in elite women rowers. Eur J Appl Physiol (2000) 81(3):222–8. 10.1007/s004210050034",2000,Eur J Appl Physiol,Campbell_Turner_2018,backward,pubmed_efetch_referencelist,yes
10647528,10.1097/00005768-200001000-00008,"Kostka T, Berthouze SE, Lacour J, Bonnefoy M. The symptomatology of upper respiratory tract infections and exercise in elderly people. Med Sci Sports Exerc (2000) 32(1):46–51. 10.1097/00005768-200001000-00008",2000,Med Sci Sports Exerc,Campbell_Turner_2018,backward,pubmed_efetch_referencelist,no_new
10689155,10.1016/s0264-410x(99)00513-7,"Franceschi C, Bonafe M, Valensin S. Human immunosenescence: the prevailing of innate immunity, the failing of clonotypic immunity, and the filling of immunological space. Vaccine (2000) 18(16):1717–20. 10.1016/S0264-410X(99)00513-7",2000,Vaccine,Campbell_Turner_2018,backward,pubmed_efetch_referencelist,no_new
10756131,10.1053/rvsc.1999.0349,"Raidal SL, Love DN, Bailey GD, Rose RJ. Effect of single bouts of moderate and high intensity exercise and training on equine peripheral blood neutrophil function. Res Vet Sci. (2000) 68:141–6. doi:  10.1053/rvsc.1999.0349, PMID:",2000,Res Vet Sci,Shi_2025,backward,pubmed_efetch_referencelist,yes
10863553,10.1111/j.1749-6632.2000.tb06200.x,Speir E. Cytomegalovirus gene regulation by reactive oxygen species. Agents in atherosclerosis. Ann N Y Acad Sci (2000) 899:363–74. 10.1111/j.1749-6632.2000.tb06200.x,2000,Ann N Y Acad Sci,Campbell_Turner_2018,backward,pubmed_efetch_referencelist,no_new
10873779,10.1006/viro.2000.0367,"Prösch S, Wendt CEC, Reinke P, Priemer C, Oppert M, Krüger DH, et al. A novel link between stress and human cytomegalovirus (HCMV) infection: sympathetic hyperactivity stimulates HCMV activation. Virology (2000) 272:357–65. 10.1006/viro.2000.0367",2000,Virology,Campbell_Turner_2018,backward,pubmed_efetch_referencelist,no_new
10893431,10.1152/physrev.2000.80.3.1055,"Pedersen BK, Hoffman-Goetz L. Exercise and the immune system: regulation, integration, and adaptation. Physiol Rev. (2000) 80:1055–81. doi:  10.1152/physrev.2000.80.3.1055. PMID:",2000,Physiol Rev,Xie_2026,backward,pubmed_efetch_referencelist,yes
10910297,10.1097/00005768-200007001-00005,Nieman DC. Is infection risk linked to exercise workload? Med Sci Sports Exerc. (2000) 32:S406–411. doi:  10.1097/00005768-200007001-00005. PMID:,2000,Is infection risk linked to exercise workload? Med Sci Sports Exerc,Xie_2026,backward,pubmed_efetch_referencelist,yes
10911963,10.1111/j.1749-6632.2000.tb06651.x,"Franceschi C, Bonafe M, Valensin S, Olivieri F, De Luca M, Ottaviani E, et al. Inflamm-aging. An evolutionary perspective on immunosenescence. Ann N Y Acad Sci (2000) 908:244–54. 10.1111/j.1749-6632.2000.tb06651.x",2000,Ann N Y Acad Sci,Campbell_Turner_2018,backward,pubmed_efetch_referencelist,no_new
10953894,10.1136/bjsm.34.4.246,"Pedersen BK, Toft AD. Effects of exercise on lymphocytes and cytokines. Br J Sports Med. (2000) 34:246–51. doi:  10.1136/bjsm.34.4.246, PMID:",2000,Br J Sports Med,Shi_2025,backward,pubmed_efetch_referencelist,yes
11046195,,"Kapasi ZF, Catlin PA, Joyner DR, Lewis ML, Schwartz AL, Townsend EL. The effects of intense physical exercise on secondary antibody response in young and old mice. Phys Ther (2000) 80(11):1076–86.",2000,Phys Ther,Campbell_Turner_2018,backward,pubmed_efetch_referencelist,yes
11050537,10.1046/j.1440-1711.2000.00956.x,"Gleeson M, Pyne DB. Special feature for the Olympics: effects of exercise on the immune system: exercise effects on mucosal immunity. Immunol Cell Biol. (2000) 78:536–44. doi:  10.1046/j.1440-1711.2000.00956.x. PMID:",2000,Immunol Cell Biol,Xie_2026,backward,pubmed_efetch_referencelist,yes
11060137,10.1111/j.1469-7793.2000.t01-1-00647.x,"Effect of prolonged, submaximal exercise and carbohydrate ingestion on monocyte intracellular cytokine production in humans",2000,The Journal of Physiology,Peake_2017,backward,crossref_reference_list+openalex_doi_lookup,yes
11074737,10.1001/archinte.160.20.3082,"Baik I, Curhan GC, Rimm EB, Bendich A, Willett WC, Fawzi WW. A prospective study of age and lifestyle factors in relation to community-acquired pneumonia in US men and women. Arch Intern Med (2000) 160(20):3082–8. 10.1001/archinte.160.20.3082",2000,Arch Intern Med,Campbell_Turner_2018,backward,pubmed_efetch_referencelist,no_new
11080266,10.1111/j.1469-7793.2000.00243.x,"Malm C, Nyberg P, Engstrom M, Sjodin B, Lenkei R, Ekblom B, et al. Immunological changes in human skeletal muscle and blood after eccentric exercise and multiple biopsies. J Physiol. (2000) 529 Pt 1:243–62. doi:  10.1111/j.1469-7793.2000.00243.x, PMID:",2000,J Physiol,Shi_2025,backward,pubmed_efetch_referencelist,no_new
11129746,10.1111/j.1532-5415.2000.tb03867.x,"Leveille SG, Gray S, LaCroix AZ, Ferrucci L, Black DJ, Guralnik JM. Physical inactivity and smoking increase risk for serious infections in older women. J Am Geriatr Soc (2000) 48(12):1582–8. 10.1111/j.1532-5415.2000.tb03867.x",2000,J Am Geriatr Soc,Campbell_Turner_2018,backward,pubmed_efetch_referencelist,no_new
11150007,10.1067/mai.2001.112270,Soluble TNF-α receptor 1 and IL-6 plasma levels in humans subjected to the sleep deprivation model of spaceflight,2001,Journal of Allergy and Clinical Immunology,Peake_2017,backward,crossref_reference_list+openalex_doi_lookup,no_new
11164473,10.1016/s0047-6374(00)00210-4,"Olsson J, Wikby A, Johansson B, Lofgren S, Nilsson BO, Ferguson FG. Age-related change in peripheral blood T-lymphocyte subpopulations and cytomegalovirus infection in the very old: the Swedish longitudinal OCTO immune study. Mech Ageing Dev (2000) 121(1–3):187–201. 10.1016/S0047-6374(00)00210-4",2000,Mech Ageing Dev,Campbell_Turner_2018,backward,pubmed_efetch_referencelist,no_new
11166351,10.1016/s0047-6374(00)00240-2,"Pawelec G, Ferguson FG, Wikby A. The SENIEUR protocol after 16 years. Mech Ageing Dev (2001) 122(2):132–4. 10.1016/S0047-6374(00)00240-2",2001,Mech Ageing Dev,Campbell_Turner_2018,backward,pubmed_efetch_referencelist,no_new
11281616,10.1055/s-2001-11347,"Reid MR, Drummond PD, Mackinnon LT. The effect of moderate aerobic exercise and relaxation on secretory immunoglobulin A. Int J Sports Med (2001) 22(2):132–7. 10.1055/s-2001-11347",2001,Int J Sports Med,Campbell_Turner_2018,backward,pubmed_efetch_referencelist,yes
11303145,10.1097/00062752-200105000-00002,"Pedersen BK, Steensberg A, Schjerling P. Exercise and interleukin-6. Curr Opin Hematol. (2001) 8:137–41. doi:  10.1097/00062752-200105000-00002, PMID:",2001,Curr Opin Hematol,Shi_2025,backward,pubmed_efetch_referencelist,yes
11374121,10.1007/s004210000365,"Active recovery and post-exercise white blood cell count, free fatty acids, and hormones in endurance athletes",2001,European Journal of Applied Physiology,Peake_2017,backward,crossref_reference_list+openalex_doi_lookup,yes
11389929,10.1016/s0047-6374(01)00255-x,"Kohut ML, Boehm GW, Moynihan JA. Moderate exercise is associated with enhanced antigen-specific cytokine, but not igm antibody production in aged mice. Mech Ageing Dev. (2001) 122:1135–50. doi:  10.1016/s0047-6374(01)00255-x, PMID:",2001,Mech Ageing Dev,Shi_2025,backward,pubmed_efetch_referencelist,yes
11408460,10.1152/jappl.2001.91.1.425,Leukocyte counts and lymphocyte responsiveness associated with repeated bouts of strenuous endurance exercise,2001,Journal of Applied Physiology,Peake_2017,backward,crossref_reference_list+openalex_doi_lookup,yes
11546660,10.1152/ajpcell.2001.281.4.c1233,"Starkie RL, Rolland J, Febbraio MA. Effect of adrenergic blockade on lymphocyte cytokine production at rest and during exercise. Am J Physiol Cell Physiol (2001) 281(4):C1233–40. 10.1152/ajpcell.2001.281.4.C1233",2001,Am J Physiol Cell Physiol,Campbell_Turner_2018;Shi_2025,backward,pubmed_efetch_referencelist,yes
11568154,10.1152/jappl.2001.91.4.1708,Strenuous exercise decreases the percentage of type 1 T cells in the circulation,2001,Journal of Applied Physiology,Peake_2017,backward,crossref_reference_list+openalex_doi_lookup,yes
11731593,10.1111/j.1469-7793.2001.00633.x,Interleukin‐6 production in contracting human skeletal muscle is influenced by pre‐exercise muscle glycogen content,2001,The Journal of Physiology,Peake_2017,backward,crossref_reference_list+openalex_doi_lookup,yes
11754810,10.1016/s1074-7613(01)00246-1,"Mueller YM, De Rosa SC, Hutton JA, Witek J, Roederer M, Altman JD, et al. Increased CD95/Fas-induced apoptosis of HIV-specific CD8(+) T cells. Immunity (2001) 15(6):871–82. 10.1016/S1074-7613(01)00246-1",2001,Immunity,Campbell_Turner_2018,backward,pubmed_efetch_referencelist,no_new
11774070,10.1055/s-2002-19375,"Nieman DC, Henson DA, Fagoaga OR, Utter AC, Vinci DM, Davis JM, et al. Change in salivary IgA following a competitive marathon race. Int J Sports Med (2002) 23(1):69–75. 10.1055/s-2002-19375",2002,Int J Sports Med,Campbell_Turner_2018,backward,pubmed_efetch_referencelist,yes
11797672,10.1111/j.1749-6632.2001.tb03835.x,"Gray DW. An overview of the immune system with specific reference to membrane encapsulation and islet transplantation. Ann N Y Acad Sci. (2001) 944:226–39. doi:  10.1111/j.1749-6632.2001.tb03835.x, PMID:",2001,Ann N Y Acad Sci,Shi_2025,backward,pubmed_efetch_referencelist,no_new
11880803,10.1097/00005768-200203000-00005,Epstein-Barr virus reactivation and upper-respiratory illness in elite swimmers,2002,Medicine & Science in Sports & Exercise,Campbell_Turner_2018;Peake_2017,backward,crossref_reference_list+openalex_doi_lookup;pubmed_efetch_referencelist,yes
11915783,10.1123/ijsnem.11.4.490,Pre-Exercise Carbohydrate Status and Immune Responses to Prolonged Cycling: I. Effect on Neutrophil Degranulation,2001,International Journal of Sport Nutrition and Exercise Metabolism,Peake_2017,backward,crossref_reference_list+openalex_doi_lookup,yes
11915784,10.1123/ijsnem.11.4.503,Pre-Exercise Carbohydrate Status and Immune Responses to Prolonged Cycling: II. Effect on Plasma Cytokine Concentration,2001,International Journal of Sport Nutrition and Exercise Metabolism,Peake_2017,backward,crossref_reference_list+openalex_doi_lookup,yes
11976191,10.1111/j.1749-6632.2002.tb02088.x,"Woods JA, Lowder TW, Keylock KT. Can exercise training improve immune function in the aged? Ann N Y Acad Sci (2002) 959:117–27. 10.1111/j.1749-6632.2002.tb02088.x",2002,Can exercise training improve immune function in the aged? Ann N Y Acad Sci,Campbell_Turner_2018,backward,pubmed_efetch_referencelist,no_new
12015372,10.1152/japplphysiol.01263.2001,Enhanced plasma IL-6 and IL-1ra responses to repeated vs. single bouts of prolonged cycling in elite athletes,2002,Journal of Applied Physiology,Peake_2017,backward,crossref_reference_list+openalex_doi_lookup,yes
12070198,10.1152/japplphysiol.01262.2001,Lymphocyte apoptosis after exhaustive and moderate exercise,2002,Journal of Applied Physiology,Campbell_Turner_2018;Peake_2017,backward,crossref_reference_list+openalex_doi_lookup;pubmed_efetch_referencelist,yes
12165524,10.4049/jimmunol.169.4.1984,"Khan N, Shariff N, Cobbold M, Bruton R, Ainsworth JA, Sinclair AJ, et al. Cytomegalovirus seropositivity drives the CD8 T cell repertoire toward greater clonality in healthy elderly individuals. J Immunol (2002) 169(4):1984–92. 10.4049/jimmunol.169.4.1984",2002,J Immunol,Campbell_Turner_2018,backward,pubmed_efetch_referencelist,no_new
12165677,10.1097/00005768-200208000-00003,"Matthews CE, Ockene IS, Freedson PS, Rosal MC, Merriam PA, Hebert JR. Moderate to vigorous physical activity and risk of upper-respiratory tract infection. Med Sci Sports Exerc. (2002) 34:1242–8. doi:  10.1097/00005768-200208000-00003, PMID:",2002,Med Sci Sports Exerc,Shi_2025,backward,pubmed_efetch_referencelist,no_new
12196490,10.1093/gerona/57.9.m557,"Kohut ML, Cooper MM, Nickolaus MS, Russell DR, Cunnick JE. Exercise and psychosocial factors modulate immunity to influenza vaccine in elderly individuals. J Gerontol A Biol Sci Med Sci (2002) 57(9):M557–62. 10.1093/gerona/57.9.M557",2002,J Gerontol A Biol Sci Med Sci,Campbell_Turner_2018,backward,pubmed_efetch_referencelist,no_new
12205025,10.1096/fj.01-0876rev,"Febbraio MA, Pedersen BK. Muscle-derived interleukin-6: mechanisms for activation and possible biological roles. FASEB J. (2002) 16:1335–47. doi:  10.1096/fj.01-0876rev, PMID:",2002,FASEB J,Shi_2025,backward,pubmed_efetch_referencelist,no_new
12227674,10.1097/00043764-200209000-00004,"Bramley TJ, Lerner D, Sames M. Productivity losses related to the common cold. J Occup Environ Med (2002) 44(9):822–9. 10.1097/00043764-200209000-00004",2002,J Occup Environ Med,Campbell_Turner_2018,backward,pubmed_efetch_referencelist,no_new
12388066,10.1152/ajpcell.00242.2002,Recovery time affects immunoendocrine responses to a second bout of endurance exercise,2002,American Journal of Physiology-Cell Physiology,Peake_2017,backward,crossref_reference_list+openalex_doi_lookup,yes
12436267,10.1007/s00421-002-0705-2,Chemiluminescence response of granulocytes from elite athletes during recovery from one or two intense bouts of exercise,2002,European Journal of Applied Physiology,Peake_2017,backward,crossref_reference_list+openalex_doi_lookup,yes
12533503,10.1152/japplphysiol.01130.2002,Carbohydrate ingestion influences skeletal muscle cytokine mRNA and plasma cytokine levels after a 3-h run,2003,Journal of Applied Physiology,Peake_2017,backward,crossref_reference_list+openalex_doi_lookup,yes
12547749,10.1136/bjsm.37.1.76,"Akimoto T, Kumai Y, Akama T, Hayashi E, Murakami H, Soma R, et al. Effects of 12 months of exercise training on salivary secretory Iga levels in elderly subjects. Br J Sports Med. (2003) 37:76–9. doi:  10.1136/bjsm.37.1.76, PMID:",2003,Br J Sports Med,Shi_2025,backward,pubmed_efetch_referencelist,no_new
12569227,10.1249/01.mss.0000048861.57899.04,Impact of a Competitive Marathon Race on Systemic Cytokine and Neutrophil Responses,2003,Medicine & Science in Sports & Exercise,Peake_2017;Shi_2025,backward,crossref_reference_list+openalex_doi_lookup;pubmed_efetch_referencelist,yes
12588210,10.1001/archinte.163.4.487,"Fendrick AM, Monto AS, Nightengale B, Sarnes M. The economic burden of non-influenza-related viral respiratory tract infection in the United States. Arch Intern Med (2003) 163(4):487–94. 10.1001/archinte.163.4.487",2003,Arch Intern Med,Campbell_Turner_2018,backward,pubmed_efetch_referencelist,no_new
12627313,10.1007/s00421-002-0756-4,"Palmer FM, Nieman DC, Henson DA, McAnulty SR, McAnulty L, Swick NS, et al. Influence of vitamin C supplementation on oxidative and salivary IgA changes following an ultramarathon. Eur J Appl Physiol (2003) 89(1):100–7. 10.1007/s00421-002-0756-4",2003,Eur J Appl Physiol,Campbell_Turner_2018,backward,pubmed_efetch_referencelist,yes
12653832,10.1046/j.1365-2249.2003.02137.x,"Bruunsgaard H, Ladelund S, Pedersen AN, Schroll M, Jorgensen T, Pedersen BK. Predicting death from tumour necrosis factor-alpha and interleukin-6 in 80-year-old people. Clin Exp Immunol (2003) 132(1):24–31. 10.1046/j.1365-2249.2003.02137.x",2003,Clin Exp Immunol,Campbell_Turner_2018,backward,pubmed_efetch_referencelist,no_new
12688826,10.2165/00007256-200333040-00002,"Shephard RJ. Adhesion molecules, catecholamines and leucocyte redistribution during and following exercise. Sports Med (2003) 33(4):261–84. 10.2165/00007256-200333040-00002",2003,Sports Med,Campbell_Turner_2018,backward,pubmed_efetch_referencelist,yes
12696983,10.2165/00007256-200333050-00002,"Smith LL. Overtraining, excessive exercise, and altered immunity: is this a T helper-1 versus T helper-2 lymphocyte response? Sports Med. (2003) 33:347–64. doi:  10.2165/00007256-200333050-00002. PMID:",2003,"Overtraining, excessive exercise, and altered immunity: is this a T helper-1 versus T helper-2 lymphocyte response? Sports Med",Xie_2026,backward,pubmed_efetch_referencelist,yes
12750597,10.1249/01.mss.0000064964.80040.e9,Immunological Responses to Overreaching in Cyclists,2003,Medicine & Science in Sports & Exercise,Peake_2017,backward,crossref_reference_list+openalex_doi_lookup,no_new
12840633,10.1249/01.mss.0000074463.36752.87,Repeated Endurance Exercise Affects Leukocyte Number but Not NK Cell Activity,2003,Medicine & Science in Sports & Exercise,Peake_2017,backward,crossref_reference_list+openalex_doi_lookup,yes
12840763,10.1038/nature01726,"Mora JR, Bono MR, Manjunath N, Weninger W, Cavanagh LL, Rosemblatt M, et al. Selective imprinting of gut-homing T cells by Peyer’s patch dendritic cells. Nature. (2003) 424:88–92. doi:  10.1038/nature01726. PMID:",2003,Nature,Xie_2026,backward,pubmed_efetch_referencelist,no_new
12955865,10.1139/h03-027,"Fu SC, Qin L, Leung CK, Chan BP, Chan KM. Regular moderate exercise training prevents decrease of Cd4+ T-lymphocytes induced by a single bout of strenuous exercise in mice. Can J Appl Physiol. (2003) 28:370–81. doi:  10.1139/h03-027, PMID:",2003,Can J Appl Physiol,Shi_2025,backward,pubmed_efetch_referencelist,yes
12968214,10.1055/s-2003-42018,"Nieman DC, Dumke CI, Henson DA, McAnulty SR, McAnulty LS, Lind RH, et al. Immune and oxidative changes during and following the western states endurance run. Int J Sports Med (2003) 24(7):541–7. 10.1055/s-2003-42018",2003,Int J Sports Med,Campbell_Turner_2018,backward,pubmed_efetch_referencelist,yes
1422653,10.1136/bjsm.26.3.167,Potential markers of heavy training in highly trained distance runners.,1992,British Journal of Sports Medicine,Peake_2017,backward,crossref_reference_list+openalex_doi_lookup,yes
1428375,10.1055/s-2007-1021297,"Shinkai S, Shore S, Shek PN, Shephard RJ. Acute exercise and immune function. Relationship between lymphocyte activity and changes in subset counts. Int J Sports Med (1992) 13(6):452–61. 10.1055/s-2007-1021297",1992,Int J Sports Med,Campbell_Turner_2018,backward,pubmed_efetch_referencelist,yes
14551169,10.1152/ajpregu.00304.2003,"Davis JM, Murphy EA, Brown AS, Carmichael MD, Ghaffar A, Mayer EP. Effects of moderate exercise and oat beta-glucan on innate immune function and susceptibility to respiratory infection. Am J Physiol Regul Integr Comp Physiol. (2004) 286:R366–72. doi:  10.1152/ajpregu.00304.2003, PMID:",2004,Am J Physiol Regul Integr Comp Physiol,Shi_2025,backward,pubmed_efetch_referencelist,no_new
14609022,10.1023/a:1026070911202,"Pedersen BK, Steensberg A, Fischer C, Keller C, Keller P, Plomgaard P, et al. Searching for the exercise factor: is Il-6 a candidate? J Muscle Res Cell Motil. (2003) 24:113–9. doi:  10.1023/a:1026070911202, PMID:",2003,Searching for the exercise factor: is Il-6 a candidate? J Muscle Res Cell Motil,Shi_2025,backward,pubmed_efetch_referencelist,no_new
14625524,,"Schuler PB, Leblanc PA, Marzilli TS. Effect of physical activity on the production of specific antibody in response to the 1998–99 influenza virus vaccine in older adults. J Sports Med Phys Fitness (2003) 43(3):404.",2003,J Sports Med Phys Fitness,Campbell_Turner_2018,backward,pubmed_efetch_referencelist,no_new
14660506,10.1152/japplphysiol.00973.2003,Higher dietary carbohydrate content during intensified running training results in better maintenance of performance and mood state,2004,Journal of Applied Physiology,Peake_2017,backward,crossref_reference_list+openalex_doi_lookup,no_new
14766942,10.1113/jphysiol.2003.056598,"Malm C, Sjödin TL, Sjöberg B, Lenkei R, Renström P, Lundberg IE, et al. Leukocytes, cytokines, growth factors and hormones in human skeletal muscle and blood after uphill or downhill running. J Physiol. (2004) 556:983–1000. doi:  10.1113/jphysiol.2003.056598, PMID:",2004,J Physiol,Shi_2025,backward,pubmed_efetch_referencelist,yes
14967868,10.1123/ijsnem.13.4.436,"Effect of Pre-exercise Carbohydrate Ingestion on Plasma Cytokine, Stress Hormone, and Neutrophil Degranulation Responses to Continuous, High-Intensity Exercise",2003,International Journal of Sport Nutrition and Exercise Metabolism,Peake_2017,backward,crossref_reference_list+openalex_doi_lookup,yes
15142524,10.1016/s1074-7613(04)00103-7,"
Klonowski KD, Williams KJ, Marzo AL, Blair DA, Lingenheld EG, Lefrançois L. 
Dynamics of blood-borne CD8 memory T cell migration ",,,Xie_2026,backward,pubmed_efetch_referencelist,no_new
15149789,10.1016/j.vaccine.2003.11.023,"Kohut ML, Arntson BA, Lee W, Rozeboom K, Yoon KJ, Cunnick JE, et al. Moderate exercise improves antibody response to influenza immunization in older adults. Vaccine (2004) 22(17–18):2298–306. 10.1016/j.vaccine.2003.11.023",2004,Vaccine,Campbell_Turner_2018,backward,pubmed_efetch_referencelist,no_new
15235312,10.1249/01.mss.0000131957.40985.2b,"Cox AJ, Gleeson M, Pyne DB, Saunders PU, Clancy RL, Fricker PA. Valtrex therapy for Epstein-Barr virus reactivation and upper respiratory symptoms in elite runners. Med Sci Sports Exerc (2004) 36(7):1104–10. 10.1249/01.MSS.0000131957.40985.2B",2004,Med Sci Sports Exerc,Campbell_Turner_2018,backward,pubmed_efetch_referencelist,no_new
15247195,10.1152/japplphysiol.01404.2003,"Smith TP, Kennedy SL, Fleshner M. Influence of age and physical activity on the primary in vivo antibody and T cell-mediated responses in men. J Appl Physiol (1985) (2004) 97(2):491–8. 10.1152/japplphysiol.01404.2003",1985,J Appl Physiol,Campbell_Turner_2018,backward,pubmed_efetch_referencelist,no_new
15273179,10.1136/bjsm.2002.004309,Effect of incorporating low intensity exercise into the recovery period after a rugby match,2004,British Journal of Sports Medicine,Peake_2017,backward,crossref_reference_list+openalex_doi_lookup,yes
15292740,10.1249/01.mss.0000135778.57355.ca,Vitamin E and Immunity after the Kona Triathlon World Championship,2004,Medicine & Science in Sports & Exercise,Peake_2017,backward,crossref_reference_list+openalex_doi_lookup,no_new
15322070,10.1152/japplphysiol.00754.2004,Effect of prolonged exercise and carbohydrate ingestion on type 1 and type 2 T lymphocyte distribution and intracellular cytokine production in humans,2004,Journal of Applied Physiology,Campbell_Turner_2018;Peake_2017;Shi_2025,backward,crossref_reference_list+openalex_doi_lookup;pubmed_efetch_referencelist,yes
15354026,10.1249/01.mss.0000139897.34521.e9,"Mooren FC, Lechtermann A, Volker K. Exercise-induced apoptosis of lymphocytes depends on training status. Med Sci Sports Exerc (2004) 36(9):1476–83. 10.1249/01.MSS.0000139897.34521.E9",2004,Med Sci Sports Exerc,Campbell_Turner_2018,backward,pubmed_efetch_referencelist,yes
15456521,10.1186/1471-2318-4-8,"Drela N, Kozdron E, Szczypiorski P. Moderate exercise may attenuate some aspects of immunosenescence. BMC Geriatr. (2004) 4:8. doi:  10.1186/1471-2318-4-8, PMID:",2004,BMC Geriatr,Shi_2025,backward,pubmed_efetch_referencelist,no_new
15489058,10.1016/j.exger.2004.07.001,"Kohut ML, SenChina DS, Madden KS, Martin AE, Felten DL, Moynihan JA. Age effects on macrophage function vary by tissue site, nature of stimulant, and exercise behavior. Exp Gerontol. (2004) 39:1347–60. doi:  10.1016/j.exger.2004.07.001, PMID:",2004,Exp Gerontol,Shi_2025,backward,pubmed_efetch_referencelist,no_new
15501013,10.1016/j.exger.2004.07.005,"Colonna-Romano G, Aquino A, Bulati M, Lio D, Candore G, Oddo G, et al. Impairment of gamma/delta T lymphocytes in elderly: implications for immunosenescence. Exp Gerontol (2004) 39(10):1439–46. 10.1016/j.exger.2004.07.005",2004,Exp Gerontol,Campbell_Turner_2018,backward,pubmed_efetch_referencelist,no_new
15633584,,"Kohut ML, Senchina DS. Reversing age-associated immunosenescence via exercise. Exerc Immunol Rev (2004) 10:6–41.",2004,Exerc Immunol Rev,Campbell_Turner_2018,backward,pubmed_efetch_referencelist,no_new
15633589,,"Lancaster GI, Halson SL, Khan Q, Drysdale P, Wallace F, Jeukendrup AE, et al. Effects of acute exhaustive exercise and chronic exercise training on type 1 and type 2 T lymphocytes. Exerc Immunol Rev. (2004) 10:91–106., PMID:",2004,Exerc Immunol Rev,Shi_2025,backward,pubmed_efetch_referencelist,yes
15673097,10.1123/ijsnem.14.5.501,"The Effect of Single and Repeated Bouts of Prolonged Cycling on Leukocyte Redistribution, Neutrophil Degranulation, IL-6, and Plasma Stress Hormone Responses",2004,International Journal of Sport Nutrition and Exercise Metabolism,Peake_2017,backward,crossref_reference_list+openalex_doi_lookup,yes
15738954,10.1038/nri1571,"Glaser R, Kiecolt-Glaser JK. Stress-induced immune dysfunction: implications for health. Nat Rev Immunol (2005) 5(3):243–51. 10.1038/nri1571",2005,Nat Rev Immunol,Campbell_Turner_2018,backward,pubmed_efetch_referencelist,no_new
15741834,10.1249/01.mss.0000155432.67020.88,Mucosal IgA and URTI in American College Football Players: A Year Longitudinal Study,2005,Medicine & Science in Sports & Exercise,Peake_2017;Shi_2025,backward,crossref_reference_list+openalex_doi_lookup;pubmed_efetch_referencelist,no_new
15801495,10.1080/02640410410001716733,"The effect of single and repeated bouts of prolonged cycling and circadian variation on saliva flow rate, immunoglobulin A and α-amylase responses",2004,Journal of Sports Sciences,Campbell_Turner_2018;Peake_2017,backward,crossref_reference_list+openalex_doi_lookup;pubmed_efetch_referencelist,yes
15879102,10.4049/jimmunol.174.10.6080,"Takahashi A, Hanson MG, Norell HR, Havelka AM, Kono K, Malmberg KJ, et al. Preferential cell death of CD8+ effector memory (CCR7-CD45RA-) T cells by hydrogen peroxide-induced oxidative stress. J Immunol (2005) 174(10):6080–7. 10.4049/jimmunol.174.10.6080",2005,J Immunol,Campbell_Turner_2018,backward,pubmed_efetch_referencelist,no_new
15905493,10.4049/jimmunol.174.11.6571,"Fry TJ, Mackall CL. The many faces of IL-7: from lymphopoiesis to peripheral T cell maintenance. J Immunol (2005) 174(11):6571–6. 10.4049/jimmunol.174.11.6571",2005,J Immunol,Campbell_Turner_2018,backward,pubmed_efetch_referencelist,no_new
15920102,10.1152/japplphysiol.00038.2005,Lymphocyte responses to influenza and tetanus toxoid in vitro following intensive exercise and carbohydrate ingestion on consecutive days,2005,Journal of Applied Physiology,Peake_2017,backward,crossref_reference_list+openalex_doi_lookup,yes
15922557,10.1016/j.bbi.2005.04.002,"Lowder T, Padgett DA, Woods JA. Moderate exercise protects mice from death due to influenza virus. Brain Behav Immun (2005) 19(5):377–80. 10.1016/j.bbi.2005.04.002",2005,Brain Behav Immun,Campbell_Turner_2018,backward,pubmed_efetch_referencelist,yes
15935612,10.1016/j.bbi.2005.04.008,"Pedersen BK, Febbraio M. Muscle-derived interleukin-6–a possible link between skeletal muscle, adipose tissue, liver, and brain. Brain Behav Immun. (2005) 19:371–6. doi:  10.1016/j.bbi.2005.04.008, PMID:",2005,Brain Behav Immun,Shi_2025,backward,pubmed_efetch_referencelist,no_new
15935613,10.1016/j.bbi.2005.04.006,"Kohut ML, Martin AE, SenChina DS, Lee W. Glucocorticoids produced during exercise may be necessary for optimal virus-induced Il-2 and cell proliferation whereas both catecholamines and glucocorticoids may be required for adequate immune defense to viral infection. Brain Behav Immun. (2005) 19:423–35. doi:  10.1016/j.bbi.2005.04.006, PMID:",2005,Brain Behav Immun,Shi_2025,backward,pubmed_efetch_referencelist,yes
15944076,10.1016/j.bbi.2004.12.002,"Kohut ML, Lee W, Martin A, Arnston B, Russell DW, Ekkekakis P, et al. The exercise-induced enhancement of influenza immunity is mediated in part by improvements in psychosocial factors in older adults. Brain Behav Immun (2005) 19(4):357–66. 10.1016/j.bbi.2004.12.002",2005,Brain Behav Immun,Campbell_Turner_2018,backward,pubmed_efetch_referencelist,yes
15972602,10.1093/gerona/60.5.556,"Wikby A, Ferguson F, Forsey R, Thompson J, Strindhall J, Lofgren S, et al. An immune risk phenotype, cognitive impairment, and survival in very late life: impact of allostatic load in Swedish octogenarian and nonagenarian humans. J Gerontol A Biol Sci Med Sci (2005) 60(5):556–65. 10.1093/gerona/60.5.556",2005,J Gerontol A Biol Sci Med Sci,Campbell_Turner_2018,backward,pubmed_efetch_referencelist,no_new
16061150,10.1016/j.bbi.2005.03.005,"Starkie RL, Hargreaves M, Rolland J, Febbraio MA. Heat stress, cytokines, and the immune response to exercise. Brain Behav Immun. (2005) 19:404–12. doi:  10.1016/j.bbi.2005.03.005, PMID:",2005,Brain Behav Immun,Shi_2025,backward,pubmed_efetch_referencelist,yes
16098721,10.1016/j.coi.2005.07.019,"Akbar AN, Fletcher JM. Memory T cell homeostasis and senescence during aging. Curr Opin Immunol (2005) 17(5):480–5. 10.1016/j.coi.2005.07.019",2005,Curr Opin Immunol,Campbell_Turner_2018,backward,pubmed_efetch_referencelist,no_new
16102936,10.1016/j.bbi.2005.07.001,"Edwards KM, Burns VE, Reynolds T, Carroll D, Drayson M, Ring C. Acute stress exposure prior to influenza vaccination enhances antibody response in women. Brain Behav Immun (2006) 20(2):159–68. 10.1016/j.bbi.2005.07.001",2006,Brain Behav Immun,Campbell_Turner_2018,backward,pubmed_efetch_referencelist,yes
16147978,10.1084/jem.20050882,"Sylwester AW, Mitchell BL, Edgar JB, Taormina C, Pelte C, Ruchti F, et al. Broadly targeted human cytomegalovirus-specific CD4+ and CD8+ T cells dominate the memory compartments of exposed subjects. J Exp Med (2005) 202(5):673–85. 10.1084/jem.20050882",2005,J Exp Med,Campbell_Turner_2018,backward,pubmed_efetch_referencelist,no_new
16195021,10.1080/02640410400022151,The effects of carbohydrate supplementation during repeated bouts of prolonged exercise on saliva flow rate and immunoglobulin A,2005,Journal of Sports Sciences,Peake_2017,backward,crossref_reference_list+openalex_doi_lookup,yes
16195883,10.1007/s00421-005-0024-5,The effects of carbohydrate supplementation during the second of two prolonged cycling bouts on immunoendocrine responses,2005,European Journal of Applied Physiology,Peake_2017,backward,crossref_reference_list+openalex_doi_lookup,yes
16430674,10.1111/j.1600-0838.2005.00499.x,Malm C. Susceptibility to infections in elite athletes: the S-curve. Scand J Med Sci Sports (2006) 16(1):4–6. 10.1111/j.1600-0838.2005.00499.x,2006,Scand J Med Sci Sports,Campbell_Turner_2018,backward,pubmed_efetch_referencelist,no_new
16506060,10.1007/s00421-006-0146-4,"The effects of intensive, moderate and downhill treadmill running on human blood lymphocytes expressing the adhesion/activation molecules CD54 (ICAM-1), CD18 (β2 integrin) and CD53",2006,European Journal of Applied Physiology,Peake_2017,backward,crossref_reference_list+openalex_doi_lookup,yes
16525420,10.1038/nature04606,"Shiow LR, Rosen DB, Brdicková N, Xu Y, An J, Lanier LL, et al. CD69 acts downstream of interferon-α/β to inhibit S1P1 and lymphocyte egress from lymphoid organs. Nature. (2006) 440:540–7. doi:  10.1038/nature04606. PMID:",2006,Nature,Xie_2026,backward,pubmed_efetch_referencelist,no_new
16547281,10.4049/jimmunol.176.7.4431,"Clark RA, Chong B, Mirchandani N, Brinster NK, Yamanaka K, Dowgiert RK, et al. The vast majority of CLA+ T cells are resident in normal skin. J Immunol. (2006) 176:4431–9. doi:  10.4049/jimmunol.176.7.4431. PMID:",2006,J Immunol,Xie_2026,backward,pubmed_efetch_referencelist,no_new
16586343,10.1055/s-2006-923777,"Sari-Sarraf V, Reilly T, Doran DA. Salivary IgA response to intermittent and continuous exercise. Int J Sports Med (2006) 27(11):849–55. 10.1055/s-2006-923777",2006,Int J Sports Med,Campbell_Turner_2018,backward,pubmed_efetch_referencelist,yes
16672838,10.1249/01.mss.0000218125.21509.cc,"Brown AS, Davis JM, Murphy EA, Carmichael MD, Carson JA, Ghaffar A, et al. Gender differences in macrophage antiviral function following exercise stress. Med Sci Sports Exerc. (2006) 38:859–63. doi:  10.1249/01.mss.0000218125.21509.cc, PMID:",2006,Med Sci Sports Exerc,Shi_2025,backward,pubmed_efetch_referencelist,yes
16750842,10.1016/j.mad.2006.04.003,"Wikby A, Nilsson BO, Forsey R, Thompson J, Strindhall J, Lofgren S, et al. The immune risk phenotype is associated with IL-6 in the terminal decline stage: findings from the Swedish NONA immune longitudinal study of very late life functioning. Mech Ageing Dev (2006) 127(8):695–704. 10.1016/j.mad.2006.04.003",2006,Mech Ageing Dev,Campbell_Turner_2018,backward,pubmed_efetch_referencelist,no_new
16824730,10.1016/j.bbi.2006.04.158,"Edwards KM, Burns VE, Allen LM, McPhee JS, Bosch JA, Carroll D, et al. Eccentric exercise as an adjuvant to influenza vaccination in humans. Brain Behav Immun (2007) 21(2):209–17. 10.1016/j.bbi.2006.04.158",2007,Brain Behav Immun,Campbell_Turner_2018;Xie_2026,backward,pubmed_efetch_referencelist,no_new
16825308,10.1113/jphysiol.2006.112094,"Gibala MJ, Little JP, Van Essen M, Wilkin GP, Burgomaster KA, Safdar A, et al. Short-term sprint interval versus traditional endurance training: similar initial adaptations in human skeletal muscle and exercise performance. J Physiol. (2006) 575:901–11. doi:  10.1113/jphysiol.2006.112094, PMID:",2006,J Physiol,Shi_2025,backward,pubmed_efetch_referencelist,no_new
16826027,10.1249/01.mss.0000227315.93351.8d,Increased Inflammatory Response of Blood Cells to Repeated Bout of Endurance Exercise,2006,Medicine & Science in Sports & Exercise,Peake_2017,backward,crossref_reference_list+openalex_doi_lookup,yes
17015682,10.4049/jimmunol.177.8.4998,"van Leeuwen EM, Koning JJ, Remmerswaal EB, van Baarle D, van Lier RA, ten Berge IJ. Differential usage of cellular niches by cytomegalovirus versus EBV- and influenza virus-specific CD8+ T cells. J Immunol (2006) 177(8):4998–5005. 10.4049/jimmunol.177.8.4998",2006,J Immunol,Campbell_Turner_2018,backward,pubmed_efetch_referencelist,no_new
17037088,,"Gleeson M, Bishop NC. The T cell and nk cell immune response to exercise. Ann Transplant. (2005) 10:43–8.",2005,Ann Transplant,Shi_2025,backward,pubmed_efetch_referencelist,yes
17037698,,"Choudhry AJ, Al-Mudaimegh KS, Turkistani AM, Al-Hamdan NA. Hajj-associated acute respiratory infection among hajjis from Riyadh. East Mediterr Health J (2006) 12(3–4):300–9.",2006,East Mediterr Health J,Campbell_Turner_2018,backward,pubmed_efetch_referencelist,no_new
17100876,10.1111/j.1600-065x.2006.00451.x,"Freud AG, Caligiuri MA. Human natural killer cell development. Immunol Rev (2006) 214:56–72. 10.1111/j.1600-065X.2006.00451.x",2006,Immunol Rev,Campbell_Turner_2018,backward,pubmed_efetch_referencelist,no_new
17116321,10.1016/j.mad.2006.11.016,"Franceschi C, Capri M, Monti D, Giunta S, Olivieri F, Sevini F, et al. Inflammaging and anti-inflammaging: a systemic perspective on aging and longevity emerged from studies in humans. Mech Ageing Dev (2007) 128(1):92–105. 10.1016/j.mad.2006.11.016",2007,Mech Ageing Dev,Campbell_Turner_2018,backward,pubmed_efetch_referencelist,no_new
17165057,10.1007/s00421-006-0354-y,Elevated plasma interleukin-6 levels in trained male triathletes following an acute period of intense interval training,2006,European Journal of Applied Physiology,Peake_2017,backward,crossref_reference_list+openalex_doi_lookup,no_new
17201075,,"Lowder T, Padgett DA, Woods JA. Moderate exercise early after influenza virus infection reduces the th1 inflammatory response in lungs of mice. Exerc Immunol Rev. (2006) 12:97–111., PMID:",2006,Exerc Immunol Rev,Shi_2025,backward,pubmed_efetch_referencelist,yes
17224793,10.1097/01.shk.0000238070.66900.0e,"Wang Q, Guo XL, Noel G, Ogle C. Heat shock stress ameliorates cytokine mixture-induced permeability by downregulating the nitric oxide and signal transducer and activator of transcription pathways in caco-2 cells. Shock. (2007) 27:179–85. doi:  10.1097/01.shk.0000238070.66900.0e, PMID:",2007,Shock,Shi_2025,backward,pubmed_efetch_referencelist,no_new
17303714,10.1152/japplphysiol.00008.2007,Gleeson M. Immune function in sport and exercise. J Appl Physiol (1985) (2007) 103(2):693–9. 10.1152/japplphysiol.00008.2007,1985,J Appl Physiol,Campbell_Turner_2018;Shi_2025,backward,pubmed_efetch_referencelist,yes
17331593,10.1016/j.tips.2007.02.002,"Pedersen BK, Fischer CP. Beneficial health effects of exercise--the role of IL-6 as a myokine. Trends Pharmacol Sci. (2007) 28:152–6. doi:  10.1016/j.tips.2007.02.002. PMID:",2007,Trends Pharmacol Sci,Xie_2026,backward,pubmed_efetch_referencelist,no_new
17379755,10.1152/japplphysiol.00007.2007,"Simpson RJ, Florida-James GD, Cosgrove C, Whyte GP, Macrae S, Pircher H, et al. High-intensity exercise elicits the mobilization of senescent T lymphocytes into the peripheral blood compartment in human subjects. J Appl Physiol (1985) (2007) 103(1):396–401. 10.1152/japplphysiol.00007.2007",1985,J Appl Physiol,Campbell_Turner_2018,backward,pubmed_efetch_referencelist,yes
17386080,10.1111/j.1365-2567.2007.02587.x,"Kim R, Emi M, Tanabe K. Cancer immunoediting from immune surveillance to immune escape. Immunology (2007) 121(1):1–14. 10.1111/j.1365-2567.2007.02587.x",2007,Immunology,Campbell_Turner_2018,backward,pubmed_efetch_referencelist,no_new
17391558,10.1017/s0007114507707286,"Hill AM, Worthley C, Murphy KJ, Buckley JD, Ferrante A, Howe PRC. N-3 fatty acid supplementation and regular moderate exercise: differential effects of a combined intervention on neutrophil function. Br J Nutr. (2007) 98:300–9. doi:  10.1017/s0007114507707286, PMID:",2007,Br J Nutr,Shi_2025,backward,pubmed_efetch_referencelist,no_new
17414793,10.1249/mss.0b013e31802e851a,"Spence L, Brown WJ, Pyne DB, Nissen MD, Sloots TP, McCormack JG, et al. Incidence, etiology, and symptomatology of upper respiratory illness in elite athletes. Med Sci Sports Exerc (2007) 39(4):577–86. 10.1249/mss.0b013e31802e851a",2007,Med Sci Sports Exerc,Campbell_Turner_2018,backward,pubmed_efetch_referencelist,no_new
17435136,10.1196/annals.1384.012,Brandtzaeg P. Do salivary antibodies reliably reflect both mucosal and systemic immunity? Ann N Y Acad Sci (2007) 1098:288–311. 10.1196/annals.1384.012,2007,Do salivary antibodies reliably reflect both mucosal and systemic immunity? Ann N Y Acad Sci,Campbell_Turner_2018,backward,pubmed_efetch_referencelist,no_new
17593905,10.1038/sj.ijo.0803632,"Zeyda M, Farmer D, Todoric J, Aszmann O, Speiser M, Gyori G, et al. Human adipose tissue macrophages are of an anti-inflammatory phenotype but capable of excessive pro-inflammatory mediator production. Int J Obes (Lond) (2007) 31(9):1420–8. 10.1038/sj.ijo.0803632",2007,Int J Obes (Lond),Campbell_Turner_2018,backward,pubmed_efetch_referencelist,no_new
17599600,10.1016/j.jacc.2007.02.059,"Chatzizisis YS, Coskun AU, Jonas M, Edelman ER, Feldman CL, Stone PH. Role of endothelial shear stress in the natural history of coronary atherosclerosis and vascular remodeling: molecular, cellular, and vascular behavior. J Am Coll Cardiol. (2007) 49:2379–93. doi:  10.1016/j.jacc.2007.02.059. PMID:",2007,J Am Coll Cardiol,Xie_2026,backward,pubmed_efetch_referencelist,no_new
17604928,10.1016/j.exger.2007.05.002,"Peralbo E, Alonso C, Solana R. Invariant NKT and NKT-like lymphocytes: two different T cell subsets that are differentially affected by ageing. Exp Gerontol (2007) 42(8):703–8. 10.1016/j.exger.2007.05.002",2007,Exp Gerontol,Campbell_Turner_2018,backward,pubmed_efetch_referencelist,no_new
17717114,10.1152/japplphysiol.00707.2007,Quercetin's influence on exercise-induced changes in plasma cytokines and muscle and leukocyte cytokine mRNA,2007,Journal of Applied Physiology,Peake_2017,backward,crossref_reference_list+openalex_doi_lookup,yes
17805089,10.1249/mss.0b013e318076b566,Quercetin Reduces Illness but Not Immune Perturbations after Intensive Exercise,2007,Medicine & Science in Sports & Exercise,Peake_2017,backward,crossref_reference_list+openalex_doi_lookup,yes
17910386,10.1093/sleep/30.9.1145,Elevated Inflammatory Markers in Response to Prolonged Sleep Restriction Are Associated With Increased Pain Experience in Healthy Volunteers,2007,SLEEP,Peake_2017,backward,crossref_reference_list+openalex_doi_lookup,no_new
17910910,10.1016/j.bbi.2007.08.008,Exercise-induced redistribution of T lymphocytes is regulated by adrenergic mechanisms,2007,Brain Behavior and Immunity,Campbell_Turner_2018;Peake_2017;Xie_2026,backward,crossref_reference_list+openalex_doi_lookup;pubmed_efetch_referencelist,yes
17964854,10.1016/j.it.2007.08.009,"Ganusov VV, De Boer RJ. Do most lymphocytes in humans really reside in the gut? Trends Immunol. (2007) 28:514–8. doi:  10.1016/j.it.2007.08.009. PMID:",2007,Do most lymphocytes in humans really reside in the gut? Trends Immunol,Xie_2026,backward,pubmed_efetch_referencelist,no_new
17978280,10.1196/annals.1391.019,"Calderwood SK, Mambula SS, Gray PJ. Extracellular heat shock proteins in cell signaling and immunity. Ann N Y Acad Sci. (2007) 1113:28–39. doi:  10.1196/annals.1391.019. PMID:",2007,Ann N Y Acad Sci,Xie_2026,backward,pubmed_efetch_referencelist,no_new
17987505,10.1080/15438620701405339,Apoptosis Does not Contribute to the Blood Lymphocytopenia Observed After Intensive and Downhill Treadmill Running in Humans,2007,Research in Sports Medicine,Campbell_Turner_2018;Peake_2017,backward,crossref_reference_list+openalex_doi_lookup;pubmed_efetch_referencelist,yes
18059606,10.1139/h07-054,"Nielsen AR, Pedersen BK. The biological roles of exercise-induced cytokines: IL-6, IL-8, and IL-15. Appl Physiol Nutr Metab. (2007) 32:833–9. doi:  10.1139/h07-054. PMID:",2007,Appl Physiol Nutr Metab,Xie_2026,backward,pubmed_efetch_referencelist,yes
18164586,10.1016/j.bbi.2007.11.002,"Simpson RJ, Cosgrove C, Ingram LA, Florida-James GD, Whyte GP, Pircher H, et al. Senescent T-lymphocytes are mobilised into the peripheral blood compartment in young and older humans after exhaustive exercise. Brain Behav Immun (2008) 22(4):544–51. 10.1016/j.bbi.2007.11.002",2008,Brain Behav Immun,Campbell_Turner_2018,backward,pubmed_efetch_referencelist,yes
18182297,10.1016/j.tibs.2007.10.005,"Pockley AG, Muthana M, Calderwood SK. The dual immunoregulatory roles of stress proteins. Trends Biochem Sci. (2008) 33:71–9. doi:  10.1016/j.tibs.2007.10.005. PMID:",2008,Trends Biochem Sci,Xie_2026,backward,pubmed_efetch_referencelist,no_new
18191751,10.1016/j.freeradbiomed.2007.01.029,"Radak Z, Chung HY, Goto S. Systemic adaptation to oxidative challenge induced by regular exercise. Free Radic Biol Med (2008) 44(2):153–9. 10.1016/j.freeradbiomed.2007.01.029",2008,Free Radic Biol Med,Campbell_Turner_2018,backward,pubmed_efetch_referencelist,no_new
18198659,,"Kruger K, Mooren FC. T cell homing and exercise. Exerc Immunol Rev (2007) 13:37–54.",2007,Exerc Immunol Rev,Campbell_Turner_2018,backward,pubmed_efetch_referencelist,no_new
18198660,,"Shimizu K, Kimura F, Akimoto T, Akama T, Otsuki T, Nishijima T, et al. Effects of exercise, age and gender on salivary secretory immunoglobulin a in elderly individuals. Exerc Immunol Rev. (2007) 13:55–66., PMID:",2007,Exerc Immunol Rev,Shi_2025,backward,pubmed_efetch_referencelist,yes
18227385,10.1161/circulationaha.107.724096,"Bourlier V, Zakaroff-Girard A, Miranville A, De Barros S, Maumus M, Sengenes C, et al. Remodeling phenotype of human subcutaneous adipose tissue macrophages. Circulation (2008) 117(6):806–15. 10.1161/CIRCULATIONAHA.107.724096",2008,Circulation,Campbell_Turner_2018,backward,pubmed_efetch_referencelist,no_new
18256346,10.1097/psy.0b013e318164232e,"Edwards KM, Burns VE, Adkins AE, Carroll D, Drayson M, Ring C. Meningococcal A vaccination response is enhanced by acute stress in men. Psychosom Med (2008) 70(2):147–51. 10.1097/PSY.0b013e318164232e",2008,Psychosom Med,Campbell_Turner_2018,backward,pubmed_efetch_referencelist,no_new
18295445,10.1016/j.bbi.2008.01.006,"Grant RW, Mariani RA, Vieira VJ, Fleshner M, Smith TP, Keylock KT, et al. Cardiovascular exercise intervention improves the primary antibody response to keyhole limpet hemocyanin (KLH) in previously sedentary older adults. Brain Behav Immun (2008) 22(6):923–32. 10.1016/j.bbi.2008.01.006",2008,Brain Behav Immun,Campbell_Turner_2018,backward,pubmed_efetch_referencelist,yes
18344136,10.1080/02640410701716790,"Allgrove JE, Gomes E, Hough J, Gleeson M. Effects of exercise intensity on salivary antimicrobial proteins and markers of stress in active men. J Sports Sci (2008) 26(6):653–61. 10.1080/02640410701716790",2008,J Sports Sci,Campbell_Turner_2018,backward,pubmed_efetch_referencelist,yes
18363767,10.1111/j.1365-2133.2008.08516.x,"
Mizukawa Y, Yamazaki Y, Shiohara T. 
",,,Xie_2026,backward,pubmed_efetch_referencelist,no_new
1836784,10.1152/jappl.1991.71.3.1089,Circulating mononuclear cell numbers and function during intense exercise and recovery,1991,Journal of Applied Physiology,Peake_2017,backward,crossref_reference_list+openalex_doi_lookup,no_new
18391955,10.1038/ni.1603,Phosphatidylinositol-3-OH kinase and nutrient-sensing mTOR pathways control T lymphocyte trafficking,2008,Nature Immunology,Peake_2017,backward,crossref_reference_list+openalex_doi_lookup,no_new
18487887,10.1159/000134285,"Yang Y, Verkuilen J, Rosengren KS, Mariani RA, Reed M, Grubisich SA, et al. Effects of a traditional Taiji/Qigong curriculum on older adults’ immune response to influenza vaccine. Med Sport Sci (2008) 52:64–76. 10.1159/000134285",2008,Med Sport Sci,Campbell_Turner_2018,backward,pubmed_efetch_referencelist,no_new
18580415,10.1249/mss.0b013e31816c4839,"Gormley SE, Swain DP, High R, Spina RJ, Dowling EA, Kotipalli US, et al. Effect of intensity of aerobic training on vo2max. Med Sci Sports Exerc. (2008) 40:1336–43. doi:  10.1249/MSS.0b013e31816c4839, PMID:",2008,Med Sci Sports Exerc,Shi_2025,backward,pubmed_efetch_referencelist,no_new
18614946,10.1249/mss.0b013e31817242cf,"Tanimura Y, Shimizu K, Tanabe K, Otsuki T, Yamauchi R, Matsubara Y, et al. Exercise-induced oxidative DNA damage and lymphocytopenia in sedentary young males. Med Sci Sports Exerc (2008) 40(8):1455–62. 10.1249/MSS.0b013e31817242cf",2008,Med Sci Sports Exerc,Campbell_Turner_2018,backward,pubmed_efetch_referencelist,yes
18706954,10.1016/j.vaccine.2008.07.081,"Rogers CJ, Zaharoff DA, Hance KW, Perkins SN, Hursting SD, Schlom J, et al. Exercise enhances vaccine-induced antigen-specific T cell responses. Vaccine. (2008) 26:5407–15. doi:  10.1016/j.vaccine.2008.07.081, PMID:",2008,Vaccine,Shi_2025,backward,pubmed_efetch_referencelist,no_new
18806552,10.1097/jsm.0b013e318181e501,"Cox AJ, Gleeson M, Pyne DB, Callister R, Hopkins WG, Fricker PA. Clinical and laboratory evaluation of upper respiratory symptoms in elite athletes. Clin J Sport Med (2008) 18(5):438–45. 10.1097/JSM.0b013e318181e501",2008,Clin J Sport Med,Campbell_Turner_2018,backward,pubmed_efetch_referencelist,no_new
18812416,10.1136/bjsm.2008.052100,Vibration therapy reduces plasma IL6 and muscle soreness after downhill running,2008,British Journal of Sports Medicine,Peake_2017,backward,crossref_reference_list+openalex_doi_lookup,yes
18923185,10.1152/physrev.90100.2007,"Pedersen BK, Febbraio MA. Muscle as an endocrine organ: focus on muscle-derived interleukin-6. Physiol Rev. (2008) 88:1379–406. doi:  10.1152/physrev.90100.2007, PMID:",2008,Physiol Rev,Shi_2025,backward,pubmed_efetch_referencelist,yes
18930806,10.1016/j.bbi.2008.09.013,Toll-like receptor expression on classic and pro-inflammatory blood monocytes after acute exercise in humans,2008,Brain Behavior and Immunity,Peake_2017,backward,crossref_reference_list+openalex_doi_lookup,yes
19018559,10.1007/s00421-008-0931-3,"No effect of a 30-h period of sleep deprivation on leukocyte trafficking, neutrophil degranulation and saliva IgA responses to exercise",2008,European Journal of Applied Physiology,Peake_2017,backward,crossref_reference_list+openalex_doi_lookup,yes
19087431,10.1079/095442200108728981,"Undernutrition, infection and immune function",2000,Nutrition Research Reviews,Peake_2017,backward,crossref_reference_list+openalex_doi_lookup,no_new
19139325,10.1001/archinternmed.2008.505,Sleep Habits and Susceptibility to the Common Cold,2009,Archives of Internal Medicine,Peake_2017,backward,crossref_reference_list+openalex_doi_lookup,no_new
19184087,10.1007/s00421-009-0988-7,"Cumulative effects of consecutive running sessions on hemolysis, inflammation and hepcidin activity",2009,European Journal of Applied Physiology,Peake_2017,backward,crossref_reference_list+openalex_doi_lookup,yes
19197204,10.1519/jsc.0b013e318196b6a6,Massage After Exercise-Responses of Immunologic and Endocrine Markers: A Randomized Single-Blind Placebo-Controlled Study,2009,The Journal of Strength and Conditioning Research,Peake_2017,backward,crossref_reference_list+openalex_doi_lookup,yes
19203082,,"Shimizu K, Kimura F, Akimoto T, Akama T, Tanabe K, Nishijima T, et al. Effect of moderate exercise training on T-helper cell subpopulations in elderly people. Exerc Immunol Rev (2008) 14:24–37.",2008,Exerc Immunol Rev,Campbell_Turner_2018;Shi_2025,backward,pubmed_efetch_referencelist,yes
19240757,10.1038/nri2508,"Siegrist CA, Aspinall R. B-cell responses to vaccination at the extremes of age. Nat Rev Immunol (2009) 9(3):185–94. 10.1038/nri2508",2009,Nat Rev Immunol,Campbell_Turner_2018,backward,pubmed_efetch_referencelist,no_new
19254756,10.1016/j.bbi.2009.02.011,"Campbell JP, Riddell NE, Burns VE, Turner M, van Zanten JJ, Drayson MT, et al. Acute exercise mobilises CD8+ T lymphocytes exhibiting an effector-memory phenotype. Brain Behav Immun (2009) 23(6):767–75. 10.1016/j.bbi.2009.02.011",2009,Brain Behav Immun,Campbell_Turner_2018,backward,pubmed_efetch_referencelist,yes
19261913,10.1152/ajpregu.90994.2008,"Kruger K, Frost S, Most E, Volker K, Pallauf J, Mooren FC. Exercise affects tissue lymphocyte apoptosis via redox-sensitive and Fas-dependent signaling pathways. Am J Physiol Regul Integr Comp Physiol (2009) 296(5):R1518–27. 10.1152/ajpregu.90994.2008",2009,Am J Physiol Regul Integr Comp Physiol,Campbell_Turner_2018,backward,pubmed_efetch_referencelist,yes
19273362,10.2741/3540,"Bishop NC, Gleeson M. Acute and chronic effects of exercise on markers of mucosal immunity. Front Biosci (Landmark Ed) (2009) 14:4444–56. 10.2741/3540",2009,Front Biosci (Landmark Ed),Campbell_Turner_2018,backward,pubmed_efetch_referencelist,yes
19278419,10.1111/j.1365-2567.2008.03027.x,"Poli A, Michel T, Theresine M, Andres E, Hentges F, Zimmer J. CD56bright natural killer (NK) cells: an important NK cell subset. Immunology (2009) 126(4):458–65. 10.1111/j.1365-2567.2008.03027.x",2009,Immunology,Campbell_Turner_2018,backward,pubmed_efetch_referencelist,no_new
19293427,10.1182/blood-2008-11-190769,"Dimitrov S, Benedict C, Heutling D, Westermann J, Born J, Lange T. Cortisol and epinephrine control opposing circadian rhythms in T cell subsets. Blood (2009) 113(21):5134–43. 10.1182/blood-2008-11-190769",2009,Blood,Campbell_Turner_2018,backward,pubmed_efetch_referencelist,no_new
19305395,10.1038/ni.1718,"Gebhardt T, Wakim LM, Eidsmo L, Reading PC, Heath WR, Carbone FR. Memory T cells in nonlymphoid tissue that provide enhanced local immunity during infection with herpes simplex virus. Nat Immunol. (2009) 10:524–30. doi:  10.1038/ni.1718. PMID:",2009,Nat Immunol,Xie_2026,backward,pubmed_efetch_referencelist,no_new
19365147,10.1159/000212384,"Giraldo E, Garcia JJ, HinChado MD, Ortega E. Exercise intensity-dependent changes in the inflammatory response in sedentary women: role of neuroendocrine parameters in the neutrophil phagocytic process and the pro-/anti-inflammatory cytokine balance. Neuroimmunomodulation. (2009) 16:237–44. doi:  10.1159/000212384, PMID:",2009,Neuroimmunomodulation,Shi_2025,backward,pubmed_efetch_referencelist,yes
19424714,10.1007/s00421-009-1070-1,"Rosa Neto JC, Lira FS, Oyama LM, Zanchi NE, Yamashita AS, Batista ML, Jr., et al. Exhaustive exercise causes an anti-inflammatory effect in skeletal muscle and a pro-inflammatory effect in adipose tissue in rats. Eur J Appl Physiol. (2009) 106:697–704. doi:  10.1007/s00421-009-1070-1, PMID:",2009,Eur J Appl Physiol,Shi_2025,backward,pubmed_efetch_referencelist,yes
19447733,10.1684/ejd.2009.0686,"Nosbaum A, Vocanson M, Rozieres A, Hennino A, Nicolas JF. Allergic and irritant contact dermatitis. Eur J Dermatol (2009) 19(4):325–32. 10.1684/ejd.2009.0686",2009,Eur J Dermatol,Campbell_Turner_2018,backward,pubmed_efetch_referencelist,no_new
19543225,10.1038/nri2580,"Rochman Y, Spolski R, Leonard WJ. New insights into the regulation of T cells by γc family cytokines. Nat Rev Immunol. (2009) 9:480–90. doi:  10.1038/nri2580. PMID:",2009,Nat Rev Immunol,Xie_2026,backward,pubmed_efetch_referencelist,no_new
19641004,10.1258/acb.2009.008248,"Booth CK, Dwyer DB, Pacque PF, Ball MJ. Measurement of immunoglobulin A in saliva by particle-enhanced nephelometric immunoassay: sample collection, limits of quantitation, precision, stability and reference range. Ann Clin Biochem (2009) 46(Pt 5):401–6. 10.1258/acb.2009.008248",2009,Ann Clin Biochem,Campbell_Turner_2018,backward,pubmed_efetch_referencelist,no_new
19644031,10.1152/japplphysiol.00316.2009,"Wang J-S, Chiu Y-T. Systemic hypoxia enhances exercise-mediated bactericidal and subsequent apoptotic responses in human neutrophils. J Appl Physiol. (2009) 107:1213–22. doi:  10.1152/japplphysiol.00316.2009, PMID:",2009,J Appl Physiol,Shi_2025,backward,pubmed_efetch_referencelist,yes
19647494,10.1016/j.jpain.2009.06.003,"Light AR, White AT, Hughen RW, Light KC. Moderate exercise increases expression for sensory, adrenergic, and immune genes in chronic fatigue syndrome patients but not in normal subjects. J Pain. (2009) 10:1099–112. doi:  10.1016/j.jpain.2009.06.003, PMID:",2009,J Pain,Shi_2025,backward,pubmed_efetch_referencelist,yes
19652995,10.1007/s00421-009-1138-y,Effect of local cold-pack application on systemic anabolic and inflammatory response to sprint-interval training: a prospective comparative trial,2009,European Journal of Applied Physiology,Peake_2017,backward,crossref_reference_list+openalex_doi_lookup,yes
19765242,10.1111/j.1600-0838.2009.00989.x,Differences in the inflammatory plasma cytokine response following two elite female soccer games separated by a 72-h recovery,2009,Scandinavian Journal of Medicine and Science in Sports,Peake_2017,backward,crossref_reference_list+openalex_doi_lookup,yes
19811098,10.1086/606014,"Sim YJ, Yu S, Yoon KJ, Loiacono CM, Kohut ML. Chronic exercise reduces illness severity, decreases viral load, and results in greater anti-inflammatory effects than acute exercise during influenza infection. J Infect Dis (2009) 200(9):1434–42. 10.1086/606014",2009,J Infect Dis,Campbell_Turner_2018,backward,pubmed_efetch_referencelist,yes
19816709,10.1007/s00421-009-1231-2,"Wang JS, Lin CT. Systemic hypoxia promotes lymphocyte apoptosis induced by oxidative stress during moderate exercise. Eur J Appl Physiol (2010) 108(2):371–82. 10.1007/s00421-009-1231-2",2010,Eur J Appl Physiol,Campbell_Turner_2018,backward,pubmed_efetch_referencelist,yes
19827454,10.1123/pes.21.3.305,"Wilson LD, Zaldivar FP, Schwindt CD, Wang-Rodriguez J, Cooper DM. Circulating T-regulatory cells, exercise and the elite adolescent swimmer. Pediatr Exerc Sci. (2009) 21:305–17. doi:  10.1123/pes.21.3.305, PMID:",2009,Pediatr Exerc Sci,Shi_2025,backward,pubmed_efetch_referencelist,yes
19827462,10.1123/ijsnem.19.4.366,Influence of Timing of Postexercise Carbohydrate-Protein Ingestion on Selected Immune Indices,2009,International Journal of Sport Nutrition and Exercise Metabolism,Peake_2017,backward,crossref_reference_list+openalex_doi_lookup,yes
19890045,10.4049/jimmunol.0902454,"Huster KM, Stemberger C, Gasteiger G, Kastenmuller W, Drexler I, Busch DH. Cutting edge: memory CD8 T cell compartment grows in size with immunological experience but nevertheless can lose function. J Immunol (2009) 183(11):6898–902. 10.4049/jimmunol.0902454",2009,J Immunol,Campbell_Turner_2018,backward,pubmed_efetch_referencelist,no_new
19919841,10.1016/j.jim.2009.11.007,"Ferrando-Martinez S, Franco JM, Ruiz-Mateos E, Hernandez A, Ordonez A, Gutierrez E, et al. A reliable and simplified sj/beta-TREC ratio quantification method for human thymic output measurement. J Immunol Methods (2010) 352(1–2):111–7. 10.1016/j.jim.2009.11.007",2010,J Immunol Methods,Campbell_Turner_2018,backward,pubmed_efetch_referencelist,no_new
19949113,10.4049/jimmunol.0902189,"Dimitrov S, Lange T, Born J. Selective mobilization of cytotoxic leukocytes by epinephrine. J Immunol (2010) 184(1):503–11. 10.4049/jimmunol.0902189",2010,J Immunol,Campbell_Turner_2018;Xie_2026,backward,pubmed_efetch_referencelist,no_new
19952239,10.2106/jbjs.h.00989,Surgical Stress-Induced Immune Cell Redistribution Profiles Predict Short-Term and Long-Term Postsurgical Recovery,2009,Journal of Bone and Joint Surgery,Peake_2017,backward,crossref_reference_list+openalex_doi_lookup,no_new
1997814,10.1249/00005768-199101000-00011,"Nehlsen-Cannarella SL, Nieman DC, Balk-Lamberton AJ, Markoff PA, Chritton DB, Gusewitch G, et al. The effects of moderate exercise training on immune response. Med Sci Sports Exerc. (1991) 23:64–70. doi:  10.1249/00005768-199101000-00011",1991,Med Sci Sports Exerc,Shi_2025,backward,pubmed_efetch_referencelist,no_new
20005170,10.1016/j.jsams.2009.09.008,"Norton K, Norton L, Sadgrove D. Position statement on physical activity and exercise intensity terminology. J Sci Med Sport. (2010) 13:496–502. doi:  10.1016/j.jsams.2009.09.008, PMID:",2010,J Sci Med Sport,Shi_2025,backward,pubmed_efetch_referencelist,no_new
20029165,10.1159/000270905,"Simpson RJ, Guy K. Coupling aging immunity with a sedentary lifestyle: has the damage already been done? – a mini-review. Gerontology (2010) 56(5):449–58. 10.1159/000270905",2010,Gerontology,Campbell_Turner_2018,backward,pubmed_efetch_referencelist,no_new
20051733,10.1097/jsm.0b013e3181cb4086,"Peters EM, Shaik J, Kleinveldt N. Upper respiratory tract infection symptoms in ultramarathon runners not related to immunoglobulin status. Clin J Sport Med (2010) 20(1):39–46. 10.1097/JSM.0b013e3181cb4086",2010,Clin J Sport Med,Campbell_Turner_2018,backward,pubmed_efetch_referencelist,yes
20083139,10.1016/j.neubiorev.2010.01.005,"Burns VE, Gallagher S. Antibody response to vaccination as a marker of in vivo immune function in psychophysiological research. Neurosci Biobehav Rev (2010) 35(1):122–6. 10.1016/j.neubiorev.2010.01.005",2010,Neurosci Biobehav Rev,Campbell_Turner_2018,backward,pubmed_efetch_referencelist,no_new
20089933,10.1152/ajpcell.00094.2009,"Haugen F, Norheim F, Lian H, Wensaas AJ, Dueland S, Berg O, et al. IL-7 is expressed and secreted by human skeletal muscle cells. Am J Physiol Cell Physiol (2010) 298(4):C807–16. 10.1152/ajpcell.00094.2009",2010,Am J Physiol Cell Physiol,Campbell_Turner_2018,backward,pubmed_efetch_referencelist,no_new
20102734,10.1016/j.bbi.2010.01.009,"Edwards KM, Campbell JP, Ring C, Drayson MT, Bosch JA, Downes C, et al. Exercise intensity does not influence the efficacy of eccentric exercise as a behavioural adjuvant to vaccination. Brain Behav Immun (2010) 24(4):623–30. 10.1016/j.bbi.2010.01.009",2010,Brain Behav Immun,Campbell_Turner_2018,backward,pubmed_efetch_referencelist,yes
20121985,10.1111/j.1532-5415.2009.02563.x,"Woods JA, Keylock KT, Lowder T, Vieira VJ, Zelkovich W, Dumich S, et al. Cardiovascular exercise training extends influenza vaccine seroprotection in sedentary older adults: the immune function intervention trial. J Am Geriatr Soc (2009) 57(12):2183–91. 10.1111/j.1532-5415.2009.02563.x",2009,J Am Geriatr Soc,Campbell_Turner_2018,backward,pubmed_efetch_referencelist,no_new
20156972,10.1084/jem.20090858,"Masopust D, Choo D, Vezys V, Wherry EJ, Duraiswamy J, Akondy R, et al. Dynamic T cell migration program provides resident memory within intestinal epithelium. J Exp Med. (2010) 207:553–64. doi:  10.1084/jem.20090858. PMID:",2010,J Exp Med,Xie_2026,backward,pubmed_efetch_referencelist,no_new
20180177,10.1055/s-0030-1248242,"Effects of Post-Exercise Recovery Interventions on Physiological, Psychological, and Performance Parameters",2010,International Journal of Sports Medicine,Peake_2017,backward,crossref_reference_list+openalex_doi_lookup,no_new
20410263,10.1128/jvi.00519-10,Cytotoxic T Lymphocytes Established by Seasonal Human Influenza Cross-React against 2009 Pandemic H1N1 Influenza Virus,2010,Journal of Virology,Xie_2026,backward,pubmed_efetch_referencelist+openalex_doi_lookup,no_new
2044521,10.1007/bf00643735,"Hansen JB, Wilsgard L, Osterud B. Biphasic changes in leukocytes induced by strenuous exercise. Eur J Appl Physiol Occup Physiol (1991) 62(3):157–61. 10.1007/BF00643735",1991,Eur J Appl Physiol Occup Physiol,Campbell_Turner_2018,backward,pubmed_efetch_referencelist,yes
2047622,10.2165/00007256-199111030-00003,"Nieman DC, Nehlsen-Cannarella SL. The effects of acute and chronic exercise of immunoglobulins. Sports Med. (1991) 11:183–201. doi:  10.2165/00007256-199111030-00003, PMID:",1991,Sports Med,Shi_2025,backward,pubmed_efetch_referencelist,yes
20525121,10.1186/1710-1492-4-1-2,Enhancing versus Suppressive Effects of Stress on Immune Function: Implications for Immunoprotection versus Immunopathology,2008,Allergy Asthma and Clinical Immunology,Peake_2017,backward,crossref_reference_list+openalex_doi_lookup,no_new
20581713,10.1249/mss.0b013e3181edf108,"Fondell E, Lagerros YT, Sundberg CJ, Lekander M, Balter O, Rothman KJ, et al. Physical activity, stress, and self-reported upper respiratory tract infection. Med Sci Sports Exerc (2011) 43(2):272–9. 10.1249/MSS.0b013e3181edf108",2011,Med Sci Sports Exerc,Campbell_Turner_2018,backward,pubmed_efetch_referencelist,no_new
20617391,10.1007/s11357-010-9165-5,"Baune BT, Rothermundt M, Ladwig KH, Meisinger C, Berger K. Systemic inflammation (interleukin 6) predicts all-cause mortality in men: results from a 9-year follow-up of the MEMO Study. Age (Dordr) (2011) 33(2):209–17. 10.1007/s11357-010-9165-5",2011,Age (Dordr),Campbell_Turner_2018,backward,pubmed_efetch_referencelist,no_new
20628149,10.1182/blood-2010-02-258558,"Ziegler-Heitbrock L, Ancuta P, Crowe S, Dalod M, Grau V, Hart DN, et al. Nomenclature of monocytes and dendritic cells in blood. Blood (2010) 116(16):e74–80. 10.1182/blood-2010-02-258558",2010,Blood,Campbell_Turner_2018,backward,pubmed_efetch_referencelist,no_new
20637132,10.1017/s0007114510001856,Antioxidant responses to an acute ultra-endurance exercise: impact on DNA stability and indications for an increased need for nutritive antioxidants in the early recovery phase,2010,British Journal Of Nutrition,Peake_2017,backward,crossref_reference_list+openalex_doi_lookup,yes
20638470,10.1016/j.bbi.2010.07.239,"Turner JE, Aldred S, Witard OC, Drayson MT, Moss PM, Bosch JA. Latent cytomegalovirus infection amplifies CD8 T-lymphocyte mobilisation and egress in response to exercise. Brain Behav Immun (2010) 24(8):1362–70. 10.1016/j.bbi.2010.07.239",2010,Brain Behav Immun,Campbell_Turner_2018,backward,pubmed_efetch_referencelist,yes
20696944,10.1182/blood-2010-04-281675,"Bjorkstrom NK, Riese P, Heuts F, Andersson S, Fauriat C, Ivarsson MA, et al. Expression patterns of NKG2A, KIR, and CD57 define a process of CD56dim NK-cell differentiation uncoupled from NK-cell education. Blood (2010) 116(19):3853–64. 10.1182/blood-2010-04-281675",2010,Blood,Campbell_Turner_2018,backward,pubmed_efetch_referencelist,no_new
20733159,10.1182/blood-2010-04-282301,"Lopez-Verges S, Milush JM, Pandey S, York VA, Arakawa-Hoyt J, Pircher H, et al. CD57 defines a functionally distinct population of mature NK cells in the human CD56dimCD16+ NK-cell subset. Blood (2010) 116(19):3865–74. 10.1182/blood-2010-04-282301",2010,Blood,Campbell_Turner_2018,backward,pubmed_efetch_referencelist,no_new
20799043,10.1007/s00421-010-1616-2,"The impact of acute strenuous exercise on TLR2, TLR4 and HLA.DR expression on human blood monocytes induced by autologous serum",2010,European Journal of Applied Physiology,Peake_2017;Shi_2025,backward,crossref_reference_list+openalex_doi_lookup;pubmed_efetch_referencelist,yes
20839490,,"Simpson RJ, Cosgrove C, Chee MM, McFarlin BK, Bartlett DB, Spielmann G, et al. Senescent phenotypes and telomere lengths of peripheral blood T-cells mobilized by acute exercise in humans. Exerc Immunol Rev (2010) 16:40–55.",2010,Exerc Immunol Rev,Campbell_Turner_2018,backward,pubmed_efetch_referencelist,yes
20839496,10.1016/j.jsams.2010.10.642,"Kakanis MW, Peake J, Brenu EW, Simmonds M, Gray B, Hooper SL, et al. The open window of susceptibility to infection after acute exercise in healthy young male elite athletes. Exerc Immunol Rev (2010) 16:119–37.",2010,Exerc Immunol Rev,Campbell_Turner_2018;Shi_2025,backward,pubmed_efetch_referencelist,yes
20839500,,Shephard RJ. Development of the discipline of exercise immunology. Exerc Immunol Rev (2010) 16:194–222.,2010,Exerc Immunol Rev,Campbell_Turner_2018,backward,pubmed_efetch_referencelist,yes
20846161,10.1111/j.1365-2249.2010.04240.x,"Belotto MF, Magdalon J, Rodrigues HG, Vinolo MA, Curi R, Pithon-Curi TC, et al. Moderate exercise improves leucocyte function and decreases inflammation in diabetes. Clin Exp Immunol. (2010) 162:237–43. doi:  10.1111/j.1365-2249.2010.04240.x, PMID:",2010,Clin Exp Immunol,Shi_2025,backward,pubmed_efetch_referencelist,no_new
20871231,10.1097/jes.0b013e3181f44dd9,Carbohydrate Availability and Training Adaptation,2010,Exercise and Sport Sciences Reviews,Peake_2017,backward,crossref_reference_list+openalex_doi_lookup,no_new
20978713,10.1160/th10-06-0363,"Czepluch FS, Barrès R, Caidahl K, Olieslagers S, Krook A, Rickenlund A, et al. Strenuous physical exercise adversely affects monocyte chemotaxis. Thromb Haemost. (2011) 105:122–30. doi:  10.1160/th10-06-0363, PMID:",2011,Thromb Haemost,Shi_2025,backward,pubmed_efetch_referencelist,yes
21030665,10.1152/japplphysiol.00949.2010,Nutritional modulation of training-induced skeletal muscle adaptations,2010,Journal of Applied Physiology,Peake_2017,backward,crossref_reference_list+openalex_doi_lookup,no_new
21088603,10.1097/jes.0b013e318201f39d,"Aging, Persistent Viral Infections, and Immunosenescence",2010,Exercise and Sport Sciences Reviews,Campbell_Turner_2018;Peake_2017,backward,crossref_reference_list+openalex_doi_lookup;pubmed_efetch_referencelist,no_new
21112025,10.1016/j.beem.2010.08.014,Sleep loss and inflammation,2010,Best Practice & Research Clinical Endocrinology & Metabolism,Peake_2017,backward,crossref_reference_list+openalex_doi_lookup,no_new
21116023,10.1123/ijsnem.20.6.507,The Prevalence of Vitamin Supplementation in Ultraendurance Triathletes,2010,International Journal of Sport Nutrition and Exercise Metabolism,Peake_2017,backward,crossref_reference_list+openalex_doi_lookup,no_new
21127208,10.1152/japplphysiol.00575.2010,"Fisher G, Schwartz DD, Quindry J, Barberio MD, Foster EB, Jones KW, et al. Lymphocyte enzymatic antioxidant responses to oxidative stress following high-intensity interval exercise. J Appl Physiol. (2011) 110:730–7. doi:  10.1152/japplphysiol.00575.2010, PMID:",2011,J Appl Physiol,Shi_2025,backward,pubmed_efetch_referencelist,yes
21362469,10.1016/j.bbi.2011.02.014,Exercise-induced stress inhibits both the induction and elicitation phases of in vivo T-cell-mediated immune responses in humans,2011,Brain Behavior and Immunity,Campbell_Turner_2018;Peake_2017,backward,crossref_reference_list+openalex_doi_lookup;pubmed_efetch_referencelist,yes
21385218,10.1111/j.1600-0838.2010.01272.x,"Gleeson M, Bishop N, Oliveira M, McCauley T, Tauler P, Muhamad AS. Respiratory infection risk in athletes: association with antigen-stimulated IL-10 production and salivary IgA secretion. Scand J Med Sci Sports (2012) 22(3):410–7. 10.1111/j.1600-0838.2010.01272.x",2012,Scand J Med Sci Sports,Campbell_Turner_2018,backward,pubmed_efetch_referencelist,no_new
2140346,10.1152/jappl.1990.68.3.1069,Lymphocyte subset responses to repeated submaximal exercise in men,1990,Journal of Applied Physiology,Peake_2017,backward,crossref_reference_list+openalex_doi_lookup,yes
21446352,,"Walsh NP, Gleeson M, Shephard RJ, Gleeson M, Woods JA, Bishop NC, et al. Position statement. Part one: immune function and exercise. Exerc Immunol Rev (2011) 17:6–63.",2011,Exerc Immunol Rev,Campbell_Turner_2018;Xie_2026,backward,pubmed_efetch_referencelist,no_new
21446353,,"Walsh NP, Gleeson M, Pyne DB, Nieman DC, Dhabhar FS, Shephard RJ, et al. Position statement. Part two: maintaining immune health. Exerc Immunol Rev (2011) 17:64–103.",2011,Exerc Immunol Rev,Campbell_Turner_2018,backward,pubmed_efetch_referencelist,no_new
21450602,10.1177/1741826710397600,"Munk PS, Breland UM, Aukrust P, Ueland T, Kvaløy JT, Larsen AI. High intensity interval training reduces systemic inflammation in post-pci patients. Eur J Cardiovasc Prev Rehabil. (2011) 18:850–7. doi:  10.1177/1741826710397600, PMID:",2011,Eur J Cardiovasc Prev Rehabil,Shi_2025,backward,pubmed_efetch_referencelist,no_new
21554181,10.3109/08820139.2011.575425,"Viloria M, Lara-Padilla E, Campos-Rodríguez R, Jarillo-Luna A, Reyna-Garfias H, López-Sánchez P, et al. Effect of moderate exercise on Iga levels and lymphocyte count in mouse intestine. Immunol Invest. (2011) 40:640–56. doi:  10.3109/08820139.2011.575425, PMID:",2011,Immunol Invest,Shi_2025,backward,pubmed_efetch_referencelist,no_new
21574872,10.1139/h11-033,Davison G. Innate immune responses to a single session of sprint interval training. Appl Physiol Nutr Metab (2011) 36(3):395–404. 10.1139/h11-033,2011,Appl Physiol Nutr Metab,Campbell_Turner_2018,backward,pubmed_efetch_referencelist,yes
21584686,10.1007/s00421-011-1966-4,"Cytokine production by monocytes, neutrophils, and dendritic cells is hampered by long-term intensive training in elite swimmers",2011,European Journal of Applied Physiology,Peake_2017,backward,crossref_reference_list+openalex_doi_lookup,yes
21632713,10.4049/jimmunol.1100015,Sleep after Vaccination Boosts Immunological Memory,2011,The Journal of Immunology,Peake_2017,backward,crossref_reference_list+openalex_doi_lookup,no_new
21694556,10.1249/mss.0b013e318213fefb,"Garber CE, Blissmer B, Deschenes MR, Franklin BA, Lamonte MJ, Lee IM, et al. American college of sports medicine position stand. Quantity and quality of exercise for developing and maintaining cardiorespiratory, musculoskeletal, and neuromotor fitness in apparently healthy adults: guidance for prescribing exercise. Med Sci Sports Exerc. (2011) 43:1334–59. doi:  10.1249/MSS.0b013e318213fefb, PMID:",2011,Med Sci Sports Exerc,Shi_2025,backward,pubmed_efetch_referencelist,no_new
2173645,10.1161/01.cir.82.6.2003,"Maisel AS, Harris T, Rearden CA, Michel MC. Beta-adrenergic receptors in lymphocyte subsets after exercise. Alterations in normal individuals and patients with congestive heart failure. Circulation. (1990) 82:2003–10. doi:  10.1161/01.cir.82.6.2003. PMID:",1990,Circulation,Xie_2026,backward,pubmed_efetch_referencelist,yes
21784146,10.1016/j.bbi.2011.07.226,"Spielmann G, McFarlin BK, O’Connor DP, Smith PJ, Pircher H, Simpson RJ. Aerobic fitness is associated with lower proportions of senescent blood T-cells in man. Brain Behav Immun (2011) 25(8):1521–9. 10.1016/j.bbi.2011.07.226",2011,Brain Behav Immun,Campbell_Turner_2018;Xie_2026,backward,pubmed_efetch_referencelist,no_new
21818123,10.1038/nri3041,"Gleeson M, Bishop NC, Stensel DJ, Lindley MR, Mastana SS, Nimmo MA. The anti-inflammatory effects of exercise: mechanisms and implications for the prevention and treatment of disease. Nat Rev Immunol (2011) 11(9):607–15. 10.1038/nri3041",2011,Nat Rev Immunol,Campbell_Turner_2018;Xie_2026,backward,pubmed_efetch_referencelist,yes
21829501,10.1371/journal.pone.0022748,Time-Course of Changes in Inflammatory Response after Whole-Body Cryotherapy Multi Exposures following Severe Exercise,2011,PLoS ONE,Peake_2017,backward,crossref_reference_list+openalex_doi_lookup,yes
21858446,10.1007/s12185-011-0907-7,"Michishita Y, Hirokawa M, Guo YM, Abe Y, Liu J, Ubukawa K, et al. Age-associated alteration of gammadelta T-cell repertoire and different profiles of activation-induced death of Vdelta1 and Vdelta2 T cells. Int J Hematol (2011) 94(3):230–40. 10.1007/s12185-011-0907-7",2011,Int J Hematol,Campbell_Turner_2018,backward,pubmed_efetch_referencelist,no_new
21873456,10.1189/jlb.0511229,"Mace TA, Zhong L, Kilpatrick C, Zynda E, Lee CT, Capitano M, et al. Differentiation of CD8+ T cells into effector cells is enhanced by physiological range hyperthermia. J Leukoc Biol. (2011) 90:951–62. doi:  10.1189/jlb.0511229. PMID:",2011,J Leukoc Biol,Xie_2026,backward,pubmed_efetch_referencelist,no_new
21883115,10.1111/j.1532-5415.2011.03570.x,"Giovannini S, Onder G, Liperoti R, Russo A, Carter C, Capoluongo E, et al. Interleukin-6, C-reactive protein, and tumor necrosis factor-alpha as predictors of mortality in frail, community-living elderly individuals. J Am Geriatr Soc (2011) 59(9):1679–85. 10.1111/j.1532-5415.2011.03570.x",2011,J Am Geriatr Soc,Campbell_Turner_2018,backward,pubmed_efetch_referencelist,no_new
21931703,10.1371/journal.pone.0024385,"Syu GD, Chen HI, Jen CJ. Severe exercise and exercise training exert opposite effects on human neutrophil apoptosis via altering the redox status. PloS One. (2011) 6:e24385. doi:  10.1371/journal.pone.0024385, PMID:",2011,PloS One,Shi_2025,backward,pubmed_efetch_referencelist,yes
22151281,10.1111/j.1600-0838.2011.01422.x,"Gleeson M, Bishop N, Oliveira M, Tauler P. Influence of training load on upper respiratory tract infection incidence and antigen-stimulated cytokine production. Scand J Med Sci Sports (2013) 23(4):451–7. 10.1111/j.1600-0838.2011.01422.x",2013,Scand J Med Sci Sports,Campbell_Turner_2018,backward,pubmed_efetch_referencelist,no_new
22170013,10.1007/s00421-011-2273-9,"Cosgrove C, Galloway SD, Neal C, Hunter AM, McFarlin BK, Spielmann G, et al. The impact of 6-month training preparation for an Ironman triathlon on the proportions of naive, memory and senescent T cells in resting blood. Eur J Appl Physiol (2012) 112(8):2989–98. 10.1007/s00421-011-2273-9",2012,Eur J Appl Physiol,Campbell_Turner_2018,backward,pubmed_efetch_referencelist,yes
22228716,10.2337/db11-1065,"van der Weerd K, Dik WA, Schrijver B, Schweitzer DH, Langerak AW, Drexhage HA, et al. Morbidly obese human subjects have increased peripheral blood CD4+ T cells with skewing toward a Treg- and Th2-dominated phenotype. Diabetes (2012) 61(2):401–8. 10.2337/db11-1065",2012,Diabetes,Campbell_Turner_2018,backward,pubmed_efetch_referencelist,no_new
22242737,10.1080/15438627.2012.634707,"Hoffman MD, Fogard K. Demographic characteristics of 161-km ultramarathon runners. Res Sports Med (2012) 20(1):59–69. 10.1080/15438627.2012.634707",2012,Res Sports Med,Campbell_Turner_2018,backward,pubmed_efetch_referencelist,no_new
22267391,10.1152/japplphysiol.01061.2011,"de Araújo CC, Silva JD, Samary CS, Guimarães IH, Marques PS, Oliveira GP, et al. Regular and moderate exercise before experimental sepsis reduces the risk of lung and distal organ injury. J Appl Physiol. (2012) 112:1206–14. doi:  10.1152/japplphysiol.01061.2011, PMID:",2012,J Appl Physiol,Shi_2025,backward,pubmed_efetch_referencelist,no_new
22301554,10.1126/scitranslmed.3002882,Massage Therapy Attenuates Inflammatory Signaling After Exercise-Induced Muscle Damage,2012,Science Translational Medicine,Peake_2017,backward,crossref_reference_list+openalex_doi_lookup,yes
22329779,10.1080/02640414.2012.660188,Sleep duration and quality in elite athletes measured using wristwatch actigraphy,2012,Journal of Sports Sciences,Peake_2017,backward,crossref_reference_list+openalex_doi_lookup,no_new
22386744,10.1016/j.bbi.2012.02.004,"Long JE, Ring C, Drayson M, Bosch J, Campbell JP, Bhabra J, et al. Vaccination response following aerobic exercise: can a brisk walk enhance antibody response to pneumococcal and influenza vaccinations? Brain Behav Immun (2012) 26(4):680–7. 10.1016/j.bbi.2012.02.004",2012,Vaccination response following aerobic exercise: can a brisk walk enhance antibody response to pneumococcal and influenza vaccinations? Brain Behav Immun,Campbell_Turner_2018,backward,pubmed_efetch_referencelist,yes
22388819,10.1038/nature10851,"Jiang X, Clark RA, Liu L, Wagers AJ, Fuhlbrigge RC, Kupper TS. Skin infection generates non-migratory memory CD8+ TRM cells providing global skin immunity. Nature. (2012) 483:227–31. doi:  10.1038/nature10851. PMID:",2012,Nature,Xie_2026,backward,pubmed_efetch_referencelist,no_new
22465452,10.1016/j.arr.2012.03.003,"Simpson RJ, Lowder TW, Spielmann G, Bigley AB, LaVoy EC, Kunz H. Exercise and the aging immune system. Ageing Res Rev (2012) 11(3):404–20. 10.1016/j.arr.2012.03.003",2012,Ageing Res Rev,Campbell_Turner_2018;Xie_2026,backward,pubmed_efetch_referencelist,no_new
22473333,10.1038/nrendo.2012.49,"Pedersen BK, Febbraio MA. Muscles, exercise and obesity: skeletal muscle as a secretory organ. Nat Rev Endocrinol. (2012) 8:457–65. doi:  10.1038/nrendo.2012.49. PMID:",2012,Nat Rev Endocrinol,Xie_2026,backward,pubmed_efetch_referencelist,no_new
22525761,10.1249/mss.0b013e318257d2db,High-Intensity Training Reduces CD8+ T-cell Redistribution in Response to Exercise,2012,Medicine & Science in Sports & Exercise,Peake_2017,backward,crossref_reference_list+openalex_doi_lookup,yes
22661297,10.1007/s11357-012-9425-7,"Derhovanessian E, Maier AB, Hahnel K, Zelba H, de Craen AJ, Roelofs H, et al. Lower proportion of naive peripheral CD8+ T cells and an unopposed pro-inflammatory response to human cytomegalovirus proteins in vitro are associated with longer survival in very elderly people. Age (Dordr) (2013) 35(4):1387–99. 10.1007/s11357-012-9425-7",2013,Age (Dordr),Campbell_Turner_2018,backward,pubmed_efetch_referencelist,no_new
2266764,,"Nieman DC, Johanssen LM, Lee JW, Arabatzis K. Infectious episodes in runners before and after the Los Angeles Marathon. J Sports Med Phys Fitness (1990) 30(3):316–28.",1990,J Sports Med Phys Fitness,Campbell_Turner_2018,backward,pubmed_efetch_referencelist,no_new
22693239,10.1123/ijsnem.22.3.184,The Effects of Postexercise Feeding on Saliva Antimicrobial Proteins,2012,International Journal of Sport Nutrition and Exercise Metabolism,Peake_2017,backward,crossref_reference_list+openalex_doi_lookup,yes
22814340,10.1038/ni.2343,"Kanneganti TD, Dixit VD. Immunological complications of obesity. Nat Immunol (2012) 13(8):707–12. 10.1038/ni.2343",2012,Nat Immunol,Campbell_Turner_2018,backward,pubmed_efetch_referencelist,no_new
22830639,10.1186/1742-4933-9-15,Pawelec G. Hallmarks of human “immunosenescence”: adaptation or dysregulation? Immun Ageing (2012) 9(1):15. 10.1186/1742-4933-9-15,2012,Hallmarks of human “immunosenescence”: adaptation or dysregulation? Immun Ageing,Campbell_Turner_2018,backward,pubmed_efetch_referencelist,no_new
22863368,10.1186/1742-4933-9-16,"Alam I, Larbi A, Pawelec G. Nutritional status influences peripheral immune cell phenotypes in healthy men in rural Pakistan. Immun Ageing (2012) 9(1):16. 10.1186/1742-4933-9-16",2012,Immun Ageing,Campbell_Turner_2018,backward,pubmed_efetch_referencelist,no_new
22863835,10.1016/j.immuni.2012.05.021,"Scheiermann C, Kunisaki Y, Lucas D, Chow A, Jang JE, Zhang D, et al. Adrenergic nerves govern circadian leukocyte recruitment to tissues. Immunity. (2012) 37:290–301. doi:  10.1016/j.immuni.2012.05.021. PMID:",2012,Immunity,Xie_2026,backward,pubmed_efetch_referencelist,no_new
22875910,10.1136/bjsports-2012-091395,"Schwellnus MP, Derman WE, Jordaan E, Page T, Lambert MI, Readhead C, et al. Elite athletes travelling to international destinations >5 time zone differences from their home country have a 2-3-fold increased risk of illness. Br J Sports Med (2012) 46(11):816–21. 10.1136/bjsports-2012-091395",2012,Br J Sports Med,Campbell_Turner_2018,backward,pubmed_efetch_referencelist,no_new
22899948,10.1155/2012/421702,"Farnault L, Sanchez C, Baier C, Le Treut T, Costello RT. Hematological Malignancies escape from nk cell innate immune surveillance: mechanisms and therapeutic implications. Clin Dev Immunol. (2012) 2012:1–8. doi:  10.1155/2012/421702, PMID:",2012,Clin Dev Immunol,Shi_2025,backward,pubmed_efetch_referencelist,no_new
22917967,10.1016/j.cyto.2012.07.028,"Santos RVT, Viana VAR, Boscolo RA, Marques VG, Santana MG, Lira FS, et al. Moderate exercise training modulates cytokine profile and sleep in elderly people. Cytokine. (2012) 60:731–5. doi:  10.1016/j.cyto.2012.07.028, PMID:",2012,Cytokine,Shi_2025,backward,pubmed_efetch_referencelist,no_new
22921739,10.1016/j.vaccine.2012.08.022,"Edwards KM, Pung MA, Tomfohr LM, Ziegler MG, Campbell JP, Drayson MT, et al. Acute exercise enhancement of pneumococcal vaccination response: a randomised controlled trial of weaker and stronger immune response. Vaccine (2012) 30(45):6389–95. 10.1016/j.vaccine.2012.08.022",2012,Vaccine,Campbell_Turner_2018,backward,pubmed_efetch_referencelist,yes
23006673,10.1123/ijspp.8.3.293,Effects of Electrostimulation Therapy on Recovery From Acute Team-Sport Activity,2013,International Journal of Sports Physiology and Performance,Peake_2017,backward,crossref_reference_list+openalex_doi_lookup,yes
23017234,10.1016/j.bbi.2012.09.006,Acute aerobic exercise in humans increases cytokine expression in CD27− but not CD27+ CD8+ T-cells,2012,Brain Behavior and Immunity,Peake_2017,backward,crossref_reference_list+openalex_doi_lookup,yes
23075848,10.1038/nature11522,"Shin H, Iwasaki A. A vaccine strategy that protects against genital herpes by establishing local memory T cells. Nature. (2012) 491:463–7. doi:  10.1038/nature11522. PMID:",2012,Nature,Xie_2026,backward,pubmed_efetch_referencelist,no_new
23104690,10.1152/japplphysiol.01538.2011,"Marklund P, Mattsson CM, Wåhlin-Larsson B, Ponsot E, Lindvall B, Lindvall L, et al. Extensive inflammatory cell infiltration in human skeletal muscle in response to an ultraendurance exercise bout in experienced athletes. J Appl Physiol (1985). (2013) 114:66–72. doi:  10.1152/japplphysiol.01538.2011, PMID:",1985,J Appl Physiol,Shi_2025,backward,pubmed_efetch_referencelist,yes
23156847,,"Tongtako W, Klaewsongkram J, Jaronsukwimal N, Buranapraditkun S, Mickleborough TD, Suksom D. The effect of acute exhaustive and moderate intensity exercises on nasal cytokine secretion and clinical symptoms in allergic rhinitis patients. Asian Pac J Allergy Immunol. (2012) 30:185–92., PMID:",2012,Asian Pac J Allergy Immunol,Shi_2025,backward,pubmed_efetch_referencelist,yes
23220477,10.1152/ajpregu.00245.2012,Prostaglandin and myokine involvement in the cyclooxygenase-inhibiting drug enhancement of skeletal muscle adaptations to resistance exercise in older adults,2012,"American Journal of Physiology-Regulatory, Integrative and Comparative Physiology",Peake_2017,backward,crossref_reference_list+openalex_doi_lookup,yes
23247672,10.1249/mss.0b013e318279a10a,"Prevention, Diagnosis, and Treatment of the Overtraining Syndrome",2013,Medicine & Science in Sports & Exercise,Campbell_Turner_2018;Peake_2017,backward,crossref_reference_list+openalex_doi_lookup;pubmed_efetch_referencelist,no_new
23303913,10.1152/physrev.00033.2011,"Tchernof A, Despres JP. Pathophysiology of human visceral obesity: an update. Physiol Rev (2013) 93(1):359–404. 10.1152/physrev.00033.2011",2013,Physiol Rev,Campbell_Turner_2018,backward,pubmed_efetch_referencelist,no_new
23314683,10.1007/s00421-012-2576-5,Effects of compression garments on recovery following intermittent exercise,2013,European Journal of Applied Physiology,Peake_2017,backward,crossref_reference_list+openalex_doi_lookup,yes
23354485,10.1038/ni.2525,"
Wakim LM, Gupta N, Mintern JD, Villadangos JA. 
Enhanced survival of lung tissue-resident memory CD8",,,Xie_2026,backward,pubmed_efetch_referencelist,no_new
23391992,10.1038/nri3386,"Scheiermann C, Kunisaki Y, Frenette PS. Circadian control of the immune system. Nat Rev Immunol (2013) 13(3):190–8. 10.1038/nri3386",2013,Nat Rev Immunol,Campbell_Turner_2018,backward,pubmed_efetch_referencelist,no_new
23395166,10.1016/j.cmet.2012.12.012,"Egan B, Zierath JR. Exercise metabolism and the molecular regulation of skeletal muscle adaptation. Cell Metab. (2013) 17:162–84. doi:  10.1016/j.cmet.2012.12.012. PMID:",2013,Cell Metab,Xie_2026,backward,pubmed_efetch_referencelist,no_new
23459753,10.1113/jphysiol.2012.244897,Timing and distribution of protein ingestion during prolonged recovery from resistance exercise alters myofibrillar protein synthesis,2013,The Journal of Physiology,Peake_2017,backward,crossref_reference_list+openalex_doi_lookup,no_new
23487566,10.3402/jom.v5i0.20401,Brandtzaeg P. Secretory immunity with special reference to the oral cavity. J Oral Microbiol (2013) 5:1–24. 10.3402/jom.v5i0.20401,2013,J Oral Microbiol,Campbell_Turner_2018,backward,pubmed_efetch_referencelist,no_new
23493360,10.1152/japplphysiol.01355.2012,"Warren K, Thompson N, Wannemuehler M, Kohut M. Antibody and CD8+ T cell memory response to influenza A/PR/8/34 infection is reduced in treadmill-exercised mice, yet still protective. J Appl Physiol (1985) (2013) 114(10):1413–20. 10.1152/japplphysiol.01355.2012",1985,J Appl Physiol,Campbell_Turner_2018,backward,pubmed_efetch_referencelist,yes
23584423,10.1038/nri3433,"Geiger H, de Haan G, Florian MC. The ageing haematopoietic stem cell compartment. Nat Rev Immunol (2013) 13(5):376–89. 10.1038/nri3433",2013,Nat Rev Immunol,Campbell_Turner_2018,backward,pubmed_efetch_referencelist,no_new
23598650,10.1038/nri3442,"Masopust D, Schenkel JM. The integration of T cell migration, differentiation and function. Nat Rev Immunol. (2013) 13:309–20. doi:  10.1038/nri3442. PMID:",2013,Nat Rev Immunol,Xie_2026,backward,pubmed_efetch_referencelist,no_new
23624785,10.1007/s00421-013-2650-7,"Effect of post-exercise protein–leucine feeding on neutrophil function, immunomodulatory plasma metabolites and cortisol during a 6-day block of intense cycling",2013,European Journal of Applied Physiology,Peake_2017,backward,crossref_reference_list+openalex_doi_lookup,yes
23665520,10.1038/nri3445,"Radtke F, MacDonald HR, Tacchini-Cottier F. Regulation of innate and adaptive immunity by Notch. Nat Rev Immunol (2013) 13(6):427–37. 10.1038/nri3445",2013,Nat Rev Immunol,Campbell_Turner_2018,backward,pubmed_efetch_referencelist,no_new
23684819,10.1016/j.bbi.2013.05.003,The effects of age and latent cytomegalovirus infection on the redeployment of CD8+ T cell subsets in response to acute exercise in humans,2013,Brain Behavior and Immunity,Peake_2017,backward,crossref_reference_list+openalex_doi_lookup,yes
23751727,10.1123/ijspp.2013-0126,Effect of Wearing Compression Stockings on Recovery After Mild Exercise-Induced Muscle Damage,2014,International Journal of Sports Physiology and Performance,Peake_2017,backward,crossref_reference_list+openalex_doi_lookup,yes
23817410,10.4049/jimmunol.1202940,"Roux A, Mourin G, Larsen M, Fastenackels S, Urrutia A, Gorochov G, et al. Differential impact of age and cytomegalovirus infection on the gammadelta T cell compartment. J Immunol (2013) 191(3):1300–6. 10.4049/jimmunol.1202940",2013,J Immunol,Campbell_Turner_2018,backward,pubmed_efetch_referencelist,no_new
23846823,10.1007/s40279-013-0077-2,"Eichenberger PA, Diener SN, Kofmehl R, Spengler CM. Effects of exercise training on airway hyperreactivity in asthma: a systematic review and meta-analysis. Sports Med. (2013) 43:1157–70. doi:  10.1007/s40279-013-0077-2. PMID:",2013,Sports Med,Xie_2026,backward,pubmed_efetch_referencelist,yes
23902657,10.1017/s0007114513001505,"Albers R, Bourdet-Sicard R, Braun D, Calder PC, Herz U, Lambert C, et al. Monitoring immune modulation by nutrition in the general population: identifying and substantiating effects on human health. Br J Nutr (2013) 110(Suppl 2):S1–30. 10.1017/S0007114513001505",2013,Br J Nutr,Campbell_Turner_2018,backward,pubmed_efetch_referencelist,no_new
23922172,10.1007/s00421-013-2704-x,"He CS, Handzlik M, Muhamad A, Gleeson M. Influence of CMV/EBV serostatus on respiratory infection incidence during 4 months of winter training in a student cohort of endurance athletes. Eur J Appl Physiol (2013) 113(10):2613–9. 10.1007/s00421-013-2704-x",2013,Eur J Appl Physiol,Campbell_Turner_2018,backward,pubmed_efetch_referencelist,no_new
23924918,10.1249/mss.0b013e3182a75ff2,"Ranadive SM, Cook M, Kappus RM, Yan H, Lane AD, Woods JA, et al. Effect of acute aerobic exercise on vaccine efficacy in older adults. Med Sci Sports Exerc (2014) 46(3):455–61. 10.1249/MSS.0b013e3182a75ff2",2014,Med Sci Sports Exerc,Campbell_Turner_2018,backward,pubmed_efetch_referencelist,yes
23977717,,"Abbasi A, Fehrenbach E, Hauth M, Walter M, Hudemann J, Wank V, et al. Changes in spontaneous and lps-induced ex vivo cytokine production and mrna expression in male and female athletes following prolonged exhaustive exercise. Exerc Immunol Rev. (2013) 19:8–28., PMID:",2013,Exerc Immunol Rev,Shi_2025,backward,pubmed_efetch_referencelist,yes
24006506,10.1189/jlb.0313180,"Wu T, Hu Y, Lee YT, Bouchard KR, Benechet A, Khanna K, et al. Lung-resident memory CD8 T cells (TRM) are indispensable for optimal cross-protection against pulmonary virus infection. J Leukoc Biol. (2014) 95:215–24. doi:  10.1189/jlb.0313180. PMID:",2014,J Leukoc Biol,Xie_2026,backward,pubmed_efetch_referencelist,no_new
24055797,10.1016/j.exger.2013.09.003,"Schmitt V, Rink L, Uciechowski P. The Th17/Treg balance is disturbed during aging. Exp Gerontol (2013) 48(12):1379–86. 10.1016/j.exger.2013.09.003",2013,Exp Gerontol,Campbell_Turner_2018,backward,pubmed_efetch_referencelist,no_new
24062739,10.3389/fimmu.2013.00271,"Fulop T, Larbi A, Pawelec G. Human T cell aging and the impact of persistent viral infections. Front Immunol (2013) 4:271. 10.3389/fimmu.2013.00271",2013,Front Immunol,Campbell_Turner_2018,backward,pubmed_efetch_referencelist,no_new
24068332,10.1136/bjsports-2013-092891,"Needleman I, Ashley P, Petrie A, Fortune F, Turner W, Jones J, et al. Oral health and impact on performance of athletes participating in the London 2012 Olympic Games: a cross-sectional study. Br J Sports Med (2013) 47(16):1054–8. 10.1136/bjsports-2013-092891",2013,Br J Sports Med,Campbell_Turner_2018,backward,pubmed_efetch_referencelist,no_new
24076049,10.1016/j.immuni.2013.08.019,"Zhang N, Bevan MJ. Transforming growth factor-β signaling controls the formation and maintenance of gut-resident memory T cells by regulating migration and retention. Immunity. (2013) 39:687–96. doi:  10.1016/j.immuni.2013.08.019. PMID:",2013,Immunity,Xie_2026,backward,pubmed_efetch_referencelist,no_new
24120932,10.1016/j.bbi.2013.10.002,High dietary protein restores overreaching induced impairments in leukocyte trafficking and reduces the incidence of upper respiratory tract infection in elite cyclists,2013,Brain Behavior and Immunity,Campbell_Turner_2018;Peake_2017,backward,crossref_reference_list+openalex_doi_lookup;pubmed_efetch_referencelist,yes
24126151,10.1016/j.bbi.2013.10.003,"Pascoe AR, Fiatarone Singh MA, Edwards KM. The effects of exercise on vaccination responses: a review of chronic and acute exercise interventions in humans. Brain Behav Immun (2014) 39:33–41. 10.1016/j.bbi.2013.10.003",2014,Brain Behav Immun,Campbell_Turner_2018,backward,pubmed_efetch_referencelist,yes
24144531,10.1136/bjsports-2013-092576,"Weston KS, Wisløff U, Coombes JS. High-intensity interval training in patients with lifestyle-induced cardiometabolic disease: A systematic review and meta-analysis. Br J Sports Med. (2014) 48:1227–34. doi:  10.1136/bjsports-2013-092576, PMID:",2014,Br J Sports Med,Shi_2025,backward,pubmed_efetch_referencelist,no_new
24162776,10.1038/ni.2744,"Mackay LK, Rahimpour A, Ma JZ, Collins N, Stock AT, Hafon ML, et al. The developmental pathway for CD103+CD8+ tissue-resident memory T cells of skin. Nat Immunol. (2013) 14:1294–301. doi:  10.1038/ni.2744. PMID:",2013,Nat Immunol,Xie_2026,backward,pubmed_efetch_referencelist,no_new
24165286,10.1111/obr.12126,"Muezzinler A, Zaineddin AK, Brenner H. Body mass index and leukocyte telomere length in adults: a systematic review and meta-analysis. Obes Rev (2014) 15(3):192–201. 10.1111/obr.12126",2014,Obes Rev,Campbell_Turner_2018,backward,pubmed_efetch_referencelist,no_new
24200513,10.1016/j.bbi.2013.10.031,"Brown FF, Bigley AB, Sherry C, Neal CM, Witard OC, Simpson RJ, et al. Training status and sex influence on senescent T-lymphocyte redistribution in response to acute maximal exercise. Brain Behav Immun (2014) 39:152–9. 10.1016/j.bbi.2013.10.031",2014,Brain Behav Immun,Campbell_Turner_2018,backward,pubmed_efetch_referencelist,yes
24200514,10.1016/j.bbi.2013.10.030,Acute exercise preferentially redeploys NK-cells with a highly-differentiated phenotype and augments cytotoxicity against lymphoma and multiple myeloma target cells,2013,Brain Behavior and Immunity,Campbell_Turner_2018;Peake_2017;Xie_2026,backward,crossref_reference_list+openalex_doi_lookup;pubmed_efetch_referencelist,yes
24236174,10.1371/journal.pone.0080248,"Câmara Niels OS, Weng T-P, Huang S-C, Chuang Y-F, Wang J-S. Effects of interval and continuous exercise training on Cd4 lymphocyte apoptotic and autophagic responses to hypoxic stress in sedentary men. PloS One. (2013) 8:e80248. doi:  10.1371/journal.pone.0080248, PMID:",2013,PloS One,Shi_2025,backward,pubmed_efetch_referencelist,no_new
24270347,10.1097/ppo.0000000000000005,"Gross E, Sunwoo JB, Bui JD. Cancer immunosurveillance and immunoediting by natural killer cells. Cancer J (2013) 19(6):483–9. 10.1097/PPO.0000000000000005",2013,Cancer J,Campbell_Turner_2018,backward,pubmed_efetch_referencelist,no_new
24291068,10.1016/j.exger.2013.11.010,Pawelec G. Immunosenenescence: role of cytomegalovirus. Exp Gerontol (2013) 54:1–5. 10.1016/j.exger.2013.11.010,2013,Exp Gerontol,Campbell_Turner_2018,backward,pubmed_efetch_referencelist,no_new
24296590,10.1159/000355303,"Jagger A, Shimojima Y, Goronzy JJ, Weyand CM. Regulatory T cells and the immune aging process: a mini-review. Gerontology (2014) 60(2):130–7. 10.1159/000355303",2014,Gerontology,Campbell_Turner_2018,backward,pubmed_efetch_referencelist,no_new
24315368,10.1016/j.cmet.2013.11.001,"Xu X, Grijalva A, Skowronski A, van Eijk M, Serlie MJ, Ferrante AW, Jr. Obesity activates a program of lysosomal-dependent lipid metabolism in adipose tissue macrophages independently of classic activation. Cell Metab (2013) 18(6):816–30. 10.1016/j.cmet.2013.11.001",2013,Cell Metab,Campbell_Turner_2018,backward,pubmed_efetch_referencelist,no_new
24343627,10.1590/s0004-27302013000800003,"Rocha RE, Coelho I, Pequito DC, Yamagushi A, Borghetti G, Yamazaki RK, et al. Interval training attenuates the metabolic disturbances in type 1 diabetes rat model. Arq Bras Endocrinol Metabol. (2013) 57:594–602. doi:  10.1590/s0004-27302013000800003, PMID:",2013,Arq Bras Endocrinol Metabol,Shi_2025,backward,pubmed_efetch_referencelist,no_new
24349333,10.1371/journal.pone.0082669,"Gabriel BM, Pugh J, Pruneta-Deloche V, Moulin P, Ratkevicius A, Gray SR. The effect of high intensity interval exercise on postprandial triacylglycerol and leukocyte activation–monitored for 48 H post exercise. PloS One. (2013) 8:e82669. doi:  10.1371/journal.pone.0082669, PMID:",2013,PloS One,Shi_2025,backward,pubmed_efetch_referencelist,yes
24367114,10.1073/pnas.1321060111,"Furman D, Hejblum BP, Simon N, Jojic V, Dekker CL, Thiebaut R, et al. Systems analysis of sex differences reveals an immunosuppressive role for testosterone in the response to influenza vaccination. Proc Natl Acad Sci U S A (2014) 111(2):869–74. 10.1073/pnas.1321060111",2014,Proc Natl Acad Sci U S A,Campbell_Turner_2018,backward,pubmed_efetch_referencelist,no_new
24384467,10.1016/j.bbi.2013.12.014,"Moro-Garcia MA, Fernandez-Garcia B, Echeverria A, Rodriguez-Alonso M, Suarez-Garcia FM, Solano-Jaurrieta JJ, et al. Frequent participation in high volume exercise throughout life is associated with a more differentiated adaptive immune response. Brain Behav Immun (2014) 39:61–74. 10.1016/j.bbi.2013.12.014",2014,Brain Behav Immun,Campbell_Turner_2018,backward,pubmed_efetch_referencelist,no_new
24401077,10.1111/cei.12267,"Spielmann G, Johnston CA, O’Connor DP, Foreyt JP, Simpson RJ. Excess body mass is associated with T cell differentiation indicative of immune ageing in children. Clin Exp Immunol (2014) 176(2):246–54. 10.1111/cei.12267",2014,Clin Exp Immunol,Campbell_Turner_2018,backward,pubmed_efetch_referencelist,no_new
24412212,10.1016/j.bbi.2014.01.002,"Teixeira AM, Rama L, Carvalho HM, Borges G, Carvalheiro T, Gleeson M, et al. Changes in naive and memory T-cells in elite swimmers during a winter training season. Brain Behav Immun (2014) 39:186–93. 10.1016/j.bbi.2014.01.002",2014,Brain Behav Immun,Campbell_Turner_2018,backward,pubmed_efetch_referencelist,no_new
24416176,10.1371/journal.pone.0083867,"Hoffman MD, Krishnan E. Health and exercise-related medical issues among 1,212 ultramarathon runners: baseline findings from the Ultrarunners Longitudinal TRAcking (ULTRA) study. PLoS One (2014) 9(1):e83867. 10.1371/journal.pone.0083867",2014,PLoS One,Campbell_Turner_2018,backward,pubmed_efetch_referencelist,yes
24434039,10.1016/j.bbi.2014.01.004,"Prieto-Hinojosa A, Knight A, Compton C, Gleeson M, Travers PJ. Reduced thymic output in elite athletes. Brain Behav Immun (2014) 39:75–9. 10.1016/j.bbi.2014.01.004",2014,Brain Behav Immun,Campbell_Turner_2018,backward,pubmed_efetch_referencelist,no_new
24440387,10.1016/j.exger.2014.01.003,"Appay V, Sauce D. Naive T cells: the crux of cellular immune aging? Exp Gerontol (2014) 54:90–3. 10.1016/j.exger.2014.01.003",2014,Naive T cells: the crux of cellular immune aging? Exp Gerontol,Campbell_Turner_2018,backward,pubmed_efetch_referencelist,no_new
24507468,10.2807/1560-7917.es2014.19.4.20684,"Bayer C, Remschmidt C, an der Heiden M, Tolksdorf K, Herzhoff M, Kaersten S, et al. Internet-based syndromic monitoring of acute respiratory illness in the general population of Germany, weeks 35/2011 to 34/2012. Euro Surveill (2014) 19(4):1–11. 10.2807/1560-7917.ES2014.19.4.20684",2014,Euro Surveill,Campbell_Turner_2018,backward,pubmed_efetch_referencelist,no_new
24520199,10.2147/jir.s54721,"Zwetsloot K, John C, Lawrence M, Battista R, Shanely RA. High-intensity interval training induces a modest systemic inflammatory response in active, young men. J Inflammation Res. (2014) 7:9–17. doi:  10.2147/jir.S54721, PMID:",2014,J Inflammation Res,Shi_2025,backward,pubmed_efetch_referencelist,yes
24579699,10.1615/critrevimmunol.2013006833,"Garg SK, Delaney C, Shi H, Yung R. Changes in adipose tissue macrophages and T cells during aging. Crit Rev Immunol (2014) 34(1):1–14. 10.1615/CritRevImmunol.2013006833",2014,Crit Rev Immunol,Campbell_Turner_2018,backward,pubmed_efetch_referencelist,no_new
24592300,,"Gholamnezhad Z, Boskabady MH, Hosseini M, Sankian M, Khajavi Rad A. Evaluation of immune response after moderate and overtraining exercise in wistar rat. Iran J Basic Med Sci. (2014) 17:1–8., PMID:",2014,Iran J Basic Med Sci,Shi_2025,backward,pubmed_efetch_referencelist,yes
24600554,10.1016/j.rinim.2013.01.001,"Bachi AL, Suguri VM, Ramos LR, Mariano M, Vaisberg M, Lopes JD. Increased production of autoantibodies and specific antibodies in response to influenza virus vaccination in physically active older individuals. Results Immunol. (2013) 3:10–6. doi:  10.1016/j.rinim.2013.01.001, PMID:",2013,Results Immunol,Shi_2025,backward,pubmed_efetch_referencelist,no_new
24610014,10.4049/jimmunol.1302313,"Cheuk S, Wikén M, Blomqvist L, Nylén S, Talme T, Ståhle M, et al. Epidermal Th22 and Tc17 cells form a localized disease memory in clinically healed psoriasis. J Immunol. (2014) 192:3111–20. doi:  10.4049/jimmunol.1302313. PMID:",2014,J Immunol,Xie_2026,backward,pubmed_efetch_referencelist,no_new
24673178,10.1089/jir.2013.0031,"Kakanis MW, Peake J, Brenu EW, Simmonds M, Gray B, Marshall-Gradisnik SM. T helper cell cytokine profiles after endurance exercise. J Interferon Cytokine Res. (2014) 34:699–706. doi:  10.1089/jir.2013.0031, PMID:",2014,J Interferon Cytokine Res,Shi_2025,backward,pubmed_efetch_referencelist,yes
24700875,10.1681/asn.2013070702,"Viana JL, Kosmadakis GC, Watson EL, Bevington A, Feehally J, Bishop NC, et al. Evidence for anti-inflammatory effects of exercise in ckd. J Am Soc Nephrol. (2014) 25:2121–30. doi:  10.1681/asn.2013070702, PMID:",2014,J Am Soc Nephrol,Shi_2025,backward,pubmed_efetch_referencelist,yes
24751728,10.1038/jid.2014.196,"Gulati N, Suarez-Farinas M, Fuentes-Duculan J, Gilleaudeau P, Sullivan-Whalen M, Correa da Rosa J, et al. Molecular characterization of human skin response to diphencyprone at peak and resolution phases: therapeutic insights. J Invest Dermatol (2014) 134(10):2531–40. 10.1038/jid.2014.196",2014,J Invest Dermatol,Campbell_Turner_2018,backward,pubmed_efetch_referencelist,no_new
24769424,10.1016/j.coi.2014.03.008,"Haq K, McElhaney JE. Immunosenescence: influenza vaccination and the elderly. Curr Opin Immunol (2014) 29:38–42. 10.1016/j.coi.2014.03.008",2014,Curr Opin Immunol,Campbell_Turner_2018,backward,pubmed_efetch_referencelist,no_new
24798414,10.1371/journal.pone.0096464,"Nunes-Silva A, Bernardes PT, Rezende BM, Lopes F, Gomes EC, Marques PE, et al. Treadmill exercise induces neutrophil recruitment into muscle tissue in a reactive oxygen species-dependent manner. An intravital microscopy study. PloS One. (2014) 9:e96464. doi:  10.1371/journal.pone.0096464, PMID:",2014,PloS One,Shi_2025,backward,pubmed_efetch_referencelist,yes
24798553,10.1007/s12026-014-8517-0,"Dhabhar FS. Effects of stress on immune function: the good, the bad, and the beautiful. Immunol Res (2014) 58(2–3):193–210. 10.1007/s12026-014-8517-0",2014,Immunol Res,Campbell_Turner_2018,backward,pubmed_efetch_referencelist,no_new
24885020,10.1186/1471-2334-14-271,"Romaniszyn D, Pobiega M, Wojkowska-Mach J, Chmielarczyk A, Gryglewska B, Adamski P, et al. 
The general status of patients and limited physical activity as risk factors of methicillin-resistant ",,,Campbell_Turner_2018,backward,pubmed_efetch_referencelist,no_new
24932991,10.1016/j.mad.2014.06.004,"Goh J, Ladiges WC. Exercise enhances wound healing and prevents cancer progression during aging by targeting macrophage polarity. Mech Ageing Dev (2014) 139:41–8. 10.1016/j.mad.2014.06.004",2014,Mech Ageing Dev,Campbell_Turner_2018,backward,pubmed_efetch_referencelist,no_new
24962921,10.2337/db14-0424,"Aroor AR, DeMarco VG. Oxidative stress and obesity: the chicken or the egg? Diabetes (2014) 63(7):2216–8. 10.2337/db14-0424",2014,Oxidative stress and obesity: the chicken or the egg? Diabetes,Campbell_Turner_2018,backward,pubmed_efetch_referencelist,no_new
24967270,10.1155/2014/561401,"Svendsen IS, Killer SC, Gleeson M. Influence of hydration status on changes in plasma cortisol, leukocytes, and antigen-stimulated cytokine production by whole blood culture following prolonged exercise. ISRN Nutr. (2014) 2014:1–10. doi:  10.1155/2014/561401, PMID:",2014,ISRN Nutr,Shi_2025,backward,pubmed_efetch_referencelist,yes
25003778,10.1249/mss.0000000000000359,Compression Garment Promotes Muscular Strength Recovery after Resistance Exercise,2014,Medicine & Science in Sports & Exercise,Peake_2017,backward,crossref_reference_list+openalex_doi_lookup,yes
25009085,10.1007/s10522-014-9514-3,"Hazeldine J, Lord JM. Innate immunesenescence: underlying mechanisms and clinical relevance. Biogerontology (2015) 16(2):187–201. 10.1007/s10522-014-9514-3",2015,Biogerontology,Campbell_Turner_2018,backward,pubmed_efetch_referencelist,no_new
25025358,10.1164/rccm.201401-0126le,"Alexis NE, Huang YC, Rappold AG, Kehrl H, Devlin R, Peden DB. Patients with asthma demonstrate airway inflammation after exposure to concentrated ambient particulate matter. Am J Respir Crit Care Med. (2014) 190:235–7. doi:  10.1164/rccm.201401-0126LE, PMID:",2014,Am J Respir Crit Care Med,Shi_2025,backward,pubmed_efetch_referencelist,no_new
25038103,10.1152/japplphysiol.00486.2014,"Perandini LA, Sales-de-Oliveira D, Mello SBV, Camara NO, Benatti FB, Lima FR, et al. Exercise training can attenuate the inflammatory milieu in women with systemic lupus erythematosus. J Appl Physiol. (2014) 117:639–47. doi:  10.1152/japplphysiol.00486.2014, PMID:",2014,J Appl Physiol,Shi_2025,backward,pubmed_efetch_referencelist,yes
25061767,10.1146/annurev-psych-010213-115205,Why Sleep Is Important for Health: A Psychoneuroimmunology Perspective,2014,Annual Review of Psychology,Peake_2017,backward,crossref_reference_list+openalex_doi_lookup,no_new
25083993,10.1172/jci75051,"Henson SM, Lanna A, Riddell NE, Franzese O, Macaulay R, Griffiths SJ, et al. p38 signaling inhibits mTORC1-independent autophagy in senescent human CD8(+) T cells. J Clin Invest (2014) 124(9):4004–16. 10.1172/JCI75051",2014,J Clin Invest,Campbell_Turner_2018,backward,pubmed_efetch_referencelist,no_new
25100341,10.1249/mss.0000000000000461,"Hellard P, Avalos M, Guimaraes F, Toussaint JF, Pyne DB. Training-related risk of common illnesses in elite swimmers over a 4-yr period. Med Sci Sports Exerc (2015) 47(4):698–707. 10.1249/MSS.0000000000000461",2015,Med Sci Sports Exerc,Campbell_Turner_2018,backward,pubmed_efetch_referencelist,no_new
25134749,10.1016/j.pmrj.2014.05.016,"Derman W, Schwellnus M, Jordaan E. Clinical characteristics of 385 illnesses of athletes with impairment reported on the WEB-IISS system during the London 2012 Paralympic Games. PM R (2014) 6(8 Suppl):S23–30. 10.1016/j.pmrj.2014.05.016",2014,PM R,Campbell_Turner_2018,backward,pubmed_efetch_referencelist,no_new
25144233,10.1371/journal.pone.0105703,Inhibitory Phenotype of HBV-Specific CD4+ T-Cells Is Characterized by High PD-1 Expression but Absent Coregulation of Multiple Inhibitory Molecules,2014,PLoS ONE,Xie_2026,backward,pubmed_efetch_referencelist+openalex_doi_lookup,no_new
25170048,10.1126/science.1257530,"Iijima N, Iwasaki A. T cell memory. A local macrophage chemokine network sustains protective tissue-resident memory CD4 T cells. Science. (2014) 346:93–8. doi:  10.1126/science.1257530. PMID:",2014,Science,Xie_2026,backward,pubmed_efetch_referencelist,no_new
25170049,,"
Schenkel JM, Fraser KA, Beura LK, Pauken KE, Vezys V, Masopust D. 
T cell memory. Resident memory CD8",,,Xie_2026,backward,pubmed_efetch_referencelist,no_new
25242226,10.1016/j.cmet.2014.08.010,"Kratz M, Coats BR, Hisert KB, Hagman D, Mutskov V, Peris E, et al. Metabolic dysfunction drives a mechanistically distinct proinflammatory phenotype in adipose tissue macrophages. Cell Metab (2014) 20(4):614–25. 10.1016/j.cmet.2014.08.010",2014,Cell Metab,Campbell_Turner_2018,backward,pubmed_efetch_referencelist,no_new
25264280,10.1111/sms.12320,Progenitor cell mobilization after exercise is related to systemic levels of G ‐ CSF and muscle damage,2014,Scandinavian Journal of Medicine and Science in Sports,Peake_2017,backward,crossref_reference_list+openalex_doi_lookup,yes
25282159,10.1038/ni.3009,"
Bertin S, Aoki-Nonaka Y, de Jong PR, Nohara LL, Xu H, Stanwood SR, et al. 
The ion channel TRPV1 regulates the activation and proinflammatory properties of CD4",,,Xie_2026,backward,pubmed_efetch_referencelist,no_new
25308332,10.1016/j.immuni.2014.09.007,"Laidlaw BJ, Zhang N, Marshall HD, Staron MM, Guan T, Hu Y, et al. CD4+ T cell help guides formation of CD103+ lung-resident memory CD8+ T cells during influenza viral infection. Immunity. (2014) 41:633–45. doi:  10.1016/j.immuni.2014.09.007. PMID:",2014,Immunity,Xie_2026,backward,pubmed_efetch_referencelist,no_new
25344476,10.14814/phy2.12172,Ibuprofen supplementation and its effects on NF-κB activation in skeletal muscle following resistance exercise,2014,Physiological Reports,Peake_2017,backward,crossref_reference_list+openalex_doi_lookup,yes
25380472,10.1249/mss.0000000000000562,"Diment BC, Fortes MB, Edwards JP, Hanstock HG, Ward MD, Dunstall HM, et al. Exercise intensity and duration effects on in vivo immunity. Med Sci Sports Exerc (2015) 47(7):1390–8. 10.1249/MSS.0000000000000562",2015,Med Sci Sports Exerc,Campbell_Turner_2018,backward,pubmed_efetch_referencelist,yes
25399072,10.1007/s11357-014-9729-x,"Bueno V, Sant’Anna OA, Lord JM. Ageing and myeloid-derived suppressor cells: possible involvement in immunosenescence and age-related disease. Age (Dordr) (2014) 36(6):9729. 10.1007/s11357-014-9729-x",2014,Age (Dordr),Campbell_Turner_2018,backward,pubmed_efetch_referencelist,no_new
25417152,10.1016/j.cell.2014.10.029,"Hawley JA, Hargreaves M, Joyner MJ, Zierath JR. Integrative biology of exercise. Cell. (2014) 159:738–49. doi:  10.1016/j.cell.2014.10.029. PMID:",2014,Cell,Xie_2026,backward,pubmed_efetch_referencelist,no_new
25422496,10.1084/jem.20141132,"Nakai A, Hayano Y, Furuta F, Noda M, Suzuki K. Control of lymphocyte egress from lymph nodes through β2-adrenergic receptors. J Exp Med. (2014) 211:2583–98. doi:  10.1084/jem.20141132. PMID:",2014,J Exp Med,Xie_2026,backward,pubmed_efetch_referencelist,no_new
25435787,,"Martensson S, Nordebo K, Malm C. High training volumes are associated with a low number of self-reported sick days in elite endurance athletes. J Sports Sci Med (2014) 13(4):929–33.",2014,J Sports Sci Med,Campbell_Turner_2018,backward,pubmed_efetch_referencelist,no_new
25521684,10.1038/ni.3049,"Lambrecht BN, Hammad H. The immunology of asthma. Nat Immunol. (2015) 16:45–56. doi:  10.1038/ni.3049. PMID:",2015,Nat Immunol,Xie_2026,backward,pubmed_efetch_referencelist,no_new
25526304,10.1016/j.immuni.2014.12.007,"Schenkel JM, Masopust D. Tissue-resident memory T cells. Immunity. (2014) 41:886–97. doi:  10.1016/j.immuni.2014.12.007. PMID:",2014,Immunity,Xie_2026,backward,pubmed_efetch_referencelist,no_new
25551922,10.3906/sag-1305-23,"Aral LA, Pinar L, Göktaş G, Deveden EY, Erdoğan D. Comparison of hippocampal interleukin-6 immunoreactivity after exhaustive exercise in both exercise-trained and untrained rats. Turk J Med Sci. (2014) 44:560–8. doi:  10.3906/sag-1305-23, PMID:",2014,Turk J Med Sci,Shi_2025,backward,pubmed_efetch_referencelist,no_new
25578514,10.1016/j.bbi.2014.12.027,"Bigley AB, Rezvani K, Pistillo M, Reed J, Agha N, Kunz H, et al. Acute exercise preferentially redeploys NK-cells with a highly-differentiated phenotype and augments cytotoxicity against lymphoma and multiple myeloma target cells. Part II: impact of latent cytomegalovirus infection and catecholamine sensitivity. Brain Behav Immun (2015) 49:59–65. 10.1016/j.bbi.2014.12.027",2015,Brain Behav Immun,Campbell_Turner_2018,backward,pubmed_efetch_referencelist,yes
25582807,10.1016/j.bbi.2014.12.018,Sleep disruption and its effect on lymphocyte redeployment following an acute bout of exercise,2015,Brain Behavior and Immunity,Peake_2017,backward,crossref_reference_list+openalex_doi_lookup,yes
25624457,10.4049/jimmunol.1402256,"Mackay LK, Braun A, Macleod BL, Collins N, Tebartz C, Bedoui S, et al. Cutting edge: CD69 interference with sphingosine-1-phosphate receptor function regulates peripheral T cell retention. J Immunol. (2015) 194:2059–63. doi:  10.4049/jimmunol.1402256. PMID:",2015,J Immunol,Xie_2026,backward,pubmed_efetch_referencelist,no_new
25706747,10.1038/ni.3108,"Bergsbaken T, Bevan MJ. Proinflammatory microenvironments within the intestine regulate the differentiation of tissue-resident CD8+ T cells responding to infection. Nat Immunol. (2015) 16:406–14. doi:  10.1038/ni.3108. PMID:",2015,Nat Immunol,Xie_2026,backward,pubmed_efetch_referencelist,no_new
25708485,10.1016/j.cellimm.2015.02.004,"Trigunaite A, Dimo J, Jorgensen TN. Suppressive effects of androgens on the immune system. Cell Immunol (2015) 294(2):87–94. 10.1016/j.cellimm.2015.02.004",2015,Cell Immunol,Campbell_Turner_2018,backward,pubmed_efetch_referencelist,no_new
25785862,10.1371/journal.pone.0120918,"Costanzo AE, Taylor KR, Dutt S, Han PP, Fujioka K, Jameson JM. Obesity impairs gammadelta T cell homeostasis and antiviral function in humans. PLoS One (2015) 10(3):e0120918. 10.1371/journal.pone.0120918",2015,PLoS One,Campbell_Turner_2018,backward,pubmed_efetch_referencelist,no_new
25787765,10.1126/scitranslmed.3010302,"Watanabe R, Gehad A, Yang C, Scott LL, Teague JE, Schlapbach C, et al. Human skin is protected by four functionally and phenotypically discrete populations of resident and recirculating memory T cells. Sci Transl Med. (2015) 7:279ra39. doi:  10.1126/scitranslmed.3010302. PMID:",2015,Sci Transl Med,Xie_2026,backward,pubmed_efetch_referencelist,no_new
25864559,10.2217/epi.15.29,"Denham J, O’Brien BJ, Harvey JT, Charchar FJ. Genome-wide sperm DNA methylation changes after 3 months of exercise training in humans. Epigenomics. (2015) 7:717–31. doi:  10.2217/epi.15.29. PMID:",2015,Epigenomics,Xie_2026,backward,pubmed_efetch_referencelist,no_new
25893563,10.1007/s00421-015-3173-1,"Killer SC, Svendsen IS, Gleeson M. The influence of hydration status during prolonged endurance exercise on salivary antimicrobial proteins. Eur J Appl Physiol (2015) 115(9):1887–95. 10.1007/s00421-015-3173-1",2015,Eur J Appl Physiol,Campbell_Turner_2018,backward,pubmed_efetch_referencelist,yes
25898198,10.1038/ni.3153,"Hunter CA, Jones SA. IL-6 as a keystone cytokine in health and disease. Nat Immunol. (2015) 16:448–57. doi:  10.1038/ni.3153. PMID:",2015,Nat Immunol,Xie_2026,backward,pubmed_efetch_referencelist,no_new
25915527,10.1519/jsc.0000000000000828,"Exercise, But Not Acute Sleep Loss, Increases Salivary Antimicrobial Protein Secretion",2015,The Journal of Strength and Conditioning Research,Peake_2017,backward,crossref_reference_list+openalex_doi_lookup,yes
25957682,10.1016/j.cell.2015.03.031,"Steinert EM, Schenkel JM, Fraser KA, Beura LK, Manlove LS, Igyártó BZ, et al. Quantifying memory CD8 T cells reveals regionalization of immunosurveillance. Cell. (2015) 161:737–49. doi:  10.1016/j.cell.2015.03.031. PMID:",2015,Cell,Xie_2026,backward,pubmed_efetch_referencelist,no_new
25961393,10.1097/aci.0000000000000149,"Bonini M, Gramiccioni C, Fioretti D, Ruckert B, Rinaldi M, Akdis C, et al. Asthma, allergy and the Olympics: a 12-year survey in elite athletes. Curr Opin Allergy Clin Immunol (2015) 15(2):184–92. 10.1097/ACI.0000000000000149",2015,Curr Opin Allergy Clin Immunol,Campbell_Turner_2018;Shi_2025,backward,pubmed_efetch_referencelist,yes
25965853,10.1038/ncomms8000,"Dopico XC, Evangelou M, Ferreira RC, Guo H, Pekalski ML, Smyth DJ, et al. Widespread seasonal gene expression reveals annual differences in human immunity and physiology. Nat Commun (2015) 6:7000. 10.1038/ncomms8000",2015,Nat Commun,Campbell_Turner_2018,backward,pubmed_efetch_referencelist,no_new
25976513,10.1038/nri3843,"Evans SS, Repasky EA, Fisher DT. Fever and the thermal regulation of immunity: the immune system feels the heat. Nat Rev Immunol. (2015) 15:335–49. doi:  10.1038/nri3843. PMID:",2015,Nat Rev Immunol,Xie_2026,backward,pubmed_efetch_referencelist,no_new
25999950,10.3389/fimmu.2015.00212,Mills CD. Anatomy of a discovery: m1 and m2 macrophages. Front Immunol (2015) 6:212. 10.3389/fimmu.2015.00212,2015,Front Immunol,Campbell_Turner_2018,backward,pubmed_efetch_referencelist,no_new
26023229,10.1152/japplphysiol.00287.2015,"Mooren FC, Kruger K. Apoptotic lymphocytes induce progenitor cell mobilization after exercise. J Appl Physiol (1985) (2015) 119(2):135–9. 10.1152/japplphysiol.00287.2015",1985,J Appl Physiol,Campbell_Turner_2018,backward,pubmed_efetch_referencelist,yes
26023781,10.1371/journal.pone.0126995,"Goldinger A, Shakhbazov K, Henders AK, McRae AF, Montgomery GW, Powell JE. Seasonal effects on gene expression. PLoS One (2015) 10(5):e0126995. 10.1371/journal.pone.0126995",2015,PLoS One,Campbell_Turner_2018,backward,pubmed_efetch_referencelist,no_new
26026054,10.4049/jimmunol.1402975,"McMaster SR, Wilson JJ, Wang H, Kohlmeier JE. Airway-resident memory CD8 T cells provide antigen-specific protection against respiratory virus challenge through rapid IFN-γ production. J Immunol. (2015) 195:203–9. doi:  10.4049/jimmunol.1402975. PMID:",2015,J Immunol,Xie_2026,backward,pubmed_efetch_referencelist,no_new
26074923,10.3389/fimmu.2015.00263,"Chavez-Galan L, Olleros ML, Vesin D, Garcia I. Much more than M1 and M2 macrophages, there are also CD169(+) and TCR(+) macrophages. Front Immunol (2015) 6:263. 10.3389/fimmu.2015.00263",2015,Front Immunol,Campbell_Turner_2018,backward,pubmed_efetch_referencelist,no_new
26118561,10.5665/sleep.4968,Behaviorally Assessed Sleep and Susceptibility to the Common Cold,2015,SLEEP,Peake_2017,backward,crossref_reference_list+openalex_doi_lookup,no_new
26163337,10.1007/s00394-015-0977-z,Carbohydrate supplementation does not blunt the prolonged exercise-induced reduction of in vivo immunity,2015,European Journal of Nutrition,Peake_2017,backward,crossref_reference_list+openalex_doi_lookup,yes
26318411,10.1016/j.bbi.2015.08.017,"Engeland CG, Hugo FN, Hilgert JB, Nascimento GG, Junges R, Lim HJ, et al. Psychological distress and salivary secretory immunity. Brain Behav Immun (2016) 52:11–7. 10.1016/j.bbi.2015.08.017",2016,Brain Behav Immun,Campbell_Turner_2018,backward,pubmed_efetch_referencelist,no_new
2635263,,"Nieman DC, Johanssen LM, Lee JW. Infectious episodes in runners before and after a roadrace. J Sports Med Phys Fitness (1989) 29(3):289–96.",1989,J Sports Med Phys Fitness,Campbell_Turner_2018,backward,pubmed_efetch_referencelist,no_new
26413718,10.1371/journal.pone.0139028,The Effect of Post-Exercise Cryotherapy on Recovery Characteristics: A Systematic Review and Meta-Analysis,2015,PLoS ONE,Peake_2017,backward,crossref_reference_list+openalex_doi_lookup,yes
26432452,10.1016/j.physbeh.2015.09.027,"Brown FF, Bigley AB, Ross JC, LaVoy EC, Simpson RJ, Galloway SD. T-lymphocyte populations following a period of high volume training in female soccer players. Physiol Behav (2015) 152(Pt A):175–81. 10.1016/j.physbeh.2015.09.027",2015,Physiol Behav,Campbell_Turner_2018,backward,pubmed_efetch_referencelist,no_new
26476404,10.1016/j.cyto.2015.10.003,"Dorneles GP, Haddad DO, Fagundes VO, Vargas BK, Kloecker A, Romão PRT, et al. High intensity interval exercise decreases Il-8 and enhances the immunomodulatory cytokine interleukin-10 in lean and overweight–obese individuals. Cytokine. (2016) 77:1–9. doi:  10.1016/j.cyto.2015.10.003, PMID:",2016,Cytokine,Shi_2025,backward,pubmed_efetch_referencelist,yes
26477922,10.1016/bs.pmbts.2015.08.001,"Simpson RJ, Kunz H, Agha N, Graff R. Exercise and the regulation of immune functions. Prog Mol Biol Transl Sci. (2015) 135:355–80. doi:  10.1016/bs.pmbts.2015.08.001, PMID:",2015,Prog Mol Biol Transl Sci,Shi_2025;Xie_2026,backward,pubmed_efetch_referencelist,yes
26479922,10.1038/nm.3962,"Adachi T, Kobayashi T, Sugihara E, Yamada T, Ikuta K, Pittaluga S, et al. Hair follicle-derived IL-7 and IL-15 mediate skin-resident memory T cell homeostasis and lymphoma. Nat Med. (2015) 21:1272–9. doi:  10.1038/nm.3962. PMID:",2015,Nat Med,Xie_2026,backward,pubmed_efetch_referencelist,no_new
26480853,10.1007/s11357-015-9843-4,"de Araujo AL, Silva LC, Fernandes JR, Matias Mde S, Boas LS, Machado CM, et al. Elderly men with moderate and intense training lifestyle present sustained higher antibody responses to influenza vaccine. Age (Dordr) (2015) 37(6):105. 10.1007/s11357-015-9843-4",2015,Age (Dordr),Campbell_Turner_2018;Shi_2025,backward,pubmed_efetch_referencelist,no_new
26487283,10.1113/ep085505,Effect of acute exercise on circulating angiogenic cell and microparticle populations,2015,Experimental Physiology,Peake_2017,backward,crossref_reference_list+openalex_doi_lookup,yes
26496418,10.1249/mss.0000000000000801,"Hanstock HG, Walsh NP, Edwards JP, Fortes MB, Cosby SL, Nugent A, et al. Tear fluid SIgA as a noninvasive biomarker of mucosal immunity and common cold risk. Med Sci Sports Exerc (2016) 48(3):569–77. 10.1249/MSS.0000000000000801",2016,Med Sci Sports Exerc,Campbell_Turner_2018,backward,pubmed_efetch_referencelist,yes
26588038,10.1080/21645515.2015.1105413,"Frasca D, Blomberg BB. Aging, cytomegalovirus (CMV) and influenza vaccine responses. Hum Vaccin Immunother (2016) 12(3):682–90. 10.1080/21645515.2015.1105413",2016,Hum Vaccin Immunother,Campbell_Turner_2018,backward,pubmed_efetch_referencelist,no_new
26634839,10.1038/icb.2015.109,Immunological aspects of sport nutrition,2015,Immunology and Cell Biology,Campbell_Turner_2018;Peake_2017,backward,crossref_reference_list+openalex_doi_lookup;pubmed_efetch_referencelist,yes
26682984,10.1016/j.immuni.2015.11.008,"Mackay LK, Wynne-Jones E, Freestone D, Pellicci DG, Mielke LA, Newman DM, et al. T-box transcription factors combine with the cytokines TGF-β and IL-15 to control tissue-resident memory T cell fate. Immunity. (2015) 43:1101–11. doi:  10.1016/j.immuni.2015.11.008. PMID:",2015,Immunity,Xie_2026,backward,pubmed_efetch_referencelist,no_new
26688349,10.1038/nri.2015.1,"Rosenblum MD, Way SS, Abbas AK. Regulatory T cell memory. Nat Rev Immunol. (2016) 16:90–101. doi:  10.1038/nri.2015.1. PMID:",2016,Nat Rev Immunol,Xie_2026,backward,pubmed_efetch_referencelist,no_new
26688350,10.1038/nri.2015.3,"Mueller SN, Mackay LK. Tissue-resident memory T cells: local specialists in immune defence. Nat Rev Immunol. (2016) 16:79–89. doi:  10.1038/nri.2015.3. PMID:",2016,Nat Rev Immunol,Xie_2026,backward,pubmed_efetch_referencelist,no_new
26694970,10.1084/jem.20151570,"O’Neill LA, Pearce EJ. Immunometabolism governs dendritic cell and macrophage function. J Exp Med. (2016) 213:15–23. doi:  10.1084/jem.20151570",2016,J Exp Med,Xie_2026,backward,pubmed_efetch_referencelist,no_new
26697006,10.3389/fimmu.2015.00601,"Chester C, Fritsch K, Kohrt HE. Natural killer cell immunomodulation: targeting activating, inhibitory, and co-stimulatory receptor signaling for cancer immunotherapy. Front Immunol. (2015) 6:601. doi:  10.3389/fimmu.2015.00601, PMID:",2015,Front Immunol,Shi_2025,backward,pubmed_efetch_referencelist,no_new
26744505,10.1152/japplphysiol.00925.2015,Acute exercise mobilizes hematopoietic stem and progenitor cells and alters the mesenchymal stromal cell secretome,2016,Journal of Applied Physiology,Peake_2017,backward,crossref_reference_list+openalex_doi_lookup,yes
26853134,,"Simpson RJ, Bigley AB, Spielmann G, LaVoy EC, Kunz H, Bollard CM. Human cytomegalovirus infection and the immune response to exercise. Exerc Immunol Rev (2016) 22:8–27.",2016,Exerc Immunol Rev,Campbell_Turner_2018,backward,pubmed_efetch_referencelist,yes
26853488,,"Heaney JL, Gleeson M, Phillips AC, Taylor IM, Drayson MT, Goodall M, et al. Salivary immunoglobulin free light chains: reference ranges and responses to exercise in young and older adults. Exerc Immunol Rev (2016) 22:28–41.",2016,Exerc Immunol Rev,Campbell_Turner_2018,backward,pubmed_efetch_referencelist,yes
26863877,10.1007/s11357-016-9879-0,"Silva LC, de Araujo AL, Fernandes JR, Matias Mde S, Silva PR, Duarte AJ, et al. Moderate and intense exercise lifestyles attenuate the effects of aging on telomere length and the survival and composition of T cell subpopulations. Age (Dordr) (2016) 38(1):24. 10.1007/s11357-016-9879-0",2016,Age (Dordr),Campbell_Turner_2018,backward,pubmed_efetch_referencelist,no_new
26873990,10.4049/jimmunol.1502422,Simulated Night Shift Disrupts Circadian Rhythms of Immune Functions in Humans,2016,The Journal of Immunology,Peake_2017,backward,crossref_reference_list+openalex_doi_lookup,no_new
26895752,10.1016/j.cmet.2016.01.011,"Pedersen L, Idorn M, Olofsson GH, Lauenborg B, Nookaew I, Hansen RH, et al. Voluntary running suppresses tumor growth through epinephrine- and IL-6-dependent NK cell mobilization and redistribution. Cell Metab (2016) 23(3):554–62. 10.1016/j.cmet.2016.01.011",2016,Cell Metab,Campbell_Turner_2018;Xie_2026,backward,pubmed_efetch_referencelist,no_new
26918560,10.1249/mss.0000000000000914,Intensive Exercise Does Not Preferentially Mobilize Skin-Homing T Cells and NK Cells,2016,Medicine & Science in Sports & Exercise,Campbell_Turner_2018;Peake_2017,backward,crossref_reference_list+openalex_doi_lookup;pubmed_efetch_referencelist,yes
26928196,10.1016/j.bbi.2016.02.024,"Bartlett DB, Fox O, McNulty CL, Greenwood HL, Murphy L, Sapey E, et al. Habitual physical activity is associated with the maintenance of neutrophil migratory dynamics in healthy older adults. Brain Behav Immun (2016) 56:12–20. 10.1016/j.bbi.2016.02.024",2016,Brain Behav Immun,Campbell_Turner_2018,backward,pubmed_efetch_referencelist,no_new
26941278,10.1136/bjsports-2015-095398,"Svendsen IS, Taylor IM, Tonnessen E, Bahr R, Gleeson M. Training-related and competition-related risk factors for respiratory tract and gastrointestinal infections in elite cross-country skiers. Br J Sports Med (2016) 50(13):809–15. 10.1136/bjsports-2015-095398",2016,Br J Sports Med,Campbell_Turner_2018,backward,pubmed_efetch_referencelist,no_new
26941738,10.3389/fimmu.2016.00041,"McElhaney JE, Kuchel GA, Zhou X, Swain SL, Haynes L. T-cell immunity to influenza in older adults: a pathophysiological framework for development of more effective vaccines. Front Immunol (2016) 7:41. 10.3389/fimmu.2016.00041",2016,Front Immunol,Campbell_Turner_2018,backward,pubmed_efetch_referencelist,no_new
27001957,10.1016/j.immuni.2014.12.007,"Schenkel JM, Fraser KA, Casey KA, Beura LK, Pauken KE, Vezys V, et al. IL-15-independent maintenance of tissue-resident and boosted effector memory CD8 T cells. J Immunol. (2016) 196:3920–6. doi:  10.1016/j.immuni.2014.12.007. PMID:",2016,J Immunol,Xie_2026,backward,pubmed_efetch_referencelist,no_new
27023222,10.1007/s10522-016-9642-z,Turner JE. Is immunosenescence influenced by our lifetime “dose” of exercise? Biogerontology (2016) 17(3):581–602. 10.1007/s10522-016-9642-z,2016,Is immunosenescence influenced by our lifetime “dose” of exercise? Biogerontology,Campbell_Turner_2018,backward,pubmed_efetch_referencelist,yes
27064890,10.3389/fphys.2016.00086,Ibuprofen Ingestion Does Not Affect Markers of Post-exercise Muscle Inflammation,2016,Frontiers in Physiology,Peake_2017,backward,crossref_reference_list+openalex_doi_lookup,yes
27096389,10.1371/journal.pone.0153647,"Zissel G, Tossige-Gomes R, Costa KB, Ottone V, Magalhães F, Amorim FT, et al. Lymphocyte redox imbalance and reduced proliferation after a single session of high intensity interval exercise. PloS One. (2016) 11:e0153647. doi:  10.1371/journal.pone.0153647, PMID:",2016,PloS One,Shi_2025,backward,pubmed_efetch_referencelist,yes
27102484,10.1126/science.aad2035,"Mackay LK, Minnich M, Kragten NA, Liao Y, Nota B, Seillet C, et al. Hobit and Blimp1 instruct a universal transcriptional program of tissue residency in lymphocytes. Science. (2016) 352:459–63. doi:  10.1126/science.aad2035. PMID:",2016,Science,Xie_2026,backward,pubmed_efetch_referencelist,no_new
27102489,10.1126/science.aaf1098,"Netea MG, Joosten LA, Latz E, Mills KH, Natoli G, Stunnenberg HG, et al. Trained immunity: A program of innate immune memory in health and disease. Science. (2016) 352:aaf1098. doi:  10.1126/science.aaf1098. PMID:",2016,Science,Xie_2026,backward,pubmed_efetch_referencelist,no_new
27103377,10.1016/j.bbi.2016.04.008,"Siedlik JA, Benedict SH, Landes EJ, Weir JP, Vardiman JP, Gallagher PM. Acute bouts of exercise induce a suppressive effect on lymphocyte proliferation in human subjects: a meta-analysis. Brain Behav Immun (2016) 56:343–51. 10.1016/j.bbi.2016.04.008",2016,Brain Behav Immun,Campbell_Turner_2018,backward,pubmed_efetch_referencelist,yes
27181409,10.1038/srep25852,A single exercise bout enhances the manufacture of viral-specific T-cells from healthy donors: implications for allogeneic adoptive transfer immunotherapy,2016,Scientific Reports,Peake_2017,backward,crossref_reference_list+openalex_doi_lookup,yes
27183032,10.1001/jamainternmed.2016.1548,"Moore SC, Lee IM, Weiderpass E, Campbell PT, Sampson JN, Kitahara CM, et al. Association of leisure-time physical activity with risk of 26 types of cancer in 1.44 million adults. JAMA Intern Med (2016) 176(6):816–25. 10.1001/jamainternmed.2016.1548",2016,JAMA Intern Med,Campbell_Turner_2018,backward,pubmed_efetch_referencelist,no_new
27183117,10.1249/mss.0000000000000979,"Kruger K, Alack K, Ringseis R, Mink L, Pfeifer E, Schinle M, et al. Apoptosis of T-cell subsets after acute high-intensity interval exercise. Med Sci Sports Exerc (2016) 48(10):2021–9. 10.1249/MSS.0000000000000979",2016,Med Sci Sports Exerc,Campbell_Turner_2018;Shi_2025,backward,pubmed_efetch_referencelist,yes
27187103,10.1249/mss.0000000000000953,"Pape K, Ryttergaard L, Rotevatn TA, Nielsen BJ, Torp-Pedersen C, Overgaard C, et al. Leisure-time physical activity and the risk of suspected bacterial infections. Med Sci Sports Exerc (2016) 48(9):1737–44. 10.1249/MSS.0000000000000953",2016,Med Sci Sports Exerc,Campbell_Turner_2018,backward,pubmed_efetch_referencelist,no_new
27293185,10.1016/j.cell.2016.05.035,"Buck MD, O'Sullivan D, Klein Geltink RI, Curtis JD, Chang CH, Sanin DE, et al. Mitochondrial dynamics controls T cell fate through metabolic programming. Cell. (2016) 166:63–76. doi:  10.1016/j.cell.2016.05.035. PMID:",2016,Cell,Xie_2026,backward,pubmed_efetch_referencelist,no_new
27321758,10.1016/j.physbeh.2016.06.023,"Turner JE, Spielmann G, Wadley AJ, Aldred S, Simpson RJ, Campbell JP. Exercise-induced B cell mobilisation: preliminary evidence for an influx of immature cells into the bloodstream. Physiol Behav (2016) 164(Pt A):376–82. 10.1016/j.physbeh.2016.06.023",2016,Physiol Behav,Campbell_Turner_2018,backward,pubmed_efetch_referencelist,yes
27339155,10.1007/s00421-016-3414-y,"Ruffino JS, Davies NA, Morris K, Ludgate M, Zhang L, Webb R, et al. Moderate-intensity exercise alters markers of alternative activation in circulating monocytes in females: A putative role for pparγ. Eur J Appl Physiol. (2016) 116:1671–82. doi:  10.1007/s00421-016-3414-y, PMID:",2016,Eur J Appl Physiol,Shi_2025,backward,pubmed_efetch_referencelist,no_new
27468427,10.1172/jci.insight.85832,"Zens KD, Chen JK, Farber DL. Vaccine-generated lung tissue-resident memory T cells provide heterosubtypic protection to influenza infection. JCI Insight. (2016) 1:e85832. doi:  10.1172/jci.insight.85832. PMID:",2016,JCI Insight,Xie_2026,backward,pubmed_efetch_referencelist,no_new
27480774,10.1615/critreveukaryotgeneexpr.2016015920,Macrophage Polarization: Implications on Metabolic Diseases and the Role of Exercise,2016,Critical Reviews in Eukaryotic Gene Expression,Peake_2017,forward,openalex_cited_by,no_new
27545762,10.1002/14651858.cd011857.pub2,"Grande AJ, Reid H, Thomas EE, Nunan D, Foster C. Exercise prior to influenza vaccination for limiting influenza incidence and its related complications in adults. Cochrane Database Syst Rev (2016) (8):CD011857. 10.1002/14651858.CD011857.pub2",2016,Cochrane Database Syst Rev,Campbell_Turner_2018,backward,pubmed_efetch_referencelist,no_new
27546235,10.1038/nri.2016.90,"Klein SL, Flanagan KL. Sex differences in immune responses. Nat Rev Immunol. (2016) 16:626–38. doi:  10.1038/nri.2016.90. PMID:",2016,Nat Rev Immunol,Xie_2026,backward,pubmed_efetch_referencelist,no_new
27776108,10.1038/ni.3589,"Hombrink P, Helbig C, Backer RA, Piet B, Oja AE, Stark R, et al. Programs for the persistence, vigilance and control of human CD8+ lung-resident memory T cells. Nat Immunol. (2016) 17:1467–78. doi:  10.1038/ni.3589. PMID:",2016,Nat Immunol,Xie_2026,backward,pubmed_efetch_referencelist,no_new
27799619,10.1084/jem.20160723,"Suzuki K, Hayano Y, Nakai A, Furuta F, Noda M. Adrenergic control of the adaptive immune response by diurnal lymphocyte recirculation through lymph nodes. J Exp Med (2016) 213(12):2567–74. 10.1084/jem.20160723",2016,J Exp Med,Campbell_Turner_2018,backward,pubmed_efetch_referencelist,no_new
27866236,10.1007/s00223-016-0212-9,"Cao Dinh H, Beyer I, Mets T, Onyema OO, Njemini R, Renmans W, et al. Effects of physical exercise on markers of cellular immunosenescence: a systematic review. Calcif Tissue Int (2017) 100(2):193–215. 10.1007/s00223-016-0212-9",2017,Calcif Tissue Int,Campbell_Turner_2018,backward,pubmed_efetch_referencelist,yes
27903841,10.1177/1534735416679515,"Chamorro-Viña C, Valentín J, Fernández L, González-Vicent M, Pérez-Ruiz M, Lucía A, et al. Influence of a moderate-intensity exercise program on early nk cell immune recovery in pediatric patients after reduced-intensity hematopoietic stem cell transplantation. Integr Cancer Ther. (2017) 16:464–72. doi:  10.1177/1534735416679515, PMID:",2017,Integr Cancer Ther,Shi_2025,backward,pubmed_efetch_referencelist,no_new
27909225,10.1152/japplphysiol.00622.2016,"Peake JM, Neubauer O, Walsh NP, Simpson RJ. Recovery of the immune system after exercise. J Appl Physiol (1985) (2017) 122(5):1077–87. 10.1152/japplphysiol.00622.2016",1985,J Appl Physiol,Campbell_Turner_2018;Shi_2025,backward,pubmed_efetch_referencelist,yes
28011264,10.1016/j.bbi.2016.12.017,"Dimitrov S, Hulteng E, Hong S. Inflammation and exercise: inhibition of monocytic intracellular tnf production by acute exercise via B2-adrenergic activation. Brain Behav Immun. (2017) 61:60–8. doi:  10.1016/j.bbi.2016.12.017, PMID:",2017,Brain Behav Immun,Shi_2025,backward,pubmed_efetch_referencelist,yes
28119880,10.12965/jer.1632770.385,"Gerosa-Neto J, Antunes BMM, Campos EZ, Rodrigues J, Ferrari GD, Neto JCR, et al. Impact of long-term high-intensity interval and moderate-intensity continuous training on subclinical inflammation in overweight/obese adults. J Exercise Rehabil. (2016) 12:575–80. doi:  10.12965/jer.1632770.385, PMID:",2016,J Exercise Rehabil,Shi_2025,backward,pubmed_efetch_referencelist,no_new
28122717,10.1152/ajpregu.00348.2016,"Durrer C, Francois M, Neudorf H, Little JP. Acute high-intensity interval exercise reduces human monocyte toll-like receptor 2 expression in type 2 diabetes. Am J Physiol Regul Integr Comp Physiol. (2017) 312:R529–r38. doi:  10.1152/ajpregu.00348.2016, PMID:",2017,Am J Physiol Regul Integr Comp Physiol,Shi_2025,backward,pubmed_efetch_referencelist,yes
28153939,10.1152/japplphysiol.00086.2017,"Replace, restore, revive: the keys to recovery after exercise",2017,Journal of Applied Physiology,Peake_2017,forward,openalex_cited_by,no_new
28214226,10.21417/b76k56,"Cheuk S, Schlums H, Gallais Sérézal I, Martini E, Chiang SC, Marquardt N, et al. CD49a expression defines tissue-resident CD8+ T cells poised for cytotoxic function in human skin. Immunity. (2017) 46:287–300. doi:  10.21417/b76k56",2017,Immunity,Xie_2026,backward,pubmed_efetch_referencelist,no_new
28219080,10.1038/nature21379,"Pan Y, Tian T, Park CO, Lofftus SY, Mei S, Liu X, et al. Survival of tissue-resident memory T cells requires exogenous lipid uptake and metabolism. Nature. (2017) 543:252–6. doi:  10.1038/nature21379. PMID:",2017,Nature,Xie_2026,backward,pubmed_efetch_referencelist,no_new
28223710,10.1038/srep43029,"Oh S, So R, Shida T, Matsuo T, Kim B, Akiyama K, et al. High-intensity aerobic exercise improves both hepatic fat content and stiffness in sedentary obese men with nonalcoholic fatty liver disease. Sci Rep. (2017) 7:43029. doi:  10.1038/srep43029, PMID:",2017,Sci Rep,Shi_2025,backward,pubmed_efetch_referencelist,yes
28224969,,"Bermon S, Castell LM, Calder PC, Bishop NC, Blomstrand E, Mooren FC, et al. Consensus statement immunonutrition and exercise. Exerc Immunol Rev (2017) 23:8–50.",2017,Exerc Immunol Rev,Campbell_Turner_2018,backward,pubmed_efetch_referencelist,no_new
28230530,10.22029/eir.2017.1714,"Gleeson M, Pyne DB, Elkington LJ, Hall ST, Attia JR, Oldmeadow C, et al. Developing a multi-component immune model for evaluating the risk of respiratory illness in athletes. Exerc Immunol Rev (2017) 23:52–64.",2017,Exerc Immunol Rev,Campbell_Turner_2018,backward;forward,openalex_cited_by;pubmed_efetch_referencelist,no_new
28230531,,"Zimmer P, Schenk A, Kieven M, Holthaus M, Lehmann J, Lovenich L, et al. Exercise induced alterations in NK-cell cytotoxicity – methodological issues and future perspectives. Exerc Immunol Rev (2017) 23:66–81.",2017,Exerc Immunol Rev,Campbell_Turner_2018,backward,pubmed_efetch_referencelist,yes
28247218,10.1007/s10552-017-0872-4,Physical activity and lung cancer risk in men and women,2017,Cancer Causes & Control,Peake_2017,forward,openalex_cited_by,no_new
28250797,10.1186/s12979-017-0087-2,"van der Geest KSM, Wang Q, Eijsvogels TMH, Koenen HJP, Joosten I, Brouwer E, et al. Changes in peripheral immune cell numbers and functions in octogenarian walkers - an acute exercise study. Immun Ageing. (2017) 14:5. doi:  10.1186/s12979-017-0087-2, PMID:",2017,Immun Ageing,Shi_2025,backward,pubmed_efetch_referencelist,yes
28285432,10.1007/s00394-017-1401-7,"A low-dose, 6-week bovine colostrum supplementation maintains performance and attenuates inflammatory indices following a Loughborough Intermittent Shuttle Test in soccer players",2017,European Journal of Nutrition,Peake_2017,forward,openalex_cited_by+pubmed_elink_citedin,yes
28319586,10.1249/mss.0000000000001261,"Barry JC, Simtchouk S, Durrer C, Jung ME, Little JP. Short-term exercise training alters leukocyte chemokine receptors in obese adults. Med Sci Sports Exercise. (2017) 49:1631–40. doi:  10.1249/mss.0000000000001261, PMID:",2017,Med Sci Sports Exercise,Shi_2025,backward,pubmed_efetch_referencelist,no_new
28366645,10.1016/j.jim.2017.03.017,"Siedlik JA, Deckert JA, Benedict SH, Bhatta A, Dunbar AJ, Vardiman JP, et al. T cell activation and proliferation following acute exercise in human subjects is altered by storage conditions and mitogen selection. J Immunol Methods (2017) 446:7–14. 10.1016/j.jim.2017.03.017",2017,J Immunol Methods,Campbell_Turner_2018,backward;forward,openalex_cited_by;pubmed_efetch_referencelist,yes
28418996,10.1249/jes.0000000000000114,"Simpson RJ, Bigley AB, Agha N, Hanley PJ, Bollard CM. Mobilizing immune cells with exercise for cancer immunotherapy. Exerc Sport Sci Rev (2017) 45(3):163–72. 10.1249/JES.0000000000000114",2017,Exerc Sport Sci Rev,Campbell_Turner_2018,backward,pubmed_efetch_referencelist,yes
28428879,10.1186/s40425-017-0231-8,"Gustafson MP, DiCostanzo AC, Wheatley CM, Kim CH, Bornschlegl S, Gastineau DA, et al. A systems biology approach to investigating the influence of exercise and fitness on the composition of leukocytes in peripheral blood. J Immunother Cancer (2017) 5:30. 10.1186/s40425-017-0231-8",2017,J Immunother Cancer,Campbell_Turner_2018,backward,pubmed_efetch_referencelist,yes
28475283,10.1002/eji.201646837,"Cibrián D, Sánchez-Madrid F. CD69: from activation marker to metabolic gatekeeper. Eur J Immunol. (2017) 47:946–53. doi:  10.1002/eji.201646837",2017,Eur J Immunol,Xie_2026,backward,pubmed_efetch_referencelist,no_new
28526759,10.1084/jem.20162115,"Pallett LJ, Davies J, Colbeck EJ, Robertson F, Hansi N, Easom NJW, et al. IL-2high tissue-resident T cells in the human liver: Sentinels for hepatotropic infection. J Exp Med. (2017) 214:1567–80. doi:  10.1084/jem.20162115. PMID:",2017,J Exp Med,Xie_2026,backward,pubmed_efetch_referencelist,no_new
28646302,10.1007/s00421-017-3667-0,"Clifford T, Wood MJ, Stocks P, Howatson G, Stevenson EJ, Hilkens CMU. T-regulatory cells exhibit a biphasic response to prolonged endurance exercise in humans. Eur J Appl Physiol (2017) 117(8):1727–37. 10.1007/s00421-017-3667-0",2017,Eur J Appl Physiol,Campbell_Turner_2018,backward,pubmed_efetch_referencelist,yes
28656073,10.1155/2017/8148742,"Bartlett DB, Shepherd SO, Wilson OJ, Adlan AM, Wagenmakers AJM, Shaw CS, et al. Neutrophil and monocyte bactericidal responses to 10 weeks of low-volume high-intensity interval or moderate-intensity continuous training in sedentary adults. Oxid Med Cell Longev (2017) 2017:8148742. 10.1155/2017/8148742",2017,Oxid Med Cell Longev,Campbell_Turner_2018;Shi_2025,backward,pubmed_efetch_referencelist,no_new
28673937,10.1042/bst20160466,Hojman P. Exercise protects from cancer through regulation of immune function and inflammation. Biochem Soc Trans (2017) 45(4):905–11. 10.1042/BST20160466,2017,Biochem Soc Trans,Campbell_Turner_2018,backward,pubmed_efetch_referencelist,no_new
28680380,10.4110/in.2017.17.3.186,"Zamani A, Salehi I, Alahgholi-Hajibehzad M. Moderate exercise enhances the production of interferon-Γ and interleukin-12 in peripheral blood mononuclear cells. Immune Netw. (2017) 17:186–91. doi:  10.4110/in.2017.17.3.186, PMID:",2017,Immune Netw,Shi_2025,backward,pubmed_efetch_referencelist,yes
28708630,10.1097/hco.0000000000000437,"Warburton DER, Bredin SSD. Health benefits of physical activity: a systematic review of current systematic reviews. Curr Opin Cardiol (2017) 32(5):541–56. 10.1097/HCO.0000000000000437",2017,Curr Opin Cardiol,Campbell_Turner_2018,backward,pubmed_efetch_referencelist,no_new
28744226,10.3389/fphys.2017.00485,"Born DP, Zinner C, Sperlich B. The mucosal immune function is not compromised during a period of high-intensity interval training. Is it time to reconsider an old assumption? Front Physiol. (2017) 8:485. doi:  10.3389/fphys.2017.00485, PMID:",2017,Is it time to reconsider an old assumption? Front Physiol,Shi_2025,backward,pubmed_efetch_referencelist,yes
28751932,10.1155/2017/4234765,"Turner JE, Brum PC. Does regular exercise counter T cell immunosenescence reducing the risk of developing cancer and promoting successful treatment of malignancies? Oxid Med Cell Longev (2017) 2017:4234765. 10.1155/2017/4234765",2017,Does regular exercise counter T cell immunosenescence reducing the risk of developing cancer and promoting successful treatment of malignancies? Oxid Med Cell Longev,Campbell_Turner_2018,backward,pubmed_efetch_referencelist,yes
28783666,10.1126/sciimmunol.aag2031,"Slütter B, Van Braeckel-Budimir N, Abboud G, Varga SM, Salek-Ardakani S, Harty JT. Dynamics of influenza-induced lung-resident memory T cells underlie waning heterosubtypic immunity. Sci Immunol. (2017) 2:eaag2031. doi:  10.1126/sciimmunol.aag2031",2017,Sci Immunol,Xie_2026,backward,pubmed_efetch_referencelist,no_new
28864849,10.1007/s00421-017-3704-z,"Hanson ED, Danson E, Nguyen-Robertson CV, Fyfe JJ, Stepto NK, Bartlett DB, et al. Maximal exercise increases mucosal associated invariant T cell frequency and number in healthy young men. Eur J Appl Physiol (2017) 117(11):2159–69. 10.1007/s00421-017-3704-z",2017,Eur J Appl Physiol,Campbell_Turner_2018,backward,pubmed_efetch_referencelist,yes
28943640,10.1038/nrc.2017.78,Exercise-dependent regulation of the tumour microenvironment,2017,Nature reviews. Cancer,Peake_2017,forward,openalex_cited_by+pubmed_elink_citedin,no_new
28955817,10.1016/j.bbrep.2015.11.022,"Kawanishi N, Mizokami T, Niihara H, Yada K, Suzuki K. Macrophage depletion by clodronate liposome attenuates muscle injury and inflammation following exhaustive exercise. Biochem Biophys Rep. (2016) 5:146–51. doi:  10.1016/j.bbrep.2015.11.022, PMID:",2016,Biochem Biophys Rep,Shi_2025,backward,pubmed_efetch_referencelist,yes
29016478,10.1519/jsc.0000000000002276,Subjective and Objective Responses to Two Rugby Sevens World Series Competitions,2017,The Journal of Strength and Conditioning Research,Peake_2017,forward,openalex_cited_by,no_new
29021092,10.1016/j.cyto.2017.10.001,"Shaw DM, Merien F, Braakhuis A, Dulson D. T-cells and their cytokine production: the anti-inflammatory and immunosuppressive effects of strenuous exercise. Cytokine. (2018) 104:136–42. doi:  10.1016/j.cyto.2017.10.001, PMID:",2018,Cytokine,Shi_2025,backward,pubmed_efetch_referencelist,yes
29099031,10.3390/medsci5030015,The Effects of Acute High-Intensity Interval Training on Hematological Parameters in Sedentary Subjects,2017,Medical Sciences,Peake_2017,forward,openalex_cited_by+pubmed_elink_citedin,yes
29104540,10.3389/fphys.2017.00786,"McFarlin BK, Venable AS, Carpenter CK, Henning AL, Stephan O. Oral supplementation with baker’s yeast beta glucan is associated with altered monocytes, T cells and cytokines following a bout of strenuous exercise. Front Physiol (2017) 8:786. 10.3389/fphys.2017.00786",2017,Front Physiol,Campbell_Turner_2018,backward,pubmed_efetch_referencelist,yes
29112629,10.1249/mss.0000000000001480,"Slusher AL, Zúñiga TM, Acevedo EO. Maximal exercise alters the inflammatory phenotype and response of mononuclear cells. Med Sci Sports Exerc. (2018) 50:675–83. doi:  10.1249/mss.0000000000001480, PMID:",2018,Med Sci Sports Exerc,Shi_2025,backward,pubmed_efetch_referencelist,yes
29163201,10.3389/fphys.2017.00856,"Lira FS, dos Santos T, Caldeira RS, Inoue DS, Panissa VLG, Cabral-Santos C, et al. Short-term high- and moderate-intensity training modifies inflammatory and metabolic factors in response to acute exercise. Front Physiol. (2017) 8:856. doi:  10.3389/fphys.2017.00856, PMID:",2017,Front Physiol,Shi_2025,backward,pubmed_efetch_referencelist,yes
29211713,10.1038/nature24993,"Milner JJ, Toma C, Yu B, Zhang K, Omilusik K, Phan AT, et al. Runx3 programs CD8+ T cell residency in non-lymphoid tissues and tumours. Nature. (2017) 552:253–8. doi:  10.1038/nature24993. PMID:",2017,Nature,Xie_2026,backward,pubmed_efetch_referencelist,no_new
29247993,10.1111/imr.12619,"Cayrol C, Girard JP. Interleukin-33 (IL-33): A nuclear cytokine from the IL-1 family. Immunol Rev. (2018) 281:154–68. doi:  10.1111/imr.12619",2018,Immunol Rev,Xie_2026,backward,pubmed_efetch_referencelist,no_new
29302585,10.15430/jcp.2017.22.4.260,"Barra NG, Fan IY, Gillen JB, Chew M, Marcinko K, Steinberg GR, et al. High intensity interval training increases natural killer cell number and function in obese breast cancer-challenged mice and obese women. J Cancer Prev. (2017) 22:260–6. doi:  10.15430/jcp.2017.22.4.260, PMID:",2017,J Cancer Prev,Shi_2025,backward,pubmed_efetch_referencelist,yes
29309047,10.1172/jci96957,"Pizzolla A, Nguyen TH, Sant S, Jaffar J, Loudovaris T, Mannering SI, et al. Influenza-specific lung-resident memory T cells are proliferative and polyfunctional and maintain diverse TCR profiles. J Clin Invest. (2018) 128:721–33. doi:  10.1172/jci96957. PMID:",2018,J Clin Invest,Xie_2026,backward,pubmed_efetch_referencelist,no_new
29311694,10.1038/s41590-017-0029-3,"Beura LK, Mitchell JS, Thompson EA, Schenkel JM, Mohammed J, Wijeyesinghe S, et al. Intravital mucosal imaging of CD8+ resident memory T cells shows tissue-autonomous recall responses that amplify secondary memory. Nat Immunol. (2018) 19:173–82. doi:  10.1038/s41590-017-0029-3. PMID:",2018,Nat Immunol,Xie_2026,backward,pubmed_efetch_referencelist,no_new
29330322,10.4049/jimmunol.1701118,"Liu CSC, Raychaudhuri D, Paul B, Chakrabarty Y, Ghosh AR, Rahaman O, et al. Cutting edge: Piezo1 mechanosensors optimize human T cell activation. J Immunol. (2018) 200:1255–60. doi:  10.4049/jimmunol.1701118. PMID:",2018,J Immunol,Xie_2026,backward,pubmed_efetch_referencelist,no_new
29461966,,"Edwards JP, Walsh NP, Diment PC, Roberts R. Anxiety and perceived psychological stress play an important role in the immune response after exercise. Exerc Immunol Rev (2018) 24:26–34.",2018,Exerc Immunol Rev,Campbell_Turner_2018,backward,pubmed_efetch_referencelist,yes
29479349,10.3389/fimmu.2018.00164,"Qiao G, Chen M, Bucsek MJ, Repasky EA, Hylander BL. Adrenergic signaling: a targetable checkpoint limiting development of the antitumor immune response. Front Immunol. (2018) 9:164. doi:  10.3389/fimmu.2018.00164. PMID:",2018,Front Immunol,Xie_2026,backward,pubmed_efetch_referencelist,no_new
29479350,10.3389/fimmu.2018.00169,"Trim W, Turner JE, Thompson D. Parallels in immunometabolic adipose tissue dysfunction with ageing and obesity. Front Immunol (2018) 9:169. 10.3389/fimmu.2018.00169",2018,Front Immunol,Campbell_Turner_2018,backward,pubmed_efetch_referencelist,no_new
29517845,10.1111/acel.12750,"Duggal NA, Pollock RD, Lazarus NR, Harridge S, Lord JM. Major features of immunesenescence, including reduced thymic output, are ameliorated by high levels of physiacl activity in adulthood. Aging Cell (2018). 10.1111/acel.12750",2018,Aging Cell,Campbell_Turner_2018;Xie_2026,backward,pubmed_efetch_referencelist,no_new
29540367,10.1136/bjsports-2018-099027,IOC consensus statement: dietary supplements and the high-performance athlete,2018,British Journal of Sports Medicine,Peake_2017,forward,openalex_cited_by+pubmed_elink_citedin,no_new
29566095,10.1371/journal.pone.0194843,"Metabolic recovery from heavy exertion following banana compared to sugar beverage or water only ingestion: A randomized, crossover trial",2018,PLoS ONE,Peake_2017,forward,openalex_cited_by+pubmed_elink_citedin,yes
29594957,10.1007/s12250-018-0026-1,"Xia L, Li M, Zhang Y, Ruan J, Pei J, Shi J, et al. Exhaustive exercise does not affect humoral immunity and protection after rabies vaccination in a mouse model. Virol Sin. (2018) 33:241–8. doi:  10.1007/s12250-018-0026-1, PMID:",2018,Virol Sin,Shi_2025,backward,pubmed_efetch_referencelist,no_new
29599411,10.1158/1078-0432.ccr-17-2257,"Menares E, Gálvez-Cancino F, Cáceres-Morgado P, Ghorani E, López E, Díaz X, et al. CD103+ tumor-resident CD8+ T cells are associated with improved survival in immunotherapy-naïve melanoma patients and expand significantly during anti-PD-1 treatment. Clin Cancer Res. (2018) 24:3036–45. doi:  10.1158/1078-0432.ccr-17-2257. PMID:",2018,Clin Cancer Res,Xie_2026,backward,pubmed_efetch_referencelist,no_new
29637836,10.1080/17461391.2018.1449895,Recommendations to maintain immune health in athletes,2018,European Journal of Sport Science,Peake_2017,forward,openalex_cited_by,yes
29663142,10.1007/s40279-018-0916-2,"Do We Need a Cool-Down After Exercise? A Narrative Review of the Psychophysiological Effects and the Effects on Performance, Injuries and the Long-Term Adaptive Response",2018,Sports Medicine,Peake_2017,forward,openalex_cited_by+pubmed_elink_citedin,yes
29713319,10.3389/fimmu.2018.00648,"Campbell JP, Turner JE. Debunking the myth of exercise-induced immune suppression: redefining the impact of exercise on immunological health across the lifespan. Front Immunol. (2018) 9:648. doi:  10.3389/fimmu.2018.00648, PMID:",2018,Front Immunol,Peake_2017;Shi_2025;Xie_2026,backward;forward,openalex_cited_by+pubmed_elink_citedin;pubmed_efetch_referencelist,yes
29738271,10.1139/apnm-2018-0039,"Slusher AL, Whitehurst M, Maharaj A, Dodge KM, Fico BG, Mock JT, et al. Plasma pentraxin 3 and glucose kinetics following acute high-intensity interval exercise versus continuous moderate-intensity exercise in healthy men. Appl Physiol Nutr Metab. (2018) 43:1233–8. doi:  10.1139/apnm-2018-0039, PMID:",2018,Appl Physiol Nutr Metab,Shi_2025,backward,pubmed_efetch_referencelist,no_new
29746692,10.1093/milmed/usy090,Increased Risk of Upper Respiratory Infection in Military Recruits Who Report Sleeping Less Than 6 h per night,2018,Military Medicine,Peake_2017,forward,openalex_cited_by,no_new
29774029,10.3389/fimmu.2018.00952,"Walling BL, Kim M. LFA-1 in T cell migration and differentiation. Front Immunol. (2018) 9:952. doi:  10.3389/fimmu.2018.00952. PMID:",2018,Front Immunol,Xie_2026,backward,pubmed_efetch_referencelist,no_new
29885920,10.1016/j.physbeh.2018.06.008,Lymphocytes and monocytes egress peripheral blood within minutes after cessation of steady state exercise: A detailed temporal analysis of leukocyte extravasation,2018,Physiology & Behavior,Campbell_Turner_2018;Peake_2017,forward,openalex_cited_by,yes
29898765,10.1186/s13075-018-1624-x,"Bartlett DB, Willis LH, Slentz CA, Hoselton A, Kelly L, Huebner JL, et al. Ten weeks of high-intensity interval walk training is associated with reduced disease activity and improved innate immune function in older adults with rheumatoid arthritis: A pilot study. Arthritis Res Ther. (2018) 20:127. doi:  10.1186/s13075-018-1624-x, PMID:",2018,Arthritis Res Ther,Shi_2025,backward,pubmed_efetch_referencelist,no_new
29942092,10.1038/s41591-018-0078-7,"Savas P, Virassamy B, Ye C, Salim A, Mintoff CP, Caramia F, et al. Single-cell profiling of breast cancer T cells reveals a tissue-resident memory subset associated with improved prognosis. Nat Med. (2018) 24:986–93. doi:  10.1038/s41591-018-0078-7. PMID:",2018,Nat Med,Xie_2026,backward,pubmed_efetch_referencelist,no_new
29952866,10.1519/jsc.0000000000002672,Immune Response Related With Skin Thermal Pattern in Judokas: A New Application for Infrared Thermography?,2018,The Journal of Strength and Conditioning Research,Peake_2017,forward,openalex_cited_by,no_new
30069484,10.1155/2018/1684013,Neutrophil Migration and Adhesion Molecule Expression after Acute High-Intensity Street Dance Exercise,2018,Journal of Immunology Research,Peake_2017,forward,openalex_cited_by+pubmed_elink_citedin,yes
30128793,10.1007/s12032-018-1194-4,Patient performance status and cancer immunotherapy efficacy: a meta-analysis,2018,Medical Oncology,Campbell_Turner_2018,forward,openalex_cited_by+pubmed_elink_citedin,no_new
30172948,10.1016/j.bbi.2018.08.017,"
Graff RM, Kunz HE, Agha NH, Baker FL, Laughlin M, Bigley AB, et al. 
β2-adrenergic receptor signaling mediates the preferential mobilization of differentiated subsets of CD8",2018,Brain Behavior and Immunity,Campbell_Turner_2018;Xie_2026,backward;forward,openalex_cited_by+pubmed_elink_citedin;pubmed_efetch_referencelist,yes
30263032,10.1186/s13223-018-0278-1,"Marshall JS, Warrington R, Watson W, Kim HL. An introduction to immunology and immunopathology. Allergy Asthma Clin Immunol. (2018) 14:49. doi:  10.1186/s13223-018-0278-1, PMID:",2018,Allergy Asthma Clin Immunol,Shi_2025,backward,pubmed_efetch_referencelist,no_new
30276476,10.1007/s00421-018-3998-5,Dietary curcumin supplementation does not alter peripheral blood mononuclear cell responses to exertional heat stress,2018,European Journal of Applied Physiology,Campbell_Turner_2018;Peake_2017,forward,openalex_cited_by+pubmed_elink_citedin,yes
30282034,10.1016/j.celrep.2018.09.007,Elongation/Termination Factor Exchange Mediated by PP1 Phosphatase Orchestrates Transcription Termination,2018,Cell Reports,Xie_2026,backward,pubmed_efetch_referencelist+openalex_doi_lookup,no_new
30299192,10.1123/ijsnem.2018-0271,Sports Foods and Dietary Supplements for Optimal Function and Performance Enhancement in Track-and-Field Athletes,2018,International Journal of Sport Nutrition and Exercise Metabolism,Peake_2017,forward,openalex_cited_by,no_new
30336639,10.3390/nu10101531,Immune Function and Micronutrient Requirements Change over the Life Course,2018,Nutrients,Campbell_Turner_2018,forward,openalex_cited_by+pubmed_elink_citedin,no_new
30364079,10.3389/fimmu.2018.02187,Effects of Acute and Chronic Exercise on Immunological Parameters in the Elderly Aged: Can Physical Activity Counteract the Effects of Aging?,2018,Frontiers in Immunology,Campbell_Turner_2018;Peake_2017,forward,openalex_cited_by+pubmed_elink_citedin,no_new
30376575,10.1371/journal.pone.0206175,Multi-dimensional flow cytometry analysis reveals increasing changes in the systemic neutrophil compartment during seven consecutive days of endurance exercise,2018,PLoS ONE,Peake_2017,forward,openalex_cited_by+pubmed_elink_citedin,yes
30380356,10.1080/19390211.2018.1495676,Beverage Containing Dispersible Yeast β-Glucan Decreases Cold/Flu Symptomatic Days After Intense Exercise: A Randomized Controlled Trial,2018,Journal of Dietary Supplements,Campbell_Turner_2018,forward,openalex_cited_by,yes
30430884,10.1080/1744666x.2019.1548933,There is limited existing evidence to support the common assumption that strenuous endurance exercise bouts impair immune competency,2018,Expert Review of Clinical Immunology,Campbell_Turner_2018,forward,openalex_cited_by,yes
30505306,10.3389/fimmu.2018.02654,"Oja AE, Piet B, van der Zwan D, Blaauwgeers H, Mensink M, de Kivit S, et al. Functional heterogeneity of CD4+ tumor-infiltrating lymphocytes with a resident memory phenotype in human lung cancer. Cancer Immunol Res. (2018) 6:2654. doi:  10.3389/fimmu.2018.02654. PMID:",2018,Cancer Immunol Res,Xie_2026,backward,pubmed_efetch_referencelist,no_new
30508863,10.1055/a-0741-7001,Acute Exercise Increases the Expression of KIR2DS4 by Promoter Demethylation in NK Cells,2018,International Journal of Sports Medicine,Campbell_Turner_2018,forward,openalex_cited_by,yes
30509483,10.1016/j.ejim.2018.11.007,"Handgrip strength, chronic physical conditions and physical multimorbidity in middle-aged and older adults in six low- and middle income countries",2018,European Journal of Internal Medicine,Campbell_Turner_2018,forward,openalex_cited_by,no_new
30549018,10.1002/cphy.c180016,Exercise Training in Cancer Control and Treatment,2018,Comprehensive physiology,Campbell_Turner_2018,forward,openalex_cited_by,no_new
30573180,10.1016/j.semradonc.2018.10.001,Exercise as Adjunct Therapy in Cancer,2018,Seminars in Radiation Oncology,Campbell_Turner_2018;Peake_2017,forward,openalex_cited_by+pubmed_elink_citedin,no_new
30574426,10.14336/ad.2018.1026,Emerging Anti-Aging Strategies - Scientific Basis and Efficacy,2018,Aging and Disease,Campbell_Turner_2018,forward,openalex_cited_by+pubmed_elink_citedin,no_new
30598548,10.1038/s41586-018-0812-9,"Park SL, Buzzai A, Rautela J, Hor JL, Hochheiser K, Effern M, et al. Tissue-resident memory CD8+ T cells promote melanoma-immune equilibrium in skin. Nature. (2019) 565:366–73. doi:  10.1038/s41586-018-0812-9. PMID:",2019,Nature,Xie_2026,backward,pubmed_efetch_referencelist,no_new
30663116,10.1002/jcb.28364,"Dorneles GP, da Silva IM, Peres A, Romão PRT. Physical fitness modulates the expression of Cd39 and Cd73 on Cd4(+) Cd25(-) and Cd4(+) Cd25(+) T cells following high intensity interval exercise. J Cell Biochem. (2019) 120:10726–36. doi:  10.1002/jcb.28364, PMID:",2019,J Cell Biochem,Campbell_Turner_2018;Shi_2025,backward;forward,openalex_cited_by;pubmed_efetch_referencelist,yes
30687141,10.3389/fpsyt.2018.00762,Physical Exercise in Major Depression: Reducing the Mortality Gap While Improving Clinical Outcomes,2019,Frontiers in Psychiatry,Campbell_Turner_2018,forward,openalex_cited_by+pubmed_elink_citedin,no_new
30692620,10.1038/s41590-018-0298-5,"Zundler S, Becker E, Spocinska M, Slawik M, Parga-Vidal L, Stark R, et al. Hobit- and Blimp-1-driven CD4+ tissue-resident memory T cells control chronic intestinal inflammation. Nat Immunol. (2019) 20:288–300. doi:  10.1038/s41590-018-0298-5. PMID:",2019,Nat Immunol,Xie_2026,backward,pubmed_efetch_referencelist,no_new
30736479,10.3390/nu11020353,"Huang W-C, Wei C-C, Huang C-C, Chen W-L, Huang H-Y. The beneficial effects of lactobacillus plantarum ps128 on high-intensity, exercise-induced oxidative stress, inflammation, and performance in triathletes. Nutrients. (2019) 11:353. doi:  10.3390/nu11020353, PMID:",2019,Nutrients,Shi_2025,backward,pubmed_efetch_referencelist,yes
30785868,10.22029/eir.2019.1727,T and B cell subsets differentially correlate with amyloid deposition and neurocognitive function in patients with amnestic mild cognitive impairment after one year of physical activity,2026,PubMed,Campbell_Turner_2018,forward,openalex_cited_by+pubmed_elink_citedin,no_new
30812059,10.1113/jp277648,"Devin JL, Hill MM, Mourtzakis M, Quadrilatero J, Jenkins DG, Skinner TL. Acute high intensity interval exercise reduces colon cancer cell growth. J Physiol. (2019) 597:2177–84. doi:  10.1113/jp277648, PMID:",2019,J Physiol,Shi_2025,backward,pubmed_efetch_referencelist,yes
30846834,10.1038/s41598-019-40490-0,Acute effects of active breaks during prolonged sitting on subcutaneous adipose tissue gene expression: an ancillary analysis of a randomised controlled trial,2019,Scientific Reports,Peake_2017,forward,openalex_cited_by+pubmed_elink_citedin,no_new
30881958,10.3389/fnut.2019.00019,Whey Protein Isolate Supplementation While Endurance Training Does Not Alter Cycling Performance or Immune Responses at Rest or After Exercise,2019,Frontiers in Nutrition,Peake_2017,forward,openalex_cited_by+pubmed_elink_citedin,yes
30895460,10.1007/s00421-019-04127-4,"Aqua cycling for immunological recovery after intensive, eccentric exercise",2019,European Journal of Applied Physiology,Campbell_Turner_2018;Peake_2017,forward,openalex_cited_by+pubmed_elink_citedin,yes
30896356,10.1152/japplphysiol.01032.2018,"Impact of exercise-induced hypohydration on gastrointestinal integrity, function, symptoms, and systemic endotoxin and inflammatory profile",2019,Journal of Applied Physiology,Peake_2017,forward,openalex_cited_by,yes
3093375,10.3109/08820138609052953,"Deslauriers N, Oudghiri M, Seguin J, Trudel L. The oral immune system: dynamics of salivary immunoglobulin production in the inbred mouse. Immunol Invest (1986) 15(4):339–49. 10.3109/08820138609052953",1986,Immunol Invest,Campbell_Turner_2018,backward,pubmed_efetch_referencelist,no_new
30971946,10.3389/fphys.2019.00312,Physical Activity Associated Proteomics of Skeletal Muscle: Being Physically Active in Daily Life May Protect Skeletal Muscle From Aging,2019,Frontiers in Physiology,Peake_2017,forward,openalex_cited_by+pubmed_elink_citedin,no_new
30998792,10.1371/journal.pone.0215475,What is the effect of a Mediterranean compared with a Fast Food meal on the exercise induced adipokine changes? A randomized cross-over clinical trial,2019,PLoS ONE,Campbell_Turner_2018,forward,openalex_cited_by+pubmed_elink_citedin,yes
31001142,10.3389/fphys.2019.00362,Changes to the Human Serum Proteome in Response to High Intensity Interval Exercise: A Sequential Top-Down Proteomic Analysis,2019,Frontiers in Physiology,Campbell_Turner_2018,forward,openalex_cited_by+pubmed_elink_citedin,yes
31006545,10.1016/j.jsams.2019.03.013,A novel role of probiotics in improving host defence of elite rugby union athlete: A double blind randomised controlled trial,2019,Journal of science and medicine in sport,Campbell_Turner_2018,forward,openalex_cited_by,no_new
31034260,10.1123/ijspp.2018-0527,Influence of Immune and Nutritional Biomarkers on Illness Risk During Interval Training,2019,International Journal of Sports Physiology and Performance,Campbell_Turner_2018,forward,openalex_cited_by,no_new
31056756,10.1002/cncr.32085,Cardiorespiratory fitness and incident lung and colorectal cancer in men and women: Results from the Henry Ford Exercise Testing (FIT) cohort,2019,Cancer,Campbell_Turner_2018,forward,openalex_cited_by,no_new
31068341,10.1158/0008-5472.can-18-2468,Can Exercise-Induced Modulation of the Tumor Physiologic Microenvironment Improve Antitumor Immunity?,2019,Cancer Research,Campbell_Turner_2018;Peake_2017,forward,openalex_cited_by+pubmed_elink_citedin,yes
31109152,10.3390/genes10050380,Impact of Acute Aerobic Exercise on Genome-Wide DNA-Methylation in Natural Killer Cells—A Pilot Study,2019,Genes,Campbell_Turner_2018,forward,openalex_cited_by+pubmed_elink_citedin,yes
31111223,10.1007/s00424-019-02281-4,Exercise training reduces the risk of opportunistic infections after acute exercise and improves cytokine antigen recognition,2019,Pflügers Archiv - European Journal of Physiology,Campbell_Turner_2018;Peake_2017,forward,openalex_cited_by+pubmed_elink_citedin,yes
31125712,10.1016/j.bbi.2019.05.030,"de Matos MA, Garcia BCC, Vieira DV, de Oliveira MFA, Costa KB, Aguiar PF, et al. High-intensity interval training reduces monocyte activation in obese adults. Brain Behav Immun. (2019) 80:818–24. doi:  10.1016/j.bbi.2019.05.030, PMID:",2019,Brain Behav Immun,Shi_2025,backward,pubmed_efetch_referencelist,no_new
31134054,10.3389/fimmu.2019.00907,"Molecular Pathways Mediating Immunosuppression in Response to Prolonged Intensive Physical Training, Low-Energy Availability, and Intensive Weight Loss",2019,Frontiers in Immunology,Peake_2017,forward,openalex_cited_by+pubmed_elink_citedin,yes
31193280,10.1016/j.jshs.2018.09.009,"Nieman DC, Wentz LM. The compelling link between physical activity and the body’s defense system. J Sport Health Sci. (2019) 8:201–17. doi:  10.1016/j.jshs.2018.09.009, PMID:",2019,J Sport Health Sci,Campbell_Turner_2018;Peake_2017;Shi_2025;Xie_2026,backward;forward,openalex_cited_by+pubmed_elink_citedin;pubmed_efetch_referencelist,yes
31201605,10.1007/s10741-019-09817-x,Re-evaluating the causes and consequences of non-resolving inflammation in chronic cardiovascular disease,2019,Heart Failure Reviews,Peake_2017,forward,openalex_cited_by+pubmed_elink_citedin,no_new
31209143,10.4049/jimmunol.1900027,"Riding RL, Harris JE. The role of memory CD8+ T cells in vitiligo. J Immunol. (2019) 203:11–9. doi:  10.4049/jimmunol.1900027. PMID:",2019,J Immunol,Xie_2026,backward,pubmed_efetch_referencelist,no_new
31210398,10.1002/ejhf.1534,Definition and Treatment of Arrhythmogenic Cardiomyopathy: An Updated Expert Panel Report,2019,European Journal of Heart Failure,Campbell_Turner_2018,forward,openalex_cited_by+pubmed_elink_citedin,no_new
31231369,10.3389/fimmu.2019.01178,Tear Lactoferrin and Lysozyme as Clinically Relevant Biomarkers of Mucosal Immune Competence,2019,Frontiers in Immunology,Campbell_Turner_2018,forward,openalex_cited_by+pubmed_elink_citedin,yes
31336992,10.3390/nu11071586,Honey Supplementation and Exercise: A Systematic Review,2019,Nutrients,Peake_2017,forward,openalex_cited_by+pubmed_elink_citedin,yes
31412365,10.1055/a-0970-9064,Immune and Hormonal Response to High-intensity Exercise During Orienteering,2019,International Journal of Sports Medicine,Peake_2017,forward,openalex_cited_by,yes
31454519,10.1016/j.bbi.2019.08.187,"Exercise training, circulating cytokine levels and immune function in cancer survivors: A meta-analysis",2019,Brain Behavior and Immunity,Campbell_Turner_2018,forward,openalex_cited_by,no_new
31472768,10.1016/j.csm.2019.05.001,Acute Illness in the Athlete,2019,Clinics in Sports Medicine,Campbell_Turner_2018,forward,openalex_cited_by+pubmed_elink_citedin,no_new
31480668,10.3390/nu11092049,Sparassis crispa Intake Improves the Reduced Lipopolysaccharide-Induced TNF-α Production That Occurs upon Exhaustive Exercise in Mice,2019,Nutrients,Peake_2017,forward,openalex_cited_by+pubmed_elink_citedin,yes
31505122,10.1139/apnm-2019-0378,Prolonged treadmill running in normobaric hypoxia causes gastrointestinal barrier permeability and elevates circulating levels of pro- and anti-inflammatory cytokines,2019,Applied Physiology Nutrition and Metabolism,Campbell_Turner_2018,forward,openalex_cited_by,yes
31507492,10.3389/fpsyg.2019.01934,A Longitudinal Examination of Military Veterans’ Invictus Games Stress Experiences,2019,Frontiers in Psychology,Campbell_Turner_2018,forward,openalex_cited_by+pubmed_elink_citedin,no_new
31533339,10.3390/genes10090720,Physical Activity and Brain Health,2019,Genes,Peake_2017,forward,openalex_cited_by+pubmed_elink_citedin,no_new
31552706,10.14814/phy2.14234,CD4+T cell activation and associated susceptibility to HIV‐1 infection in vitro increased following acute resistance exercise in human subjects,2019,Physiological Reports,Campbell_Turner_2018,forward,openalex_cited_by+pubmed_elink_citedin,yes
31557507,10.1016/j.bbi.2019.09.018,Free light chains as an emerging biomarker in saliva: Biological variability and comparisons with salivary IgA and steroid hormones,2019,Brain Behavior and Immunity,Campbell_Turner_2018,forward,openalex_cited_by,yes
31558615,10.1084/jem.20181308,"Wein AN, McMaster SR, Takamura S, Dunbar PR, Cartwright EK, Hayward SL, et al. CXCR6 regulates localization of tissue-resident memory CD8 T cells to the airways. J Exp Med. (2019) 216:2748–62. doi:  10.1084/jem.20181308. PMID:",2019,J Exp Med,Xie_2026,backward,pubmed_efetch_referencelist,no_new
31563778,10.1016/j.envpol.2019.113264,"Zhao T, Markevych I, Standl M, Schikowski T, Berdel D, Koletzko S, et al. Short-term exposure to ambient ozone and inflammatory biomarkers in cross-sectional studies of children and adolescents: results of the giniplus and lisa birth cohorts. Environ pollut. (2019) 255:113264. doi:  10.1016/j.envpol.2019.113264, PMID:",2019,Environ pollut,Shi_2025,backward,pubmed_efetch_referencelist,no_new
31580932,10.1016/j.bbi.2019.09.024,Elite athletes on regular training show more pronounced induction of vaccine-specific T-cells and antibodies after tetravalent influenza vaccination than controls,2019,Brain Behavior and Immunity,Campbell_Turner_2018;Peake_2017,forward,openalex_cited_by,no_new
31584766,10.7705/biomedica.4451,"Arboleda-Serna VH, Feito Y, Patiño-Villada FA, Vargas-Romero AV, Arango-Vélez EF. Effects of high-intensity interval training compared to moderate-intensity continuous training on maximal oxygen consumption and blood pressure in healthy men: A randomized controlled trial. Biomedica. (2019) 39:524–36. doi:  10.7705/biomedica.4451, PMID:",2019,Biomedica,Shi_2025,backward,pubmed_efetch_referencelist,no_new
31648256,10.1371/journal.pone.0224147,Physical exercise stimulates salivary secretion of cystatins,2019,PLoS ONE,Campbell_Turner_2018,forward,openalex_cited_by+pubmed_elink_citedin,no_new
31654543,10.1002/ajhb.23347,The evolutionary adaptation of body art: Tattooing as costly honest signaling of enhanced immune response in American Samoa,2019,American Journal of Human Biology,Campbell_Turner_2018,forward,openalex_cited_by,no_new
31662290,10.1016/j.ebiom.2019.10.034,Skeletal muscle as potential central link between sarcopenia and immune senescence,2019,EBioMedicine,Campbell_Turner_2018,forward,openalex_cited_by+pubmed_elink_citedin,no_new
31686980,10.1155/2019/1537274,Association of Daily Dietary Intake and Inflammation Induced by Marathon Race,2019,Mediators of Inflammation,Peake_2017,forward,openalex_cited_by+pubmed_elink_citedin,yes
31691927,10.1007/s40279-019-01160-3,Nutrition and Athlete Immune Health: New Perspectives on an Old Paradigm,2019,Sports Medicine,Campbell_Turner_2018;Peake_2017,forward,openalex_cited_by+pubmed_elink_citedin,no_new
31691931,10.1007/s40279-019-01158-x,"Blood Biomarker Profiling and Monitoring for High-Performance Physiology and Nutrition: Current Perspectives, Limitations and Recommendations",2019,Sports Medicine,Peake_2017,forward,openalex_cited_by+pubmed_elink_citedin,no_new
31698763,10.3390/antiox8110529,Effects of Resistance Exercise on Cerebral Redox Regulation and Cognition: An Interplay Between Muscle and Brain,2019,Antioxidants,Peake_2017,forward,openalex_cited_by+pubmed_elink_citedin,no_new
31703460,10.3390/genes10110908,Genetically Determined Physical Activity and Its Association with Circulating Blood Cells,2019,Genes,Campbell_Turner_2018,forward,openalex_cited_by+pubmed_elink_citedin,no_new
31724278,10.14814/phy2.14279,Effects of low and moderate treadmill exercise on liver of d ‐galactose‐exposed aging rat model,2019,Physiological Reports,Campbell_Turner_2018,forward,openalex_cited_by+pubmed_elink_citedin,no_new
31729600,10.1007/s00421-019-04263-x,Acute hyperketonaemia alters T-cell-related cytokine gene expression within stimulated peripheral blood mononuclear cells following prolonged exercise,2019,European Journal of Applied Physiology,Peake_2017,forward,openalex_cited_by+pubmed_elink_citedin,yes
31738771,10.1371/journal.pone.0220542,Chronic exercise modulates the cellular immunity and its cannabinoid receptors expression,2019,PLoS ONE,Campbell_Turner_2018,forward,openalex_cited_by+pubmed_elink_citedin,no_new
31747702,10.1055/a-1015-0453,Acute Impact of Recovery on the Restoration of Cellular Immunological Homeostasis,2019,International Journal of Sports Medicine,Campbell_Turner_2018,forward,openalex_cited_by,yes
31764604,10.1097/jom.0000000000001775,"Main LC, Wolkow AP, Tait JL, Della Gatta P, Raines J, Snow R, et al. Firefighter’s acute inflammatory response to wildfire suppression. J Occup Environ Med. (2020) 62:145–8. doi:  10.1097/jom.0000000000001775, PMID:",2020,J Occup Environ Med,Shi_2025,backward,pubmed_efetch_referencelist,no_new
31774356,10.1152/japplphysiol.00646.2019,Allostatic stress load and CMV serostatus impact immune response to maximal exercise in collegiate swimmers,2019,Journal of Applied Physiology,Campbell_Turner_2018,forward,openalex_cited_by,yes
31795834,10.1080/02656736.2019.1647357,"Lin CD, Chen JF. Regulation of immune cell trafficking by febrile temperatures. Int J Hyperthermia. (2019) 36:17–21. doi:  10.1080/02656736.2019.1647357. PMID:",2019,Int J Hyperthermia,Xie_2026,backward,pubmed_efetch_referencelist,no_new
31832146,10.1002/ece3.5658,Not going with the flow: Locomotor activity does not constrain immunity in a wild fish,2019,Ecology and Evolution,Campbell_Turner_2018,forward,openalex_cited_by+pubmed_elink_citedin,no_new
31838880,10.1177/1534735419894063,Sport Medicine in the Prevention and Management of Cancer,2019,Integrative Cancer Therapies,Campbell_Turner_2018,forward,openalex_cited_by+pubmed_elink_citedin,no_new
31849709,10.3389/fphys.2019.01461,"(Whole-Body) Electromyostimulation, Muscle Damage, and Immune System: A Mini Review",2019,Frontiers in Physiology,Campbell_Turner_2018,forward,openalex_cited_by+pubmed_elink_citedin,yes
31908052,10.1096/fj.201902327r,Exercise as a countermeasure for latent viral reactivation during long duration space flight,2020,The FASEB Journal,Campbell_Turner_2018,forward,openalex_cited_by,no_new
31920698,10.3389/fphys.2019.01491,Changes in Lymphocyte Composition and Functionality After Intensive Training and Exhausting Exercise in Rats,2019,Frontiers in Physiology,Peake_2017,forward,openalex_cited_by+pubmed_elink_citedin,yes
31921481,10.1016/j.jshs.2019.07.004,Impacts of exercise interventions on different diseases and organ functions in mice,2019,Journal of sport and health science/Journal of Sport and Health Science,Campbell_Turner_2018,forward,openalex_cited_by+pubmed_elink_citedin,no_new
31977634,10.1249/mss.0000000000002278,Timing of Vaccination after Training: Immune Response and Side Effects in Athletes,2020,Medicine & Science in Sports & Exercise,Campbell_Turner_2018,forward,openalex_cited_by,yes
31980607,10.1038/s41467-019-13869-w,"Pillon NJ, Gabriel BM, Dollet L, Smith JAB, Sardón Puig L, Botella J, et al. Transcriptomic profiling of skeletal muscle adaptations to exercise and inactivity. Nat Commun. (2020) 11:470. doi:  10.1038/s41467-019-13869-w, PMID:",2020,Nat Commun,Shi_2025,backward,pubmed_efetch_referencelist,no_new
31981359,10.1093/eurpub/ckz230,Educational differences in acute infectious diseases in the Netherlands: results from a nationwide health survey,2019,European Journal of Public Health,Campbell_Turner_2018,forward,openalex_cited_by,no_new
31990927,10.1371/journal.pone.0227993,T helper cell-related changes in peripheral blood induced by progressive effort among soccer players,2020,PLoS ONE,Peake_2017,forward,openalex_cited_by+pubmed_elink_citedin,yes
31992987,10.3389/fphys.2019.01550,Inflammatory Effects of High and Moderate Intensity Exercise—A Systematic Review,2020,Frontiers in Physiology,Peake_2017,forward,openalex_cited_by+pubmed_elink_citedin,yes
32006095,10.1007/s00424-020-02351-y,"Sun L, Li FH, Li T, Min Z, Yang LD, Gao HE, et al. Effects of high-intensity interval training on adipose tissue lipolysis, inflammation, and metabolomics in aged rats. Pflugers Arch. (2020) 472:245–58. doi:  10.1007/s00424-020-02351-y, PMID:",2020,Pflugers Arch,Shi_2025,backward,pubmed_efetch_referencelist,no_new
32020819,10.1080/10715762.2020.1726343,Physical exercise and catecholamines response: benefits and health risk: possible mechanisms,2020,Free Radical Research,Peake_2017,forward,openalex_cited_by,no_new
32030646,10.1007/978-3-030-35727-6_3,Effects of Exercise on the Tumour Microenvironment,2020,Advances in experimental medicine and biology,Campbell_Turner_2018;Peake_2017,forward,openalex_cited_by+pubmed_elink_citedin,no_new
32033000,10.3390/ijms21031010,"Targeting Age-Dependent Functional and Metabolic Decline of Human Skeletal Muscle: The Geroprotective Role of Exercise, Myokine IL-6, and Vitamin D",2020,International Journal of Molecular Sciences,Campbell_Turner_2018,forward,openalex_cited_by+pubmed_elink_citedin,no_new
32033211,10.3390/antiox9020136,"Ruhee RT, Ma S, Suzuki K. Protective effects of sulforaphane on exercise-induced organ damage via inducing antioxidant defense responses. Antioxidants. (2020) 9:136. doi:  10.3390/antiox9020136, PMID:",2020,Antioxidants,Shi_2025,backward,pubmed_efetch_referencelist,yes
32038628,10.3389/fimmu.2019.03082,Systemic β-Adrenergic Receptor Activation Augments the ex vivo Expansion and Anti-Tumor Activity of Vγ9Vδ2 T-Cells,2020,Frontiers in Immunology,Campbell_Turner_2018,forward,openalex_cited_by+pubmed_elink_citedin,yes
32079925,10.1249/mss.0000000000002298,"Hou P, Zhou X, Yu L, Yao Y, Zhang Y, Huang Y, et al. Exhaustive exercise induces gastrointestinal syndrome through reduced Ilc3 and Il-22 in mouse model. Med Sci Sports Exercise. (2020) 52:1710–8. doi:  10.1249/mss.0000000000002298, PMID:",2020,Med Sci Sports Exercise,Shi_2025,backward,pubmed_efetch_referencelist,yes
32099717,10.1016/j.jshs.2020.01.005,"Should, and how can, exercise be done during a coronavirus outbreak? An interview with Dr. Jeffrey A. Woods",2020,Journal of sport and health science/Journal of Sport and Health Science,Campbell_Turner_2018,forward,openalex_cited_by+pubmed_elink_citedin,no_new
32133958,10.2174/1381612826666200305125210,New Insights about Regulatory T Cells Distribution and Function with Exercise: The Role of Immunometabolism,2020,Current Pharmaceutical Design,Campbell_Turner_2018,forward,openalex_cited_by,no_new
32139352,,"Simpson RJ, Campbell JP, Gleeson M, Krüger K, Nieman DC, Pyne DB, et al. Can exercise affect immune function to increase susceptibility to infection? Exerc Immunol Rev. (2020) 26:8–22., PMID:",2020,Can exercise affect immune function to increase susceptibility to infection? Exerc Immunol Rev,Shi_2025,backward,pubmed_efetch_referencelist,no_new
32143279,10.3390/biomedicines8030051,"Ma S, Tominaga T, Kanda K, Sugama K, Omae C, Hashimoto S, et al. Effects of an 8-week protein supplementation regimen with hyperimmunized cow milk on exercise-induced organ damage and inflammation in male runners: A randomized, placebo controlled, cross-over study. Biomedicines. (2020) 8:51. doi:  10.3390/biomedicines8030051, PMID:",2020,Biomedicines,Campbell_Turner_2018;Peake_2017;Shi_2025,backward;forward,openalex_cited_by+pubmed_elink_citedin;pubmed_efetch_referencelist,yes
32156585,10.1016/j.jsxm.2020.01.022,The Association Between Pelvic Discomfort and Erectile Dysfunction in Adult Male Bicyclists,2020,The Journal of Sexual Medicine,Campbell_Turner_2018,forward,openalex_cited_by,no_new
32168730,10.3390/sports8030031,Which are the Nutritional Supplements Used by Beach-Volleyball Athletes? A Cross-Sectional Study at the Italian National Championship,2020,Sports,Peake_2017,forward,openalex_cited_by+pubmed_elink_citedin,no_new
32221992,10.1111/ejh.13412,Cellular immune response to acute exercise: Comparison of endurance and resistance exercise,2020,European Journal Of Haematology,Campbell_Turner_2018;Peake_2017,forward,openalex_cited_by,yes
32223047,10.1002/mnfr.201901071,"β‐1,3/1,6‐Glucans and Immunity: State of the Art and Future Directions",2020,Molecular Nutrition & Food Research,Campbell_Turner_2018,forward,openalex_cited_by+pubmed_elink_citedin,no_new
32231438,10.2147/jir.s237049,"Shanaki M, Khosravi M, Khoshdooni-Farahani A, Dadashi A, Heydari MF, Delfan M, et al. High-intensity interval training reversed high-fat diet-induced M1-macrophage polarization in rat adipose tissue via inhibition of notch signaling. J Inflammation Res. (2020) 13:165–74. doi:  10.2147/jir.S237049, PMID:",2020,J Inflammation Res,Shi_2025,backward,pubmed_efetch_referencelist,no_new
32250193,10.1177/1941738120918876,Coronavirus Disease 2019 (COVID-19): Considerations for the Competitive Athlete,2020,Sports Health A Multidisciplinary Approach,Campbell_Turner_2018,forward,openalex_cited_by+pubmed_elink_citedin,no_new
32278694,10.1016/j.pcad.2020.04.006,Physical activity for immunity protection: Inoculating populations with healthy living medicine in preparation for the next pandemic,2020,Progress in Cardiovascular Diseases,Campbell_Turner_2018,forward,openalex_cited_by+pubmed_elink_citedin,no_new
32296257,10.1016/j.recesp.2020.04.002,Ejercitarse en tiempos de la COVID-19: ¿qué recomiendan hacer los expertos entre cuatro paredes?,2020,Revista Española de Cardiología,Simpson_2020,forward,openalex_cited_by+pubmed_elink_citedin,no_new
32309817,10.1016/j.bbih.2020.100049,High intensity interval exercise increases the frequency of peripheral PD-1+ CD8+ central memory T-cells and soluble PD-L1 in humans,2020,Brain Behavior & Immunity - Health,Campbell_Turner_2018,forward,openalex_cited_by+pubmed_elink_citedin,yes
32311497,10.1016/j.bbi.2020.04.041,The immunological case for staying active during the COVID-19 pandemic,2020,Brain Behavior and Immunity,Simpson_2020,forward,openalex_cited_by,no_new
32324501,10.1161/circresaha.120.315936,"Modifiable Cardiovascular Risk, Hematopoiesis, and Innate Immunity",2020,Circulation Research,Campbell_Turner_2018,forward,openalex_cited_by+pubmed_elink_citedin,no_new
32324968,10.1002/oby.22849,Does High Cardiorespiratory Fitness Confer Some Protection Against Proinflammatory Responses After Infection by SARS‐CoV‐2?,2020,Obesity,Simpson_2020,forward,openalex_cited_by+pubmed_elink_citedin,no_new
32327405,10.7861/clinmed.2020-0111,COVID-19 – does exercise prescription and maximal oxygen uptake (VO2 max) have a role in risk-stratifying patients?,2020,Clinical Medicine,Campbell_Turner_2018,forward,openalex_cited_by,no_new
32342019,10.1016/j.obmed.2020.100245,Exercise against SARS-CoV-2 (COVID-19): Does workout intensity matter? (A mini review of some indirect evidence related to obesity),2020,Obesity Medicine,Campbell_Turner_2018,forward,openalex_cited_by+pubmed_elink_citedin,no_new
32342473,10.1007/978-981-15-1792-1_27,Exercise Regulates the Immune System,2020,Advances in experimental medicine and biology,Peake_2017,forward,openalex_cited_by+pubmed_elink_citedin,yes
32343800,10.1182/bloodadvances.2019001317,"Bartlett DB, Brander DM, Sitlinger A. Impact of exercise on the immune system and outcomes in hematologic Malignancies. Blood Adv. (2020) 4:1801–11. doi:  10.1182/bloodadvances.2019001317, PMID:",2020,Blood Adv,Campbell_Turner_2018;Shi_2025,backward;forward,openalex_cited_by+pubmed_elink_citedin;pubmed_efetch_referencelist,no_new
32355002,10.1126/science.aat3987,"Knudsen NH, Stanya KJ, Hyde AL, Chalom MM, Alexander RK, Liou YH, et al. Interleukin-13 drives metabolic conditioning of muscle to endurance exercise. Science. (2020) 368:eaat3987. doi:  10.1126/science.aat3987, PMID:",2020,Science,Shi_2025,backward,pubmed_efetch_referencelist,no_new
32360589,10.1016/j.bbadis.2020.165823,Exercise-induced immune system response: Anti-inflammatory status on peripheral and central organs,2020,Biochimica et Biophysica Acta (BBA) - Molecular Basis of Disease,Campbell_Turner_2018;Peake_2017,forward,openalex_cited_by+pubmed_elink_citedin,yes
32361898,10.1007/s40279-020-01288-7,Sports Health During the SARS-Cov-2 Pandemic,2020,Sports Medicine,Simpson_2020,forward,openalex_cited_by+pubmed_elink_citedin,no_new
32369998,10.3390/nu12051291,Influence of Hesperidin on Systemic Immunity of Rats Following an Intensive Training and Exhausting Exercise,2020,Nutrients,Campbell_Turner_2018,forward,openalex_cited_by+pubmed_elink_citedin,yes
32375564,10.1177/1359105320925149,Human needs in COVID-19 isolation,2020,Journal of Health Psychology,Campbell_Turner_2018;Simpson_2020,forward,openalex_cited_by,no_new
32389882,10.1016/j.jshs.2020.05.001,"Coronavirus disease-2019: A tocsin to our aging, unfit, corpulent, and immunodeficient society",2020,Journal of sport and health science/Journal of Sport and Health Science,Simpson_2020,forward,openalex_cited_by+pubmed_elink_citedin,no_new
32390738,,"Monje C, Rada I, Castro-Sepulveda M, Peñailillo L, Deldicque L, Zbinden-Foncea H. Effects of a high intensity interval session on mucosal immune function and salivary hormones in male and female endurance athletes. J Sports Sci Med. (2020) 19:436–43., PMID:",2020,J Sports Sci Med,Shi_2025,backward,pubmed_efetch_referencelist,yes
32401626,10.1152/ajpregu.00341.2019,"Mooren FC, Krueger K, Ringseis R, Eder K, Liebisch G, Conrad K, et al. Combined effects of moderate exercise and short-term fasting on markers of immune function in healthy human subjects. Am J Physiol Regul Integr Comp Physiol. (2020) 318:R1103–R15. doi:  10.1152/ajpregu.00341.2019, PMID:",2020,Am J Physiol Regul Integr Comp Physiol,Shi_2025,backward,pubmed_efetch_referencelist,yes
32414660,10.1016/j.rec.2020.04.001,Exercising in times of COVID-19: what do experts recommend doing within four walls?,2020,Revista Española de Cardiología (English Edition),Simpson_2020,forward,openalex_cited_by+pubmed_elink_citedin,no_new
32431698,10.3389/fimmu.2020.00729,"Bartlett DB, Slentz CA, Willis LH, Hoselton A, Huebner JL, Kraus VB, et al. Rejuvenation of neutrophil functions in association with reduced diabetes risk following ten weeks of low-volume high intensity interval walking in older adults with prediabetes – a pilot study. Front Immunol. (2020) 11:729. doi:  10.3389/fimmu.2020.00729, PMID:",2020,Front Immunol,Shi_2025,backward,pubmed_efetch_referencelist,yes
32438620,10.3390/nu12051466,COVID-19: The Inflammation Link and the Role of Nutrition in Potential Mitigation,2020,Nutrients,Simpson_2020,forward,openalex_cited_by+pubmed_elink_citedin,no_new
32449810,10.1111/bph.15141,Exercise training as prophylactic strategy in the management of neutropenia during chemotherapy,2020,British Journal of Pharmacology,Campbell_Turner_2018,forward,openalex_cited_by,no_new
32457637,10.3389/fphys.2020.00308,Exercise-Induced Circulating Hematopoietic Stem and Progenitor Cells in Well-Trained Subjects,2020,Frontiers in Physiology,Campbell_Turner_2018,forward,openalex_cited_by+pubmed_elink_citedin,yes
32460239,10.1123/ijsnem.2019-0349,The Impact of a Dairy Milk Recovery Beverage on Bacterially Stimulated Neutrophil Function and Gastrointestinal Tolerance in Response to Hypohydration Inducing Exercise Stress,2020,International Journal of Sport Nutrition and Exercise Metabolism,Peake_2017,forward,openalex_cited_by,yes
32466163,10.3390/ijerph17103722,Mental Health Problems during the COVID-19 Pandemics and the Mitigation Effects of Exercise: A Longitudinal Study of College Students in China,2020,International Journal of Environmental Research and Public Health,Campbell_Turner_2018,forward,openalex_cited_by+pubmed_elink_citedin,no_new
32475157,10.1177/2047487320930596,Exercise in the Severe Acute Respiratory Syndrome Coronavirus-2 (SARS-CoV-2) era: A Question and Answer session with the experts Endorsed by the section of Sports Cardiology & Exercise of the European Association of Preventive Cardiology (EAPC),2020,European Journal of Preventive Cardiology,Simpson_2020,forward,openalex_cited_by+pubmed_elink_citedin,no_new
32477166,10.3389/fphys.2020.00471,The Cellular Composition of the Innate and Adaptive Immune System Is Changed in Blood in Response to Long-Term Swimming Training,2020,Frontiers in Physiology,Campbell_Turner_2018,forward,openalex_cited_by+pubmed_elink_citedin,no_new
32497061,10.1371/journal.pone.0234027,"Crisis of confidence averted: Impairment of exercise economy and performance in elite race walkers by ketogenic low carbohydrate, high fat (LCHF) diet is reproducible",2020,PLoS ONE,Peake_2017,forward,openalex_cited_by+pubmed_elink_citedin,no_new
32500480,10.1007/s11914-020-00596-1,Potential Importance of Immune System Response to Exercise on Aging Muscle and Bone,2020,Current Osteoporosis Reports,Campbell_Turner_2018;Peake_2017,forward,openalex_cited_by,no_new
32506067,10.1159/000508951,Covid-19 and Exercise-Induced Immunomodulation,2020,NeuroImmunoModulation,Simpson_2020,forward,openalex_cited_by+pubmed_elink_citedin,yes
32508388,10.5114/biolsport.2020.94348,Medical recommendations for home-confined footballers’ training during the COVID-19 pandemic: from evidence to practical application,2020,Biology of Sport,Campbell_Turner_2018;Simpson_2020,forward,openalex_cited_by+pubmed_elink_citedin,no_new
32523306,10.3748/wjg.v26.i20.2479,Diet in neurogenic bowel management: A viewpoint on spinal cord injury,2020,World Journal of Gastroenterology,Peake_2017,forward,openalex_cited_by+pubmed_elink_citedin,no_new
32527328,10.1186/s13104-020-05121-2,Physical activity and blood gene expression profiles: the Norwegian Women and Cancer (NOWAC) Post-genome cohort,2020,BMC Research Notes,Campbell_Turner_2018,forward,openalex_cited_by+pubmed_elink_citedin,no_new
32542719,10.1111/sms.13710,Physical activity: Benefits and challenges during the COVID‐19 pandemic,2020,Scandinavian Journal of Medicine and Science in Sports,Campbell_Turner_2018,forward,openalex_cited_by+pubmed_elink_citedin,no_new
32547154,10.2147/jir.s250675,"Serum Calprotectin, a Marker of Neutrophil Activation, and Other Mediators of Inflammation in Response to Various Types of Extreme Physical Exertion in Healthy Volunteers",2020,Journal of Inflammation Research,Peake_2017,forward,openalex_cited_by+pubmed_elink_citedin,yes
32564299,10.1007/s40279-020-01309-5,The Benefits of Strength Training on Musculoskeletal System Health: Practical Applications for Interdisciplinary Care,2020,Sports Medicine,Campbell_Turner_2018,forward,openalex_cited_by,no_new
32585674,10.1159/000509216,Immunological Implications of Physical Inactivity among Older Adults during the COVID-19 Pandemic,2020,Gerontology,Campbell_Turner_2018;Simpson_2020,forward,openalex_cited_by+pubmed_elink_citedin,no_new
32588460,10.1111/imr.12896,The role of innate immunity in Alzheimer's disease,2020,Immunological Reviews,Campbell_Turner_2018,forward,openalex_cited_by+pubmed_elink_citedin,no_new
32592519,10.1002/dmrr.3378,Sedentariness and physical activity in type 2 diabetes during the COVID‐19 pandemic,2020,Diabetes/Metabolism Research and Reviews,Simpson_2020,forward,openalex_cited_by+pubmed_elink_citedin,no_new
32599642,10.1055/a-1186-1716,Acute Hemodynamic Responses to Combined Exercise and Sauna,2020,International Journal of Sports Medicine,Peake_2017,forward,openalex_cited_by,yes
32621168,10.1007/s11845-020-02300-9,Sports activities during any pandemic lockdown,2020,Irish Journal of Medical Science (1971 -),Campbell_Turner_2018,forward,openalex_cited_by+pubmed_elink_citedin,no_new
32632275,10.1038/s41574-020-0377-1,"McGee SL, Hargreaves M. Exercise adaptations: molecular mechanisms and potential targets for therapeutic benefit. Nat Rev Endocrinol. (2020) 16:495–505. doi:  10.1038/s41574-020-0377-1. PMID:",2020,Nat Rev Endocrinol,Xie_2026,backward,pubmed_efetch_referencelist,yes
32662717,10.1080/14787210.2020.1794818,Exercise and well-being during COVID 19 – time to boost your immunity,2020,Expert Review of Anti-infective Therapy,Campbell_Turner_2018,forward,openalex_cited_by,no_new
32672048,10.33549/physiolres.934371,"Pathophysiology of exercise-induced muscle damage and its structural, functional, metabolic, and clinical consequences",2020,Physiological Research,Peake_2017,forward,openalex_cited_by+pubmed_elink_citedin,yes
32685190,10.2144/fsoa-2020-0051,Better Preventing and Mitigating the Effects of Covid-19,2020,Future Science OA,Campbell_Turner_2018;Peake_2017,forward,openalex_cited_by+pubmed_elink_citedin,no_new
32705925,10.1080/19390211.2020.1796885,Curcumin Improves Delayed Onset Muscle Soreness and Postexercise Lactate Accumulation,2020,Journal of Dietary Supplements,Peake_2017,forward,openalex_cited_by,yes
32714938,10.3389/fmed.2020.00379,Physical Exercise Potentials Against Viral Diseases Like COVID-19 in the Elderly,2020,Frontiers in Medicine,Campbell_Turner_2018,forward,openalex_cited_by+pubmed_elink_citedin,no_new
32715550,10.1113/ep088627,"Hanson ED, Sakkal S, Que S, Cho E, Spielmann G, Kadife E, et al. Natural killer cell mobilization and egress following acute exercise in men with prostate cancer. Exp Physiol. (2020) 105:1524–39. doi:  10.1113/ep088627, PMID:",2020,Exp Physiol,Campbell_Turner_2018;Peake_2017;Shi_2025,backward;forward,openalex_cited_by;pubmed_efetch_referencelist,yes
32717972,10.3390/jcm9082357,Effect of Aerobic and Anaerobic Exercise on the Complement System of Proteins in Healthy Young Males,2020,Journal of Clinical Medicine,Peake_2017,forward,openalex_cited_by+pubmed_elink_citedin,yes
32734758,10.23736/s0022-4707.20.11524-x,Coronavirus disease (COVID-19) and the need to maintain regular physical activity,2020,The Journal of Sports Medicine and Physical Fitness,Campbell_Turner_2018,forward,openalex_cited_by,no_new
32751732,10.3390/nu12082295,Ergogenic Effect of BCAAs and L-Alanine Supplementation: Proof-of-Concept Study in a Murine Model of Physiological Exercise,2020,Nutrients,Peake_2017,forward,openalex_cited_by+pubmed_elink_citedin,no_new
32751902,10.3390/ijerph17155545,Physical Activity Promotes Health and Reduces Cardiovascular Mortality in Depressed Populations: A Literature Overview,2020,International Journal of Environmental Research and Public Health,Campbell_Turner_2018,forward,openalex_cited_by+pubmed_elink_citedin,no_new
32755432,10.1080/09638237.2020.1803234,Exercise addiction and COVID-19-associated restrictions,2020,Journal of Mental Health,Campbell_Turner_2018,forward,openalex_cited_by,no_new
32756458,10.3390/nu12082324,Dietary and Lifestyle Changes During COVID-19 and the Subsequent Lockdowns among Polish Adults: A Cross-Sectional Online Survey PLifeCOVID-19 Study,2020,Nutrients,Campbell_Turner_2018,forward,openalex_cited_by+pubmed_elink_citedin,no_new
32768388,10.1016/j.jped.2020.07.001,COVID-19 and obesity in childhood and adolescence: a clinical review,2020,Jornal de Pediatria,Simpson_2020,forward,openalex_cited_by+pubmed_elink_citedin,no_new
32769667,10.1249/jsr.0000000000000739,ACSM Call to Action Statement: COVID-19 Considerations for Sports and Physical Activity,2020,Current Sports Medicine Reports,Simpson_2020,forward,openalex_cited_by,no_new
32790596,10.1152/japplphysiol.00489.2020,Articles with impact: insights into 10 years of research with machine learning,2020,Journal of Applied Physiology,Peake_2017,forward,openalex_cited_by,no_new
32792984,10.3389/fphys.2020.00874,Optimizing Skeletal Muscle Anabolic Response to Resistance Training in Aging,2020,Frontiers in Physiology,Campbell_Turner_2018,forward,openalex_cited_by+pubmed_elink_citedin,no_new
32825755,10.3390/antiox9090777,Oxidative Stress and Inflammation Induced by Waterpipe Tobacco Smoking Despite Possible Protective Effects of Exercise Training: A Review of the Literature,2020,Antioxidants,Simpson_2020,forward,openalex_cited_by+pubmed_elink_citedin,no_new
32829109,10.1016/j.cyto.2020.155249,"Gerosa-Neto J, Monteiro PA, Inoue DS, Antunes BM, Batatinha H, Dorneles GP, et al. High- and moderate-intensity training modify lps-induced ex-vivo interleukin-10 production in obese men in response to an acute exercise bout. Cytokine. (2020) 136:155249. doi:  10.1016/j.cyto.2020.155249, PMID:",2020,Cytokine,Shi_2025,backward,pubmed_efetch_referencelist,yes
32833973,10.1371/journal.pone.0237705,Exercise influences the impact of polychlorinated biphenyl exposure on immune function,2020,PLoS ONE,Campbell_Turner_2018,forward,openalex_cited_by+pubmed_elink_citedin,no_new
32837566,10.1007/s11332-020-00673-z,Do the benefits of exercise in indoor and outdoor environments during the COVID-19 pandemic outweigh the risks of infection?,2020,Sport Sciences for Health,Campbell_Turner_2018;Simpson_2020,forward,openalex_cited_by+pubmed_elink_citedin,no_new
32844988,10.1590/0001-3765202020200691,Physical exercise during coronavirus disease (COVID-19): Recommendations to remaining active in periods of confinement,2020,Anais da Academia Brasileira de Ciências,Campbell_Turner_2018,forward,openalex_cited_by,no_new
32847134,10.3390/biology9090245,H″IT″ting the Barriers for Exercising during Social Isolation,2020,Biology,Campbell_Turner_2018;Peake_2017,forward,openalex_cited_by+pubmed_elink_citedin,no_new
32851916,10.1080/02640414.2020.1804801,"A repeated-measures examination of organizational stressors, perceived psychological and physical health, and perceived performance in semi-elite athletes",2020,Journal of Sports Sciences,Simpson_2020,forward,openalex_cited_by,no_new
32879542,10.5114/biolsport.2020.95125,The COVID-19 pandemic: how to maintain a healthy immune system during the lockdown – a multidisciplinary approach with special focus on athletes,2020,Biology of Sport,Campbell_Turner_2018,forward,openalex_cited_by+pubmed_elink_citedin,no_new
32879551,10.5114/biolsport.2020.95639,Upper respiratory tract symptoms and salivary immunoglobulin A of elite female gymnasts: a full year longitudinal field study,2020,Biology of Sport,Simpson_2020,forward,openalex_cited_by+pubmed_elink_citedin,no_new
32885275,10.1007/s00421-020-04484-5,Molecular mechanisms involved in the positive effects of physical activity on coping with COVID-19,2020,European Journal of Applied Physiology,Campbell_Turner_2018,forward,openalex_cited_by+pubmed_elink_citedin,no_new
32899277,10.3390/children7090125,Contextualizing Parental/Familial Influence on Physical Activity in Adolescents before and during COVID-19 Pandemic: A Prospective Analysis,2020,Children,Campbell_Turner_2018,forward,openalex_cited_by+pubmed_elink_citedin,no_new
32917427,10.1016/j.ajem.2020.08.066,COVID-19: Optimizing healthcare provider wellness and posttraumatic growth,2020,The American Journal of Emergency Medicine,Simpson_2020,forward,openalex_cited_by+pubmed_elink_citedin,no_new
32923351,10.5334/gh.879,Cardiometabolic Health: Key in Reducing Adverse COVID-19 Outcomes,2020,Global Heart,Campbell_Turner_2018,forward,openalex_cited_by+pubmed_elink_citedin,no_new
32924671,10.1080/17476348.2021.1823833,Diagnostic approaches in COVID-19: clinical updates,2020,Expert Review of Respiratory Medicine,Campbell_Turner_2018,forward,openalex_cited_by,no_new
32925370,10.1249/jsr.0000000000000743,Exercise Immunology Reconsidered,2020,Current Sports Medicine Reports,Campbell_Turner_2018;Simpson_2020,forward,openalex_cited_by,no_new
32929321,10.1007/s11420-020-09793-1,Five Myths of COVID-19 for the Team Physician,2020,HSS Journal® The Musculoskeletal Journal of Hospital for Special Surgery,Simpson_2020,forward,openalex_cited_by,no_new
32977571,10.3390/ijerph17196961,The Impact of the COVID-19 Confinement on the Habits of PA Practice According to Gender (Male/Female): Spanish Case,2020,International Journal of Environmental Research and Public Health,Peake_2017,forward,openalex_cited_by+pubmed_elink_citedin,no_new
32998207,10.3390/ijerph17197092,Exercise Behavior and Mood during the COVID-19 Pandemic in Taiwan: Lessons for the Future,2020,International Journal of Environmental Research and Public Health,Simpson_2020,forward,openalex_cited_by+pubmed_elink_citedin,no_new
33013486,10.3389/fphys.2020.572718,A Preventive Role of Exercise Across the Coronavirus 2 (SARS-CoV-2) Pandemic,2020,Frontiers in Physiology,Campbell_Turner_2018,forward,openalex_cited_by+pubmed_elink_citedin,no_new
33027604,10.1152/japplphysiol.00775.2020,Commentaries on Viewpoint: The interaction between SARS-CoV-2 and ACE2 may have consequences for skeletal muscle viral susceptibility and myopathies,2020,Journal of Applied Physiology,Campbell_Turner_2018,forward,openalex_cited_by+pubmed_elink_citedin,no_new
33028418,10.1186/s12933-020-01136-y,"Magalhães JP, Santos DA, Correia IR, Hetherington-Rauth M, Ribeiro R, Raposo JF, et al. Impact of combined training with different exercise intensities on inflammatory and lipid markers in type 2 diabetes: A secondary analysis from a 1-year randomized controlled trial. Cardiovasc Diabetol. (2020) 19:169. doi:  10.1186/s12933-020-01136-y, PMID:",2020,Cardiovasc Diabetol,Shi_2025,backward,pubmed_efetch_referencelist,yes
33029503,10.1155/2020/3292916,Resistance Training Safety during and after the SARS‐Cov‐2 Outbreak: Practical Recommendations,2020,BioMed Research International,Peake_2017,forward,openalex_cited_by+pubmed_elink_citedin,no_new
33041708,,The Functional Medicine Approach to COVID-19: Nutrition and Lifestyle Practices for Strengthening Host Defense.,2020,PubMed,Campbell_Turner_2018;Simpson_2020,forward,openalex_cited_by+pubmed_elink_citedin,no_new
33047384,10.1096/fj.202001403rr,Plasticity of the human IgM repertoire in response to long‐term spaceflight,2020,The FASEB Journal,Campbell_Turner_2018,forward,openalex_cited_by,no_new
33048633,10.1080/07448481.2020.1817037,The COVID-19 pandemic: The importance of physical activity among faculty members,2020,Journal of American College Health,Simpson_2020,forward,openalex_cited_by,no_new
33068720,10.1016/j.mcn.2020.103567,Enduring neuroimmunological consequences of developmental experiences: From vulnerability to resilience,2020,Molecular and Cellular Neuroscience,Campbell_Turner_2018;Simpson_2020,forward,openalex_cited_by+pubmed_elink_citedin,no_new
33072240,10.1016/j.waojou.2020.100476,Enhancing innate immunity against virus in times of COVID-19: Trying to untangle facts from fictions,2020,World Allergy Organization Journal,Campbell_Turner_2018,forward,openalex_cited_by+pubmed_elink_citedin,no_new
33086142,10.1016/j.psyneuen.2020.104912,"Salivary free light chains as a new biomarker to measure psychological stress: the impact of a university exam period on salivary immunoglobulins, cortisol, DHEA and symptoms of infection",2020,Psychoneuroendocrinology,Campbell_Turner_2018,forward,openalex_cited_by,no_new
33087757,10.1038/s41598-020-74837-9,Alterations in the mucosal immune system by a chronic exhausting exercise in Wistar rats,2020,Scientific Reports,Peake_2017;Simpson_2020,forward,openalex_cited_by+pubmed_elink_citedin,yes
33092337,10.23736/s0022-4707.20.11767-5,Immune response to physical exercise: evidence to take into account during the Coronavirus disease (COVID-19) pandemic,2021,The Journal of Sports Medicine and Physical Fitness,Campbell_Turner_2018,forward,openalex_cited_by,no_new
33096721,10.3390/sports8100139,Impact of COVID-19 Lockdown on Physical Activity in a Sample of Greek Adults,2020,Sports,Simpson_2020,forward,openalex_cited_by+pubmed_elink_citedin,no_new
33110775,10.4103/jfmpc.jfmpc_504_20,A review on exploring evidence-based approach to harnessing the immune system in times of corona virus pandemic: Best of modern and traditional Indian system of medicine,2020,Journal of Family Medicine and Primary Care,Campbell_Turner_2018,forward,openalex_cited_by+pubmed_elink_citedin,no_new
33138270,10.3390/ijerph17217964,Physical Activity and Sociodemographic Profile of Brazilian People during COVID-19 Outbreak: An Online and Cross-Sectional Survey,2020,International Journal of Environmental Research and Public Health,Campbell_Turner_2018,forward,openalex_cited_by+pubmed_elink_citedin,no_new
33140866,10.1111/sms.13869,Effect of marathon and ultra‐marathon on inflammation and iron homeostasis,2020,Scandinavian Journal of Medicine and Science in Sports,Campbell_Turner_2018,forward,openalex_cited_by,yes
33149717,10.1177/1179551420964487,The Danger of Sedentary Lifestyle in Diabetic and Obese People During the COVID-19 Pandemic,2020,Clinical Medicine Insights Endocrinology and Diabetes,Campbell_Turner_2018,forward,openalex_cited_by+pubmed_elink_citedin,no_new
33153636,10.1016/j.mayocp.2020.08.028,Stress and Fear,2020,Mayo Clinic Proceedings,Simpson_2020,forward,openalex_cited_by,no_new
33162898,10.3389/fphys.2020.572040,Effects of Blood Flow Restriction on Leukocyte Profile and Muscle Damage,2020,Frontiers in Physiology,Campbell_Turner_2018,forward,openalex_cited_by+pubmed_elink_citedin,yes
33178053,10.3389/fphys.2020.600888,Assessment of Serum Cytokines and Oxidative Stress Markers in Elite Athletes Reveals Unique Profiles Associated With Different Sport Disciplines,2020,Frontiers in Physiology,Campbell_Turner_2018,forward,openalex_cited_by+pubmed_elink_citedin,no_new
33189596,10.1016/j.jsams.2020.10.009,Running behavior and symptoms of respiratory tract infection during the COVID-19 pandemic,2020,Journal of science and medicine in sport,Simpson_2020,forward,openalex_cited_by+pubmed_elink_citedin,no_new
33192581,10.3389/fphys.2020.577540,Acute Exercise-Induced Oxidative Stress Does Not Affect Immediate or Delayed Precursor Cell Mobilization in Healthy Young Males,2020,Frontiers in Physiology,Campbell_Turner_2018,forward,openalex_cited_by+pubmed_elink_citedin,yes
33193359,10.3389/fimmu.2020.574029,The Long History of Vitamin C: From Prevention of the Common Cold to Potential Aid in the Treatment of COVID-19,2020,Frontiers in Immunology,Simpson_2020,forward,openalex_cited_by+pubmed_elink_citedin,no_new
33196320,10.1177/0363546520975186,Sports Medicine Considerations During the COVID-19 Pandemic,2020,The American Journal of Sports Medicine,Simpson_2020,forward,openalex_cited_by,no_new
33233549,10.3390/antiox9111155,"The Effect of Physical Training on Peripheral Blood Mononuclear Cell Ex Vivo Proliferation, Differentiation, Activity, and Reactive Oxygen Species Production in Racehorses",2020,Antioxidants,Campbell_Turner_2018,forward,openalex_cited_by+pubmed_elink_citedin,yes
33239350,10.1136/bjsports-2020-102955,"Bull FC, Al-Ansari SS, Biddle S, Borodulin K, Buman MP, Cardon G, et al. World health organization 2020 guidelines on physical activity and sedentary behaviour. Br J Sports Med. (2020) 54:1451–62. doi:  10.1136/bjsports-2020-102955, PMID:",2020,Br J Sports Med,Shi_2025,backward,pubmed_efetch_referencelist,no_new
33262041,10.1016/j.jsams.2020.10.011,Household illness is the strongest predictor of upper respiratory tract symptom risk in elite rugby union players,2020,Journal of science and medicine in sport,Simpson_2020,forward,openalex_cited_by,no_new
33269094,10.14336/ad.2020.0603,Innate and Adaptive Immunity in Aging and Longevity: The Foundation of Resilience,2020,Aging and Disease,Campbell_Turner_2018,forward,openalex_cited_by+pubmed_elink_citedin,no_new
33270727,10.1371/journal.pone.0243276,"Acute leucocyte, muscle damage, and stress marker responses to high-intensity functional training",2020,PLoS ONE,Peake_2017,forward,openalex_cited_by+pubmed_elink_citedin,yes
33303928,10.1038/s41598-020-78750-z,"Dorneles GP, da Silva IM, Santos MA, Elsner VR, Fonseca SG, Peres A, et al. Immunoregulation induced by autologous serum collected after acute exercise in obese men: A randomized cross-over trial. Sci Rep. (2020) 10:21735. doi:  10.1038/s41598-020-78750-z, PMID:",2020,Sci Rep,Campbell_Turner_2018;Shi_2025,backward;forward,openalex_cited_by+pubmed_elink_citedin;pubmed_efetch_referencelist,yes
33308259,10.1186/s12970-020-00396-z,"Time-restricted eating effects on performance, immune function, and body composition in elite cyclists: a randomized controlled trial",2020,Journal of the International Society of Sports Nutrition,Peake_2017,forward,openalex_cited_by+pubmed_elink_citedin,no_new
33310039,10.1016/j.lfs.2020.118880,"Leite AB, Lima HN, Flores C, Oliveira CA, Cunha LEC, Neves JL, et al. High-intensity interval training is more effective than continuous training to reduce inflammation markers in female rats with cisplatin nephrotoxicity. Life Sci. (2021) 266:118880. doi:  10.1016/j.lfs.2020.118880, PMID:",2021,Life Sci,Shi_2025,backward,pubmed_efetch_referencelist,no_new
33315880,10.1371/journal.pone.0243524,Healthy lifestyle behaviors are major predictors of mental wellbeing during COVID-19 pandemic confinement: A study on adult Arabs in higher educational institutions,2020,PLoS ONE,Simpson_2020,forward,openalex_cited_by+pubmed_elink_citedin,no_new
33321520,10.1055/a-1309-2037,Recreational Dance Practice Modulates Lymphocyte Profile and Function in Diabetic Women,2020,International Journal of Sports Medicine,Peake_2017,forward,openalex_cited_by,no_new
33329256,10.3389/fpsyg.2020.593903,Physical Exercise and Immune System in the Elderly: Implications and Importance in COVID-19 Pandemic Period,2020,Frontiers in Psychology,Campbell_Turner_2018,forward,openalex_cited_by+pubmed_elink_citedin,no_new
33330343,10.3389/fpubh.2020.604339,Covid-19 Mortality: A Matter of Vulnerability Among Nations Facing Limited Margins of Adaptation,2020,Frontiers in Public Health,Campbell_Turner_2018,forward,openalex_cited_by+pubmed_elink_citedin,no_new
33330597,10.3389/fnut.2020.597600,The Impact of Obesity and Lifestyle on the Immune System and Susceptibility to Infections Such as COVID-19,2020,Frontiers in Nutrition,Campbell_Turner_2018,forward,openalex_cited_by+pubmed_elink_citedin,no_new
33345048,10.3389/fspor.2020.00057,Physical Activity During the Coronavirus (COVID-19) Pandemic: Prevention of a Decline in Metabolic and Immunological Functions,2020,Frontiers in Sports and Active Living,Campbell_Turner_2018;Simpson_2020,forward,openalex_cited_by+pubmed_elink_citedin,no_new
33345052,10.3389/fspor.2020.00061,Exercise: A Protective Measure or an “Open Window” for COVID-19? A Mini Review,2020,Frontiers in Sports and Active Living,Peake_2017,forward,openalex_cited_by+pubmed_elink_citedin,yes
33370551,10.1016/j.pcad.2020.12.001,Temporal changes in personal activity intelligence and mortality: Data from the aerobics center longitudinal study,2020,Progress in Cardiovascular Diseases,Campbell_Turner_2018,forward,openalex_cited_by,no_new
33393082,10.1111/eci.13485,Sustaining efficient immune functions with regular physical exercise in the COVID‐19 era and beyond,2021,European Journal of Clinical Investigation,Campbell_Turner_2018;Simpson_2020,forward,openalex_cited_by+pubmed_elink_citedin,no_new
33396704,10.3390/v13010048,Limbic Encephalitis Brain Damage Induced by Cocal Virus in Adult Mice Is Reduced by Environmental Enrichment: Neuropathological and Behavioral Studies,2020,Viruses,Campbell_Turner_2018,forward,openalex_cited_by+pubmed_elink_citedin,no_new
33398798,10.1007/s40279-020-01402-9,The Effect of Acute Physical Exercise on NK-Cell Cytolytic Activity: A Systematic Review and Meta-Analysis,2021,Sports Medicine,Campbell_Turner_2018,forward,openalex_cited_by,yes
33406502,10.18632/aging.202312,Exercise reduces metabolic burden while altering the immune system in aged mice,2021,Aging,Campbell_Turner_2018,forward,openalex_cited_by+pubmed_elink_citedin,yes
33418951,10.3390/nu13010157,"A 2 Week Cross-over Intervention with a Low Carbohydrate, High Fat Diet Compared to a High Carbohydrate Diet Attenuates Exercise-Induced Cortisol Response, but Not the Reduction of Exercise Capacity, in Recreational Athletes",2021,Nutrients,Campbell_Turner_2018,forward,openalex_cited_by+pubmed_elink_citedin,yes
33419790,10.1126/sciimmunol.abb6808,"Swarnalekha N, Schreiner D, Litzler LC, Iftikhar S, Kirchmeier D, Künzli M, et al. T resident helper cells promote humoral responses in the lung. Sci Immunol. (2021) 6:eabb6808. doi:  10.1126/sciimmunol.abb6808. PMID:",2021,Sci Immunol,Xie_2026,backward,pubmed_efetch_referencelist,no_new
33419791,10.1126/sciimmunol.abb6852,"Son YM, Cheon IS, Wu Y, Li C, Wang Z, Gao X, et al. Tissue-resident CD4+ T helper cells assist the development of protective respiratory B and CD8+ T cell memory responses. Sci Immunol. (2021) 6:eabb6852. doi:  10.1126/sciimmunol.abb6852. PMID:",2021,Sci Immunol,Xie_2026,backward,pubmed_efetch_referencelist,no_new
33425264,10.22088/cjim.11.0.479,How to Exercise During Coronavirus Quarantine?,2020,PubMed,Simpson_2020,forward,openalex_cited_by+pubmed_elink_citedin,no_new
33440333,10.1123/ijspp.2020-0762,"Upper-Body Resistance Training Following Soccer Match Play: Compatible, Complementary, or Contraindicated?",2021,International Journal of Sports Physiology and Performance,Peake_2017;Simpson_2020,forward,openalex_cited_by,no_new
33440732,10.3390/sports9010008,"Suzuki K, Hayashida H. Effect of exercise intensity on cell-mediated immunity. Sports (Basel). (2021) 9:8. doi:  10.3390/sports9010008, PMID:",2021,Sports (Basel),Shi_2025;Simpson_2020,backward;forward,openalex_cited_by+pubmed_elink_citedin;pubmed_efetch_referencelist,no_new
33454564,10.1016/j.healthplace.2021.102505,"Examine the associations between perceived neighborhood conditions, physical activity, and mental health during the COVID-19 pandemic",2021,Health & Place,Campbell_Turner_2018,forward,openalex_cited_by+pubmed_elink_citedin,no_new
33456511,10.3892/etm.2020.9575,"Investigation of the natural supplement IQP‑AS‑119 for the prevention of upper respiratory tract infections in marathon race participants: A randomized, double‑blind, placebo‑controlled pilot study",2020,Experimental and Therapeutic Medicine,Simpson_2020,forward,openalex_cited_by+pubmed_elink_citedin,yes
33467247,10.3390/jfmk5020031,Coronavirus Outbreak in Italy: Physiological Benefits of Home-Based Exercise During Pandemic,2020,Journal of Functional Morphology and Kinesiology,Campbell_Turner_2018,forward,openalex_cited_by+pubmed_elink_citedin,no_new
33472060,10.1101/869917,"FitzPatrick MEB, Provine NM, Garner LC, Powell K, Amini A, Irwin SL, et al. Human intestinal tissue-resident memory T cells comprise transcriptionally and functionally distinct subsets. Cell Rep. (2021) 34:108661. doi:  10.1101/869917. PMID:",2021,Cell Rep,Xie_2026,backward,pubmed_efetch_referencelist,no_new
33494360,10.3390/cancers13030394,Adrenergic Signaling in Immunotherapy of Cancer: Friend or Foe?,2021,Cancers,Simpson_2020,forward,openalex_cited_by+pubmed_elink_citedin,no_new
33521030,10.3389/fnut.2020.570235,"Ramadan Fasting During the COVID-19 Pandemic; Observance of Health, Nutrition and Exercise Criteria for Improving the Immune System",2021,Frontiers in Nutrition,Peake_2017,forward,openalex_cited_by+pubmed_elink_citedin,no_new
33521041,10.3389/fnut.2020.622270,"Does the Nutritional Composition of Dairy Milk Based Recovery Beverages Influence Post-exercise Gastrointestinal and Immune Status, and Subsequent Markers of Recovery Optimisation in Response to High Intensity Interval Exercise?",2021,Frontiers in Nutrition,Peake_2017,forward,openalex_cited_by+pubmed_elink_citedin,yes
33535496,10.3390/nu13020482,Cancer Related Anemia: An Integrated Multitarget Approach and Lifestyle Interventions,2021,Nutrients,Peake_2017,forward,openalex_cited_by+pubmed_elink_citedin,no_new
33546247,10.3390/healthcare9020163,A Combined Approach for Health Assessment in Adolescent Endurance Runners,2021,Healthcare,Campbell_Turner_2018,forward,openalex_cited_by+pubmed_elink_citedin,yes
33555464,10.1007/s10549-021-06111-z,"Coletta AM, Agha NH, Baker FL, Niemiro GM, Mylabathula PL, Brewster AM, et al. The Impact of High-Intensity Interval Exercise Training on Nk-Cell Function and Circulating Myokines for Breast Cancer Prevention among Women at High Risk for Breast Cancer. Breast Cancer Res Treat. (2021) 187:407–16. doi:  10.1007/s10549-021-06111-z, PMID:",2021,Breast Cancer Res Treat,Shi_2025,backward,pubmed_efetch_referencelist,no_new
33556548,10.1016/j.arr.2021.101268,Obesity and aging: Molecular mechanisms and therapeutic approaches,2021,Ageing Research Reviews,Simpson_2020,forward,openalex_cited_by,no_new
33561293,10.1002/cncr.33426,"Fitness and prostate cancer screening, incidence, and mortality: Results from the Henry Ford Exercise Testing (FIT) Project",2021,Cancer,Campbell_Turner_2018,forward,openalex_cited_by,no_new
33576237,10.1177/0890117121990518,COVID-19: Are Non-Communicable Diseases Risk Factors for Its Severity?,2021,American Journal of Health Promotion,Campbell_Turner_2018,forward,openalex_cited_by,no_new
33578926,10.3390/foods10020389,Fruits and Vegetables in the Management of Underlying Conditions for COVID-19 High-Risk Groups,2021,Foods,Simpson_2020,forward,openalex_cited_by+pubmed_elink_citedin,no_new
33585798,10.1016/j.mayocpiqo.2020.12.008,Viral Respiratory Infections: An Ounce of Prevention Is Worth a Pound of Cure,2021,Mayo Clinic Proceedings Innovations Quality & Outcomes,Campbell_Turner_2018,forward,openalex_cited_by+pubmed_elink_citedin,no_new
33589470,10.1136/bjsports-2020-103724,Resuming professional football (soccer) during the COVID-19 pandemic in a country with high infection rates: a prospective cohort study,2021,British Journal of Sports Medicine,Simpson_2020,forward,openalex_cited_by+pubmed_elink_citedin,no_new
33593462,10.1017/s0007114521000568,"Immune status, well-being and gut microbiota in military supplemented with synbiotic ice cream and submitted to field training: a randomised clinical trial",2021,British Journal Of Nutrition,Campbell_Turner_2018,forward,openalex_cited_by,yes
33597950,10.3389/fimmu.2020.616188,A Phenomic Perspective on Factors Influencing Breast Cancer Treatment: Integrating Aging and Lifestyle in Blood and Tissue Biomarker Profiling,2021,Frontiers in Immunology,Campbell_Turner_2018,forward,openalex_cited_by+pubmed_elink_citedin,no_new
33613323,10.3389/fphys.2021.628863,Assessing Overall Exercise Recovery Processes Using Carbohydrate and Carbohydrate-Protein Containing Recovery Beverages,2021,Frontiers in Physiology,Peake_2017,forward,openalex_cited_by+pubmed_elink_citedin,yes
33613573,10.3389/fimmu.2021.587146,"The Relevance of a Physical Active Lifestyle and Physical Fitness on Immune Defense: Mitigating Disease Burden, With Focus on COVID-19 Consequences",2021,Frontiers in Immunology,Simpson_2020,forward,openalex_cited_by+pubmed_elink_citedin,no_new
33629651,10.1080/02640414.2021.1888430,Predictors of upper respiratory tract symptom risk: Differences between elite rugby union and league players,2021,Journal of Sports Sciences,Simpson_2020,forward,openalex_cited_by,no_new
33630676,10.1152/japplphysiol.01051.2020,Levels of cardiorespiratory fitness in men exerts strong impact on lymphocyte function after mitogen stimulation,2021,Journal of Applied Physiology,Campbell_Turner_2018,forward,openalex_cited_by,no_new
33650530,10.1530/joe-20-0487,Exposomes and metabolic health through a physical activity lens: a narrative review,2021,Journal of Endocrinology,Simpson_2020,forward,openalex_cited_by,no_new
33668262,10.3390/ijerph18052235,A Pandemic within the Pandemic? Physical Activity Levels Substantially Decreased in Countries Affected by COVID-19,2021,International Journal of Environmental Research and Public Health,Campbell_Turner_2018,forward,openalex_cited_by+pubmed_elink_citedin,no_new
33670510,10.3390/ijerph18041964,Indirect Health Effects of COVID-19: Unhealthy Lifestyle Behaviors during the Lockdown in the United Arab Emirates,2021,International Journal of Environmental Research and Public Health,Campbell_Turner_2018,forward,openalex_cited_by+pubmed_elink_citedin,no_new
33685367,10.1080/22423982.2021.1897213,An experimental exposure study revealing composite airway effects of physical exercise in a subzero environment,2021,International Journal of Circumpolar Health,Campbell_Turner_2018,forward,openalex_cited_by+pubmed_elink_citedin,no_new
33704697,10.1007/s40279-021-01441-w,Recommendations on Youth Participation in Ultra-Endurance Running Events: A Consensus Statement,2021,Sports Medicine,Peake_2017,forward,openalex_cited_by+pubmed_elink_citedin,no_new
33710692,10.1096/fj.202002029r,Mitochondrial bioenergetic pathways in blood leukocyte transcriptome decrease after intensive weight loss but are rescued following weight regain in female physique athletes,2021,The FASEB Journal,Simpson_2020,forward,openalex_cited_by,no_new
33716015,10.1016/j.pcad.2021.03.001,Vaccine and physical activity in the era of COVID-19 pandemic,2021,Progress in Cardiovascular Diseases,Campbell_Turner_2018,forward,openalex_cited_by+pubmed_elink_citedin,no_new
33744894,10.1159/000513283,Patients with Severe Obesity during the COVID-19 Pandemic: How to Maintain an Adequate Multidisciplinary Nutritional Rehabilitation Program?,2021,Obesity Facts,Campbell_Turner_2018,forward,openalex_cited_by+pubmed_elink_citedin,no_new
33746777,10.3389/fphys.2021.637590,Practical Recommendations Relevant to the Use of Resistance Training for COVID-19 Survivors,2021,Frontiers in Physiology,Peake_2017,forward,openalex_cited_by+pubmed_elink_citedin,no_new
33752623,10.1186/s12877-021-02128-7,Lifestyle exercise attenuates immunosenescence; flow cytometry analysis,2021,BMC Geriatrics,Campbell_Turner_2018;Simpson_2020,forward,openalex_cited_by+pubmed_elink_citedin,no_new
33787989,10.1007/s00421-021-04668-7,"Transferring clinically established immune inflammation markers into exercise physiology: focus on neutrophil-to-lymphocyte ratio, platelet-to-lymphocyte ratio and systemic immune-inflammation index",2021,European Journal of Applied Physiology,Campbell_Turner_2018;Simpson_2020,forward,openalex_cited_by+pubmed_elink_citedin,yes
33791461,10.7861/fhj.2021-0009,Love in the time of COVID-19: Social prescribing and the paradox of isolation,2021,Future Healthcare Journal,Campbell_Turner_2018,forward,openalex_cited_by+pubmed_elink_citedin,no_new
33806895,10.3390/ijms22063265,The Role of Innate and Adaptive Immune Cells in Skeletal Muscle Regeneration,2021,International Journal of Molecular Sciences,Campbell_Turner_2018,forward,openalex_cited_by+pubmed_elink_citedin,no_new
33808153,10.3390/nu13041132,Does Flavonoid Consumption Improve Exercise Performance? Is It Related to Changes in the Immune System and Inflammatory Biomarkers? A Systematic Review of Clinical Studies since 2005,2021,Nutrients,Simpson_2020,forward,openalex_cited_by+pubmed_elink_citedin,no_new
33808154,10.3390/sports9040046,Exercise-Induced Changes in Tumor Growth via Tumor Immunity,2021,Sports,Campbell_Turner_2018,forward,openalex_cited_by+pubmed_elink_citedin,yes
33812764,10.1016/j.cyto.2021.155514,Differential effects of whole blood heat treatment on the ex vivo inflammatory profile of untrained and trained men,2021,Cytokine,Campbell_Turner_2018,forward,openalex_cited_by,no_new
33822261,10.1007/s00421-021-04679-4,Does exercise attenuate age- and disease-associated dysfunction in unconventional T cells? Shining a light on overlooked cells in exercise immunology,2021,European Journal of Applied Physiology,Campbell_Turner_2018;Peake_2017,forward,openalex_cited_by+pubmed_elink_citedin,yes
33837221,10.1038/s41536-021-00128-0,Targets identified from exercised heart: killing multiple birds with one stone,2021,npj Regenerative Medicine,Peake_2017,forward,openalex_cited_by+pubmed_elink_citedin,no_new
33839332,10.1016/j.arr.2021.101341,Immunometabolic responses according to physical fitness status and lifelong exercise during aging: New roads for exercise immunology,2021,Ageing Research Reviews,Simpson_2020,forward,openalex_cited_by,no_new
33839688,10.1158/2326-6066.cir-20-0499,"Gomes-Santos IL, Amoozgar Z, Kumar AS, Ho WW, Roh K, Talele NP, et al. Exercise training improves tumor control by increasing CD8+ T-cell infiltration via CXCR3 signaling and sensitizes breast cancer to immune checkpoint blockade. Cancer Immunol Res. (2021) 9:765–78. doi:  10.1158/2326-6066.cir-20-0499. PMID:",2021,Cancer Immunol Res,Xie_2026,backward,pubmed_efetch_referencelist,no_new
33877614,10.1007/s40279-021-01466-1,"Chastin SFM, Abaraogu U, Bourgois JG, Dall PM, Darnborough J, Duncan E, et al. Effects of regular physical activity on the immune system, vaccination and risk of community-acquired infectious disease in the general population: systematic review and meta-analysis. Sports Med. (2021) 51:1673–86. doi:  10.1007/s40279-021-01466-1. PMID:",2021,Sports Med,Campbell_Turner_2018;Xie_2026,backward;forward,openalex_cited_by;pubmed_efetch_referencelist,no_new
33893945,10.1007/s10517-021-05139-x,Ammonium Salts Promote Adaptive Changes of Rat Immune System to Ultimate Load in the Forced Swimming Model,2021,Bulletin of Experimental Biology and Medicine,Campbell_Turner_2018,forward,openalex_cited_by+pubmed_elink_citedin,no_new
33899336,10.1002/oby.23147,Exercise and Adipose Tissue Immunity: Outrunning Inflammation,2021,Obesity,Simpson_2020,forward,openalex_cited_by,no_new
33917558,10.3390/jcm10071539,Physical Activity and the Risk of COVID-19 Infection and Mortality: A Nationwide Population-Based Case-Control Study,2021,Journal of Clinical Medicine,Campbell_Turner_2018,forward,openalex_cited_by+pubmed_elink_citedin,no_new
33922108,10.3390/nu13051409,Nutrition for Older Athletes: Focus on Sex-Differences,2021,Nutrients,Simpson_2020,forward,openalex_cited_by+pubmed_elink_citedin,no_new
33922542,10.3390/biology10050362,Upper Respiratory Tract Infections in Sport and the Immune System Response. A Review,2021,Biology,Peake_2017;Simpson_2020,forward,openalex_cited_by+pubmed_elink_citedin,no_new
33926145,10.3390/ijerph18094603,Immune Response of Elite Enduro Racers to Laboratory and Racing Environments: The Influence of Training Impulse and Vibration,2021,International Journal of Environmental Research and Public Health,Campbell_Turner_2018;Peake_2017,forward,openalex_cited_by+pubmed_elink_citedin,yes
33932869,10.1016/j.redox.2021.101976,The central role of mitochondrial fitness on antiviral defenses: An advocacy for physical activity during the COVID-19 pandemic,2021,Redox Biology,Peake_2017;Simpson_2020,forward,openalex_cited_by+pubmed_elink_citedin,no_new
33933818,10.1016/j.jneuroim.2021.577578,Altered immunoemotional regulatory system in COVID-19: From the origins to opportunities,2021,Journal of Neuroimmunology,Simpson_2020,forward,openalex_cited_by+pubmed_elink_citedin,no_new
33936054,10.3389/fimmu.2021.639308,Regular Exercise May Restore Certain Age-Related Alterations of Adaptive Immunity and Rebalance Immune Regulation,2021,Frontiers in Immunology,Campbell_Turner_2018,forward,openalex_cited_by+pubmed_elink_citedin,no_new
33945550,10.1371/journal.pone.0250907,Increased risk of respiratory viral infections in elite athletes: A controlled study,2021,PLoS ONE,Simpson_2020,forward,openalex_cited_by+pubmed_elink_citedin,no_new
33947100,10.3390/ijerph18094767,Impact of COVID-19 on Swimming Training: Practical Recommendations during Home Confinement/Isolation,2021,International Journal of Environmental Research and Public Health,Simpson_2020,forward,openalex_cited_by+pubmed_elink_citedin,no_new
33965431,10.1016/j.jaci.2021.04.028,Prolonged high-intensity exercise induces fluctuating immune responses to herpes simplex virus infection via glucocorticoids,2021,Journal of Allergy and Clinical Immunology,Campbell_Turner_2018;Peake_2017;Simpson_2020,forward,openalex_cited_by,yes
33965900,,"Proschinger S, Winker M, Joisten N, Bloch W, Palmowski J, Zimmer P. The effect of exercise on regulatory T cells: A systematic review of human and animal studies with future perspectives and methodological recommendations. Exerc Immunol Rev. (2021) 27:142–66., PMID:",2021,Exerc Immunol Rev,Shi_2025,backward,pubmed_efetch_referencelist,no_new
33975368,10.1055/a-1446-9828,Skin Diseases in Elite Athletes,2021,International Journal of Sports Medicine,Campbell_Turner_2018,forward,openalex_cited_by,no_new
33989314,10.1371/journal.pone.0250088,Training and illness characteristics of cross-country skiers transitioning from junior to senior level,2021,PLoS ONE,Campbell_Turner_2018;Simpson_2020,forward,openalex_cited_by+pubmed_elink_citedin,no_new
33997896,10.1093/fampra/cmab033,The relationship between duration and quality of sleep and upper respiratory tract infections: a systematic review,2021,Family Practice,Peake_2017,forward,openalex_cited_by+pubmed_elink_citedin,no_new
34001646,10.1136/rmdopen-2021-001644,"Exercise, infection and rheumatic diseases: what do we know?",2021,RMD Open,Simpson_2020,forward,openalex_cited_by+pubmed_elink_citedin,no_new
34017905,10.1177/2333794x211012980,Effect of COVID-19 Lockdown on Young Egyptian Soccer Players,2021,Global Pediatric Health,Campbell_Turner_2018,forward,openalex_cited_by+pubmed_elink_citedin,no_new
34021148,10.1038/s41467-021-23333-3,"Grau-Expósito J, Sánchez-Gaona N, Massana N, Suppi M, Astorga-Gamaza A, Perea D, et al. Peripheral and lung resident memory T cell responses against SARS-CoV-2. Nat Commun. (2021) 12:3010. doi:  10.1038/s41467-021-23333-3. PMID:",2021,Nat Commun,Xie_2026,backward,pubmed_efetch_referencelist,no_new
34027448,10.1016/j.asmr.2020.10.003,Elevation of Peripheral Blood CD34+ and Platelet Levels After Exercise With Cooling and Compression,2021,Arthroscopy Sports Medicine and Rehabilitation,Peake_2017,forward,openalex_cited_by+pubmed_elink_citedin,yes
34028237,10.23736/s0022-4707.21.12251-0,Splenic morphologic changes induced by a strenuous and exhaustive training program in Wistar rats,2022,The Journal of Sports Medicine and Physical Fitness,Peake_2017,forward,openalex_cited_by,no_new
34039771,10.1123/ijsnem.2021-0040,"Effect of Exercising in the Heat on Intestinal Fatty Acid-Binding Protein, Endotoxins, and Lipopolysaccharide-Binding Protein Markers in Trained Athletic Populations: A Systematic Literature Review",2021,International Journal of Sport Nutrition and Exercise Metabolism,Campbell_Turner_2018,forward,openalex_cited_by,yes
34054642,10.3389/fpsyg.2021.624655,"Using Slow-Paced Breathing to Foster Endurance, Well-Being, and Sleep Quality in Athletes During the COVID-19 Pandemic",2021,Frontiers in Psychology,Peake_2017,forward,openalex_cited_by+pubmed_elink_citedin,no_new
34066701,10.3390/jpm11050385,Salivary Biomarkers in COVID-19 Patients: Towards a Wide-Scale Test for Monitoring Disease Activity,2021,Journal of Personalized Medicine,Campbell_Turner_2018,forward,openalex_cited_by+pubmed_elink_citedin,no_new
34067776,10.3390/ijerph18105329,Post-COVID-19 Syndrome and the Potential Benefits of Exercise,2021,International Journal of Environmental Research and Public Health,Campbell_Turner_2018,forward,openalex_cited_by+pubmed_elink_citedin,no_new
34069251,10.3390/ijerph18105251,Changes in Physical Activity and Sedentary Behaviour Due to Enforced COVID-19-Related Lockdown and Movement Restrictions: A Protocol for a Systematic Review and Meta-Analysis,2021,International Journal of Environmental Research and Public Health,Campbell_Turner_2018,forward,openalex_cited_by+pubmed_elink_citedin,no_new
34070115,10.3390/healthcare9050590,Literature Review of the Implications of Exercise Rehabilitation Strategies for SARS Patients on the Recovery of COVID-19 Patients,2021,Healthcare,Simpson_2020,forward,openalex_cited_by+pubmed_elink_citedin,no_new
34073917,10.3390/nu13061789,The Use of Bovine Colostrum in Sport and Exercise,2021,Nutrients,Simpson_2020,forward,openalex_cited_by+pubmed_elink_citedin,no_new
34080530,10.1017/s0007114521001860,Nutrition and indoor cycling: a cross-sectional analysis of carbohydrate intake for online racing and training,2021,British Journal Of Nutrition,Peake_2017,forward,openalex_cited_by,no_new
34093778,10.1007/s11332-021-00787-y,Potential role of Nigella sativa supplementation with physical activity in prophylaxis and treatment of COVID-19: a contemporary review,2021,Sport Sciences for Health,Campbell_Turner_2018;Simpson_2020,forward,openalex_cited_by+pubmed_elink_citedin,no_new
34110704,10.14814/phy2.14851,Swimming exercise improves short‐ and long‐term memories: Time‐course changes,2021,Physiological Reports,Simpson_2020,forward,openalex_cited_by+pubmed_elink_citedin,no_new
34118476,10.1016/j.molmet.2021.101270,"Fredrickson G, Barrow F, Dietsche K, Parthiban P, Khan S, Robert S, et al. Exercise of high intensity ameliorates hepatic inflammation and the progression of nash. Mol Metab. (2021) 53:101270. doi:  10.1016/j.molmet.2021.101270, PMID:",2021,Mol Metab,Shi_2025,backward,pubmed_efetch_referencelist,yes
34119583,10.1016/j.freeradbiomed.2021.06.007,Circulating extracellular vesicles delivering beneficial cargo as key players in exercise effects,2021,Free Radical Biology and Medicine,Campbell_Turner_2018,forward,openalex_cited_by,yes
34128446,10.1080/15438627.2021.1937166,Protective role of physical activity patterns prior to COVID-19 confinement with the severity/duration of respiratory pathologies consistent with COVID-19 symptoms in Spanish populations,2021,Research in Sports Medicine,Simpson_2020,forward,openalex_cited_by,no_new
34131935,10.1111/scd.12616,Bruxism and type of breathing as factors associated with oral herpes lesion in Brazilian para‐athletes,2021,Special Care in Dentistry,Peake_2017;Simpson_2020,forward,openalex_cited_by,no_new
34156183,10.23736/s0022-4707.21.12721-5,"The innovative role of Olympic sports and exercise in the promotion of health, gender equality and sustainability: past achievements and future challenges",2021,The Journal of Sports Medicine and Physical Fitness,Simpson_2020,forward,openalex_cited_by,no_new
34161266,10.1073/pnas.2023752118,"
O’Sullivan D, Stanczak MA, Villa M, Uhl FM, Corrado M, Klein Geltink RI, et al. 
Fever supports CD8",,,Xie_2026,backward,pubmed_efetch_referencelist,no_new
34183717,10.1038/s41598-021-92716-9,Low-volume cycling training improves body composition and functionality in older people with multimorbidity: a randomized controlled trial,2021,Scientific Reports,Campbell_Turner_2018,forward,openalex_cited_by+pubmed_elink_citedin,no_new
34189481,10.1016/j.smhs.2020.09.001,Behavioral strategies to prevent and mitigate COVID-19 infection,2020,Sports Medicine and Health Science,Campbell_Turner_2018;Simpson_2020,forward,openalex_cited_by+pubmed_elink_citedin,no_new
34189484,10.1016/j.smhs.2020.05.006,The COVID-19 pandemic and physical activity,2020,Sports Medicine and Health Science,Simpson_2020,forward,openalex_cited_by+pubmed_elink_citedin,no_new
34200732,10.3390/biology10060515,Physiological and Psychological Effects of Treadmill Overtraining Implementation,2021,Biology,Peake_2017,forward,openalex_cited_by+pubmed_elink_citedin,no_new
34202384,10.3390/healthcare9070801,Mental Health and Physical Activity in Health-Related University Students during the COVID-19 Pandemic,2021,Healthcare,Campbell_Turner_2018,forward,openalex_cited_by+pubmed_elink_citedin,no_new
34204988,10.3390/sports9060081,Return to Basketball Play Following COVID-19 Lockdown,2021,Sports,Simpson_2020,forward,openalex_cited_by+pubmed_elink_citedin,no_new
34208002,10.3390/ijms22126278,Movement as a Positive Modulator of Aging,2021,International Journal of Molecular Sciences,Campbell_Turner_2018,forward,openalex_cited_by+pubmed_elink_citedin,no_new
34214629,10.1016/j.ygeno.2021.06.035,Exercise-induced gene expression changes in skeletal muscle of old mice,2021,Genomics,Campbell_Turner_2018,forward,openalex_cited_by+pubmed_elink_citedin,yes
34215686,10.1136/jitc-2020-001872,Exercise and the immune system: taking steps to improve responses to cancer immunotherapy,2021,Journal for ImmunoTherapy of Cancer,Campbell_Turner_2018;Simpson_2020,forward,openalex_cited_by+pubmed_elink_citedin,no_new
34219718,10.3233/jad-210198,New Approaches to Profile the Microbiome for Treatment of Neurodegenerative Disease,2021,Journal of Alzheimer s Disease,Peake_2017,forward,openalex_cited_by,no_new
34233523,10.1177/15353702211028543,Physical activity and exercise as an essential medical strategy for the COVID-19 pandemic and beyond,2021,Experimental Biology and Medicine,Campbell_Turner_2018;Peake_2017,forward,openalex_cited_by+pubmed_elink_citedin,no_new
34233691,10.1186/s12966-021-01161-4,Cross-sectional study of changes in physical activity behavior during the COVID-19 pandemic among US adults,2021,International Journal of Behavioral Nutrition and Physical Activity,Simpson_2020,forward,openalex_cited_by+pubmed_elink_citedin,no_new
34248725,10.3389/fpsyg.2021.559125,How Should Athletes Coping With COVID-19: Focus on Severity and Psychological Support,2021,Frontiers in Psychology,Campbell_Turner_2018,forward,openalex_cited_by+pubmed_elink_citedin,no_new
34267242,10.1038/s41598-021-93886-2,"Type 1 diabetes patients increase CXCR4+ and CXCR7+ haematopoietic and endothelial progenitor cells with exercise, but the response is attenuated",2021,Scientific Reports,Peake_2017,forward,openalex_cited_by+pubmed_elink_citedin,yes
34275263,10.23736/s0022-4707.21.12787-2,The impact of physical activity rate on subjective well-being among North-Western Italian population during COVID-19 nationwide lockdown,2021,The Journal of Sports Medicine and Physical Fitness,Campbell_Turner_2018,forward,openalex_cited_by,no_new
34293147,10.1093/heapro/daab113,Time and belief in exercise importance predict increased activity during initial COVID-19 restrictions in Ireland,2021,Health Promotion International,Campbell_Turner_2018,forward,openalex_cited_by,no_new
34302965,10.1016/j.bbi.2021.07.010,Exercise and adrenergic regulation of immunity,2021,Brain Behavior and Immunity,Campbell_Turner_2018,forward,openalex_cited_by,no_new
34343632,10.1016/j.exger.2021.111504,Functional and concurrent training do not impair immune function and improve functional fitness in postmenopausal women: A randomized controlled trial,2021,Experimental Gerontology,Simpson_2020,forward,openalex_cited_by,no_new
34355106,10.4102/sajp.v77i1.1526,Preoperative physical activity and functional performance levels are predictors of acute postoperative outcomes in a private South African colorectal cancer cohort,2021,South African Journal of Physiotherapy,Campbell_Turner_2018,forward,openalex_cited_by+pubmed_elink_citedin,no_new
34357885,10.1249/jsr.0000000000000867,"Nieman DC. Exercise is medicine for immune function: implication for Covid-19. Curr Sports Med Rep. (2021) 20:395–401. doi:  10.1249/jsr.0000000000000867, PMID:",2021,Curr Sports Med Rep,Shi_2025,backward,pubmed_efetch_referencelist,no_new
34384461,10.1186/s13063-021-05414-2,Effects of moderate-intensity intermittent hypoxic training on health outcomes of patients recovered from COVID-19: the AEROBICOVID study protocol for a randomized controlled trial,2021,Trials,Simpson_2020,forward,openalex_cited_by+pubmed_elink_citedin,no_new
34391961,10.1016/j.jshs.2021.08.001,No independent associations between physical activity and clinical outcomes among hospitalized patients with moderate to severe COVID-19,2021,Journal of sport and health science/Journal of Sport and Health Science,Simpson_2020,forward,openalex_cited_by+pubmed_elink_citedin,no_new
34400178,10.1016/j.neubiorev.2021.08.006,"The immunological influence of physical exercise on TBI-induced pathophysiology: Crosstalk between the spleen, gut, and brain",2021,Neuroscience & Biobehavioral Reviews,Campbell_Turner_2018;Peake_2017,forward,openalex_cited_by,no_new
34410849,10.1152/japplphysiol.00943.2020,Inflammation and metabolism gene sets in subcutaneous abdominal adipose tissue are altered 1 hour after exercise in adults with obesity,2021,Journal of Applied Physiology,Peake_2017,forward,openalex_cited_by+pubmed_elink_citedin,yes
34420536,10.1017/s0007114521003202,The Mediterranean dietary pattern for optimising health and performance in competitive athletes: a narrative review,2021,British Journal Of Nutrition,Campbell_Turner_2018;Simpson_2020,forward,openalex_cited_by,no_new
34452400,10.3390/v13081535,Cytomegalovirus Infection Impairs the Mobilization of Tissue-Resident Innate Lymphoid Cells into the Peripheral Blood Compartment in Response to Acute Exercise,2021,Viruses,Simpson_2020,forward,openalex_cited_by+pubmed_elink_citedin,yes
34489717,10.3389/fphys.2021.668327,Influence of Exercise on Exhausted and Senescent T Cells: A Systematic Review,2021,Frontiers in Physiology,Campbell_Turner_2018,forward,openalex_cited_by+pubmed_elink_citedin,yes
34496147,10.14814/phy2.15010,Exercise‐induced amplification of mitogen‐stimulated oxidative burst in whole blood is strongly influenced by neutrophil counts during and following exercise,2021,Physiological Reports,Campbell_Turner_2018;Simpson_2020,forward,openalex_cited_by+pubmed_elink_citedin,yes
34503198,10.3390/cancers13174386,"Hooshmand Moghadam B, Golestani F, Bagheri R, Cheraghloo N, Eskandari M, Wong A, et al. The effects of high-intensity interval training vs. Moderate-intensity continuous training on inflammatory markers, body composition, and physical fitness in overweight/obese survivors of breast cancer: A randomized controlled clinical trial. Cancers. (2021) 13:4386. doi:  10.3390/cancers13174386, PMID:",2021,Cancers,Shi_2025,backward,pubmed_efetch_referencelist,yes
34541561,10.1016/j.smhs.2021.09.001,The role of exercise in rehabilitation of discharged COVID-19 patients,2021,Sports Medicine and Health Science,Campbell_Turner_2018,forward,openalex_cited_by+pubmed_elink_citedin,no_new
34559915,10.1111/sms.14060,The impact of daytime napping on athletic performance – A narrative review,2021,Scandinavian Journal of Medicine and Science in Sports,Peake_2017,forward,openalex_cited_by,no_new
34564326,10.3390/sports9090121,Potential Physiological and Cellular Mechanisms of Exercise That Decrease the Risk of Severe Complications and Mortality Following SARS-CoV-2 Infection,2021,Sports,Campbell_Turner_2018,forward,openalex_cited_by+pubmed_elink_citedin,no_new
34566685,10.3389/fphys.2021.720773,Effect of Resistance Training With Total and Partial Blood Flow Restriction on Biomarkers of Oxidative Stress and Apoptosis in Untrained Men,2021,Frontiers in Physiology,Peake_2017,forward,openalex_cited_by+pubmed_elink_citedin,yes
34571745,10.3390/biology10090868,Acute and Chronic Effects of Interval Training on the Immune System: A Systematic Review with Meta-Analysis,2021,Biology,Campbell_Turner_2018,forward,openalex_cited_by+pubmed_elink_citedin,yes
34573295,10.3390/genes12091313,Epigenetic Regulation of Inflammatory Responses in the Context of Physical Activity,2021,Genes,Campbell_Turner_2018;Peake_2017,forward,openalex_cited_by+pubmed_elink_citedin,no_new
34574925,10.3390/healthcare9091151,The COVID-19 Pandemic Strain: Teleworking and Health Behavior Changes in the Portuguese Context,2021,Healthcare,Campbell_Turner_2018,forward,openalex_cited_by+pubmed_elink_citedin,no_new
34595331,10.1177/23337214211046419,Predictors of Biological Age: The Implications for Wellness and Aging Research,2021,Gerontology and Geriatric Medicine,Campbell_Turner_2018,forward,openalex_cited_by+pubmed_elink_citedin,no_new
34611059,10.1123/ijspp.2021-0144,Various Workload Models and the Preseason Are Associated With Injuries in Professional Female Cyclists,2021,International Journal of Sports Physiology and Performance,Campbell_Turner_2018;Simpson_2020,forward,openalex_cited_by,no_new
34616386,10.3389/fmicb.2021.734355,"
Guimarães TT, Gomes SMR, Albuquerque R, Lima AKC, Braga GF, Souza JB, et al. Chronic aerobic training at different volumes in the modulation of macrophage function and ",,,Shi_2025,backward,pubmed_efetch_referencelist,no_new
34621773,10.3389/fnut.2021.705545,Does Modern Lifestyle Favor Neuroimmunometabolic Changes? A Path to Obesity,2021,Frontiers in Nutrition,Campbell_Turner_2018,forward,openalex_cited_by+pubmed_elink_citedin,no_new
34631796,10.3389/fmolb.2021.715035,High Endurance Elite Athletes Show Age-dependent Lower Levels of Circulating Complements Compared to Low/Moderate Endurance Elite Athletes,2021,Frontiers in Molecular Biosciences,Peake_2017,forward,openalex_cited_by+pubmed_elink_citedin,no_new
34651124,10.3389/fspor.2021.689805,Overnight Immune Regulation and Subjective Measures of Sleep: A Three Night Observational Study in Adolescent Track and Field Athletes,2021,Frontiers in Sports and Active Living,Campbell_Turner_2018,forward,openalex_cited_by+pubmed_elink_citedin,no_new
34671115,10.1038/s41385-021-00461-z,"Zheng MZM, Wakim LM. Tissue resident memory T cells in the respiratory tract. Mucosal Immunol. (2022) 15:379–88. doi:  10.1038/s41385-021-00461-z. PMID:",2022,Mucosal Immunol,Xie_2026,backward,pubmed_efetch_referencelist,no_new
34676696,10.14814/phy2.15075,"Exercise duration modulates upper and lower respiratory fluid cellularity, antiviral activity, and lung gene expression",2021,Physiological Reports,Campbell_Turner_2018,forward,openalex_cited_by+pubmed_elink_citedin,yes
34678553,10.1016/j.cyto.2021.155746,Inflammatory response of the peripheral neuroendocrine system following downhill running,2021,Cytokine,Simpson_2020,forward,openalex_cited_by,yes
34678914,10.3390/sports9100133,Mucosal-Associated Invariant T Cell Response to Acute Exercise and Exercise Training in Older Obese Women,2021,Sports,Peake_2017,forward,openalex_cited_by+pubmed_elink_citedin,yes
34690818,10.3389/fphys.2021.751374,Physical Activity and Nutritional Influence on Immune Function: An Important Strategy to Improve Immunity and Health Status,2021,Frontiers in Physiology,Campbell_Turner_2018;Peake_2017,forward,openalex_cited_by+pubmed_elink_citedin,yes
34710452,10.1016/j.chemosphere.2021.132658,"Fu R, Niu R, Zhao F, Wang J, Cao Q, Yu Y, et al. Exercise alleviated intestinal damage and microbial disturbances in mice exposed to fluoride. Chemosphere. (2022) 288:132658. doi:  10.1016/j.chemosphere.2021.132658, PMID:",2022,Chemosphere,Shi_2025,backward,pubmed_efetch_referencelist,no_new
34716912,10.1007/s40520-021-02006-7,Associations of pre-pandemic levels of physical function and physical activity with COVID-19-like symptoms during the outbreak,2021,Aging Clinical and Experimental Research,Campbell_Turner_2018,forward,openalex_cited_by+pubmed_elink_citedin,no_new
34727685,10.20463/pan.2021.0017,Efficacy of immune-strengthening functional drinks in top-level athletes: a questionnaire survey-based research,2021,Physical Activity and Nutrition,Simpson_2020,forward,openalex_cited_by+pubmed_elink_citedin,no_new
34735776,10.1164/rccm.202106-1419oc,"Effects of a Partially Supervised Conditioning Program in Cystic Fibrosis: An International Multicenter, Randomized Controlled Trial (ACTIVATE-CF)",2021,American Journal of Respiratory and Critical Care Medicine,Campbell_Turner_2018,forward,openalex_cited_by+pubmed_elink_citedin,no_new
34768497,10.3390/jcm10214978,Beyond the Finish Line: The Impact and Dynamics of Biomarkers in Physical Exercise—A Narrative Review,2021,Journal of Clinical Medicine,Campbell_Turner_2018;Peake_2017,forward,openalex_cited_by+pubmed_elink_citedin,no_new
34768927,10.3390/ijms222111497,Gene Doping with Peroxisome-Proliferator-Activated Receptor Beta/Delta Agonists Alters Immunity but Exercise Training Mitigates the Detection of Effects in Blood Samples,2021,International Journal of Molecular Sciences,Simpson_2020,forward,openalex_cited_by+pubmed_elink_citedin,no_new
34777343,10.3389/fimmu.2021.733101,The Effects of 16 Weeks of Exercise Training on Neutrophil Functions in Breast Cancer Survivors,2021,Frontiers in Immunology,Campbell_Turner_2018,forward,openalex_cited_by+pubmed_elink_citedin,yes
34806947,10.1080/02701367.2021.1932707,Epstein–Barr Virus (EBV) DNA as a Potential Marker of in vivo Immunity in Professional Footballers,2021,Research Quarterly for Exercise and Sport,Simpson_2020,forward,openalex_cited_by,no_new
34809670,10.1186/s13102-021-00375-0,Impacts of different intensities of exercise on inflammation and hypoxia markers in low altitude,2021,BMC Sports Science Medicine and Rehabilitation,Peake_2017,forward,openalex_cited_by+pubmed_elink_citedin,yes
34810239,10.1073/pnas.2107621118,The active grandparent hypothesis: Physical activity and the evolution of extended human healthspans and lifespans,2021,Proceedings of the National Academy of Sciences,Campbell_Turner_2018,forward,openalex_cited_by+pubmed_elink_citedin,no_new
34815556,10.1038/s41577-021-00646-4,"Mogilenko DA, Shchukina I, Artyomov MN. Immune ageing at single-cell resolution. Nat Rev Immunol. (2022) 22:484–98. doi:  10.1038/s41577-021-00646-4. PMID:",2022,Nat Rev Immunol,Xie_2026,backward,pubmed_efetch_referencelist,no_new
34827208,10.3390/biology10111215,Physical Training Increases Erythroferrone Levels in Men,2021,Biology,Campbell_Turner_2018,forward,openalex_cited_by+pubmed_elink_citedin,no_new
34829658,10.3390/antiox10111787,Physical Activity in Polluted Air—Net Benefit or Harm to Cardiovascular Health? A Comprehensive Review,2021,Antioxidants,Campbell_Turner_2018,forward,openalex_cited_by+pubmed_elink_citedin,no_new
34829717,10.3390/antiox10111846,Exercise Cuts Both Ways with ROS in Remodifying Innate and Adaptive Responses: Rewiring the Redox Mechanism of the Immune System during Exercise,2021,Antioxidants,Campbell_Turner_2018,forward,openalex_cited_by+pubmed_elink_citedin,no_new
34835945,10.3390/nu13113689,Telehealth: A Useful Tool for the Management of Nutrition and Exercise Programs in Pediatric Obesity in the COVID-19 Era,2021,Nutrients,Simpson_2020,forward,openalex_cited_by+pubmed_elink_citedin,no_new
34835952,10.3390/nu13113696,The Association of Anti-Inflammatory Diet Ingredients and Lifestyle Exercise with Inflammaging,2021,Nutrients,Simpson_2020,forward,openalex_cited_by+pubmed_elink_citedin,no_new
34845407,10.1155/2021/1849428,"Luo L, Liu M, Xie H, Fan Y, Zhang J, Liu L, et al. High-intensity interval training improves physical function, prevents muscle loss, and modulates macrophage-mediated inflammation in skeletal muscle of cerebral ischemic mice. Mediators Inflammation. (2021) 2021:1–28. doi:  10.1155/2021/1849428, PMID:",2021,Mediators Inflammation,Shi_2025,backward,pubmed_efetch_referencelist,no_new
34853628,10.1155/2021/1938492,"Systemic Response of Antioxidants, Heat Shock Proteins, and Inflammatory Biomarkers to Short‐Lasting Exercise Training in Healthy Male Subjects",2021,Oxidative Medicine and Cellular Longevity,Peake_2017,forward,openalex_cited_by+pubmed_elink_citedin,yes
34867452,10.3389/fphys.2021.747200,Moderate Intensity Aerobic Exercise Potential Favorable Effect Against COVID-19: The Role of Renin-Angiotensin System and Immunomodulatory Effects,2021,Frontiers in Physiology,Campbell_Turner_2018;Simpson_2020,forward,openalex_cited_by+pubmed_elink_citedin,no_new
34873991,10.1080/17461391.2021.2009041,Upper respiratory tract symptom risk in elite field hockey players during a dry run for the Tokyo Olympics,2021,European Journal of Sport Science,Simpson_2020,forward,openalex_cited_by,no_new
34880864,10.3389/fimmu.2021.768098,Cancer Evo–Dev: A Theory of Inflammation-Induced Oncogenesis,2021,Frontiers in Immunology,Campbell_Turner_2018,forward,openalex_cited_by+pubmed_elink_citedin,no_new
34886779,10.2174/1574888x16666211209155333,Therapeutic Effects of Physical Exercise and the Mesenchymal Stem Cell Secretome by Modulating Neuroinflammatory Response in Multiple Sclerosis,2021,Current Stem Cell Research & Therapy,Campbell_Turner_2018,forward,openalex_cited_by,no_new
34899372,10.3389/fphys.2021.728625,Excessive Accumulation of Intracellular Ca2+ After Acute Exercise Potentiated Impairment of T-cell Function,2021,Frontiers in Physiology,Simpson_2020,forward,openalex_cited_by+pubmed_elink_citedin,yes
34902506,10.1016/j.jad.2021.12.019,The mediating effect of engagement in physical activity over a 24-hour period on chronic disease and depression: Using compositional mediation model,2021,Journal of Affective Disorders,Campbell_Turner_2018,forward,openalex_cited_by+pubmed_elink_citedin,no_new
34907015,10.1073/pnas.2110455118,Large-scale genomic study reveals robust activation of the immune system following advanced Inner Engineering meditation retreat,2021,Proceedings of the National Academy of Sciences,Campbell_Turner_2018,forward,openalex_cited_by+pubmed_elink_citedin,no_new
34931597,10.1080/07391102.2021.2016489,In silico study of potential immunonutrient-based sports supplements against COVID-19 via targeting ACE2 inhibition using molecular docking and molecular dynamics simulations,2021,Journal of Biomolecular Structure and Dynamics,Campbell_Turner_2018,forward,openalex_cited_by,no_new
34935709,10.1249/mss.0000000000002842,"Lin M-L, Hsu C-C, Fu T-C, Lin Y-T, Huang Y-C, Wang J-S. Exercise training improves mitochondrial bioenergetics of natural killer cells. Med Sci Sports Exercise. (2022) 54:751–60. doi:  10.1249/mss.0000000000002842, PMID:",2022,Med Sci Sports Exercise,Shi_2025,backward,pubmed_efetch_referencelist,yes
34959789,10.3390/nu13124237,"Krill-Oil-Dependent Increases in HS-Omega-3 Index, Plasma Choline and Antioxidant Capacity in Well-Conditioned Power Training Athletes",2021,Nutrients,Simpson_2020,forward,openalex_cited_by+pubmed_elink_citedin,no_new
34977944,10.1093/milmed/usab542,Measuring the Impact of Operational Stress: The Relevance of Assessing Stress-related Health Across the Deployment Cycle,2022,Military Medicine,Campbell_Turner_2018,forward,openalex_cited_by+pubmed_elink_citedin,no_new
34988129,10.3389/fcvm.2021.784715,Inflammation in the Pathogenesis of Arrhythmogenic Cardiomyopathy: Secondary Event or Active Driver?,2021,Frontiers in Cardiovascular Medicine,Campbell_Turner_2018,forward,openalex_cited_by+pubmed_elink_citedin,no_new
35013475,10.1038/s41598-021-04137-3,Training associated alterations in equine respiratory immunity using a multiomics comparative approach,2022,Scientific Reports,Simpson_2020,forward,openalex_cited_by+pubmed_elink_citedin,no_new
35022821,10.1007/s00418-021-02069-7,"Effect of swimming exercise, insulin-associated or not, on inflammatory cytokines, apoptosis, and collagen in diabetic rat placentas",2022,Histochemistry and Cell Biology,Peake_2017,forward,openalex_cited_by+pubmed_elink_citedin,no_new
35034018,10.1159/000520528,"Sardeli AV, Mori MA, Lord JM. Effect of exercise on acute senescent lymphocyte counts: A systematic review and meta-analysis. Gerontology. (2022) 68:961–75. doi:  10.1159/000520528, PMID:",2022,Gerontology,Shi_2025,backward,pubmed_efetch_referencelist,yes
35047528,10.3389/fmed.2021.779443,The Model for End-Stage Liver Disease Score and the Follow-Up Period Can Cause the Shift of Circulating Lymphocyte Subsets in Liver Transplant Recipients,2022,Frontiers in Medicine,Peake_2017,forward,openalex_cited_by+pubmed_elink_citedin,no_new
35053101,10.3390/biology11010103,Exhaustive Exercise Increases Spontaneous but Not fMLP-Induced Production of Reactive Oxygen Species by Circulating Phagocytes in Amateur Sportsmen,2022,Biology,Simpson_2020,forward,openalex_cited_by+pubmed_elink_citedin,yes
35096237,,,,,Campbell_Turner_2018,forward,pubmed_elink_citedin,no_new
35112091,10.1016/j.bbih.2022.100415,Comparison of the lymphocyte response to interval exercise versus continuous exercise in recreationally trained men,2022,Brain Behavior & Immunity - Health,Campbell_Turner_2018;Simpson_2020,forward,openalex_cited_by+pubmed_elink_citedin,yes
35113390,10.1007/s40279-022-01643-w,A Life History Perspective on Athletes with Low Energy Availability,2022,Sports Medicine,Campbell_Turner_2018;Simpson_2020,forward,openalex_cited_by+pubmed_elink_citedin,no_new
35122095,10.14283/jfa.2021.44,Mechanisms of Musculoskeletal Frailty in People Living with HIV,2021,The Journal of Frailty & Aging,Campbell_Turner_2018,forward,openalex_cited_by,no_new
35132873,10.1161/jaha.121.023775,Association of Physical Activity and Lower Respiratory Tract Infection Outcomes in Patients With Cardiovascular Disease,2022,Journal of the American Heart Association,Campbell_Turner_2018,forward,openalex_cited_by+pubmed_elink_citedin,no_new
35140629,10.3389/fphys.2021.790196,Issues on Trainability,2022,Frontiers in Physiology,Simpson_2020,forward,openalex_cited_by+pubmed_elink_citedin,yes
35146742,10.5603/imh.2021.0050,A survey on relationship between Gendarmerie Coast Guard Academy (GCGA) students’ physical activity and COVID-19 infection,2021,International Maritime Health,Campbell_Turner_2018,forward,openalex_cited_by,no_new
35162875,10.3390/ijerph19031853,Why Physical Activity Should Be Considered in Clinical Trials for COVID-19 Vaccines: A Focus on Risk Groups,2022,International Journal of Environmental Research and Public Health,Campbell_Turner_2018,forward,openalex_cited_by+pubmed_elink_citedin,no_new
35162910,10.3390/ijerph19031888,"A Guide to Different Intensities of Exercise, Vaccination, and Sports Nutrition in the Course of Preparing Elite Athletes for the Management of Upper Respiratory Infections during the COVID-19 Pandemic: A Narrative Review",2022,International Journal of Environmental Research and Public Health,Campbell_Turner_2018;Simpson_2020,forward,openalex_cited_by+pubmed_elink_citedin,no_new
35205063,10.3390/biology11020196,"Nobari H, Gandomani EE, Reisi J, Vahabidelshad R, Suzuki K, Volpe SL, et al. Effects of 8 weeks of high-intensity interval training and spirulina supplementation on immunoglobin levels, cardio-respiratory fitness, and body composition of overweight and obese women. Biology. (2022) 11:196. doi:  10.3390/biology11020196, PMID:",2022,Biology,Shi_2025,backward,pubmed_efetch_referencelist,no_new
35211515,10.3389/fcvm.2021.752531,"Taylor AG, Ignaszewski AI, Bredin SSD, Hill JS, Shellington EM, Warburton DER. High intensity interval training leads to similar inflammatory activation as seen with traditional training in chronic heart failure. Front Cardiovasc Med. (2022) 8:752531. doi:  10.3389/fcvm.2021.752531, PMID:",2022,Front Cardiovasc Med,Shi_2025,backward,pubmed_efetch_referencelist,yes
35220974,10.1186/s12916-022-02274-8,Risk/benefit tradeoff of habitual physical activity and air pollution on chronic pulmonary obstructive disease: findings from a large prospective cohort study,2022,BMC Medicine,Simpson_2020,forward,openalex_cited_by+pubmed_elink_citedin,no_new
35223956,10.3389/fnut.2022.825629,Unraveling Muscle Impairment Associated With COVID-19 and the Role of 3D Culture in Its Investigation,2022,Frontiers in Nutrition,Campbell_Turner_2018,forward,openalex_cited_by+pubmed_elink_citedin,no_new
35235824,10.1016/j.ijid.2022.02.038,Taiwan's Response to Influenza: A Seroepidemiological Evaluation of Policies and Implications for Pandemic Preparedness,2022,International Journal of Infectious Diseases,Simpson_2020,forward,openalex_cited_by,no_new
35250431,10.3389/ijph.2022.1604329,Results of the Adult COVID-19 Lifestyle Matching Study,2022,International Journal of Public Health,Campbell_Turner_2018;Simpson_2020,forward,openalex_cited_by+pubmed_elink_citedin,no_new
35250845,10.3389/fendo.2021.740703,Effect of Moderate Aerobic Exercise on Complement Activation Pathways in Polycystic Ovary Syndrome Women,2022,Frontiers in Endocrinology,Peake_2017,forward,openalex_cited_by+pubmed_elink_citedin,yes
35260411,10.1136/bjsports-2021-104737,Incidence of acute respiratory illnesses in athletes: a systematic review and meta-analysis by a subgroup of the IOC consensus on ‘acute respiratory illness in the athlete’,2022,British Journal of Sports Medicine,Simpson_2020,forward,openalex_cited_by,no_new
35261309,10.1080/10408398.2022.2048290,"Effects of the combination of vitamins C and E supplementation on oxidative stress, inflammation, muscle soreness, and muscle strength following acute physical exercise: meta-analyses of randomized controlled trials",2022,Critical Reviews in Food Science and Nutrition,Campbell_Turner_2018,forward,openalex_cited_by,yes
35270750,10.3390/ijerph19053059,Basal Values of Biochemical and Hematological Parameters in Elite Athletes,2022,International Journal of Environmental Research and Public Health,Campbell_Turner_2018;Peake_2017,forward,openalex_cited_by+pubmed_elink_citedin,no_new
35279015,10.1123/ijsnem.2021-0335,“Food First but Not Always Food Only”: Recommendations for Using Dietary Supplements in Sport,2022,International Journal of Sport Nutrition and Exercise Metabolism,Campbell_Turner_2018;Simpson_2020,forward,openalex_cited_by,yes
35283780,10.3389/fphys.2022.836804,Exercise in People With Cancer: A Spotlight on Energy Regulation and Cachexia,2022,Frontiers in Physiology,Peake_2017,forward,openalex_cited_by+pubmed_elink_citedin,no_new
35284446,10.3389/fnut.2022.804046,Health Benefits of Probiotics in Sport and Exercise - Non-existent or a Matter of Heterogeneity? A Systematic Review,2022,Frontiers in Nutrition,Peake_2017,forward,openalex_cited_by+pubmed_elink_citedin,no_new
35285767,10.1080/00325481.2022.2052467,"The impact of physical activity on well-being, lifestyle and health promotion in an era of COVID-19 and SARS-CoV-2 variant",2022,Postgraduate Medicine,Campbell_Turner_2018,forward,openalex_cited_by,no_new
35321743,10.1186/s12979-022-00266-z,"Niemiro GM, Coletta AM, Agha NH, Mylabathula PL, Baker FL, Brewster AM, et al. Salutary Effects of Moderate but Not High Intensity Aerobic Exercise Training on the Frequency of Peripheral T-Cells Associated with Immunosenescence in Older Women at High Risk of Breast Cancer: A Randomized Controlled Trial. Immun Ageing. (2022) 19:30. doi:  10.1186/s12979-022-00266-z, PMID:",2022,Immun Ageing,Campbell_Turner_2018;Shi_2025,backward;forward,openalex_cited_by+pubmed_elink_citedin;pubmed_efetch_referencelist,yes
35327526,10.3390/biomedicines10030724,A Bioinformatics-Assisted Review on Iron Metabolism and Immune System to Identify Potential Biomarkers of Exercise Stress-Induced Immunosuppression,2022,Biomedicines,Campbell_Turner_2018,forward,openalex_cited_by+pubmed_elink_citedin,no_new
35328666,10.3390/ijms23063245,"Physical Exercise, a Potential Non-Pharmacological Intervention for Attenuating Neuroinflammation and Cognitive Decline in Alzheimer’s Disease Patients",2022,International Journal of Molecular Sciences,Campbell_Turner_2018,forward,openalex_cited_by+pubmed_elink_citedin,no_new
35345017,10.1055/a-1810-5314,"Sports, Myocarditis and COVID-19: Diagnostics, Prevention and Return-to-play Strategies",2022,International Journal of Sports Medicine,Campbell_Turner_2018;Peake_2017;Simpson_2020,forward,openalex_cited_by+pubmed_elink_citedin,no_new
35353361,10.1007/s40279-022-01660-9,Respiratory Viral Infections in Athletes: Many Unanswered Questions,2022,Sports Medicine,Campbell_Turner_2018;Peake_2017;Simpson_2020,forward,openalex_cited_by+pubmed_elink_citedin,no_new
35353824,10.1371/journal.pone.0264361,"Influence of the COVID-19 pandemic on running behaviors, motives, and running-related injury: A one-year follow-up survey",2022,PLoS ONE,Simpson_2020,forward,openalex_cited_by+pubmed_elink_citedin,no_new
35359426,10.3389/fonc.2022.788113,Reframing How Physical Activity Reduces The Incidence of Clinically-Diagnosed Cancers: Appraising Exercise-Induced Immuno-Modulation As An Integral Mechanism,2022,Frontiers in Oncology,Campbell_Turner_2018,forward,openalex_cited_by+pubmed_elink_citedin,yes
35360010,10.3389/fcvm.2022.855682,Changes in Specific Biomarkers Indicate Cardiac Adaptive and Anti-inflammatory Response of Repeated Recreational SCUBA Diving,2022,Frontiers in Cardiovascular Medicine,Simpson_2020,forward,openalex_cited_by+pubmed_elink_citedin,no_new
35378230,10.1016/j.bbi.2022.03.019,"Breast cancer survivors’ typhoid vaccine responses: Chemotherapy, obesity, and fitness make a difference",2022,Brain Behavior and Immunity,Simpson_2020,forward,openalex_cited_by+pubmed_elink_citedin,no_new
35378797,10.1016/j.ahjo.2022.100125,Utility of exercise testing to assess athletes for post COVID-19 myocarditis,2022,American Heart Journal Plus Cardiology Research and Practice,Simpson_2020,forward,openalex_cited_by+pubmed_elink_citedin,no_new
35410000,10.3390/ijerph19074317,Home-Based Physical Activity as a Healthy Aging Booster before and during COVID-19 Outbreak,2022,International Journal of Environmental Research and Public Health,Campbell_Turner_2018,forward,openalex_cited_by+pubmed_elink_citedin,no_new
35412405,10.1080/14787210.2022.2065983,"Can the immunological system of the upper respiratory tract, improved by physical exercise, act as a first immunological barrier against SARS-CoV-2?",2022,Expert Review of Anti-infective Therapy,Campbell_Turner_2018;Peake_2017,forward,openalex_cited_by,yes
35416755,10.1080/02701367.2021.2011828,Effects of Training Loads on Stress Tolerance and Mucosal Immunity in High-Intensity Functional Fitness Athletes,2022,Research Quarterly for Exercise and Sport,Campbell_Turner_2018;Simpson_2020,forward,openalex_cited_by,no_new
35426091,10.1055/a-1827-3261,"Mizokami T, Shimada M, Suzuki K. Macrophage depletion attenuates acute renal damage after exhaustive exercise in mice. Int J Sports Med. (2022) 43:964–70. doi:  10.1055/a-1827-3261, PMID:",2022,Int J Sports Med,Shi_2025,backward,pubmed_efetch_referencelist,yes
35440291,10.1080/14763141.2022.2058990,Effects of cycling on the morphology and spinal posture in professional and recreational cyclists: a systematic review,2022,Sports Biomechanics,Campbell_Turner_2018,forward,openalex_cited_by,no_new
35447130,10.1016/j.lfs.2022.120557,"Blanks AM, Pedersen LN, Bohmke N, Mihalick VL, Franco RL. Sex differences in monocyte ccr2 expression and macrophage polarization following acute exercise. Life Sci. (2022) 299:120557. doi:  10.1016/j.lfs.2022.120557, PMID:",2022,Life Sci,Shi_2025,backward,pubmed_efetch_referencelist,yes
35455761,10.3390/jpm12040645,Exercise Preferences and Benefits in Patients Hospitalized with COVID-19,2022,Journal of Personalized Medicine,Simpson_2020,forward,openalex_cited_by+pubmed_elink_citedin,no_new
35469185,10.1007/s11469-022-00815-z,Physical Activity and Exercise Addiction During the Covid-19 Pandemic in Italy,2022,International Journal of Mental Health and Addiction,Campbell_Turner_2018,forward,openalex_cited_by+pubmed_elink_citedin,no_new
35484386,10.1038/s41598-022-10791-y,Alterations in intestinal microbiota in ultramarathon runners,2022,Scientific Reports,Campbell_Turner_2018;Simpson_2020,forward,openalex_cited_by+pubmed_elink_citedin,no_new
35485959,10.1111/all.15328,"Kurowski M, Seys S, Bonini M, Del Giacco S, Delgado L, Diamant Z, et al. Physical exercise, immune response, and susceptibility to infections-current knowledge and growing research areas. Allergy. (2022) 77:2653–64. doi:  10.1111/all.15328, PMID:",2022,Allergy,Shi_2025;Simpson_2020,backward;forward,openalex_cited_by;pubmed_efetch_referencelist,yes
35490556,10.1016/j.ebiom.2022.104024,Evidence of immunometabolic dysregulation and airway dysbiosis in athletes susceptible to respiratory illness,2022,EBioMedicine,Campbell_Turner_2018;Simpson_2020,forward,openalex_cited_by+pubmed_elink_citedin,no_new
35510255,10.1016/j.jesf.2022.03.005,"Bout duration in high-intensity interval exercise modifies hematologic, metabolic and antioxidant responses",2022,Journal of Exercise Science & Fitness,Campbell_Turner_2018;Peake_2017,forward,openalex_cited_by+pubmed_elink_citedin,yes
35550109,10.1186/s12931-022-02029-2,"Influence of exercise duration on respiratory function and systemic immunity among healthy, endurance-trained participants exercising in sub-zero conditions",2022,Respiratory Research,Peake_2017;Simpson_2020,forward,openalex_cited_by+pubmed_elink_citedin,yes
35564488,10.3390/ijerph19095093,The Relationship between Physical Activity and Long COVID: A Cross-Sectional Study,2022,International Journal of Environmental Research and Public Health,Campbell_Turner_2018,forward,openalex_cited_by+pubmed_elink_citedin,no_new
35564795,10.3390/ijerph19095400,Effects and Causes of Detraining in Athletes Due to COVID-19: A Review,2022,International Journal of Environmental Research and Public Health,Simpson_2020,forward,openalex_cited_by+pubmed_elink_citedin,no_new
35578962,10.1002/cphy.c200033,State of Knowledge on Molecular Adaptations to Exercise in Humans: Historical Perspectives and Future Directions,2022,Comprehensive physiology,Campbell_Turner_2018,forward,openalex_cited_by+pubmed_elink_citedin,no_new
35600000,10.1007/s11332-022-00951-y,Adapted physical activity in subjects and athletes recovering from covid-19: a position statement of the Società Italiana Scienze Motorie e Sportive,2022,Sport Sciences for Health,Campbell_Turner_2018,forward,openalex_cited_by,no_new
35602099,10.1155/2022/2030818,Wheel‐Running Exercise Protects Ovariectomized Mice from Bone Loss via IFN‐ γ ‐Mediated Suppression of the NF‐ κ B and MAPK Pathways,2022,Oxidative Medicine and Cellular Longevity,Peake_2017,forward,openalex_cited_by+pubmed_elink_citedin,no_new
35616304,10.1152/japplphysiol.00301.2021,T-cell counts in response to acute cardiorespiratory or resistance exercise in physically active or physically inactive older adults: a randomized crossover study,2022,Journal of Applied Physiology,Campbell_Turner_2018,forward,openalex_cited_by,yes
35627861,10.3390/ijerph19106323,"Resistance Training before, during, and after COVID-19 Infection: What Have We Learned So Far?",2022,International Journal of Environmental Research and Public Health,Peake_2017,forward,openalex_cited_by+pubmed_elink_citedin,no_new
35631195,10.3390/nu14102054,Influence of Nutritional Status and Physical Exercise on Immune Response in Metabolic Syndrome,2022,Nutrients,Campbell_Turner_2018,forward,openalex_cited_by+pubmed_elink_citedin,no_new
35634308,10.3389/fimmu.2022.870952,"Xiao Y, Sun S, Kang L, Zhao M. Transient receptor potential vanilloid 1 (TRPV1) channel opens sesame of T cell responses and T cell-mediated inflammatory diseases. Front Immunol. (2022) 13:870952. doi:  10.3389/fimmu.2022.870952. PMID:",2022,Front Immunol,Xie_2026,backward,pubmed_efetch_referencelist,no_new
35653127,10.1080/10408398.2022.2083070,Clinical and nutritional management of very-low-calorie ketogenic diet (VLCKD) in patients with psoriasis and obesity: a practical guide for the nutritionist,2022,Critical Reviews in Food Science and Nutrition,Campbell_Turner_2018,forward,openalex_cited_by,no_new
35660135,10.1016/j.ccell.2022.05.006,"Kurz E, Hirsch CA, Dalton T, Shadaloey SA, Khodadadi-Jamayran A, Miller G, et al. Exercise-induced engagement of the IL-15/IL-15Rα axis promotes anti-tumor immunity in pancreatic cancer. Cancer Cell. (2022) 40:720–37. doi:  10.1016/j.ccell.2022.05.006. PMID:",2022,Cancer Cell,Xie_2026,backward,pubmed_efetch_referencelist,yes
35671623,10.1016/j.ebiom.2022.104096,An immunometabolic signature of athletes susceptible to respiratory tract illness? Comment on: Evidence of immunometabolic dysregulation and airway dysbiosis in athletes susceptible to respiratory illness,2022,EBioMedicine,Campbell_Turner_2018;Simpson_2020,forward,openalex_cited_by,no_new
35682490,10.3390/ijerph19116908,Use of Physical Activity and Exercise to Reduce Inflammation in Children and Adolescents with Obesity,2022,International Journal of Environmental Research and Public Health,Peake_2017,forward,openalex_cited_by+pubmed_elink_citedin,no_new
35686081,10.3389/fpsyg.2022.864515,Regular Physical Activities Inhibit Risk Factors of the Common Cold Among Chinese Adults,2022,Frontiers in Psychology,Campbell_Turner_2018,forward,openalex_cited_by+pubmed_elink_citedin,no_new
35699838,10.1007/s40520-022-02153-5,"Malczynska-Sims P, Chalimoniuk M, Wronski Z, Marusiak J, Sulek A. High-intensity interval training modulates inflammatory response in Parkinson’s disease. Aging Clin Exp Res. (2022) 34:2165–76. doi:  10.1007/s40520-022-02153-5, PMID:",2022,Aging Clin Exp Res,Shi_2025,backward,pubmed_efetch_referencelist,no_new
35704557,10.1371/journal.pone.0268625,"Bohn-Goldbaum E, Owen KB, Lee VYJ, Booy R, Edwards KM. Physical activity and acute exercise benefit influenza vaccination response: A systematic review with individual participant data meta-analysis. PloS One. (2022) 17:e0268625. doi:  10.1371/journal.pone.0268625. PMID:",2022,PloS One,Xie_2026,backward,pubmed_efetch_referencelist,yes
35721117,10.3389/fphar.2022.887263,"Zhou X, Yi L, Lang H, Zhang J, Zhang Q, Yu L, et al. Dihydromyricetin-encapsulated liposomes inhibit exhaustive exercise-induced liver inflammation by orchestrating M1/M2 macrophage polarization. Front Pharmacol. (2022) 13:887263. doi:  10.3389/fphar.2022.887263, PMID:",2022,Front Pharmacol,Shi_2025,backward,pubmed_efetch_referencelist,yes
35736481,10.3390/metabo12060548,Intrinsic Exercise Capacity Affects Glycine and Angiotensin-Converting Enzyme 2 (ACE2) Levels in Sedentary and Exercise Trained Rats,2022,Metabolites,Simpson_2020,forward,openalex_cited_by+pubmed_elink_citedin,no_new
35742203,10.3390/healthcare10061152,"Daily Life Patterns, Psychophysical Conditions, and Immunity of Adolescents in the COVID-19 Era: A Mixed Research with Qualitative Interviews by a Quasi-Experimental Retrospective Study",2022,Healthcare,Simpson_2020,forward,openalex_cited_by+pubmed_elink_citedin,no_new
35753072,10.1111/bju.15842,"Djurhuus SS, Simonsen C, Toft BG, Thomsen SN, Wielsøe S, Røder MA, et al. Exercise training to increase tumour natural killer-cell infiltration in men with localised prostate cancer: A randomised controlled trial. BJU Int. (2022) 131:116–24. doi:  10.1111/bju.15842, PMID:",2022,BJU Int,Shi_2025,backward,pubmed_efetch_referencelist,yes
35774290,10.3389/fphys.2022.916924,"Age Differences in Recovery Rate Following an Aerobic-Based Exercise Protocol Inducing Muscle Damage Among Amateur, Male Athletes",2022,Frontiers in Physiology,Peake_2017,forward,openalex_cited_by+pubmed_elink_citedin,yes
35776895,10.1152/japplphysiol.00243.2022,Reply to Ewell and Abbotts,2022,Journal of Applied Physiology,Simpson_2020,forward,openalex_cited_by+pubmed_elink_citedin,no_new
35805814,10.3390/ijerph19138155,The Effects of Exercise on Acute Immune Responses in Relative Leisure-Deprived People Living with HIV/AIDS: A Pilot Study,2022,International Journal of Environmental Research and Public Health,Simpson_2020,forward,openalex_cited_by+pubmed_elink_citedin,yes
35842068,10.1016/j.pcad.2022.07.001,Post pandemic research priorities: A consensus statement from the HL-PIVOT,2022,Progress in Cardiovascular Diseases,Campbell_Turner_2018,forward,openalex_cited_by+pubmed_elink_citedin,no_new
35855783,10.1177/15598276211029222,"COVID-19: Implications for Physical Activity, Health Disparities, and Health Equity",2021,American Journal of Lifestyle Medicine,Campbell_Turner_2018,forward,openalex_cited_by+pubmed_elink_citedin,no_new
35882933,10.1038/s41590-022-01273-4,"Fonseca R, Burn TN, Gandolfo LC, Devi S, Park SL, Obers A, et al. Runx3 drives a CD8+ T cell tissue residency program that is absent in CD4+ T cells. Nat Immunol. (2022) 23:1236–45. doi:  10.1038/s41590-022-01273-4. PMID:",2022,Nat Immunol,Xie_2026,backward,pubmed_efetch_referencelist,no_new
35886538,10.3390/ijerph19148687,Counseling for Physical Activity in Adults during the COVID-19 Pandemic: A Scope Review,2022,International Journal of Environmental Research and Public Health,Campbell_Turner_2018,forward,openalex_cited_by+pubmed_elink_citedin,no_new
35915725,10.1002/jwmg.22238,The acute physiological response of polar bears to helicopter capture,2022,Journal of Wildlife Management,Peake_2017,forward,openalex_cited_by+pubmed_elink_citedin,no_new
35926578,10.1016/j.cbi.2022.110079,"Zhang J, Luo Z, Zhang Z, Zhao M, Tong C, Cong P, et al. Protective effect and mechanism of cannabidiol on myocardial injury in exhaustive exercise training mice. Chem Biol Interact. (2022) 365:110079. doi:  10.1016/j.cbi.2022.110079, PMID:",2022,Chem Biol Interact,Shi_2025,backward,pubmed_efetch_referencelist,yes
35927269,10.1038/s41514-022-00089-8,Age-dependent impact of two exercise training regimens on genomic and metabolic remodeling in skeletal muscle and liver of male mice,2022,npj Aging,Campbell_Turner_2018,forward,openalex_cited_by+pubmed_elink_citedin,no_new
35941982,10.1155/2022/9933387,[Retracted] Review on the Effect of Exercise Training on Immune Function,2022,BioMed Research International,Simpson_2020,forward,openalex_cited_by+pubmed_elink_citedin,yes
35945634,10.1186/s13063-022-06608-y,Resistance training and clinical status in patients with postdischarge symptoms after COVID-19: protocol for a randomized controlled crossover trial “The EXER-COVID Crossover Study”,2022,Trials,Campbell_Turner_2018,forward,openalex_cited_by+pubmed_elink_citedin,no_new
35948276,10.1093/advances/nmac086,"Orally Ingested Probiotics, Prebiotics, and Synbiotics as Countermeasures for Respiratory Tract Infections in Nonelderly Adults: A Systematic Review and Meta-Analysis",2022,Advances in Nutrition,Simpson_2020,forward,openalex_cited_by+pubmed_elink_citedin,no_new
35958844,10.3389/fpubh.2022.919730,Experience of rehabilitation management in public hospital after it was identified as designated rehabilitation hospital for COVID-19 patients: A qualitative study,2022,Frontiers in Public Health,Simpson_2020,forward,openalex_cited_by+pubmed_elink_citedin,no_new
36011581,10.3390/ijerph19169947,CCL2 Gene Expression and Protein Level Changes Observed in Response to Wingate Anaerobic Test in High-Trained Athletes and Non-Trained Controls,2022,International Journal of Environmental Research and Public Health,Campbell_Turner_2018,forward,openalex_cited_by+pubmed_elink_citedin,yes
36012088,10.3390/ijerph191610451,"Zhao H, He Z, Yun H, Wang R, Liu C. A meta-analysis of the effects of different exercise modes on inflammatory response in the elderly. Int J Environ Res Public Health. (2022) 19:10451. doi:  10.3390/ijerph191610451, PMID:",2022,Int J Environ Res Public Health,Shi_2025,backward,pubmed_efetch_referencelist,no_new
36016576,10.3389/fphar.2022.857987,In vitro assessment of the probiotic properties of an industrial preparation containing Lacticaseibacillus paracasei in the context of athlete health,2022,Frontiers in Pharmacology,Simpson_2020,forward,openalex_cited_by+pubmed_elink_citedin,no_new
36028073,10.1016/j.peptides.2022.170864,"Aktitiz S, Atakan MM, Turnagöl HH, Koşar ŞN. Interleukin-6, undercarboxylated osteocalcin, and brain-derived neurotrophic factor responses to single and repeated sessions of high-intensity interval exercise. Peptides. (2022) 157:170864. doi:  10.1016/j.peptides.2022.170864, PMID:",2022,Peptides,Shi_2025,backward,pubmed_efetch_referencelist,yes
36052887,10.1002/jcp.30866,The growing field of immunometabolism and exercise: Key findings in the last 5 years,2022,Journal of Cellular Physiology,Simpson_2020,forward,openalex_cited_by,yes
36053363,10.1007/s00421-022-05027-w,The effect of rugby training on indirect markers of gut permeability and gut damage in academy level rugby players,2022,European Journal of Applied Physiology,Simpson_2020,forward,openalex_cited_by+pubmed_elink_citedin,no_new
36060625,10.3389/fspor.2022.915343,Metabolic and immune/inflammatory alterations induced by a triathlon under extreme conditions,2022,Frontiers in Sports and Active Living,Simpson_2020,forward,openalex_cited_by+pubmed_elink_citedin,yes
36070371,10.1126/sciadv.abo3192,"Pillon NJ, Smith JAB, Alm PS, Chibalin AV, Alhusen J, Arner E, et al. Distinctive exercise-induced inflammatory response and exerkine induction in skeletal muscle of people with type 2 diabetes. Sci Adv. (2022) 8:eabo3192. doi:  10.1126/sciadv.abo3192, PMID:",2022,Sci Adv,Shi_2025,backward,pubmed_efetch_referencelist,yes
36091383,10.3389/fphys.2022.943498,Validity of the peak velocity to detect physical training improvements in athymic mice,2022,Frontiers in Physiology,Peake_2017,forward,openalex_cited_by+pubmed_elink_citedin,no_new
36112383,10.1093/sleep/zsac222,Good perceived sleep quality protects against the raised risk of respiratory infection during sleep restriction in young adults,2022,SLEEP,Simpson_2020,forward,openalex_cited_by+pubmed_elink_citedin,no_new
36133956,10.1016/j.bbih.2022.100508,The effects of acute exercise and inflammation on immune function in early-stage prostate cancer,2022,Brain Behavior & Immunity - Health,Campbell_Turner_2018,forward,openalex_cited_by+pubmed_elink_citedin,yes
36154544,10.1177/19417381221120639,Effects of Moderate-Intensity Training Under Cyclic Hypoxia on Cardiorespiratory Fitness and Hematological Parameters in People Recovered From COVID-19: The AEROBICOVID Study,2022,Sports Health A Multidisciplinary Approach,Simpson_2020,forward,openalex_cited_by+pubmed_elink_citedin,no_new
36186906,10.7150/jca.76136,"Ge Z, Wu S, Qi Z, Ding S. Exercise modulates polarization of tams and expression of related immune checkpoints in mice with lung cancer. J Cancer. (2022) 13:3297–307. doi:  10.7150/jca.76136, PMID:",2022,J Cancer,Shi_2025,backward,pubmed_efetch_referencelist,yes
36200535,10.1039/d2fo02308c,An integrated network pharmacology and metabolomics approach to reveal the immunomodulatory mechanism of Brassica rapa L. (Tibetan Turnip) in fatigue mice,2022,Food & Function,Peake_2017,forward,openalex_cited_by,no_new
36206875,10.1016/j.exger.2022.111973,"Associations between cardiorespiratory fitness, monocyte polarization, and exercise-related changes in mnemonic discrimination performance in older adults",2022,Experimental Gerontology,Campbell_Turner_2018,forward,openalex_cited_by,yes
36211340,10.3389/fimmu.2022.954994,"Vitamin D, exercise, and immune health in athletes: A narrative review",2022,Frontiers in Immunology,Campbell_Turner_2018;Peake_2017,forward,openalex_cited_by+pubmed_elink_citedin,no_new
36219130,10.1080/00325481.2022.2134693,A ‘health message’ on sustainable physical and mental health for the prolonged COVID-19 and other pandemics,2022,Postgraduate Medicine,Campbell_Turner_2018,forward,openalex_cited_by,no_new
36250559,10.1152/physiolgenomics.00090.2022,Whole blood transcriptome characterization of young female triathlon athletes following an endurance exercise: a pilot study,2022,Physiological Genomics,Campbell_Turner_2018;Peake_2017,forward,openalex_cited_by+pubmed_elink_citedin,yes
36251066,10.1007/s00424-022-02760-1,Acute and chronic effects of physical exercise on IgA and IgG levels and susceptibility to upper respiratory tract infections: a systematic review and meta-analysis,2022,Pflügers Archiv - European Journal of Physiology,Peake_2017;Simpson_2020,forward,openalex_cited_by+pubmed_elink_citedin,yes
36261306,10.1016/j.atherosclerosis.2022.10.001,Correspondence to: “Preclinical atherosclerosis and cardiovascular events: Do we have a consensus about the role of preclinical atherosclerosis in the prediction of cardiovascular events?”,2022,Atherosclerosis,Campbell_Turner_2018,forward,openalex_cited_by,no_new
36293754,10.3390/ijerph192013174,Modeling Community Residents’ Exercise Adherence and Life Satisfaction: An Application of the Influence of the Reference Group,2022,International Journal of Environmental Research and Public Health,Simpson_2020,forward,openalex_cited_by+pubmed_elink_citedin,no_new
36297225,10.3390/pathogens11101168,The Efficient Antiviral Response of A549 Cells Is Enhanced When Mitochondrial Respiration Is Promoted,2022,Pathogens,Simpson_2020,forward,openalex_cited_by+pubmed_elink_citedin,no_new
36300227,10.23750/abm.v93i5.13158,"Knowledge, attitude, practices and perceived job stress among physical therapists in the Kingdom of Saudi Arabia during the COVID-19 pandemic: a cross-sectional study.",2022,Acta bio-medica dell'Ateneo parmense/Acta biomedica,Simpson_2020,forward,openalex_cited_by+pubmed_elink_citedin,no_new
36339091,10.1080/23328940.2022.2088029,Heat acclimation does not negatively affect salivary immunoglobulin-A and self-reported illness symptoms and wellness in recreational athletes,2022,Temperature,Simpson_2020,forward,openalex_cited_by+pubmed_elink_citedin,no_new
36339423,10.3389/fendo.2022.1009493,Lifestyle changes and risk of tuberculosis in patients with type 2 diabetes mellitus: A nationwide cohort study,2022,Frontiers in Endocrinology,Simpson_2020,forward,openalex_cited_by+pubmed_elink_citedin,no_new
36343877,10.1016/j.resp.2022.103983,Respiratory muscle strength and pulmonary function in unvaccinated athletes before and after COVID-19 infection: A prospective cohort study,2022,Respiratory Physiology & Neurobiology,Simpson_2020,forward,openalex_cited_by,no_new
36348102,10.1007/s00421-022-05058-3,Partial body cryotherapy exposure drives acute redistribution of circulating lymphocytes: preliminary findings,2022,European Journal of Applied Physiology,Campbell_Turner_2018,forward,openalex_cited_by+pubmed_elink_citedin,yes
36360678,10.3390/ijerph192113798,A Case Series of SARS-CoV-2 Reinfection in Elite Athletes,2022,International Journal of Environmental Research and Public Health,Campbell_Turner_2018,forward,openalex_cited_by+pubmed_elink_citedin,no_new
36360985,10.3390/ijerph192114108,Impact of Physical Activity on COVID-19,2022,International Journal of Environmental Research and Public Health,Campbell_Turner_2018,forward,openalex_cited_by+pubmed_elink_citedin,no_new
36374766,10.1016/j.jshs.2022.10.003,Exercise sustains the hallmarks of health,2022,Journal of sport and health science/Journal of Sport and Health Science,Campbell_Turner_2018,forward,openalex_cited_by+pubmed_elink_citedin,no_new
36385119,10.1038/s41598-022-22105-3,"Influences of sleep and lifestyle factors on the risk for covid-19 infections, from internet survey of 10,000 Japanese business workers",2022,Scientific Reports,Simpson_2020,forward,openalex_cited_by+pubmed_elink_citedin,no_new
36388121,10.3389/fphys.2022.999811,Dose caffeinated energy drink is a consideration issue for endurance performance,2022,Frontiers in Physiology,Peake_2017,forward,openalex_cited_by+pubmed_elink_citedin,no_new
36411399,10.1007/s11010-022-04610-1,Respiratory issues in patients with multiple sclerosis as a risk factor during SARS-CoV-2 infection: a potential role for exercise,2022,Molecular and Cellular Biochemistry,Campbell_Turner_2018,forward,openalex_cited_by+pubmed_elink_citedin,no_new
36428209,10.1016/j.jbiosc.2022.10.010,Immunomodulatory action of Lactococcus lactis,2022,Journal of Bioscience and Bioengineering,Peake_2017,forward,openalex_cited_by,no_new
36429766,10.3390/ijerph192215048,Impact of Physical Activity on the Characteristics and Metabolic Consequences of Alcohol Consumption: A Cross-Sectional Population-Based Study,2022,International Journal of Environmental Research and Public Health,Peake_2017,forward,openalex_cited_by+pubmed_elink_citedin,no_new
36430110,10.3390/ijerph192215393,"Before and during the COVID-19 Pandemic, Physical Fitness Association with Mental Health among Higher Education Students: A Multi-Group Analysis Model",2022,International Journal of Environmental Research and Public Health,Campbell_Turner_2018,forward,openalex_cited_by+pubmed_elink_citedin,no_new
36431291,10.3390/jcm11226814,"Balogh L, Szabó K, Pucsok JM, Jámbor I, Gyetvai Á, Mile M, et al. The effect of aerobic exercise and low-impact pilates workout on the adaptive immune system. J Clin Med. (2022) 11:6814. doi:  10.3390/jcm11226814, PMID:",2022,J Clin Med,Campbell_Turner_2018;Shi_2025;Simpson_2020,backward;forward,openalex_cited_by+pubmed_elink_citedin;pubmed_efetch_referencelist,no_new
36432627,10.3390/nu14224941,"Physical Activity, Dietary Behavior, and Body Weight Changes during the COVID-19 Nationwide Level 3 Alert in Taiwan: Results of a Taiwanese Online Survey",2022,Nutrients,Simpson_2020,forward,openalex_cited_by+pubmed_elink_citedin,no_new
36432843,10.3390/plants11223115,Exercise Training and Verbena officinalis L. Affect Pre-Clinical and Histological Parameters,2022,Plants,Campbell_Turner_2018;Simpson_2020,forward,openalex_cited_by+pubmed_elink_citedin,no_new
36439269,10.3389/fphys.2022.998925,Lymphocyte and dendritic cell response to a period of intensified training in young healthy humans and rodents: A systematic review and meta-analysis,2022,Frontiers in Physiology,Peake_2017;Simpson_2020,forward,openalex_cited_by+pubmed_elink_citedin,yes
36450211,10.1016/j.archger.2022.104871,"Effects of walking training at different speeds on body composition, muscle contractility, and immunocytes in the elderly: A single-blinded randomized controlled trial",2022,Archives of Gerontology and Geriatrics,Peake_2017,forward,openalex_cited_by,no_new
36475104,10.5606/tftrd.2022.11435,"COVID-19, cardiac involvement and cardiac rehabilitation: Insights from a rehabilitation perspective - State of the Art",2022,Turkish Journal of Physical Medicine and Rehabilitation,Simpson_2020,forward,openalex_cited_by+pubmed_elink_citedin,no_new
36497720,10.3390/ijerph192315645,The Potential of Exerkines in Women’s COVID-19: A New Idea for a Better and More Accurate Understanding of the Mechanisms behind Physical Exercise,2022,International Journal of Environmental Research and Public Health,Campbell_Turner_2018,forward,openalex_cited_by+pubmed_elink_citedin,yes
36498185,10.3390/ijerph192316110,"Borchers J, Merle CL, Schöneborn DD, Lyko LR, Thouet T, Wolfarth B, et al. Salivary diagnostic for monitoring strenuous exercise-a pilot study in a cohort of male ultramarathon runners. Int J Environ Res Public Health. (2022) 19:16110. doi:  10.3390/ijerph192316110, PMID:",2022,Int J Environ Res Public Health,Shi_2025,backward,pubmed_efetch_referencelist,no_new
36523226,10.1136/bmjopen-2022-066803,Relationship between Tai Chi and clinical outcomes in elderly patients with COVID-19: a protocol for systematic review and dose–response meta-analysis,2022,BMJ Open,Campbell_Turner_2018,forward,openalex_cited_by+pubmed_elink_citedin,no_new
36560580,10.3390/vaccines10122171,Effect of Physical Activity and Exercise on the Level of COVID-19 Antibodies and Lifestyle-Related Factors among Vaccinated Health Science Center (HSC) Students: A Pilot Randomized Trial,2022,Vaccines,Campbell_Turner_2018,forward,openalex_cited_by+pubmed_elink_citedin,yes
36620744,10.7717/peerj.14493,Acute physiological outcomes of high-intensity functional training: a scoping review,2023,PeerJ,Campbell_Turner_2018;Peake_2017;Simpson_2020,forward,openalex_cited_by+pubmed_elink_citedin,no_new
36624248,10.1007/s00421-022-05126-8,Acute effects of concurrent muscle power and sport-specific endurance exercises on markers of immunological stress response and measures of muscular fitness in highly trained youth male athletes,2023,European Journal of Applied Physiology,Campbell_Turner_2018;Peake_2017,forward,openalex_cited_by+pubmed_elink_citedin,yes
36636200,10.5114/biolsport.2023.112087,The effects of normobaric hypoxia on the leukocyte responses to resistance exercise,2022,Biology of Sport,Campbell_Turner_2018,forward,openalex_cited_by+pubmed_elink_citedin,yes
36648893,10.3390/jfmk8010001,Psychological Wellbeing and Perceived Fatigue in Competitive Athletes after SARS-CoV-2 Infection 2 Years after Pandemic Start: Practical Indications,2022,Journal of Functional Morphology and Kinesiology,Simpson_2020,forward,openalex_cited_by+pubmed_elink_citedin,no_new
36690745,10.1038/s41390-022-02436-7,"Ostrzyżek-Przeździecka K, Panczyk M, Bronikowski M, Gąsior JS, Feleszko W. Association of low physical activity with higher respiratory tract infections frequency among pre-school children. Pediatr Res. (2023) 94:594–602. doi:  10.1038/s41390-022-02436-7",2023,Pediatr Res,Xie_2026,backward,pubmed_efetch_referencelist,no_new
36713459,10.3389/fimmu.2022.1009065,Shifting gears: Study of immune system parameters of male habitual marathon runners,2023,Frontiers in Immunology,Campbell_Turner_2018,forward,openalex_cited_by+pubmed_elink_citedin,yes
36714311,10.3389/fphys.2022.1078512,"Koivula T, Lempiäinen S, Rinne P, Hollmén M, Sundberg CJ, Rundqvist H, et al. Acute exercise mobilizes Cd8+ Cytotoxic T cells and nk cells in lymphoma patients. Front Physiol. (2023) 13:1078512. doi:  10.3389/fphys.2022.1078512, PMID:",2023,Front Physiol,Shi_2025,backward,pubmed_efetch_referencelist,yes
36715739,10.1007/s00421-022-05128-6,"Exercise-induced skeletal muscle angiogenesis: impact of age, sex, angiocrines and cellular mediators",2023,European Journal of Applied Physiology,Peake_2017,forward,openalex_cited_by+pubmed_elink_citedin,no_new
36729688,10.1249/mss.0000000000003094,"Mizokami T, Suzuki K. Neutrophil depletion attenuates acute liver stress after exhaustive exercise in mice. Med Sci Sports Exerc. (2023) 55:670–9. doi:  10.1249/mss.0000000000003094, PMID:",2023,Med Sci Sports Exerc,Shi_2025,backward,pubmed_efetch_referencelist,yes
36769022,10.3390/ijms24032698,Stress-Induced Transcriptomic Changes in Females with Myalgic Encephalomyelitis/Chronic Fatigue Syndrome Reveal Disrupted Immune Signatures,2023,International Journal of Molecular Sciences,Peake_2017,forward,openalex_cited_by+pubmed_elink_citedin,yes
36793648,10.3389/fnagi.2023.1129221,Exercise is medicine,2023,Frontiers in Aging Neuroscience,Simpson_2020,forward,openalex_cited_by+pubmed_elink_citedin,no_new
36795414,10.1001/jamanetworkopen.2022.56186,Association of Accelerometer-Measured Physical Activity Level With Risks of Hospitalization for 25 Common Health Conditions in UK Adults,2023,JAMA Network Open,Campbell_Turner_2018,forward,openalex_cited_by+pubmed_elink_citedin,no_new
36814502,10.1093/gastro/goad004,Intensity-specific considerations for exercise for patients with inflammatory bowel disease,2022,Gastroenterology report,Campbell_Turner_2018,forward,openalex_cited_by+pubmed_elink_citedin,no_new
36834808,10.3390/ijms24043394,"The Impact of Exercise on Immunity, Metabolism, and Atherosclerosis",2023,International Journal of Molecular Sciences,Campbell_Turner_2018,forward,openalex_cited_by+pubmed_elink_citedin,no_new
3687561,10.1007/978-1-4684-5344-7_102,"Mackinnon LT, Chick TW, van As A, Tomasi TB. The effect of exercise on secretory and natural immunity. Adv Exp Med Biol. (1987) 216a:869–76. doi:  10.1007/978-1-4684-5344-7_102, PMID:",1987,Adv Exp Med Biol,Shi_2025,backward,pubmed_efetch_referencelist,yes
36876437,10.1080/00913847.2023.2186691,"Reported COVID-19 vaccines side effects among Algerian athletes: a comparison between inactivated virus, adenoviral vector, and mRNA COVID-19 vaccines",2023,The Physician and Sportsmedicine,Simpson_2020,forward,openalex_cited_by,no_new
36901661,10.3390/ijerph20054651,"Associations between Coronavirus and Immune Response, Cardiorespiratory Fitness Rehabilitation and Physical Activity: A Brief Report",2023,International Journal of Environmental Research and Public Health,Campbell_Turner_2018,forward,openalex_cited_by+pubmed_elink_citedin,yes
36905198,10.14814/phy2.15634,"Garneau L, Terada T, Mistura M, Mulvihill EE, Reed JL, Aguer C. Exercise training reduces circulating cytokines in male patients with coronary artery disease and type 2 diabetes: A pilot study. Physiol Rep. (2023) 11:e15634. doi:  10.14814/phy2.15634, PMID:",2023,Physiol Rep,Shi_2025,backward,pubmed_efetch_referencelist,yes
36910226,10.3389/fmicb.2023.1114233,"Liu S, Wen D, Feng C, Yu C, Gu Z, Wang L, et al. Alteration of gut microbiota after heat acclimation may reduce organ damage by regulating immune factors during heat stress. Front Microbiol. (2023) 14:1114233. doi:  10.3389/fmicb.2023.1114233, PMID:",2023,Front Microbiol,Shi_2025,backward,pubmed_efetch_referencelist,no_new
36916088,10.15586/aei.v51i2.769,Appearance of food-dependent exercise-induced anaphylaxis as an inflammatory disease: a pediatric case report and differential diagnosis,2023,Allergologia et Immunopathologia,Peake_2017,forward,openalex_cited_by,yes
36918416,10.1007/s00421-023-05168-6,Effects of protein–carbohydrate vs. carbohydrate alone supplementation on immune inflammation markers in endurance athletes: a randomized controlled trial,2023,European Journal of Applied Physiology,Campbell_Turner_2018;Peake_2017,forward,openalex_cited_by+pubmed_elink_citedin,yes
36921686,10.1016/j.lfs.2023.121440,The physical exercise-induced oxidative/inflammatory response in peripheral blood mononuclear cells: Signaling cellular energetic stress situations,2023,Life Sciences,Peake_2017,forward,openalex_cited_by,yes
36925581,10.3389/fnetp.2021.794392,Overtraining Syndrome as a Complex Systems Phenomenon,2022,Frontiers in Network Physiology,Campbell_Turner_2018,forward,openalex_cited_by+pubmed_elink_citedin,no_new
36935511,10.1186/s12974-023-02753-6,Exercise suppresses neuroinflammation for alleviating Alzheimer’s disease,2023,Journal of Neuroinflammation,Campbell_Turner_2018,forward,openalex_cited_by+pubmed_elink_citedin,no_new
36936914,10.3389/fimmu.2023.1129060,Use of Streptococcus salivarius K12 in supporting the mucosal immune function of active young subjects: A randomised double-blind study,2023,Frontiers in Immunology,Campbell_Turner_2018;Simpson_2020,forward,openalex_cited_by+pubmed_elink_citedin,yes
36957989,10.1515/jbcpp-2023-0040,Importance of moderate-to-vigorous physical activity during the COVID-19 pandemic: a systematic review and meta-analysis,2023,Journal of Basic and Clinical Physiology and Pharmacology,Campbell_Turner_2018,forward,openalex_cited_by,no_new
36979747,10.3390/biomedicines11030766,"Lajqi T, Köstlin-Gille N, Bauer R, Zarogiannis SG, Lajqi E, Ajeti V, et al. Training vs. tolerance: The yin/yang of the innate immune system. Biomedicines. (2023) 11:766. doi:  10.3390/biomedicines11030766. PMID:",2023,Biomedicines,Xie_2026,backward,pubmed_efetch_referencelist,no_new
36982095,10.3390/ijerph20065183,Does Physical Exercise Enhance the Immune Response after Vaccination? A Systematic Review for Clinical Indications of COVID-19 Vaccine,2023,International Journal of Environmental Research and Public Health,Campbell_Turner_2018;Simpson_2020,forward,openalex_cited_by+pubmed_elink_citedin,yes
36996911,10.1016/j.imlet.2023.03.006,"Boeira M, Dorneles GP, Junior WF, Peres A. The influence of physical activity level and cytomegalovirus serostatus on the cytokine levels of young individuals. Immunol Lett. (2023) 256-257:28–33. doi:  10.1016/j.imlet.2023.03.006, PMID:",2023,Immunol Lett,Peake_2017;Shi_2025,backward;forward,openalex_cited_by;pubmed_efetch_referencelist,no_new
37007994,10.3389/fphys.2023.1124121,Stress induced proinflammatory adaptations: Plausible mechanisms for the link between stress and cardiovascular disease,2023,Frontiers in Physiology,Simpson_2020,forward,openalex_cited_by+pubmed_elink_citedin,no_new
37049627,10.3390/nu15071788,"Energy Expenditure, Dietary Energy Intake, and Nutritional Supplements in Adolescent Volleyball Athletes versus Nonathletic Controls",2023,Nutrients,Peake_2017,forward,openalex_cited_by+pubmed_elink_citedin,no_new
37077797,10.5114/biolsport.2023.116005,The acute leukocyte and cytokine response of older adults to resistance exercise in normobaric hypoxia,2022,Biology of Sport,Campbell_Turner_2018,forward,openalex_cited_by+pubmed_elink_citedin,yes
37078430,10.1111/acel.13841,High‐Intensity interval training reduces transcriptomic age: A randomized controlled trial,2023,Aging Cell,Peake_2017,forward,openalex_cited_by+pubmed_elink_citedin,no_new
37113691,10.3389/fphys.2023.1167449,Biomarkers of post-match recovery in semi-professional and professional football (soccer),2023,Frontiers in Physiology,Campbell_Turner_2018,forward,openalex_cited_by+pubmed_elink_citedin,yes
37123249,10.1016/j.isci.2023.106532,Single-cell sequencing of immune cells after marathon and symptom-limited cardiopulmonary exercise,2023,iScience,Campbell_Turner_2018;Peake_2017,forward,openalex_cited_by+pubmed_elink_citedin,yes
37179769,10.1016/j.ynpai.2023.100126,Influence of routine exercise on the peripheral immune system to prevent and alleviate pain,2023,Neurobiology of Pain,Campbell_Turner_2018;Simpson_2020,forward,openalex_cited_by+pubmed_elink_citedin,yes
37193030,10.7717/peerj.15075,Analysis of IGHA1 and other salivary proteins post half marathon in female participants,2023,PeerJ,Campbell_Turner_2018,forward,openalex_cited_by+pubmed_elink_citedin,yes
37206865,10.3389/fpubh.2023.1137118,"Associations of long-term exposure to air pollution, physical activity with blood pressure and prevalence of hypertension: the China Health and Retirement Longitudinal Study",2023,Frontiers in Public Health,Simpson_2020,forward,openalex_cited_by+pubmed_elink_citedin,no_new
37217586,10.1038/s41598-023-34974-3,Determination of optimum intensity and duration of exercise based on the immune system response using a machine-learning model,2023,Scientific Reports,Peake_2017,forward,openalex_cited_by+pubmed_elink_citedin,yes
37225132,10.1055/a-2099-6725,Myocarditis Screening Methods in Athletes After SARS-CoV-2 Infection – a Systematic Review,2023,International Journal of Sports Medicine,Peake_2017,forward,openalex_cited_by,no_new
37237471,10.3390/biology12050657,"Immunologic, Anti-Inflammatory, and Anti-Muscle Damage Profile of Supplemented Vitamin D3 in Healthy Adults on Strenuous Endurance Exercise",2023,Biology,Campbell_Turner_2018;Peake_2017,forward,openalex_cited_by+pubmed_elink_citedin,yes
37238633,10.3390/biom13050762,"Physical Exercise Induces Significant Changes in Immunoglobulin G N-Glycan Composition in a Previously Inactive, Overweight Population",2023,Biomolecules,Campbell_Turner_2018,forward,openalex_cited_by+pubmed_elink_citedin,no_new
37252426,10.3389/fspor.2023.1163182,The effects of exercise training for eight weeks on immune cell characteristics among breast cancer survivors,2023,Frontiers in Sports and Active Living,Campbell_Turner_2018,forward,openalex_cited_by+pubmed_elink_citedin,no_new
37273279,10.3389/fnbeh.2023.1169151,The persistence of stress-induced physical inactivity in rats: an investigation of central monoamine neurotransmitters and skeletal muscle oxidative stress,2023,Frontiers in Behavioral Neuroscience,Peake_2017,forward,openalex_cited_by+pubmed_elink_citedin,yes
37275224,10.3389/fphys.2023.1036925,Exercise and COVID-19: exercise intensity reassures immunological benefits of post-COVID-19 condition,2023,Frontiers in Physiology,Campbell_Turner_2018;Peake_2017,forward,openalex_cited_by+pubmed_elink_citedin,no_new
37306389,10.1152/ajpcell.00130.2023,"Murugathasan M, Jafari A, Amandeep A, Hassan SA, Chihata M, Abdul-Sater AA. Moderate exercise induces trained immunity in macrophages. Am J Physiol Cell Physiol. (2023) 325:C429–c42. doi:  10.1152/ajpcell.00130.2023, PMID:",2023,Am J Physiol Cell Physiol,Shi_2025,backward,pubmed_efetch_referencelist,no_new
37312242,10.14814/phy2.15753,Impact of maximal exercise on immune cell mobilization and bioenergetics,2023,Physiological Reports,Campbell_Turner_2018,forward,openalex_cited_by+pubmed_elink_citedin,yes
37325799,10.3389/fspor.2023.1173377,Acute exercise induces distinct quantitative and phenotypical T cell profiles in men with prostate cancer,2023,Frontiers in Sports and Active Living,Campbell_Turner_2018;Simpson_2020,forward,openalex_cited_by+pubmed_elink_citedin,yes
37331215,10.1016/j.nut.2023.112086,A self-selected 16:8 time-restricted eating quasi-experimental intervention improves various markers of cardiovascular health in middle-age male cyclists,2023,Nutrition,Peake_2017,forward,openalex_cited_by,yes
37349380,10.1038/s41590-023-01538-6,"Buggert M, Price DA, Mackay LK, Betts MR. Human circulating and tissue-resident memory CD8+ T cells. Nat Immunol. (2023) 24:1076–83. doi:  10.1038/s41590-023-01538-6. PMID:",2023,Nat Immunol,Xie_2026,backward,pubmed_efetch_referencelist,no_new
37360977,10.1007/s11332-023-01067-7,Effects of Covid-19 on the autonomic nervous system in elite athletes assessed by heart rate variability,2023,Sport Sciences for Health,Campbell_Turner_2018,forward,openalex_cited_by,no_new
37362084,10.1016/j.scispo.2023.01.002,"Mental health, eating habits and physical activity levels of elite Iranian athletes during the COVID-19 pandemic",2023,Science & Sports,Simpson_2020,forward,openalex_cited_by+pubmed_elink_citedin,no_new
37372128,10.3390/biology12060843,"Involvement of Matrix Metalloproteinases in COVID-19: Molecular Targets, Mechanisms, and Insights for Therapeutic Interventions",2023,Biology,Campbell_Turner_2018;Peake_2017,forward,openalex_cited_by+pubmed_elink_citedin,no_new
37372448,10.3390/genes14061268,Chromosome-Level Genome Assembly Provides Insights into the Evolution of the Special Morphology and Behaviour of Lepturacanthus savala,2023,Genes,Campbell_Turner_2018,forward,openalex_cited_by+pubmed_elink_citedin,no_new
37407986,10.1186/s13054-023-04551-1,"Osuru HP, Ikeda K, Atluri N, Thiele RH. Moderate exercise-induced dynamics on key sepsis-associated signaling pathways in the liver. Crit Care. (2023) 27:266. doi:  10.1186/s13054-023-04551-1, PMID:",2023,Crit Care,Shi_2025,backward,pubmed_efetch_referencelist,yes
37419893,10.1038/s41598-023-37124-x,Seasonal changes in physiological and psychological parameters of stress in collegiate swimmers,2023,Scientific Reports,Campbell_Turner_2018,forward,openalex_cited_by+pubmed_elink_citedin,no_new
37428393,10.1007/s11906-023-01252-6,Tracking Biomarker Responses to Exercise in Hypertension,2023,Current Hypertension Reports,Campbell_Turner_2018,forward,openalex_cited_by+pubmed_elink_citedin,yes
37435298,10.2147/jmdh.s419306,Examining Physical Wellness as the Fundamental Element for Achieving Holistic Well-Being in Older Persons: Review of Literature and Practical Application in Daily Life,2023,Journal of Multidisciplinary Healthcare,Campbell_Turner_2018,forward,openalex_cited_by+pubmed_elink_citedin,no_new
37437802,10.1016/j.cbpa.2023.111487,Short-term swimming up-regulates pro-inflammatory mediators and cytokines in gilthead seabream (Sparus aurata),2023,Comparative Biochemistry and Physiology Part A Molecular & Integrative Physiology,Campbell_Turner_2018,forward,openalex_cited_by,no_new
37458775,10.1007/s00394-023-03181-1,Vitamin D status modulates innate immune responses and metabolomic profiles following acute prolonged cycling,2023,European Journal of Nutrition,Peake_2017;Simpson_2020,forward,openalex_cited_by+pubmed_elink_citedin,yes
37505624,10.3390/sports11070137,Salivary Markers Responses in the Post-Exercise and Recovery Period: A Systematic Review,2023,Sports,Peake_2017,forward,openalex_cited_by+pubmed_elink_citedin,yes
37541052,10.1016/j.archger.2023.105136,"Intensity-effects of strengthening exercise on thigh muscle volume, pro- or anti-inflammatory cytokines, and immunocytes in the older adults: A randomized controlled trial",2023,Archives of Gerontology and Geriatrics,Peake_2017,forward,openalex_cited_by,no_new
37543952,10.1080/15502783.2023.2244478,"Wu C, Deng J, Gao C. Effects of pre-sleep protein supplementation on plasma markers of muscle damage and inflammatory cytokines resulting from sprint interval training in trained swimmers. J Int Soc Sports Nutr. (2023) 20:2244478. doi:  10.1080/15502783.2023.2244478, PMID:",2023,J Int Soc Sports Nutr,Shi_2025,backward,pubmed_efetch_referencelist,yes
37557043,10.1016/j.jhazmat.2023.132222,Outdoor environmental exposome and the burden of tuberculosis: Findings from nearly two million adults in northwestern China,2023,Journal of Hazardous Materials,Simpson_2020,forward,openalex_cited_by,no_new
37600508,10.3389/fnagi.2023.1243869,Exercise therapy to prevent and treat Alzheimer’s disease,2023,Frontiers in Aging Neuroscience,Campbell_Turner_2018,forward,openalex_cited_by+pubmed_elink_citedin,yes
37627028,10.3390/biology12081144,"Lee T-T, Li T-L, Ko B-J, Chien L-H. Effect of acute high-intensity interval training on immune function and oxidative stress in canoe/kayak athletes. Biology. (2023) 12:1144. doi:  10.3390/biology12081144, PMID:",2023,Biology,Shi_2025,backward,pubmed_efetch_referencelist,yes
37630702,10.3390/nu15163511,Popular Dietary Trends’ Impact on Athletic Performance: A Critical Analysis Review,2023,Nutrients,Peake_2017,forward,openalex_cited_by+pubmed_elink_citedin,no_new
37630828,10.3390/nu15163638,Calorie Restriction Impairs Anti-Tumor Immune Responses in an Immunogenic Preclinical Cancer Model,2023,Nutrients,Campbell_Turner_2018,forward,openalex_cited_by+pubmed_elink_citedin,no_new
37636423,10.1016/j.heliyon.2023.e18962,The effect of Baduanjin Qigong combined with five-elements music on anxiety and quality of sleep in asymptomatic patients with COVID-19 infection: A randomised controlled trial,2023,Heliyon,Simpson_2020,forward,openalex_cited_by+pubmed_elink_citedin,no_new
37654447,10.1016/j.heliyon.2023.e19218,Physical activity in lactating women influences SARS-CoV-2-specific antibodies in human milk,2023,Heliyon,Campbell_Turner_2018,forward,openalex_cited_by+pubmed_elink_citedin,no_new
37659743,10.1016/j.exger.2023.112280,"Vidal-Seguel N, Cabrera C, Ferrada L, Artigas-Arias M, Alegría-Molina A, Sanhueza S, et al. High-intensity interval training reduces the induction of neutrophil extracellular traps in older men using live-neutrophil imaging as biosensor. Exp Gerontol. (2023) 181:112280. doi:  10.1016/j.exger.2023.112280, PMID:",2023,Exp Gerontol,Shi_2025,backward,pubmed_efetch_referencelist,no_new
37681023,10.3389/fonc.2023.1244090,Harnessing the immunomodulatory effects of exercise to enhance the efficacy of monoclonal antibody therapies against B-cell haematological cancers: a narrative review,2023,Frontiers in Oncology,Campbell_Turner_2018,forward,openalex_cited_by+pubmed_elink_citedin,yes
37686781,10.3390/nu15173749,"Hall B, Żebrowska A, Sikora M, Siatkowski S, Robins A. The effect of high-intensity interval exercise on short-term glycaemic control, serum level of key mediator in hypoxia and pro-inflammatory cytokines in patients with type 1 diabetes—an exploratory case study. Nutrients. (2023) 15:3749. doi:  10.3390/nu15173749, PMID:",2023,Nutrients,Shi_2025,backward,pubmed_efetch_referencelist,yes
37722328,10.1016/j.imbio.2023.152745,"Sheikh R, Shakerian S, Fatemi Tabatabaei SR, Habibi A. Moderate and high-intensity interval training protect against diabetes-induced modulation of hepatic Cd86 and Cd206 expression associated with the amelioration of insulin resistance and inflammation in rats. Immunobiology. (2023) 228:152745. doi:  10.1016/j.imbio.2023.152745, PMID:",2023,Immunobiology,Shi_2025,backward,pubmed_efetch_referencelist,no_new
37734370,10.1016/j.cmet.2023.08.010,"Becker M, Joseph SS, Garcia-Carrizo F, Tom RZ, Opaleva D, Serr I, et al. Regulatory T cells require Il6 receptor alpha signaling to control skeletal muscle function and regeneration. Cell Metab. (2023) 35:1736–51.e7. doi:  10.1016/j.cmet.2023.08.010, PMID:",2023,Cell Metab,Shi_2025,backward,pubmed_efetch_referencelist,no_new
37734549,10.1016/j.jshs.2023.09.007,Immune consequences of exercise in hypoxia: A narrative review,2023,Journal of sport and health science/Journal of Sport and Health Science,Campbell_Turner_2018;Simpson_2020,forward,openalex_cited_by+pubmed_elink_citedin,no_new
37755537,10.1007/s00384-023-04536-0,Association of pre-diagnostic physical exercise and peri-diagnostic body composition with mortality in non-metastatic colorectal cancer,2023,International Journal of Colorectal Disease,Campbell_Turner_2018,forward,openalex_cited_by+pubmed_elink_citedin,no_new
37760634,10.3390/cancers15184668,Can Exercise Enhance the Efficacy of Checkpoint Inhibition by Modulating Anti-Tumor Immunity?,2023,Cancers,Campbell_Turner_2018;Peake_2017,forward,openalex_cited_by+pubmed_elink_citedin,yes
37762143,10.3390/ijms241813840,"Hu Z, Li X, Yang Y, Zhang Z, Ding S. High-intensity interval training ameliorates high-fat diet-induced metabolic disorders via the cyclic gmp-amp synthase-stimulator of interferon gene signaling pathway. Int J Mol Sci. (2023) 24:13840. doi:  10.3390/ijms241813840, PMID:",2023,Int J Mol Sci,Shi_2025,backward,pubmed_efetch_referencelist,no_new
37763806,10.3390/medicina59091687,"Günbatar N, Bulduk B, Bezgin S, Oto G, Bayıroğlu F, Bulduk M. The effect of moderate-intensity physical exercise on some serum inflammation markers and the immune system in rats fed intermittent fasting with a high-fat diet. Medicina. (2023) 59:1687. doi:  10.3390/medicina59091687, PMID:",2023,Medicina,Campbell_Turner_2018;Shi_2025,backward;forward,openalex_cited_by+pubmed_elink_citedin;pubmed_efetch_referencelist,no_new
37766108,10.3390/vaccines11091431,"Exploring the Impact of COVID-19 on Physical Activity One Month after Infection and Its Potential Determinants: Re-Infections, Pre-Illness Vaccination Profiles/Types, and Beyond",2023,Vaccines,Simpson_2020,forward,openalex_cited_by+pubmed_elink_citedin,no_new
37771563,10.51250/jheal.v1i4.21,Effects of the COVID-19 Pandemic on Physical Activity Behavior Across Domains and Settings,2021,Journal of Healthy Eating and Active Living,Campbell_Turner_2018,forward,openalex_cited_by+pubmed_elink_citedin,no_new
37794239,10.1038/s41577-023-00943-0,The effect of physical exercise on anticancer immunity,2023,Nature reviews. Immunology,Campbell_Turner_2018,forward,openalex_cited_by+pubmed_elink_citedin,yes
37814427,10.1111/eci.14105,Physical exercise in kidney disease: A commonly undervalued treatment modality,2023,European Journal of Clinical Investigation,Campbell_Turner_2018,forward,openalex_cited_by,no_new
37832643,10.1016/j.jshs.2023.10.002,Impact of exercise on markers of B cell-related immunity: A systematic review,2023,Journal of sport and health science/Journal of Sport and Health Science,Campbell_Turner_2018;Peake_2017;Simpson_2020,forward,openalex_cited_by+pubmed_elink_citedin,yes
37839038,10.1007/s00421-023-05331-z,What if gastrointestinal complications in endurance athletes were gut injuries in response to a high consumption of ultra-processed foods? Please take care of your bugs if you want to improve endurance performance: a narrative review,2023,European Journal of Applied Physiology,Simpson_2020,forward,openalex_cited_by+pubmed_elink_citedin,yes
37888516,10.3390/sports11100189,The Effect of Acute Physical Exercise on Natural Killer Cells Populations and Cytokine Levels in Healthy Women,2023,Sports,Campbell_Turner_2018;Peake_2017,forward,openalex_cited_by+pubmed_elink_citedin,yes
37890965,10.1136/bjsports-2023-107185,Team USA injury and illness incidence at the 2022 Beijing Winter Olympic and Paralympic Games,2023,British Journal of Sports Medicine,Campbell_Turner_2018,forward,openalex_cited_by,no_new
37893490,10.3390/medicina59101772,Intervention Effects of Physical Activity on Type 2 Diabetic Patients Potentially Infected with COVID-19,2023,Medicina,Simpson_2020,forward,openalex_cited_by+pubmed_elink_citedin,no_new
37893842,10.3390/healthcare11202768,"Effects of Online Pilates and Face-to-Face Pilates Intervention on Body Composition, Muscle Mechanical Properties, Cardiometabolic Parameters, Mental Health, and Physical Fitness in Middle-Aged Women with Obesity",2023,Healthcare,Simpson_2020,forward,openalex_cited_by+pubmed_elink_citedin,no_new
37898124,10.1016/j.stem.2023.09.014,"Cai Y, Xiong M, Xin Z, Liu C, Ren J, Yang X, et al. Decoding Aging-Dependent Regenerative Decline across Tissues at Single-Cell Resolution. Cell Stem Cell. (2023) 30:1674–91.e8. doi:  10.1016/j.stem.2023.09.014, PMID:",2023,Cell Stem Cell,Shi_2025,backward,pubmed_efetch_referencelist,no_new
37922340,10.1126/sciimmunol.adi5377,"Langston PK, Sun Y, Ryback BA, Mueller AL, Spiegelman BM, Benoist C, et al. Regulatory T cells shield muscle mitochondria from interferon-Γ-mediated damage to promote the beneficial effects of exercise. Sci Immunol. (2023) 8:eadi5377. doi:  10.1126/sciimmunol.adi5377, PMID:",2023,Sci Immunol,Shi_2025,backward,pubmed_efetch_referencelist,no_new
37932804,10.1186/s13102-023-00763-8,Impacts of different triathlon races on systemic cytokine profile and metabolic parameters in healthy individuals: a systematic review,2023,BMC Sports Science Medicine and Rehabilitation,Simpson_2020,forward,openalex_cited_by+pubmed_elink_citedin,no_new
37992002,10.1371/journal.pone.0291297,Salivary concentrations of secretory leukocyte protease inhibitor and matrix metallopeptidase-9 following a single bout of exercise are associated with intensity and hydration status,2023,PLoS ONE,Campbell_Turner_2018;Simpson_2020,forward,openalex_cited_by+pubmed_elink_citedin,yes
37996488,10.1038/s41598-023-48009-4,Negative mood state in Kermanshah population during COVID-19 quarantine linked to low physical activity levels: a cross-sectional online survey study,2023,Scientific Reports,Simpson_2020,forward,openalex_cited_by+pubmed_elink_citedin,no_new
38001777,10.3390/antiox12111924,"Impact of Chlorogenic Acid on Peripheral Blood Mononuclear Cell Proliferation, Oxidative Stress, and Inflammatory Responses in Racehorses during Exercise",2023,Antioxidants,Peake_2017,forward,openalex_cited_by+pubmed_elink_citedin,no_new
38063067,10.1113/ep091326,The reproducibility of dendritic cell and T cell counts to a 30‐min high‐intensity cycling protocol as a tool to highlight overtraining,2023,Experimental Physiology,Peake_2017;Simpson_2020,forward,openalex_cited_by+pubmed_elink_citedin,yes
38108546,10.1111/all.15977,Metabolic pathways in immune senescence and inflammaging: Novel therapeutic strategy for chronic inflammatory lung diseases. An EAACI position paper from the Task Force for Immunopharmacology,2023,Allergy,Campbell_Turner_2018,forward,openalex_cited_by+pubmed_elink_citedin,no_new
38131715,10.3390/ijerph20247163,The Impact of COVID-19 Health and Safety Measures on the Self-Reported Exercise Behaviors and Mental Health of College Students,2023,International Journal of Environmental Research and Public Health,Campbell_Turner_2018,forward,openalex_cited_by+pubmed_elink_citedin,no_new
38134917,10.1055/a-2197-0882,HIIT Induces Stronger Shifts within the Peripheral T Cell Compartment Independent of Sex,2023,International Journal of Sports Medicine,Campbell_Turner_2018;Simpson_2020,forward,openalex_cited_by,yes
38149260,10.3389/fimmu.2023.1335256,Exercise to transform tumours from cold to hot and improve immunotherapy responsiveness,2023,Frontiers in Immunology,Campbell_Turner_2018,forward,openalex_cited_by+pubmed_elink_citedin,yes
38151020,10.1016/j.xcrm.2023.101348,Exercise-induced crosstalk between immune cells and adipocytes in humans: Role of oncostatin-M,2023,Cell Reports Medicine,Peake_2017,forward,openalex_cited_by+pubmed_elink_citedin,yes
38180070,10.1249/jsr.0000000000001130,Nasal Injuries and Issues in Athletes,2024,Current Sports Medicine Reports,Simpson_2020,forward,openalex_cited_by,no_new
38193770,10.1097/ccm.0000000000006166,"Vermeersch V, Léon K, Caillard A, Szczesnowski A, Albacete G, Marec N, et al. Moderate exercise modulates inflammatory responses and improves survival in a murine model of acute pneumonia. Crit Care Med. (2024) 52:e142–e51. doi:  10.1097/ccm.0000000000006166, PMID:",2024,Crit Care Med,Shi_2025,backward,pubmed_efetch_referencelist,yes
38233819,10.1186/s12890-024-02840-1,"Rajizadeh MA, Khoramipour K, Joukar S, Darvishzadeh-Mahani F, Iranpour M, Bejeshk MA, et al. Lung molecular and histological changes in type 2 diabetic rats and its improvement by high-intensity interval training. BMC Pulmon Med. (2024) 24:37. doi:  10.1186/s12890-024-02840-1, PMID:",2024,BMC Pulmon Med,Shi_2025,backward,pubmed_efetch_referencelist,no_new
38239881,10.3389/fphys.2023.1292580,Immunomodulatory effects of exercise in cancer prevention and adjuvant therapy: a narrative review,2024,Frontiers in Physiology,Campbell_Turner_2018,forward,openalex_cited_by+pubmed_elink_citedin,yes
38241017,10.1113/ep091362,"Mizokami T, Shimada M, Suzuki K. Neutrophil depletion attenuates acute renal injury after exhaustive exercise in mice. Exp Physiol. (2024) 109:588–99. doi:  10.1113/ep091362, PMID:",2024,Exp Physiol,Shi_2025,backward,pubmed_efetch_referencelist,yes
38243724,10.1111/apha.14095,Acute exercise‐induced release of innate immune proteins via small extracellular vesicles changes with aerobic fitness and age,2024,Acta Physiologica,Campbell_Turner_2018,forward,openalex_cited_by,yes
38245672,10.1186/s12890-024-02853-w,"Rajizadeh MA, Hosseini MH, Bahrami M, Bahri F, Rostamabadi F, Bagheri F, et al. High-intensity intermittent training ameliorates methotrexate-induced acute lung injury. BMC Pulm Med. (2024) 24:45. doi:  10.1186/s12890-024-02853-w, PMID:",2024,BMC Pulm Med,Shi_2025,backward,pubmed_efetch_referencelist,no_new
38252367,10.1186/s40798-024-00681-0,Complement System Deficiencies in Elite Athletes,2024,Sports Medicine - Open,Campbell_Turner_2018;Peake_2017,forward,openalex_cited_by+pubmed_elink_citedin,no_new
38307711,10.14814/phy2.15936,Effect of histamine‐receptor antagonism on the circulating inflammatory cell and cytokine response to exercise: A pilot study,2024,Physiological Reports,Campbell_Turner_2018,forward,openalex_cited_by,yes
38308368,10.1186/s12974-024-03031-9,Exercise mimetics: a novel strategy to combat neuroinflammation and Alzheimer’s disease,2024,Journal of Neuroinflammation,Simpson_2020,forward,openalex_cited_by+pubmed_elink_citedin,no_new
38312144,10.3389/fnut.2023.1172014,The effect of a web-based lifestyle intervention on nutritional status and physical activity on prevention of COVID-19: a randomized controlled trial in women's empowerment,2024,Frontiers in Nutrition,Simpson_2020,forward,openalex_cited_by+pubmed_elink_citedin,no_new
38317104,10.1186/s12885-024-11817-6,"The effects of short-term, progressive exercise training on disease activity in smouldering multiple myeloma and monoclonal gammopathy of undetermined significance: a single-arm pilot study",2024,BMC Cancer,Campbell_Turner_2018,forward,openalex_cited_by+pubmed_elink_citedin,yes
38323433,10.1161/circresaha.123.323346,Exercise Inhibits Doxorubicin-Induced Cardiotoxicity via Regulating B Cells,2024,Circulation Research,Peake_2017,forward,openalex_cited_by+pubmed_elink_citedin,yes
38337738,10.3390/nu16030454,Concurrent Ingestion of Alkaline Water and L-Glutamine Enhanced Salivary α-Amylase Activity and Testosterone Concentration in Boxing Athletes,2024,Nutrients,Simpson_2020,forward,openalex_cited_by+pubmed_elink_citedin,yes
38362064,10.3389/fspor.2024.1264814,The acute effects of pre- and mid-exercise carbohydrate ingestion on the immunoregulatory stress hormone release in experienced endurance athletes—a systematic review,2024,Frontiers in Sports and Active Living,Campbell_Turner_2018;Peake_2017,forward,openalex_cited_by+pubmed_elink_citedin,yes
38377416,10.1016/j.bbih.2019.100033,"Blanks AM, Wagamon TT, Lafratta L, Sisk MG, Senter MB, Pedersen LN, et al. Impact of physical activity on monocyte subset ccr2 expression and macrophage polarization following moderate intensity exercise. Brain Behav Immun Health. (2020) 2:100033. doi:  10.1016/j.bbih.2019.100033, PMID:",2020,Brain Behav Immun Health,Shi_2025,backward,pubmed_efetch_referencelist,yes
38403593,10.1186/s13148-024-01629-7,Epigenetic aging in older people living with HIV in Eswatini: a pilot study of HIV and lifestyle factors and epigenetic aging,2024,Clinical Epigenetics,Simpson_2020,forward,openalex_cited_by+pubmed_elink_citedin,no_new
38417854,10.3177/jnsv.70.72,Nutritional and Training Strategies for Actual Competition in World-Class Japanese Female Wrestler: A Case Report,2024,Journal of Nutritional Science and Vitaminology,Peake_2017,forward,openalex_cited_by,no_new
38455429,10.52082/jssm.2024.97,"How Does Altering the Volume-Load of Plyometric Exercises Affect the Inflammatory Response, Oxidative Stress, and Muscle Damage in Male Soccer Players?",2024,Journal of Sports Science and Medicine,Peake_2017,forward,openalex_cited_by+pubmed_elink_citedin,yes
38510349,10.3389/fpubh.2024.1338435,"Baseline data and associations between urinary biomarkers of polycyclic aromatic hydrocarbons, blood pressure, hemogram, and lifestyle among wildland firefighters",2024,Frontiers in Public Health,Peake_2017,forward,openalex_cited_by+pubmed_elink_citedin,no_new
38519586,10.1038/s41598-024-57646-2,Higher level of physical activity reduces mental and neurological symptoms during and two years after COVID-19 infection in young women,2024,Scientific Reports,Campbell_Turner_2018,forward,openalex_cited_by+pubmed_elink_citedin,no_new
38531477,10.1016/j.idnow.2024.104893,"Sports and Immunity, from the recreational to the elite athlete",2024,Infectious Diseases Now,Campbell_Turner_2018;Peake_2017,forward,openalex_cited_by,no_new
38532054,10.1038/s41598-024-57818-0,"Joukar S, Rajizadeh MA, Bejeshk MA, Alavi SS, Bagheri F, Rami M, et al. Atp releasing channels and the ameliorative effects of high intensity interval training on diabetic heart: A multifaceted analysis. Sci Rep. (2024) 14:7113. doi:  10.1038/s41598-024-57818-0, PMID:",2024,Sci Rep,Shi_2025,backward,pubmed_efetch_referencelist,no_new
38558377,10.1007/s12265-024-10498-7,The Role and Potential Mechanisms of Rehabilitation Exercise Improving Cardiac Remodeling,2024,Journal of Cardiovascular Translational Research,Peake_2017,forward,openalex_cited_by+pubmed_elink_citedin,no_new
38572751,10.3322/caac.21834,"Bray F, Laversanne M, Sung H, Ferlay J, Siegel RL, Soerjomataram I, et al. Global cancer statistics 2022: Globocan estimates of incidence and mortality worldwide for 36 cancers in 185 countries. CA Cancer J Clin. (2024) 74:229–63. doi:  10.3322/caac.21834, PMID:",2024,CA Cancer J Clin,Shi_2025,backward,pubmed_efetch_referencelist,no_new
38588175,10.1096/fj.202301508rrr,Exercise and osteoimmunology in bone remodeling,2024,The FASEB Journal,Campbell_Turner_2018,forward,openalex_cited_by,no_new
38599162,10.1016/j.immuni.2024.03.007,"Pradeu T, Thomma B, Girardin SE, Lemaitre B. The conceptual foundations of innate immunity: taking stock 30 years later. Immunity. (2024) 57:613–31. doi:  10.1016/j.immuni.2024.03.007, PMID:",2024,Immunity,Shi_2025,backward,pubmed_efetch_referencelist,no_new
38600123,10.1038/s41467-024-47458-3,Early-life exercise induces immunometabolic epigenetic modification enhancing anti-inflammatory immunity in middle-aged male mice,2024,Nature Communications,Campbell_Turner_2018,forward,openalex_cited_by+pubmed_elink_citedin,yes
38618551,10.1136/bmjnph-2023-000755,Vital role for primary healthcare providers: urgent need to educate the community about daily nutritional self-care to support immune function and maintain health,2023,BMJ Nutrition Prevention & Health,Campbell_Turner_2018,forward,openalex_cited_by+pubmed_elink_citedin,no_new
38651389,10.3390/epidemiologia5020012,Cellular Immunity of SARS-CoV-2 in the Borriana COVID-19 Cohort: A Nested Case–Control Study,2024,Epidemiologia,Simpson_2020,forward,openalex_cited_by+pubmed_elink_citedin,no_new
38667575,10.3390/healthcare12080813,"The Role of Diet and Physical Activity in Shaping COVID-19 Severity: Design, Validation, and Application of a Retrospective Questionnaire",2024,Healthcare,Campbell_Turner_2018,forward,openalex_cited_by+pubmed_elink_citedin,no_new
38670108,10.1016/j.cmet.2024.04.001,Immunological regulation of skeletal muscle adaptation to exercise,2024,Cell Metabolism,Peake_2017,forward,openalex_cited_by+pubmed_elink_citedin,no_new
38697122,10.1016/j.xgen.2023.100421,Molecular adaptations in response to exercise training are associated with tissue-specific transcriptomic and epigenomic signatures,2024,Cell Genomics,Campbell_Turner_2018,forward,openalex_cited_by+pubmed_elink_citedin,no_new
38708320,10.1016/j.smhs.2024.01.004,Demystifying roles of exercise in immune response regulation against acute respiratory infections: A narrative review,2024,Sports Medicine and Health Science,Campbell_Turner_2018;Simpson_2020,forward,openalex_cited_by+pubmed_elink_citedin,no_new
38721229,10.1080/19768354.2024.2350157,New insight of square stepping exercise in immune fine-tuning for anticipating emerging pandemics,2024,Animal Cells and Systems,Simpson_2020,forward,openalex_cited_by+pubmed_elink_citedin,no_new
38747095,10.1111/1747-0080.12874,Comparison of Australian Football League Women's athletes match day energy and nutrient intake to recommendations,2024,Nutrition & Dietetics,Campbell_Turner_2018;Simpson_2020,forward,openalex_cited_by,no_new
38758530,10.1249/mss.0000000000003464,Urinary Proteomic Biomarkers of Trabecular Bone Volume Change during Army Basic Combat Training,2024,Medicine & Science in Sports & Exercise,Peake_2017,forward,openalex_cited_by,no_new
38779662,10.3389/fimmu.2024.1378359,"Liu G, Wang Z, Li S. Heterogeneity and plasticity of tissue-resident memory T cells in skin diseases and homeostasis: a review. Front Immunol. (2024) 15:1378359. doi:  10.3389/fimmu.2024.1378359. PMID:",2024,Front Immunol,Xie_2026,backward,pubmed_efetch_referencelist,no_new
38781293,10.1161/circresaha.124.323975,Exercise to Prevent Accelerated Vascular Aging in People Living With HIV,2024,Circulation Research,Campbell_Turner_2018,forward,openalex_cited_by+pubmed_elink_citedin,no_new
38791248,10.3390/ijms25105210,Immunology of Physical Exercise: Is Equus caballus an Appropriate Animal Model for Human Athletes?,2024,International Journal of Molecular Sciences,Campbell_Turner_2018;Peake_2017,forward,openalex_cited_by+pubmed_elink_citedin,yes
38806473,10.1038/s41392-024-01841-0,Molecular insights of exercise therapy in disease prevention and treatment,2024,Signal Transduction and Targeted Therapy,Peake_2017,forward,openalex_cited_by+pubmed_elink_citedin,no_new
38809975,10.1126/sciadv.adk5011,Exercise activates interferon response of the liver via Gpld1 to enhance antiviral innate immunity,2024,Science Advances,Campbell_Turner_2018,forward,openalex_cited_by+pubmed_elink_citedin,yes
38825590,10.1038/s41598-024-61874-x,The influence of endurance exercise training on myocardial fibrosis and arrhythmogenesis in a coxsackievirus B3 myocarditis mouse model,2024,Scientific Reports,Simpson_2020,forward,openalex_cited_by+pubmed_elink_citedin,no_new
38827254,10.1155/2024/9502939,Evaluation of Immune Characteristics and Factors Associated with Immune Response following Hepatitis B Vaccination among Ghanaian Adolescents,2024,Advances in Virology,Simpson_2020,forward,openalex_cited_by+pubmed_elink_citedin,no_new
38831183,10.1007/s11357-024-01222-z,Unraveling the link between cardiorespiratory fitness and cancer: a state-of-the-art review,2024,GeroScience,Campbell_Turner_2018,forward,openalex_cited_by+pubmed_elink_citedin,no_new
38834174,10.1055/a-2338-5397,Kinetics of Immune Cell Mobilization during Acute Aerobic Exercise in Healthy Adults,2024,International Journal of Sports Medicine,Campbell_Turner_2018;Simpson_2020,forward,openalex_cited_by,yes
38847176,10.1097/mot.0000000000001156,"Physical exercise, the immune system and infection risk: implications for prehabilitation and rehabilitation for solid organ transplantation candidates and recipients",2024,Current Opinion in Organ Transplantation,Simpson_2020,forward,openalex_cited_by,no_new
38849257,10.1016/j.idnow.2024.104883,Freshwater sports and infectious diseases: A narrative review,2024,Infectious Diseases Now,Campbell_Turner_2018,forward,openalex_cited_by,no_new
38892536,10.3390/nu16111602,The Improvement and Related Mechanism of Microecologics on the Sports Performance and Post-Exercise Recovery of Athletes: A Narrative Review,2024,Nutrients,Simpson_2020,forward,openalex_cited_by+pubmed_elink_citedin,yes
38898861,10.12998/wjcc.v12.i17.3144,Ilizarov technique for treating elbow stiffness caused by myositis ossificans: A case report,2024,World Journal of Clinical Cases,Peake_2017,forward,openalex_cited_by+pubmed_elink_citedin,no_new
38920818,10.3390/bs14060486,Clear Yet Crossed: Athletes’ Retrospective Reports of Coach Violence,2024,Behavioral Sciences,Simpson_2020,forward,openalex_cited_by+pubmed_elink_citedin,no_new
38936255,10.1016/j.redox.2024.103250,Low energy availability increases immune cell formation of reactive oxygen species and impairs exercise performance in female endurance athletes,2024,Redox Biology,Campbell_Turner_2018;Peake_2017,forward,openalex_cited_by,yes
38955507,10.1136/bjsports-2024-108281,"Environmental challenges facing athletes, stakeholders and spectators at Paris 2024 Olympic and Paralympic Games: an evidence-based review of mitigation strategies and recommendations",2024,British Journal of Sports Medicine,Simpson_2020,forward,openalex_cited_by,no_new
38957793,10.1016/j.isci.2024.110121,Moderate-intensity aerobic exercise training improves CD8+ tumor-infiltrating lymphocytes effector function by reducing mitochondrial loss,2024,iScience,Campbell_Turner_2018,forward,openalex_cited_by+pubmed_elink_citedin,no_new
38975933,10.1097/jsm.0000000000001252,COVID-19 Infection in Ultramarathon Runners: Findings of the Ultrarunners Longitudinal TRAcking Study,2024,Clinical Journal of Sport Medicine,Simpson_2020,forward,openalex_cited_by,no_new
38979417,10.3389/fimmu.2024.1394420,The effect of exercise and disease status on mobilization of anti-tumorigenic and pro-tumorigenic immune cells in women with breast cancer,2024,Frontiers in Immunology,Peake_2017,forward,openalex_cited_by+pubmed_elink_citedin,yes
38995599,10.1007/s40279-024-02065-6,Beyond Menstrual Dysfunction: Does Altered Endocrine Function Caused by Problematic Low Energy Availability Impair Health and Sports Performance in Female Athletes?,2024,Sports Medicine,Peake_2017,forward,openalex_cited_by+pubmed_elink_citedin,no_new
38998041,10.3390/ani14131932,"Kuehu DL, Fu Y, Nasu M, Yang H, Khadka VS, Deng Y. Use of microalgae-derived astaxanthin to improve cytoprotective capacity in the ileum of heat-induced oxidative stressed broilers. Anim (Basel). (2024) 14:1932. doi:  10.3390/ani14131932, PMID:",2024,Anim (Basel),Shi_2025,backward,pubmed_efetch_referencelist,no_new
39020498,10.14814/phy2.16161,Levels of circulating angiotensin‐converting enzyme 2 are affected by acute exercise and correlate with markers of physical fitness in male athletes,2024,Physiological Reports,Campbell_Turner_2018,forward,openalex_cited_by+pubmed_elink_citedin,no_new
39068934,10.1055/a-2348-0238,Acute Inflammatory Response to Eccentric Exercise in Young and Master Resistance-trained Athletes,2024,International Journal of Sports Medicine,Campbell_Turner_2018,forward,openalex_cited_by,yes
39085605,10.1038/s41586-024-07748-8,"Ramirez SI, Faraji F, Hills LB, Lopez PG, Goodwin B, Stacey HD, et al. Immunological memory diversity in the human upper airway. Nature. (2024) 632:630–8. doi:  10.1038/s41586-024-07748-8. PMID:",2024,Nature,Xie_2026,backward,pubmed_efetch_referencelist,no_new
39094180,,"Mizokami T, Suzuki K. Involvement of neutrophils and macrophages in exhaustive exercise-induced liver, kidney, heart, and lung injuries. Exerc Immunol Rev. (2024) 30:49–62., PMID:",2024,Exerc Immunol Rev,Shi_2025,backward,pubmed_efetch_referencelist,yes
39125769,10.3390/ijms25158200,"Hernández-Urbán AJ, Drago-Serrano M-E, Reséndiz-Albor AA, Sierra-Ramírez JA, Guzmán-Mejía F, Oros-Pantoja R, et al. Moderate aerobic exercise induces homeostatic Iga generation in senile mice. Int J Mol Sci. (2024) 25:8200. doi:  10.3390/ijms25158200, PMID:",2024,Int J Mol Sci,Shi_2025,backward,pubmed_efetch_referencelist,no_new
39155952,10.1016/j.bbih.2024.100825,"Parent-Roberge H, Fontvieille A, Poirier L, Tai LH, Pavic M, Fülöp T, et al. Acute natural killer cells response to a continuous moderate intensity and a work-matched high intensity interval exercise session in metastatic cancer patients treated with chemotherapy. Brain Behav Immun Health. (2024) 40:100825. doi:  10.1016/j.bbih.2024.100825, PMID:",2024,Brain Behav Immun Health,Peake_2017;Shi_2025,backward;forward,openalex_cited_by+pubmed_elink_citedin;pubmed_efetch_referencelist,yes
39172352,10.1007/s11010-024-05089-8,Unveiling the role of exercise in modulating plasma heat shock protein 27 levels: insights for exercise immunology and cardiovascular health,2024,Molecular and Cellular Biochemistry,Campbell_Turner_2018,forward,openalex_cited_by,yes
39221163,10.3389/fnut.2024.1418778,Gut-muscle axis mechanism of exercise prevention of sarcopenia,2024,Frontiers in Nutrition,Campbell_Turner_2018,forward,openalex_cited_by+pubmed_elink_citedin,no_new
39237538,10.1038/s41598-024-71576-z,Prediction of white blood cell count during exercise: a comparison between standalone and hybrid intelligent algorithms,2024,Scientific Reports,Campbell_Turner_2018,forward,openalex_cited_by+pubmed_elink_citedin,yes
39267150,10.1186/s41043-024-00638-9,Global hotspots and trends of nutritional supplements in sport and exercise from 2000 to 2024: a bibliometric analysis,2024,Journal of Health Population and Nutrition,Peake_2017,forward,openalex_cited_by+pubmed_elink_citedin,no_new
39275323,10.3390/nu16173008,"Is Micronutrient Supplementation Helpful in Supporting the Immune System during Prolonged, High-Intensity Physical Training?",2024,Nutrients,Simpson_2020,forward,openalex_cited_by+pubmed_elink_citedin,no_new
39333363,,,,,Simpson_2020,forward,pubmed_elink_citedin,no_new
39339678,10.3390/nu16183078,Effects of Maltodextrin–Fructose Supplementation on Inflammatory Biomarkers and Lipidomic Profile Following Endurance Running: A Randomized Placebo-Controlled Cross-Over Trial,2024,Nutrients,Peake_2017,forward,openalex_cited_by+pubmed_elink_citedin,yes
39352112,10.1002/iid3.70030,Combined proteomics and metabolomics analysis reveal the effect of a training course on the immune function of Chinese elite short‐track speed skaters,2024,Immunity Inflammation and Disease,Campbell_Turner_2018;Simpson_2020,forward,openalex_cited_by+pubmed_elink_citedin,yes
39390056,10.1038/s41598-024-75266-8,A proteomics perspective on 2 years of high-intensity training in horses: a pilot study,2024,Scientific Reports,Peake_2017,forward,openalex_cited_by+pubmed_elink_citedin,no_new
39391697,10.3389/fphar.2024.1452616,Potential of traditional medicines in alleviating COVID-19 symptoms,2024,Frontiers in Pharmacology,Simpson_2020,forward,openalex_cited_by+pubmed_elink_citedin,no_new
39411424,10.1016/j.bbih.2024.100865,"Characterising how a single bout of exercise in people with myeloma affects clonal plasma cell and immune effector cell frequency in blood, and daratumumab efficacy in vitro",2024,Brain Behavior & Immunity - Health,Campbell_Turner_2018,forward,openalex_cited_by+pubmed_elink_citedin,yes
39413579,10.1016/j.resmer.2024.101141,Physical activity and idiopathic pulmonary fibrosis: A prospective cohort study in UK Biobank and Mendelian randomization analyses,2024,Respiratory Medicine and Research,Simpson_2020,forward,openalex_cited_by,no_new
39425121,10.1186/s12889-024-20363-6,Association between physical activity based on wearables and self-reported health status among adolescents: NHANES 2011–2014,2024,BMC Public Health,Campbell_Turner_2018,forward,openalex_cited_by+pubmed_elink_citedin,no_new
39456138,10.3390/biom14101205,Myokines May Be the Answer to the Beneficial Immunomodulation of Tailored Exercise—A Narrative Review,2024,Biomolecules,Simpson_2020,forward,openalex_cited_by+pubmed_elink_citedin,no_new
39456150,10.3390/biom14101217,"T Cell Peptide Prediction, Immune Response, and Host–Pathogen Relationship in Vaccinated and Recovered from Mild COVID-19 Subjects",2024,Biomolecules,Peake_2017,forward,openalex_cited_by+pubmed_elink_citedin,no_new
39457976,10.3390/jcm13206026,The Effect of Four-Month Training on Biochemical Variables in Amateur Cross-Country Skiers,2024,Journal of Clinical Medicine,Simpson_2020,forward,openalex_cited_by+pubmed_elink_citedin,no_new
39458450,10.3390/nu16203454,"Impact of the Mediterranean Diet on Athletic Performance, Muscle Strength, Body Composition, and Antioxidant Markers in Both Athletes and Non-Professional Athletes: A Systematic Review of Intervention Trials",2024,Nutrients,Peake_2017,forward,openalex_cited_by+pubmed_elink_citedin,no_new
39458469,10.3390/nu16203474,‘Supporting the Support Staff’: A Narrative Review of Nutritional Opportunities to Enhance Recovery and Wellbeing in Multi-Disciplinary Soccer Performance Staff,2024,Nutrients,Simpson_2020,forward,openalex_cited_by+pubmed_elink_citedin,no_new
39476967,10.1016/j.molmet.2024.102058,"Voskoboynik Y, McCulloch AD, Sahoo D. Macrophages on the run: exercise balances macrophage polarization for improved health. Mol Metab. (2024) 90:102058. doi:  10.1016/j.molmet.2024.102058, PMID:",2024,Mol Metab,Shi_2025,backward,pubmed_efetch_referencelist,yes
39478832,10.3389/fspor.2024.1393067,Back pain exercise therapy remodels human epigenetic profiles in buccal and human peripheral blood mononuclear cells: an exploratory study in young male participants,2024,Frontiers in Sports and Active Living,Campbell_Turner_2018,forward,openalex_cited_by+pubmed_elink_citedin,no_new
39482632,10.1186/s12889-024-20498-6,Exercise intensity and mortality in overweight and obese patients with chronic kidney disease: longitudinal analysis (1999–2016),2024,BMC Public Health,Campbell_Turner_2018,forward,openalex_cited_by+pubmed_elink_citedin,no_new
39482693,10.1186/s12889-024-20546-1,Exploring the association between lifestyle and cardiovascular health metrics and HPV infection risk: insights from the National Health and Nutrition Examination Survey 2005–2016 data,2024,BMC Public Health,Campbell_Turner_2018,forward,openalex_cited_by+pubmed_elink_citedin,no_new
39500416,10.1016/j.bbi.2024.11.004,Acute exercise boosts NAD+ metabolism of human peripheral blood mononuclear cells,2024,Brain Behavior and Immunity,Campbell_Turner_2018,forward,openalex_cited_by,yes
39520384,10.1002/ejsc.12221,Effects of concentric and eccentric exercise regimens on bioenergetic efficiency of lymphocytes in sedentary males,2024,European Journal of Sport Science,Simpson_2020,forward,openalex_cited_by+pubmed_elink_citedin,no_new
39553359,,,,,Campbell_Turner_2018,forward,pubmed_elink_citedin,no_new
39590909,10.3390/sports12110307,Testing in Football: A Narrative Review,2024,Sports,Campbell_Turner_2018;Simpson_2020,forward,openalex_cited_by,no_new
39595094,10.3390/biomedicines12112528,Emerging Mechanisms of Physical Exercise Benefits in Adjuvant and Neoadjuvant Cancer Immunotherapy,2024,Biomedicines,Campbell_Turner_2018,forward,openalex_cited_by,no_new
39597553,10.3390/microorganisms12112164,Efficacy of Streptococcus salivarius Blis K12 in the Prevention of Upper Respiratory Tract Infections in Physically Active Individuals: A Randomized Controlled Trial,2024,Microorganisms,Campbell_Turner_2018,forward,openalex_cited_by,no_new
39604770,10.1007/s00421-024-05677-y,"An ultra-endurance event leads to changes in circulating regulatory T-cells, CD4+ naïve and CD8+ effector memory T-cells in the 48 h post-race recovery period",2024,European Journal of Applied Physiology,Campbell_Turner_2018;Peake_2017;Simpson_2020,forward,openalex_cited_by+pubmed_elink_citedin,yes
39607207,10.1590/1414-431x2024e14144,"Pan H, Meng R, Jia Z, Zhang J, Ma W, Liu Y, et al. Exercise: A non-drug strategy of nk cell activation. Braz J Med Biol Res. (2024) 57:e14144. doi:  10.1590/1414-431X2024e14144, PMID:",2024,Braz J Med Biol Res,Campbell_Turner_2018;Shi_2025,backward;forward,openalex_cited_by+pubmed_elink_citedin;pubmed_efetch_referencelist,yes
39624122,10.7717/peerj.18603,"Effects of a single bout of exercise on human hemocytes and serum interleukin 3, erythropoietin, and soluble transferrin receptor in a hot and humid environment",2024,PeerJ,Campbell_Turner_2018;Peake_2017,forward,openalex_cited_by+pubmed_elink_citedin,yes
39625505,10.1007/s00421-024-05675-0,Neutrophil but not lymphocyte response to matched interval and continuous running differs between protocols and sex,2024,European Journal of Applied Physiology,Peake_2017,forward,openalex_cited_by+pubmed_elink_citedin,yes
39632267,10.1111/jcmm.70198,"The impact of N‐acetylcysteine on lactate, biomarkers of oxidative stress, immune response, and muscle damage: A systematic review and meta‐analysis",2024,Journal of Cellular and Molecular Medicine,Peake_2017,forward,openalex_cited_by+pubmed_elink_citedin,yes
39639055,10.1038/s41598-024-81225-0,Immune inflammation markers and physical fitness during a congested match play period in elite male soccer players,2024,Scientific Reports,Campbell_Turner_2018,forward,openalex_cited_by+pubmed_elink_citedin,no_new
39640787,10.1016/j.heliyon.2024.e39320,The impact of supervised and home exercise activity intervention on circulating immune cell numbers in cancer patients,2024,Heliyon,Campbell_Turner_2018,forward,openalex_cited_by+pubmed_elink_citedin,yes
39743381,10.1016/j.jnha.2024.100401,Global consensus on optimal exercise recommendations for enhancing healthy longevity in older adults (ICFSR),2024,The journal of nutrition health & aging,Campbell_Turner_2018,forward,openalex_cited_by+pubmed_elink_citedin,no_new
39769501,10.3390/ijms252413740,The Therapeutic Potential of Physical Exercise in Cancer: The Role of Chemokines,2024,International Journal of Molecular Sciences,Campbell_Turner_2018,forward,openalex_cited_by+pubmed_elink_citedin,no_new
39781531,10.7150/ijms.104812,"Enhancement of Interferon-γ Secretion by Lepidium meyenii Extract Supplementation After Exhaustive Endurance Exercise in Healthy Men: A Double-blind, Placebo-controlled Trial",2024,International Journal of Medical Sciences,Campbell_Turner_2018;Peake_2017,forward,openalex_cited_by+pubmed_elink_citedin,yes
39803224,10.1002/fsn3.4658,Mechanism of Action and Beneficial Effects of Probiotics in Amateur and Professional Athletes,2024,Food Science & Nutrition,Simpson_2020,forward,openalex_cited_by+pubmed_elink_citedin,no_new
39821813,10.1007/s10286-024-01103-7,High-intensity interval aerobic exercise delays recovery from heart rate variability: a systematic review with meta-analysis,2025,Clinical Autonomic Research,Peake_2017,forward,openalex_cited_by+pubmed_elink_citedin,no_new
39826528,10.1016/j.bbrc.2025.151321,Exercise-induced cytosolic calcium oscillations: mechanisms and modulation of T-cell function,2025,Biochemical and Biophysical Research Communications,Simpson_2020,forward,openalex_cited_by,yes
39828217,10.1016/j.clnesp.2025.01.031,Nutrition for optimising immune function and recovery from injury in sports,2025,Clinical Nutrition ESPEN,Campbell_Turner_2018,forward,openalex_cited_by,no_new
39832052,10.1007/s10522-025-10183-5,The effect of three types of water-based training protocols on thymus atrophy and specific indicators of cellular immune senescence in aged male rats,2025,Biogerontology,Campbell_Turner_2018,forward,openalex_cited_by+pubmed_elink_citedin,no_new
39837220,10.1016/j.virol.2024.110372,Respiratory viruses affecting health and performance in equine athletes,2024,Virology,Campbell_Turner_2018,forward,openalex_cited_by,no_new
39853819,10.1111/sms.70020,Effects of Exercise Training on the Bone Marrow Immune Microenvironment and Minimal Residual Disease in Multiple Myeloma Patients Following First‐Line Treatment,2025,Scandinavian Journal of Medicine and Science in Sports,Campbell_Turner_2018,forward,openalex_cited_by+pubmed_elink_citedin,yes
39857197,10.3390/healthcare13020169,"The Effects of the Mamanet Cachibol League Intervention Program on Perceived Health Status, Mental Health, and Healthy Lifestyle Among Arab Women",2025,Healthcare,Simpson_2020,forward,openalex_cited_by+pubmed_elink_citedin,no_new
39887554,10.1002/ejsc.12262,The Order of Concurrent Training Affects Acute Immunological Stress Responses and Measures of Muscular Fitness in Female Youth Judo Athletes,2025,European Journal of Sport Science,Campbell_Turner_2018,forward,openalex_cited_by+pubmed_elink_citedin,yes
39897036,10.7150/ijbs.100948,"Immunosenescence, Physical Exercise, and their Implications in Tumor Immunity and Immunotherapy",2025,International Journal of Biological Sciences,Peake_2017;Simpson_2020,forward,openalex_cited_by+pubmed_elink_citedin;pubmed_elink_citedin,no_new
39919738,10.1016/j.cmet.2024.12.011,"Van der Stede T, Van de Loock A, Turiel G, Hansen C, Tamariz-Ellemann A, Ullrich M, et al. Cellular deconstruction of the human skeletal muscle microenvironment identifies an exercise-induced histaminergic crosstalk. Cell Metab. (2025) 37:842–56.e7. doi:  10.1016/j.cmet.2024.12.011, PMID:",2025,Cell Metab,Shi_2025,backward,pubmed_efetch_referencelist,yes
39932189,10.1016/j.celrep.2024.115134,Multi-omics reveals immune response and metabolic profiles during high-altitude mountaineering,2024,Cell Reports,Simpson_2020,forward,openalex_cited_by,no_new
39965565,10.1093/med/9780199696277.003.0002,"Ravi VR, Korkmaz FT, De Ana CL, Lu L, Shao FZ, Odom CV, et al. Lung CD4+ resident memory T cells use airway secretory cells to stimulate and regulate onset of allergic airway neutrophilic disease. Cell Rep. (2025) 44:115218. doi:  10.1093/med/9780199696277.003.0002. PMID:",2025,Cell Rep,Xie_2026,backward,pubmed_efetch_referencelist,no_new
39982316,10.1249/jes.0000000000000360,Exercise May Improve Completion of Standard and Emerging Cancer Treatments,2025,Exercise and Sport Sciences Reviews,Campbell_Turner_2018,forward,openalex_cited_by+pubmed_elink_citedin,no_new
39983997,10.1016/j.mad.2025.112042,The relationship between physical activity and telomere length in women: A systematic review,2025,Mechanisms of Ageing and Development,Campbell_Turner_2018,forward,openalex_cited_by+pubmed_elink_citedin,no_new
40001576,10.3390/biom15020273,NK Cell-Microbiota Interaction Biomarker Strategy: Advancing Prostate Cancer Management,2025,Biomolecules,Campbell_Turner_2018,forward,openalex_cited_by+pubmed_elink_citedin,no_new
40008210,10.3389/fphys.2025.1453747,The effects of acute and chronic exercise on immune markers of TH1/TH2 cells in older adults: a systematic review,2025,Frontiers in Physiology,Campbell_Turner_2018,forward,openalex_cited_by+pubmed_elink_citedin,yes
40015115,10.1016/j.jocn.2025.111146,Environmental risk factors of late-onset multiple sclerosis: A population-based case-control study,2025,Journal of Clinical Neuroscience,Simpson_2020,forward,openalex_cited_by,no_new
40029414,10.1007/s10695-025-01474-2,"Induced swimming in European seabass (Dicentrarchus labrax): effects on the stress response, immune, and antioxidant status",2025,Fish Physiology and Biochemistry,Campbell_Turner_2018,forward,openalex_cited_by+pubmed_elink_citedin,no_new
40035867,10.1556/2060.2025.00466,"Eda N, Tabata H, Sone R, Fukuchi M, Kawai R, Harakuma K, et al. Yoga Improves Immunosuppression after A prolonged Intense Exercise. Physiol Int. (2025) 112:85–100. doi:  10.1556/2060.2025.00466, PMID:",2025,Physiol Int,Peake_2017;Shi_2025;Simpson_2020,backward;forward,openalex_cited_by;pubmed_efetch_referencelist,yes
40067241,10.1080/02701367.2025.2464195,Time Course of Inflammatory and Endocrine Factors Following a Single-Bout of High-Intensity WB-EMS – A Randomized Crossover Study,2025,Research Quarterly for Exercise and Sport,Peake_2017,forward,openalex_cited_by,yes
40110185,10.3389/fphys.2025.1480776,Influence of repeated sprint exercise on leukocyte morphology in adolescent athletes at different biological maturation rates,2025,Frontiers in Physiology,Peake_2017,forward,openalex_cited_by+pubmed_elink_citedin,yes
40112254,,,,,Simpson_2020,forward,pubmed_elink_citedin,yes
40129260,10.14814/phy2.70294,Changes in plasma cytokines following a 60‐h fast are not influenced by the addition of exercise despite elevated ketones in healthy young adults,2025,Physiological Reports,Peake_2017,forward,openalex_cited_by+pubmed_elink_citedin,no_new
40138653,10.1113/ep092167,"Assessing the exercise‐related kinetics of circulating cell‐free DNA, circulating tumour DNA, DNase I activity and cytokines in patients with solid tumours: A pilot study",2025,Experimental Physiology,Campbell_Turner_2018,forward,openalex_cited_by,yes
40155997,10.1186/s13287-025-04261-1,Examining the effect of intermittent cycling throughout a 3-h period on peripheral blood concentrations of haemopoietic stem and progenitor cells and cytolytic natural killer cells,2025,Stem Cell Research & Therapy,Campbell_Turner_2018,forward,openalex_cited_by+pubmed_elink_citedin,no_new
40165963,10.3389/fimmu.2025.1506165,Healthy and premature aging of monocytes and macrophages,2025,Frontiers in Immunology,Peake_2017,forward,openalex_cited_by+pubmed_elink_citedin,no_new
40191507,,,,,Campbell_Turner_2018,forward,pubmed_elink_citedin,no_new
40213145,10.3389/fphys.2025.1392946,Impact of different concurrent training sequencing schemes on overnight systemic immunological regulation in adolescent athletes,2025,Frontiers in Physiology,Peake_2017,forward,openalex_cited_by+pubmed_elink_citedin,yes
40223161,10.1111/sms.70046,"Immunity, Inflammation and Airway Dysfunction in Elite Cross‐Country Skiers and Ice Hockey Players: A Systematic Review",2025,Scandinavian Journal of Medicine and Science in Sports,Peake_2017;Simpson_2020,forward,openalex_cited_by+pubmed_elink_citedin,yes
40229731,10.1186/s12885-025-14058-3,The impact of a single HIIT intervention on the mobilization of NK cells and ILCs in adolescents and young adults (AYA) undergoing cancer treatment: an interventional controlled trial,2025,BMC Cancer,Peake_2017,forward,openalex_cited_by+pubmed_elink_citedin,yes
40250877,10.1136/bmjopen-2024-091049,How to improve the transferability of a 12-week home-space sedentary behaviour intervention for ethnically diverse older adults: a qualitative study protocol of key stakeholder perspectives,2025,BMJ Open,Campbell_Turner_2018,forward,openalex_cited_by+pubmed_elink_citedin,no_new
40264836,10.1016/j.smhs.2025.01.006,Beyond physical exhaustion: Understanding overtraining syndrome through the lens of molecular mechanisms and clinical manifestation,2025,Sports Medicine and Health Science,Peake_2017,forward,openalex_cited_by+pubmed_elink_citedin,no_new
40267903,10.1159/000545181,Prehabilitation and Inflammation,2025,Annals of Nutrition and Metabolism,Campbell_Turner_2018,forward,openalex_cited_by,no_new
40284200,10.3390/nu17081335,Branched-Chain Amino Acids and Inflammation Management in Endurance Sports: Molecular Mechanisms and Practical Implications,2025,Nutrients,Simpson_2020,forward,openalex_cited_by+pubmed_elink_citedin,yes
40311885,10.1016/j.bbi.2025.04.040,"Smith KA, Batatinha H, Niemiro GM, Baker FL, Zúñiga TM, Diak DM, et al. Exercise-induced β2-adrenergic receptor activation enhances effector lymphocyte mobilization in humans and suppresses lymphoma growth in mice through NK-cells. Brain Behav Immun. (2025) 128:751–65. doi:  10.1016/j.bbi.2025.04.040. PMID:",2025,Brain Behav Immun,Xie_2026,backward,pubmed_efetch_referencelist,yes
40364650,10.4103/nrr.nrr-d-22-00015,Techniques and factors for reducing chronic neuropathic pain: A review,2025,Neural Regeneration Research,Peake_2017,forward,openalex_cited_by+pubmed_elink_citedin,no_new
40367509,10.1249/mss.0000000000003757,Vaccine-Induced Specific Cellular and Humoral Immunity after MRNA-Based COVID-19 Vaccination in Athletes and Controls,2025,Medicine & Science in Sports & Exercise,Campbell_Turner_2018;Peake_2017,forward,openalex_cited_by,no_new
40404198,10.1183/13993003.00239-2025,Rehabilitation for persons with long COVID beyond the recovery phase of SARS-CoV-2 infection,2025,European Respiratory Journal,Campbell_Turner_2018,forward,openalex_cited_by,no_new
40418845,10.1139/apnm-2024-0344,A pilot study: the effect of intensity and menstrual cycle phase on exercise-induced leukocytosis in females,2025,Applied Physiology Nutrition and Metabolism,Campbell_Turner_2018;Peake_2017,forward,openalex_cited_by,yes
40427869,10.3390/ijerph22050754,The Impact of Physical Activity on Long COVID Symptoms Among College Students: A Retrospective Study,2025,International Journal of Environmental Research and Public Health,Simpson_2020,forward,openalex_cited_by+pubmed_elink_citedin,no_new
40442386,10.1007/978-3-031-89525-8_6,Microbiome: A Key Regulator of Body-Brain Interactions,2025,Advances in experimental medicine and biology,Campbell_Turner_2018,forward,openalex_cited_by+pubmed_elink_citedin,no_new
40455745,10.1371/journal.pone.0322283,Viral acute respiratory illnesses in elite athletes: A 12-month controlled follow-up study,2025,PLoS ONE,Campbell_Turner_2018;Simpson_2020,forward,openalex_cited_by+pubmed_elink_citedin,no_new
40497823,10.1002/smi.70060,"Effects of Gravitational Acceleration on Physical Fitness, Stress, and Immunity Levels of Prospective Air Force Pilots",2025,Stress and Health,Peake_2017,forward,openalex_cited_by,yes
40507038,10.3390/nu17111769,Microecologics and Exercise: Targeting the Microbiota–Gut–Brain Axis for Central Nervous System Disease Intervention,2025,Nutrients,Campbell_Turner_2018,forward,openalex_cited_by+pubmed_elink_citedin,no_new
40507114,10.3390/nu17111846,"Triathlon: Ergo Nutrition for Training, Competing, and Recovering",2025,Nutrients,Simpson_2020,forward,openalex_cited_by+pubmed_elink_citedin,no_new
40514287,10.1016/j.tem.2025.05.004,Mitochondrial innate immune signaling in skeletal muscle adaptation to exercise,2025,Trends in Endocrinology and Metabolism,Campbell_Turner_2018,forward,openalex_cited_by+pubmed_elink_citedin,yes
40516195,10.1016/j.scitotenv.2025.179828,Cold air and air pollution induce bronchial hyperresponsiveness and inflammation in a murine model,2025,The Science of The Total Environment,Peake_2017,forward,openalex_cited_by,yes
40534779,10.3389/fvets.2025.1608770,Effect of time of day and physical exercise on inflammatory biomarkers in athletic horses,2025,Frontiers in Veterinary Science,Campbell_Turner_2018,forward,openalex_cited_by+pubmed_elink_citedin,yes
40559392,10.3390/metabo15060368,Analysis of the Acute Cytokine Dynamics Induced in Professional Padel According to the Playing Side of the Court and Sex-Related Differences,2025,Metabolites,Simpson_2020,forward,openalex_cited_by+pubmed_elink_citedin,no_new
40611086,10.1186/s12905-025-03848-3,Association between physical activity and gynecological cancers: a meta-analysis of prospective cohort studies,2025,BMC Women s Health,Campbell_Turner_2018,forward,openalex_cited_by+pubmed_elink_citedin,no_new
40634446,10.1038/s41598-025-09593-9,Physical activity intensity and amount are inversely correlated with the risk of tuberculosis in patients with diabetes,2025,Scientific Reports,Simpson_2020,forward,openalex_cited_by+pubmed_elink_citedin,no_new
40659656,,,,,Campbell_Turner_2018,forward,pubmed_elink_citedin,no_new
40682843,10.3892/ijmm.2025.5587,Protective effect of exercise on metabolic dysfunction‑associated fatty liver disease: Potential epigenetic mechanisms (Review),2025,International Journal of Molecular Medicine,Simpson_2020,forward,openalex_cited_by+pubmed_elink_citedin,yes
40689836,10.1249/mss.0000000000003818,Immune Surveillance in the Peyer’s Patches of Mice After Acute High-Intensity Exercise,2025,Medicine & Science in Sports & Exercise,Campbell_Turner_2018,forward,openalex_cited_by,yes
40709812,10.14814/phy2.70479,"Rigorous methodological approaches to address knowledge gaps in exercise, nutrition, immunity, and infection risk research",2025,Physiological Reports,Campbell_Turner_2018;Simpson_2020,forward,openalex_cited_by+pubmed_elink_citedin,no_new
40710024,10.1111/imcb.70052,"Kirkby M, Veldhoen M. CD4+ tissue-resident memory T cells and their role in immunity. Immunol Cell Biol. (2025) 103:1–15. doi:  10.1111/imcb.70052. PMID:",2025,Immunol Cell Biol,Xie_2026,backward,pubmed_efetch_referencelist,no_new
40717906,10.1007/s13755-025-00360-8,The effect of physical activity on anti-infection immunity: a review,2025,Health Information Science and Systems,Campbell_Turner_2018;Peake_2017,forward,openalex_cited_by,no_new
40719860,10.1007/s00421-025-05925-9,Influence of resistance exercise on monocyte subtypes and intracellular immune markers in trained postmenopausal women,2025,European Journal of Applied Physiology,Campbell_Turner_2018;Peake_2017,forward,openalex_cited_by;openalex_cited_by+pubmed_elink_citedin,no_new
40726009,10.1111/acel.70182,Epigenetic Age Monitoring in Professional Soccer Players for Tracking Recovery and the Effects of Strenuous Exercise,2025,Aging Cell,Campbell_Turner_2018,forward,openalex_cited_by+pubmed_elink_citedin,yes
40733004,10.3390/nu17142379,Beverage-Specific Modulation of Urinary Inflammatory Biomarkers After Endurance Running in Trained Males,2025,Nutrients,Peake_2017,forward,openalex_cited_by+pubmed_elink_citedin,yes
40755910,10.3389/fped.2025.1449436,Physical activity based interventions for reducing body mass index in children aged 6–12 years: a systematic review,2025,Frontiers in Pediatrics,Campbell_Turner_2018,forward,openalex_cited_by+pubmed_elink_citedin,no_new
40759970,10.1186/s13690-025-01664-7,Long-term impact of the COVID-19 pandemic on physical activity and estimated cardiorespiratory fitness in south American adults: a multi-country cross-sectional online survey,2025,Archives of Public Health,Campbell_Turner_2018,forward,openalex_cited_by+pubmed_elink_citedin,no_new
40760148,10.1038/s41598-025-13515-0,Effect of repeated sprint exercise on immunological responses in adult and adolescent athletes at different stages of biological maturation: a-quasi-experimental-trial,2025,Scientific Reports,Campbell_Turner_2018;Peake_2017,forward,openalex_cited_by+pubmed_elink_citedin,yes
40777031,10.3389/fimmu.2025.1617261,Exercise workload: a key determinant of immune health – a narrative review,2025,Frontiers in Immunology,Campbell_Turner_2018;Peake_2017;Simpson_2020,forward,openalex_cited_by+pubmed_elink_citedin,no_new
40789264,10.1016/j.vaccine.2025.127605,"Wei H, Wang Y, Jiang S, Zhang X, Zhang J. The roles of tissue-resident memory T cells (TRMs) in diseases and vaccine development: A comprehensive review. Vaccine. (2025) 62:127605. doi:  10.1016/j.vaccine.2025.127605. PMID:",2025,Vaccine,Xie_2026,backward,pubmed_efetch_referencelist,no_new
40809025,10.3389/fonc.2025.1638060,RETRACTED: Physical activity and glioblastoma: a paradigm shift in neuro-oncology therapy,2025,Frontiers in Oncology,Campbell_Turner_2018;Peake_2017,forward,openalex_cited_by+pubmed_elink_citedin,yes
40809888,10.4162/nrp.2025.19.4.483,Combination of intermittent fasting and endurance exercise impedes the development of the musculoskeletal system in non-obese growing rats,2025,Nutrition Research and Practice,Peake_2017,forward,openalex_cited_by+pubmed_elink_citedin,no_new
40821811,10.3389/fimmu.2025.1601405,Differential inflammatory responses to acute exercise and ex vivo immune challenge in young and master athletes,2025,Frontiers in Immunology,Simpson_2020,forward,openalex_cited_by+pubmed_elink_citedin,yes
40822484,10.3389/fphar.2025.1582540,Fueling immunity: the synergy of natural products and exercise for optimal health,2025,Frontiers in Pharmacology,Simpson_2020,forward,openalex_cited_by+pubmed_elink_citedin,no_new
40851553,10.1111/vcp.70034,Are Immune‐Integrative Biomarkers Predictors of Systemic Inflammation in Show Jumping Horses?,2025,Veterinary Clinical Pathology,Peake_2017,forward,openalex_cited_by,yes
40879955,10.1007/978-3-031-88361-3_23,Skeletal Muscle and the Immune System,2025,Advances in experimental medicine and biology,Campbell_Turner_2018;Simpson_2020,forward,openalex_cited_by+pubmed_elink_citedin,no_new
40910007,10.3389/fphar.2025.1643056,Comparative effects of moderate and high-intensity training on immune activation in myocarditis: a review of preclinical and clinical evidence,2025,Frontiers in Pharmacology,Simpson_2020,forward,openalex_cited_by+pubmed_elink_citedin,no_new
40917935,10.2147/jir.s545914,The Dual Role of Myokines in Fatigue Associated with Inflammatory Joint Diseases,2025,Journal of Inflammation Research,Campbell_Turner_2018,forward,openalex_cited_by+pubmed_elink_citedin,no_new
40926499,10.1024/0301-1526/a001230,Beyond function: supervised exercise therapy may target inflammatory gene expression in patients with symptomatic peripheral artery disease,2025,VASA,Campbell_Turner_2018,forward,openalex_cited_by,no_new
40933320,10.52082/jssm.2025.645,Effect of Exercise on Immune System Markers in Cancer Patients and Survivors: A Systematic Review,2025,Journal of Sports Science and Medicine,Campbell_Turner_2018,forward,openalex_cited_by+pubmed_elink_citedin,no_new
40962028,10.1016/j.jshs.2025.101086,Physical activity influences immunity with an assist from the gut microbiome,2025,Journal of sport and health science/Journal of Sport and Health Science,Shi_2025,forward,openalex_cited_by+pubmed_elink_citedin,no_new
41018019,10.3389/fphys.2025.1587766,Load-bearing aerobic exercise prior to injury moderates systemic immunosuppression response to fracture,2025,Frontiers in Physiology,Campbell_Turner_2018,forward,openalex_cited_by+pubmed_elink_citedin,no_new
41024269,10.1186/s40001-025-03165-3,Effects of exercise on neuroinflammation in age-related neurodegenerative disorders,2025,European journal of medical research,Peake_2017,forward,openalex_cited_by+pubmed_elink_citedin,no_new
41024702,10.1002/ejsc.70058,Anxiety and Mood Disturbance Are Prospectively Associated With Respiratory Infection Risk and the Mucosal Immune Response to Exercise,2025,European Journal of Sport Science,Campbell_Turner_2018,forward,openalex_cited_by+pubmed_elink_citedin,yes
41041307,10.3389/fimmu.2025.1655034,Daytime eccentric exercise and its impact on inflammatory markers and antioxidant defenses in physically active young men,2025,Frontiers in Immunology,Peake_2017,forward,openalex_cited_by+pubmed_elink_citedin,yes
41049033,10.1016/j.jesf.2025.09.002,Impact of aerobic exercise on immune components across healthy and diseased populations: A systematic review and meta-analysis of randomized controlled trials,2025,Journal of Exercise Science & Fitness,Campbell_Turner_2018;Peake_2017,forward,openalex_cited_by+pubmed_elink_citedin,no_new
41080808,10.2147/jmdh.s543841,Exoskeleton Robot Gait Training and Its Impact on the Gut Microbiota-Brain Axis in Incomplete Spinal Cord Injury Patients: A Narrative Review of Rehabilitation Mechanisms,2025,Journal of Multidisciplinary Healthcare,Campbell_Turner_2018,forward,openalex_cited_by+pubmed_elink_citedin,no_new
41117626,10.1097/cej.0000000000000989,The molecular mechanisms of exercise in cancer prevention and management,2025,European Journal of Cancer Prevention,Peake_2017,forward,openalex_cited_by,no_new
41139415,10.1123/ijspp.2024-0154,Sex Comparison of White-Blood-Cell Responses to Acute Vigorous-Intensity Aerobic Exercise,2025,International Journal of Sports Physiology and Performance,Peake_2017,forward,openalex_cited_by,yes
41152359,10.1038/s41598-025-21430-7,Systemic hypoxia appears to attenuate autophagy in human peripheral blood mononuclear cells during repeated sprint exercises,2025,Scientific Reports,Peake_2017,forward,openalex_cited_by+pubmed_elink_citedin,no_new
41154619,10.3390/biom15101390,Physical Activity Guidelines for Astronauts: An Immunological Perspective,2025,Biomolecules,Simpson_2020,forward,openalex_cited_by+pubmed_elink_citedin,yes
41159023,10.3389/fimmu.2025.1673383,Exercise induced immune regulation and drug efficacy in rhinitis nasopharyngeal carcinoma implications for tumor microenvironment single cell immune signal transduction,2025,Frontiers in Immunology,Campbell_Turner_2018,forward,openalex_cited_by+pubmed_elink_citedin,yes
41175376,10.1002/ejsc.70077,Recovery of Linear and Nonlinear Heart Rate Variability Metrics After Short‐Term Moderate versus Vigorous Intensity Exercise: A Cross‐Sectional Randomized Cross‐Over Study,2025,European Journal of Sport Science,Peake_2017,forward,openalex_cited_by+pubmed_elink_citedin,no_new
41198789,10.1038/s41598-025-22886-3,Intensive physical training induces NET release in athletes,2025,Scientific Reports,Peake_2017,forward,openalex_cited_by+pubmed_elink_citedin,no_new
41208983,,,,,Simpson_2020,forward,pubmed_elink_citedin,yes
41243337,10.1113/jp289240,"Histamine mediates food intake, but not muscle adaptations, following 10 weeks of resistance training in humans",2025,The Journal of Physiology,Peake_2017,forward,openalex_cited_by,yes
41265430,10.1123/ijsnem.2025-0144,UCI Sports Nutrition Project: The Role of Nutrition in the Prevention and Management of Illnesses and Injuries in Elite Cycling,2025,International Journal of Sport Nutrition and Exercise Metabolism,Campbell_Turner_2018,forward,openalex_cited_by,no_new
41265941,10.1016/j.rdc.2025.08.009,Physical Activity for Human and Planetary Health,2025,Rheumatic Disease Clinics of North America,Campbell_Turner_2018,forward,openalex_cited_by+pubmed_elink_citedin,no_new
41295784,10.3390/sports13110401,"Training, Immunity, and Health in Elite Kayaking: A Longitudinal Study Monitoring a World-Class Marathon Paddler with Exercise-Induced Bronchoconstriction",2025,Sports,Peake_2017,forward,openalex_cited_by,yes
41298810,10.1038/s41598-025-26196-6,"Biochemical, immune, and endocrine biomarkers associated with exacerbated muscular response: insights from a field-based operational cohort study",2025,Scientific Reports,Campbell_Turner_2018,forward,openalex_cited_by,no_new
41323564,10.1016/j.jesf.2025.11.002,"Effects of heat stimulation after high-intensity interval training on serum adipokines, eHSP72, and immunoglobulins in men with obesity",2025,Journal of Exercise Science & Fitness,Peake_2017,forward,openalex_cited_by+pubmed_elink_citedin,no_new
41323862,,,,,Simpson_2020,forward,pubmed_elink_citedin,yes
41329223,10.1007/s00520-025-09971-z,"Comparison of different exercise modalities on chronic inflammation and immune function in cancer survivors: a systematic review with network, dose–response, and Bayesian meta-analyses",2025,Supportive Care in Cancer,Shi_2025,forward,openalex_cited_by+pubmed_elink_citedin,no_new
41377988,10.21203/rs.3.rs-8138657/v1,Pre-Diagnosis Recreational Physical Activity and Lung Cancer Mortality within the California Teachers Study,2025,Research Square,Peake_2017,forward,openalex_cited_by+pubmed_elink_citedin,no_new
41445672,10.3389/fphys.2025.1712471,"Acute endocrine, immune, and muscle damage responses following a 2,000-m rowing time trial in elite male athletes",2025,Frontiers in Physiology,Campbell_Turner_2018;Peake_2017,forward,openalex_cited_by+pubmed_elink_citedin,yes
41478938,10.1007/978-1-0716-5019-6_11,Physical Exercise as a Model for Investigation of the Inflammation Response in Mice,2026,Methods in molecular biology,Peake_2017,forward,openalex_cited_by+pubmed_elink_citedin,yes
41484100,10.1038/s41467-025-68101-9,Acute exercise rewires the proteomic landscape of human immune cells,2026,Nature Communications,Campbell_Turner_2018;Simpson_2020,forward,openalex_cited_by+pubmed_elink_citedin;pubmed_elink_citedin,yes
41485170,10.1007/s12010-025-05504-w,An Overview of the Effects of Exercise on Viral Infection in Obesity: Recent Advances and Potential Mechanisms,2026,Applied Biochemistry and Biotechnology,Shi_2025,forward,openalex_cited_by+pubmed_elink_citedin,no_new
41493773,10.1123/ijsnem.2025-0155,Effects of Greek Yogurt Versus Whey Protein Supplementation on Markers of Bone Turnover and Inflammation in University Athletes: A 24-Week Intervention Study,2026,International Journal of Sport Nutrition and Exercise Metabolism,Peake_2017,forward,openalex_cited_by,no_new
41510828,10.1002/jdn.70090,Treadmill Exercise Modulates TNF‐α and IL‐1β Expression in Rodent Models of CNS Inflammation: A Systematic Review,2026,International Journal of Developmental Neuroscience,Campbell_Turner_2018,forward,openalex_cited_by,no_new
41514897,10.3390/biology15010058,Exercise Ameliorates Immunosenescence: From Mechanisms to Interventions,2025,Biology,Shi_2025,forward,openalex_cited_by+pubmed_elink_citedin,no_new
41596069,10.3390/antiox15010010,Antioxidants and Exercise Performance: Focus on Mediterranean Diet,2025,Antioxidants,Campbell_Turner_2018;Simpson_2020,forward,openalex_cited_by+pubmed_elink_citedin;pubmed_elink_citedin,no_new
41596590,10.3390/ijms27020943,Prehabilitation as a Biologically Active Intervention Is Associated with the Remodeling of the Pancreatic Tumor-Immune Microenvironment,2026,International Journal of Molecular Sciences,Campbell_Turner_2018,forward,openalex_cited_by+pubmed_elink_citedin,no_new
41611591,10.1016/j.jsams.2026.01.006,Too much of a good thing: Can high doses of exercise promote chronic low-grade inflammation and cardiovascular risk in competitive athletes?,2026,Journal of science and medicine in sport,Peake_2017,forward,openalex_cited_by,no_new
41616978,10.1016/j.ajt.2026.01.022,Move to tolerate: Exercise and environmental factors improve transplant outcomes,2026,American Journal of Transplantation,Campbell_Turner_2018,forward,openalex_cited_by,no_new
41619687,10.1016/j.jpsychires.2026.01.043,"Neurobiological, molecular, and systemic mechanisms of exercise in the treatment of mental health disorders",2026,Journal of Psychiatric Research,Peake_2017,forward,openalex_cited_by,no_new
41631762,10.1161/jaha.125.042256,Effects of Acute Exercise and 12‐Week High‐Intensity Interval Training on Inflammatory Biomarkers in Stable Coronary Artery Disease: A Randomized Controlled Trial,2026,Journal of the American Heart Association,Campbell_Turner_2018;Peake_2017,forward,openalex_cited_by+pubmed_elink_citedin,yes
41635664,,,,,Simpson_2020,forward,pubmed_elink_citedin,yes
41661185,,,,,Simpson_2020,forward,pubmed_elink_citedin,yes
41662889,10.1016/j.jevs.2026.105804,Spirulina supplementation regulates inflammation and supports cartilage health in adult sedentary horses following moderate-intensity exercise,2026,Journal of Equine Veterinary Science,Peake_2017,forward,openalex_cited_by,yes
41667602,10.1038/s41598-026-39013-5,Intensity-dependent lipidomic dynamic regulation following acute swimming exercise,2026,Scientific Reports,Peake_2017,forward,openalex_cited_by+pubmed_elink_citedin,yes
41705158,10.3389/fmed.2025.1703829,The acute effect of sprint interval training on the immune system: a systematic review and meta-regression analysis,2026,Frontiers in Medicine,Campbell_Turner_2018;Peake_2017,forward,openalex_cited_by+pubmed_elink_citedin,yes
41718317,10.3390/mps9010015,"Multimodal Wearable Monitoring of Exercise in Isolated, Confined, and Extreme Environments: A Standardized Method",2026,Methods and Protocols,Peake_2017,forward,openalex_cited_by+pubmed_elink_citedin,no_new
41740469,10.1016/j.imbio.2026.153170,"Lymphocyte subpopulations in healthy Ukrainian men: local reference ranges, long temporal stability, and exercise-induced variability",2026,Immunobiology,Campbell_Turner_2018;Shi_2025,forward,openalex_cited_by,yes
41749874,,,,,Campbell_Turner_2018;Shi_2025;Simpson_2020,forward,pubmed_elink_citedin,no_new
41791380,,,,,Simpson_2020,forward,pubmed_elink_citedin,no_new
41792031,,,,,Campbell_Turner_2018,forward,pubmed_elink_citedin,no_new
41795834,10.1093/jncics/pkag021,"Chronic exercise training intensity, immune cells, and cancer outcomes: a scoping review",2026,JNCI Cancer Spectrum,Campbell_Turner_2018;Peake_2017;Simpson_2020,forward,openalex_cited_by+pubmed_elink_citedin;pubmed_elink_citedin,yes
41818395,,,,,Peake_2017,forward,pubmed_elink_citedin,yes
41827731,,,,,Campbell_Turner_2018,forward,pubmed_elink_citedin,yes
41842715,10.1111/sms.70258,The Immune System as a Biosensor of Health and Athletic Performance,2026,Scandinavian Journal of Medicine and Science in Sports,Campbell_Turner_2018;Simpson_2020,forward,openalex_cited_by+pubmed_elink_citedin;pubmed_elink_citedin,yes
41844927,10.1007/s11764-026-02002-8,The impact of exercise on tolerability of systemic treatment in metastatic colorectal cancer: A literature review,2026,Journal of Cancer Survivorship,Shi_2025,forward,openalex_cited_by+pubmed_elink_citedin,no_new
41863615,,,,,Campbell_Turner_2018,forward,pubmed_elink_citedin,no_new
41870821,,,,,Campbell_Turner_2018,forward,pubmed_elink_citedin,yes
41897410,10.3390/biom16030475,Peripheral Oxidation-Inflammation and Immunosenescence in Triple-Transgenic Mice for Alzheimer’s Disease (3xTg-AD) at Early Neuropathological Stages of Disease and Decrease of Immune Impairment by Voluntary Exercise,2026,Biomolecules,Shi_2025,forward,openalex_cited_by+pubmed_elink_citedin,no_new
41926426,10.1371/journal.pone.0346138,Sleep inadequacy and the relationship with mucosal immunity and upper respiratory symptoms in elite swimmers: A longitudinal study leading into the Commonwealth Games,2026,PLoS ONE,Peake_2017,forward,openalex_cited_by+pubmed_elink_citedin,no_new
41944067,10.1242/jeb.251212,Swimming in fish: integrating redox homeostasis and immune responses,2026,Journal of Experimental Biology,Campbell_Turner_2018,forward,openalex_cited_by,no_new
41956455,10.1123/ijsnem.2025-0170,Dietary Fiber in Sport: Implications for Performance and Body Composition Optimization,2026,International Journal of Sport Nutrition and Exercise Metabolism,Campbell_Turner_2018,forward,openalex_cited_by,yes
41977039,10.3390/jcm15072738,Is Lifelong Physical Activity a Determinant of Lung Transplantation Outcomes?,2026,Journal of Clinical Medicine,Campbell_Turner_2018,forward,openalex_cited_by+pubmed_elink_citedin,no_new
41983698,10.1519/jsc.0000000000005443,Sex-Specific Immune Cell Mobilization and Recovery After High-Volume Glycolytic Squat Exercise,2026,The Journal of Strength and Conditioning Research,Peake_2017,forward,openalex_cited_by,yes
41993944,10.3389/frmbi.2026.1734737,Gut microbiota composition correlates with PBMC microRNA expression following maximal exercise testing in endurance athletes,2026,Frontiers in Microbiomes,Campbell_Turner_2018,forward,openalex_cited_by+pubmed_elink_citedin,yes
42018036,10.1007/s10552-026-02169-6,Pre-diagnosis recreational physical activity and lung cancer survival within the California teachers study,2026,Cancer Causes & Control,Peake_2017,forward,openalex_cited_by+pubmed_elink_citedin,no_new
42050009,,,,,Campbell_Turner_2018,forward,pubmed_elink_citedin,yes
42065088,10.3389/fspor.2026.1780114,The exploration of immune system function changes in marathon athletes after high-intensity training by Agent-Based Model,2026,Frontiers in Sports and Active Living,Campbell_Turner_2018;Shi_2025,forward,openalex_cited_by+pubmed_elink_citedin,yes
42066739,10.1016/j.canep.2026.103088,Advanced adenomas among young endurance runners: A prospective hypothesis-generating prevalence study,2026,Cancer Epidemiology,Campbell_Turner_2018,forward,openalex_cited_by,yes
42067131,,,,,Simpson_2020,forward,pubmed_elink_citedin,yes
42070699,10.1016/j.bbi.2026.106789,The Physiological Impact of Viewing Original Artworks in a gallery vs. Reproductions in a laboratory: A Comparative Study,2026,Brain Behavior and Immunity,Shi_2025,forward,openalex_cited_by,no_new
42086811,,,,,Peake_2017,forward,pubmed_elink_citedin,no_new
42099915,10.3389/fphys.2026.1705876,Exercise-induced oxidative and hematological responses in adolescent female swimmers during the luteal phase,2026,Frontiers in Physiology,Peake_2017,forward,openalex_cited_by+pubmed_elink_citedin,yes
42136653,10.3389/fimmu.2026.1777470,Forging resilient warriors within: exercise’s epic role in training innate immunity and taming inflammation’s storm,2026,Frontiers in Immunology,Campbell_Turner_2018,forward,openalex_cited_by+pubmed_elink_citedin,no_new
42169190,10.1186/s13102-026-01746-1,The impact of probiotic supplementation on mucosal immunity and oxidative stress after high-intensity exercise among athletes: a meta-analysis,2026,BMC Sports Science Medicine and Rehabilitation,Simpson_2020,forward,openalex_cited_by+pubmed_elink_citedin,yes
42183211,10.3389/fimmu.2026.1822561,Exercise and tissue-resident memory T cells: from circulating numbers to spatial immune remodeling,2026,Frontiers in Immunology,Campbell_Turner_2018,forward,openalex_cited_by+pubmed_elink_citedin,no_new
42196705,10.3390/ijerph23050611,Effects of Moderate-Intensity Aerobic Exercise on Clinical Symptoms and Physiological Outcomes in Young Adults with Persistent Allergic Rhinitis: A Randomized Controlled Trial,2026,International Journal of Environmental Research and Public Health,Campbell_Turner_2018,forward,openalex_cited_by+pubmed_elink_citedin,no_new
42200900,10.3390/jfmk11020194,Hematological and Biochemical Responses During and After a 12-h Track Ultra-Marathon Race,2026,Journal of Functional Morphology and Kinesiology,Peake_2017,forward,openalex_cited_by+pubmed_elink_citedin,yes
42204392,10.1093/immhor/vlag022,The influence of exercise modality on the inflammatory response to high-intensity interval training,2026,ImmunoHorizons,Campbell_Turner_2018,forward,openalex_cited_by+pubmed_elink_citedin,yes
42213729,10.1371/journal.pone.0349215,"The effect of moderate physical activity on NK cells populations and cytotoxic T lymphocytes in young, healthy women",2026,PLoS ONE,Campbell_Turner_2018;Shi_2025,forward,openalex_cited_by+pubmed_elink_citedin,no_new
42222289,,,,,Simpson_2020,forward,pubmed_elink_citedin,no_new
42233178,10.1002/cam4.71977,High‐Intensity Interval Training Boosts Immune Cells in Advanced Cancer Patients and Healthy Controls: Implications for Cancer Care,2026,Cancer Medicine,Peake_2017;Shi_2025,forward,openalex_cited_by+pubmed_elink_citedin,yes
42329304,10.1007/s40279-026-02470-z,Systemic Degree of Perturbation of Plasma Markers Reveals Cumulative Biological Stress Across the Competitive Season in Professional Soccer Players,2026,Sports Medicine,Peake_2017,forward,openalex_cited_by+pubmed_elink_citedin,no_new
42346350,,,,,Peake_2017,forward,pubmed_elink_citedin,yes
42347463,10.3390/sports14060239,Perspective: Personalized Management of Oxidative and Nitrosative Stress in Post-Exercise Recovery with a Particular Emphasis on the Potential of Micro-Immunotherapy,2026,Sports,Peake_2017,forward,openalex_cited_by+pubmed_elink_citedin,yes
42353319,10.3390/ijms27125605,A Healthy Lifestyle Can Slow Immune System Aging and Reduce Age-Related Chronic Inflammation: A Narrative Review,2026,International Journal of Molecular Sciences,Campbell_Turner_2018,forward,openalex_cited_by+pubmed_elink_citedin,no_new
42356417,,,,,Shi_2025,forward,pubmed_elink_citedin,no_new
42369219,10.1177/20503121261462838,"Link between physical activity, nutrition, and antimicrobial pharmacokinetics and therapeutic efficacy: Implications for resistance management",2026,SAGE Open Medicine,Campbell_Turner_2018,forward,openalex_cited_by+pubmed_elink_citedin,no_new
42370596,10.1515/revneuro-2026-0048,The potential mechanisms of exercise-regulated mechanically sensitive ion channels in promoting spinal cord injury repair: a hypothesis-driven narrative review,2026,Reviews in the Neurosciences,Peake_2017,forward,openalex_cited_by,yes
42397290,10.2340/1651-226x.2026.45827,Overall survival following palliative immune checkpoint inhibitor treatment according to ECOG performance status: a large registry-based study,2026,Acta Oncologica,Campbell_Turner_2018,forward,openalex_cited_by+pubmed_elink_citedin,no_new
42398463,,,,,Shi_2025,forward,pubmed_elink_citedin,no_new
42445137,10.3389/fmed.2026.1820821,Organ-specific redox and trace element modulation and hematological adaptation following hyperbaric oxygenation and physical activity in rats,2026,Frontiers in Medicine,Campbell_Turner_2018,forward,openalex_cited_by+pubmed_elink_citedin,no_new
42451008,10.3390/healthcare14131998,Association Between Physical Activity and Mortality in Men with or at Risk of Prostate Cancer: A Systematic Review,2026,Healthcare,Campbell_Turner_2018,forward,openalex_cited_by+pubmed_elink_citedin,no_new
42461394,10.1007/s00421-026-06337-z,Intensity matters: high-intensity interval resistance exercise induces greater immune activation than low-intensity resistance exercise 45 min post-workout,2026,European Journal of Applied Physiology,Campbell_Turner_2018,forward,openalex_cited_by+pubmed_elink_citedin,yes
42471861,,,,,Shi_2025,forward,pubmed_elink_citedin,no_new
42490848,,,,,Simpson_2020,forward,pubmed_elink_citedin,no_new
42495615,10.3389/fimmu.2026.1902029,"Exercise, mitochondrial stress, and trained immunity: metabolic adaptation of innate immunity",2026,Frontiers in Immunology,Shi_2025,forward,openalex_cited_by+pubmed_elink_citedin,yes
42512227,10.3390/ijerph23070923,"Physical Activity Behavior and Acute Myocardial Infarction, Stroke, and Sepsis Outcomes in Brazil: Insights from Targeted Eigenvector Centrality Networks",2026,International Journal of Environmental Research and Public Health,Campbell_Turner_2018,forward,openalex_cited_by+pubmed_elink_citedin,no_new
42512385,10.3390/cancers18142322,Exogenous Heat Shock Proteins in Oncology: Biological Roles and Clinical Implications,2026,Cancers,Campbell_Turner_2018;Shi_2025,forward,openalex_cited_by+pubmed_elink_citedin,no_new
42514298,10.3390/nu18142229,Practical Nutritional Strategies to Attenuate Physiological Stress in Adolescent Soccer Players: A Comparative Trial of CoQ10 and Taurine,2026,Nutrients,Campbell_Turner_2018,forward,openalex_cited_by+pubmed_elink_citedin,yes
42514472,,,,,Campbell_Turner_2018,forward,pubmed_elink_citedin,yes
42516263,,,,,Peake_2017,forward,pubmed_elink_citedin,no_new
42516346,,,,,Campbell_Turner_2018,forward,pubmed_elink_citedin,no_new
42528649,10.3389/fcimb.2026.1745649,The interplay between recovery and immunity in infectious and non-communicable diseases,2026,Frontiers in Cellular and Infection Microbiology,Peake_2017,forward,openalex_cited_by+pubmed_elink_citedin,no_new
42536576,10.1097/md.0000000000050013,"Bibliometric and visualization analysis of exercise interventions for respiratory infectious diseases (2000–2025): Trends, hotspots, and future directions",2026,Medicine,Campbell_Turner_2018,forward,openalex_cited_by+pubmed_elink_citedin,no_new
42539963,10.1016/j.smhs.2025.05.003,Leukocyte response to repeated sprint exercise: Differences between adolescent and adult athletes,2025,Sports Medicine and Health Science,Campbell_Turner_2018;Peake_2017;Simpson_2020,forward,openalex_cited_by+pubmed_elink_citedin,yes
42545855,10.1152/japplphysiol.00282.2026,Endurance training attenuates acute exercise-induced monocyte transcriptomic responses in adolescents: sex-specific molecular adaptations,2026,Journal of Applied Physiology,Shi_2025,forward,openalex_cited_by,yes
42548688,10.3389/fimmu.2026.1849265,"Tissue-resident memory T cells in atopic dermatitis: mechanisms of residual inflammation, relapse, and therapeutic persistence",2026,Frontiers in Immunology,Xie_2026,forward,openalex_cited_by+pubmed_elink_citedin,no_new
42553058,10.3389/fimmu.2026.1867909,Sarcopenia and sepsis fuel a self-perpetuating cycle of immunometabolism decline,2026,Frontiers in Immunology,Campbell_Turner_2018,forward,openalex_cited_by+pubmed_elink_citedin,no_new
42571451,10.1016/j.sleepx.2026.100197,Sleep disturbances after an ultra-trail endurance race: a field study,2026,Sleep Medicine X,Peake_2017,forward,openalex_cited_by+pubmed_elink_citedin,no_new
42582198,10.3389/fphys.2026.1847163,"The effect of an 8-week Life Kinetics exercise program on salivary cortisol, alpha-amylase, and ımmunoglobulin-A in U14 female cross-country skiers",2026,Frontiers in Physiology,Campbell_Turner_2018,forward,openalex_cited_by+pubmed_elink_citedin,no_new
42591912,10.3389/fimmu.2026.1817225,Impact of exercise intervention on immune function during aging,2026,Frontiers in Immunology,Campbell_Turner_2018;Simpson_2020,forward,openalex_cited_by+pubmed_elink_citedin;pubmed_elink_citedin,yes
42601392,10.1038/s41598-026-66330-6,Acute effects of the 1-minute sit-to-stand test (STST) on immune-metabolic stress indices,2026,Scientific Reports,Peake_2017,forward,openalex_cited_by+pubmed_elink_citedin,yes
42625625,10.3389/fmed.2026.1889076,Exercise-induced anti-inflammatory adaptation in older adults: a Bayesian network meta-analysis and dose–response analysis of C-reactive protein,2026,Frontiers in Medicine,Campbell_Turner_2018,forward,openalex_cited_by+pubmed_elink_citedin,yes
42655164,10.3390/microorganisms14081820,Preservation of Antioxidant and Immunomodulatory Properties in a Heat-Treated Probiotic Blend: Insights from Preclinical Models,2026,Microorganisms,Shi_2025,forward,openalex_cited_by+pubmed_elink_citedin,no_new
42665974,10.14814/phy2.71031,Immunological effects of supervised exercise in long COVID in adults: A secondary analysis of a randomized crossover trial,2026,Physiological Reports,Campbell_Turner_2018;Peake_2017;Simpson_2020,forward,openalex_cited_by+pubmed_elink_citedin;pubmed_elink_citedin,no_new
42729312,10.3389/fphar.2026.1880592,Synergistic effects of intradialytic concurrent training and melatonin supplementation on immune cell adaptations in hemodialysis patients,2026,Frontiers in Pharmacology,Campbell_Turner_2018,forward,openalex_cited_by+pubmed_elink_citedin,yes
42742976,10.1556/2060.2026.00883,"Exploratory study of β-endorphin, immune profiles, and skeletal muscle endoplasmic reticulum stress following an overtraining-like forced swimming regimen in rats",2026,Physiology International,Campbell_Turner_2018;Shi_2025,forward,openalex_cited_by,no_new
42758809,10.1126/sciadv.aeh0260,Multiomics profiling identifies molecular and cellular signatures of regular exercise in human peripheral blood,2026,Science Advances,Campbell_Turner_2018,forward,openalex_cited_by,no_new
42784047,10.3390/muscles5030062,Lactate as a Potential Exercise-Induced Signaling Molecule: Implications for Immunometabolic Adaptation Following HIIT,2026,Muscles,Campbell_Turner_2018;Peake_2017,forward,openalex_cited_by,yes
42799570,10.1111/1750-3841.71505,Acute and Chronic Effects of Green Tea Kombucha With and Without Grape Skin Extract on Immune and Oxidative Stress Markers in Beginner Runners: A Randomized Controlled Trial,2026,Journal of Food Science,Campbell_Turner_2018;Peake_2017;Shi_2025,forward,openalex_cited_by,yes
6214495,10.1111/j.1600-065x.1982.tb00431.x,"Cupps TR, Fauci AS. Corticosteroid-mediated immunoregulation in man. Immunol Rev. (1982) 65:133–55. doi:  10.1111/j.1600-065x.1982.tb00431.x. PMID:",1982,Immunol Rev,Xie_2026,backward,pubmed_efetch_referencelist,no_new
6623247,,"Peters EM, Bateman ED. Ultramarathon running and upper respiratory tract infections. An epidemiological survey. S Afr Med J (1983) 64(15):582–4.",1983,S Afr Med J,Campbell_Turner_2018,backward,pubmed_efetch_referencelist,no_new
6981653,10.1007/bf00915219,"Tomasi TB, Trudeau FB, Czerwinski D, Erredge S. Immune parameters in athletes before and after strenuous exercise. J Clin Immunol (1982) 2(3):173–8. 10.1007/BF00915219",1982,J Clin Immunol,Campbell_Turner_2018,backward,pubmed_efetch_referencelist,yes
7554392,10.1111/j.1365-2249.1995.tb06658.x,The effect on immunity of long-term intensive training in elite swimmers,1995,Clinical & Experimental Immunology,Peake_2017,backward,crossref_reference_list+openalex_doi_lookup,yes
7556122,10.1007/bf00634379,"The haematological, biochemical and immunological profile of athletes suffering from the overtraining syndrome",1995,European Journal of Applied Physiology,Peake_2017,backward,crossref_reference_list+openalex_doi_lookup,no_new
7828662,10.1016/0531-5565(94)90036-1,"Wikby A, Johansson B, Ferguson F, Olsson J. Age-related changes in immune parameters in a very old population of Swedish people: a longitudinal study. Exp Gerontol (1994) 29(5):531–41. 10.1016/0531-5565(94)90036-1",1994,Exp Gerontol,Campbell_Turner_2018,backward,pubmed_efetch_referencelist,no_new
7883395,10.1055/s-2007-1021128,"Nieman DC. Exercise, infection, and immunity. Int J Sports Med (1994) 15(Suppl 3):S131–41. 10.1055/s-2007-1021128",1994,Int J Sports Med,Campbell_Turner_2018;Shi_2025,backward,pubmed_efetch_referencelist,yes
7883401,10.1055/s-2007-1021134,Mucosal (Secretory) Immune System Responses to Exercise of Varying Intensity and During Overtraining,1994,International Journal of Sports Medicine,Peake_2017,backward,crossref_reference_list+openalex_doi_lookup,yes
7889286,10.1111/j.1476-5381.1994.tb17141.x,"Benschop RJ, Nijkamp FP, Ballieux RE, Heijnen CJ. The effects of beta-adrenoceptor stimulation on adhesion of human natural killer cells to cultured endothelium. Br J Pharmacol (1994) 113(4):1311–6. 10.1111/j.1476-5381.1994.tb17141.x",1994,Br J Pharmacol,Campbell_Turner_2018,backward,pubmed_efetch_referencelist,no_new
7894955,10.1136/bjsm.28.4.241,Psychological and immunological correlates of acute overtraining.,1994,British Journal of Sports Medicine,Peake_2017,backward,crossref_reference_list+openalex_doi_lookup,yes
7905100,10.1016/s0140-6736(94)91116-9,"Docke WD, Prosch S, Fietze E, Kimel V, Zuckermann H, Klug C, et al. Cytomegalovirus reactivation and tumour necrosis factor. Lancet (1994) 343(8892):268–9. 10.1016/S0140-6736(94)91116-9",1994,Lancet,Campbell_Turner_2018,backward,pubmed_efetch_referencelist,no_new
7969453,10.1038/372190a0,"Cepek KL, Shaw SK, Parker CM, Russell GJ, Morrow JS, Rimm DL, et al. Adhesion between epithelial cells and T lymphocytes mediated by E-cadherin and the αEβ7 integrin. Nature. (1994) 372:190–3. doi:  10.1038/372190a0. PMID:",1994,Nature,Xie_2026,backward,pubmed_efetch_referencelist,no_new
8164530,10.1249/00005768-199402000-00003,"Pedersen BK, Ullum H. NK cell response to physical activity: possible mechanisms of action. Med Sci Sports Exerc (1994) 26(2):140–6. 10.1249/00005768-199402000-00003",1994,Med Sci Sports Exerc,Campbell_Turner_2018;Shi_2025;Xie_2026,backward,pubmed_efetch_referencelist,yes
8231757,10.1249/00005768-199310000-00008,Effects of high- vs moderate-intensity exercise on natural killer cell activity,1993,Medicine & Science in Sports & Exercise,Peake_2017,backward,crossref_reference_list+openalex_doi_lookup,yes
8550256,10.1055/s-2007-973039,Strenuous Exercise and Immunological Changes,1995,International Journal of Sports Medicine,Campbell_Turner_2018;Peake_2017,backward,crossref_reference_list+openalex_doi_lookup;pubmed_efetch_referencelist,yes
8633203,10.1046/j.1365-3083.1996.d01-32.x,"Bøyum A, Wiik P, Gustavsson E, Veiby OP, Reseland J, Haugen AH, et al. The effect of strenuous exercise, calorie deficiency and sleep deprivation on white blood cells, plasma immunoglobulins and cytokines. Scand J Immunol. (1996) 43:228–35. doi:  10.1046/j.1365-3083.1996.d01-32.x, PMID:",1996,Scand J Immunol,Shi_2025,backward,pubmed_efetch_referencelist,no_new
8739575,10.1055/s-2007-972833,Effects of Exhaustive Endurance Exercise and its One-Week Daily Repetition on Neutrophil Count and Functional Status in Untrained Men,1996,International Journal of Sports Medicine,Peake_2017,backward,crossref_reference_list+openalex_doi_lookup,yes
8760224,10.1152/ajpregu.1996.271.1.r222,Lymphocytes and NK cell activity during repeated bouts of maximal exercise,1996,"American Journal of Physiology-Regulatory, Integrative and Comparative Physiology",Peake_2017,backward,crossref_reference_list+openalex_doi_lookup,yes
8897030,10.1007/bf00377446,Effects of heat and intermittent exercise on leukocyte and sub-population cell counts,1996,European Journal of Applied Physiology,Peake_2017,backward,crossref_reference_list+openalex_doi_lookup,yes
9147355,,Shearer GM. Th1/Th2 changes in aging. Mech Ageing Dev (1997) 94(1–3):1–5.,1997,Mech Ageing Dev,Campbell_Turner_2018,backward,pubmed_efetch_referencelist,no_new
9209184,10.1093/ajcn/66.1.153,Carbohydrate supplementation affects blood granulocyte and monocyte trafficking but not function after 2.5 h or running,1997,American Journal of Clinical Nutrition,Peake_2017,backward,crossref_reference_list+openalex_doi_lookup,yes
9298361,10.1111/j.1600-0722.1997.tb00245.x,"Steerenberg PA, van Asperen IA, van Nieuw Amerongen A, Biewenga A, Mol D, Medema GJ. Salivary levels of immunoglobulin A in triathletes. Eur J Oral Sci (1997) 105(4):305–9. 10.1111/j.1600-0722.1997.tb00245.x",1997,Eur J Oral Sci,Campbell_Turner_2018,backward,pubmed_efetch_referencelist,yes
9309628,10.1097/00005768-199709000-00009,"In vivo cell-mediated immunity and vaccination response following prolonged, intense exercise",1997,Medicine & Science in Sports & Exercise,Peake_2017;Shi_2025,backward,crossref_reference_list+openalex_doi_lookup;pubmed_efetch_referencelist,yes
9346162,10.1097/00005768-199710000-00007,Carbohydrate affects natural killer cell redistribution but not activity after running,1997,Medicine & Science in Sports & Exercise,Peake_2017,backward,crossref_reference_list+openalex_doi_lookup,yes
9432098,10.1097/00005768-199712000-00014,"Hormonal, immunological, and hematological responses to intensified training in elite swimmers",1997,Medicine & Science in Sports & Exercise,Peake_2017,backward,crossref_reference_list+openalex_doi_lookup,no_new
9466772,,"Makela MJ, Puhakka T, Ruuskanen O, Leinonen M, Saikku P, Kimpimaki M, et al. Viruses and bacteria in the etiology of the common cold. J Clin Microbiol (1998) 36(2):539–42.",1998,J Clin Microbiol,Campbell_Turner_2018,backward,pubmed_efetch_referencelist,no_new
9486420,10.1046/j.1365-2249.1998.00482.x,"Smits HH, Grünberg K, Derijk RH, Sterk PJ, Hiemstra PS. Cytokine release and its modulation by dexamethasone in whole blood following exercise. Clin Exp Immunol. (1998) 111:463–8. doi:  10.1046/j.1365-2249.1998.00482.x, PMID:",1998,Clin Exp Immunol,Shi_2025,backward,pubmed_efetch_referencelist,yes
9516191,10.1152/jappl.1998.84.4.1252,"Effects of mode and carbohydrate on the granulocyte and monocyte response to intensive, prolonged exercise",1998,Journal of Applied Physiology,Peake_2017,backward,crossref_reference_list+openalex_doi_lookup,yes
9529888,,"Marcotte H, Lavoie MC. Oral microbial ecology and the role of salivary immunoglobulin A. Microbiol Mol Biol Rev (1998) 62(1):71–109.",1998,Microbiol Mol Biol Rev,Campbell_Turner_2018,backward,pubmed_efetch_referencelist,no_new
9534081,10.1123/ijsn.8.1.49,Effect of Low- and High-Carbohydrate Diets on the Plasma Glutamine and Circulating Leukocyte Responses to Exercise,1998,International Journal of Sport Nutrition,Peake_2017,backward,crossref_reference_list+openalex_doi_lookup,yes
9578378,10.1046/j.1365-201x.1998.0325e.x,Recovery of the immune system after exercise,1998,Acta Physiologica Scandinavica,Peake_2017,backward,crossref_reference_list+openalex_doi_lookup,yes
9588607,10.1097/00005768-199805000-00005,Influence of mode and carbohydrate on the cytokine response to heavy exertion,1998,Medicine & Science in Sports & Exercise,Peake_2017,backward,crossref_reference_list+openalex_doi_lookup,yes
9609785,10.1152/jappl.1998.84.6.1917,Influence of carbohydrate status on immune responses before and after endurance exercise,1998,Journal of Applied Physiology,Peake_2017,backward,crossref_reference_list+openalex_doi_lookup,yes
9662688,10.1097/00005768-199807000-00021,Overtraining and immune system: a prospective longitudinal study in endurance athletes,1998,Medicine & Science in Sports & Exercise,Peake_2017,backward,crossref_reference_list+openalex_doi_lookup,yes
9712702,10.1006/bbrc.1998.9156,High Intensity Exercise: A Cause of Lymphocyte Apoptosis?,1998,Biochemical and Biophysical Research Communications,Campbell_Turner_2018;Peake_2017,backward,crossref_reference_list+openalex_doi_lookup;pubmed_efetch_referencelist,yes
9720651,10.1016/s0047-6374(97)00151-6,"Wikby A, Maxson P, Olsson J, Johansson B, Ferguson FG. Changes in CD8 and CD4 lymphocyte subsets, T cell proliferation responses and non-survival in the very old: the Swedish longitudinal OCTO-immune study. Mech Ageing Dev (1998) 102(2–3):187–98. 10.1016/S0047-6374(97)00151-6",1998,Mech Ageing Dev,Campbell_Turner_2018,backward,pubmed_efetch_referencelist,no_new
9823739,10.1093/gerona/53a.6.b430,"Woods JA, Evans JK, Wolters BW, Ceddia MA, McAuley E. Effects of maximal exercise on natural killer (NK) cell cytotoxicity and responsiveness to interferon-alpha in the young and old. J Gerontol A Biol Sci Med Sci (1998) 53(6):B430–7. 10.1093/gerona/53A.6.B430",1998,J Gerontol A Biol Sci Med Sci,Campbell_Turner_2018,backward,pubmed_efetch_referencelist,yes
9843861,10.1152/ajpregu.1998.275.6.r1725,"Gannon GA, Rhind SG, Suzui M, Zamecnik J, Sabiston BH, Shek PN, et al. Beta-endorphin and natural killer cell cytolytic activity during prolonged exercise. Is there a connection? Am J Physiol. (1998) 275:R1725–34. doi:  10.1152/ajpregu.1998.275.6.R1725, PMID:",1998,Is there a connection? Am J Physiol,Shi_2025,backward,pubmed_efetch_referencelist,yes
9877146,10.1055/s-2007-971958,"Blannin AK, Robson PJ, Walsh NP, Clark AM, Glennon L, Gleeson M. The effect of exercising to exhaustion at different intensities on saliva immunoglobulin A, protein and electrolyte secretion. Int J Sports Med (1998) 19(8):547–52. 10.1055/s-2007-971958",1998,Int J Sports Med,Campbell_Turner_2018,backward,pubmed_efetch_referencelist,yes
9927012,10.1097/00005768-199901000-00012,"Gleeson M, McDonald WA, Pyne DB, Cripps AW, Francis JL, Fricker PA, et al. Salivary Iga levels and infection risk in elite swimmers. Med Sci Sports Exerc. (1999) 31:67–73. doi:  10.1097/00005768-199901000-00012, PMID:",1999,Med Sci Sports Exerc,Shi_2025,backward,pubmed_efetch_referencelist,no_new
,10.1002/j.2040-4603.2019.tb00064.x,Exercise Training in Cancer Control and Treatment,2019,Comprehensive physiology,Campbell_Turner_2018,forward,openalex_cited_by_no_pmid,no_pmid
,10.1002/j.2040-4603.2022.tb00211.x,State of Knowledge on Molecular Adaptations to Exercise in Humans: Historical Perspectives and Future Directions,2022,Comprehensive physiology,Campbell_Turner_2018,forward,openalex_cited_by_no_pmid,no_pmid
,10.1002/tsm2.294,Effect of resistance training on chronic inflammation: A systematic review and meta‐analysis,2021,Translational Sports Medicine,Campbell_Turner_2018,forward,openalex_cited_by_no_pmid,no_pmid
,10.1007/978-1-4614-6439-6_101907-1,Lymphocytosis,2020,Springer eBooks,Campbell_Turner_2018,forward,openalex_cited_by_no_pmid,no_pmid
,10.1007/978-1-62703-314-5_15,Interrelations Between Acute and Chronic Exercise Stress and the Immune and Endocrine Systems,2013,Humana Press eBooks,Peake_2017,backward,crossref_reference_list+openalex_doi_lookup,no_pmid
,10.1007/978-3-030-02254-9_10,Exercise-Induced Chaperokine Activity of Hsp70: Possible Role in Chronic Diseases,2019,Heat shock proteins,Peake_2017,forward,openalex_cited_by_no_pmid,no_pmid
,10.1007/978-3-030-22357-1_16,The Travelling Athlete,2019,Springer eBooks,Campbell_Turner_2018,forward,openalex_cited_by_no_pmid,no_pmid
,10.1007/978-3-030-22357-1_17,Nutrition Strategies for Triathlon,2019,Springer eBooks,Peake_2017,forward,openalex_cited_by_no_pmid,no_pmid
,10.1007/978-3-030-33376-8_24,"Immune, Endocrine, and Soluble Factor Interactions During Aerobic Exercise in Cancer Survivors",2020,Contemporary Endocrinology,Campbell_Turner_2018,forward,openalex_cited_by_no_pmid,no_pmid
,10.1007/978-3-030-35784-9_9,"Salivary Bioscience, Immunity, and Inflammation",2020,Springer eBooks,Campbell_Turner_2018,forward,openalex_cited_by_no_pmid,no_pmid
,10.1007/978-3-030-39903-0_101907,Lymphocytosis,2020,Springer eBooks,Campbell_Turner_2018,forward,openalex_cited_by_no_pmid,no_pmid
,10.1007/978-3-030-48806-2_10,The Immune System,2020,Springer eBooks,Campbell_Turner_2018,forward,openalex_cited_by_no_pmid,no_pmid
,10.1007/978-3-030-69384-8_18,Chest Pain and Dyspnea,2021,Springer eBooks,Simpson_2020,forward,openalex_cited_by_no_pmid,no_pmid
,10.1007/978-3-030-80962-1_354-1,Cancer Rehabilitation or Physical Exercise Effect on Immune Function,2022,Springer eBooks,Peake_2017,forward,openalex_cited_by_no_pmid,no_pmid
,10.1007/978-3-030-86684-6_12,Physical Exercise and Metabolic Reprogramming,2021,Springer eBooks,Peake_2017,forward,openalex_cited_by_no_pmid,no_pmid
,10.1007/978-3-031-06101-1_12,Psychological Healing and Leveraging the Placebo Effect,2022,Springer eBooks,Campbell_Turner_2018,forward,openalex_cited_by_no_pmid,no_pmid
,10.1007/978-3-031-06101-1_9,Promoting Emotion-Regulating Coping Resilience,2022,Springer eBooks,Campbell_Turner_2018,forward,openalex_cited_by_no_pmid,no_pmid
,10.1007/978-3-031-27184-7_25,Immune System and Its Adaptation to Exercise,2023,Springer eBooks,Peake_2017,forward,openalex_cited_by_no_pmid,no_pmid
,10.1007/978-3-031-36310-8_9,"Auswirkungen von Ausdauer-, Kraft- und kombiniertem Training auf Zytokine und Inflammation",2023,Springer eBooks,Peake_2017,forward,openalex_cited_by_no_pmid,no_pmid
,10.1007/978-3-031-41881-5_7,"Sedentary Behaviour, Diabetes and the Metabolic Syndrome",2023,Springer series on epidemiology and public health,Campbell_Turner_2018,forward,openalex_cited_by_no_pmid,no_pmid
,10.1007/978-3-031-84493-5_10,It’s Contagious,2025,Springer eBooks,Campbell_Turner_2018,forward,openalex_cited_by_no_pmid,no_pmid
,10.1007/978-3-032-00775-9_354,Cancer Rehabilitation or Physical Exercise Effect on Immune Function,2025,Springer eBooks,Peake_2017,forward,openalex_cited_by_no_pmid,no_pmid
,10.1007/978-3-032-05988-8_245,Macrophage,2026,Springer eBooks,Peake_2017,forward,openalex_cited_by_no_pmid,no_pmid
,10.1007/978-3-319-70217-9_11,Biomarkers,2018,Springer eBooks,Peake_2017,forward,openalex_cited_by_no_pmid,no_pmid
,10.1007/978-3-319-75547-2_9,"Effects of Endurance-, Strength-, and Concurrent Training on Cytokines and Inflammation",2018,Springer eBooks,Peake_2017,forward,openalex_cited_by_no_pmid,no_pmid
,10.1007/978-3-642-27830-3_245-1,Macrophage,2025,Springer eBooks,Peake_2017,forward,openalex_cited_by_no_pmid,no_pmid
,10.1007/978-3-662-53386-4_20-1,Sportmedizinische Grundlagen: Immunologische Beanspruchung durch körperliche Belastung,2021,Springer eBooks,Campbell_Turner_2018;Peake_2017;Simpson_2020,forward,openalex_cited_by_no_pmid,no_pmid
,10.1007/978-3-662-53410-6_20,Sportmedizinische Grundlagen: Immunologische Beanspruchung durch körperliche Belastung,2023,Springer eBooks,Campbell_Turner_2018;Peake_2017,forward,openalex_cited_by_no_pmid,no_pmid
,10.1007/978-3-662-68883-0_22,Sport und Immunsystem,2025,Springer eBooks,Campbell_Turner_2018,forward,openalex_cited_by_no_pmid,no_pmid
,10.1007/978-90-368-2761-4_11,Het immuunsysteem en samenhangende ziekten,2022,Bohn Stafleu van Loghum eBooks,Campbell_Turner_2018,forward,openalex_cited_by_no_pmid,no_pmid
,10.1007/978-981-16-9336-6_14,Exercise in Immune Health Management and Rehabilitation Against COVID-19,2022,Springer eBooks,Campbell_Turner_2018;Peake_2017,forward,openalex_cited_by_no_pmid,no_pmid
,10.1007/978-981-19-3035-5_26,The Importance of Physical Health Maintenance Applications During the COVID-19 Pandemic in Indonesia,2022,Lecture notes on data engineering and communications technologies,Campbell_Turner_2018,forward,openalex_cited_by_no_pmid,no_pmid
,10.1007/978-981-96-8249-2_73,Post Pandemic Covid-19 Students’ Physical Activities in Peri-Urban Areas,2025,Proceedings in Technology Transfer,Campbell_Turner_2018,forward,openalex_cited_by_no_pmid,no_pmid
,10.1007/978-981-97-4186-1_7,Impact of COVID-19 on Lifestyle-Related Behaviours Among Medical Student in Universiti Malaysia Sabah (UMS),2024,Lecture notes in bioengineering,Campbell_Turner_2018,forward,openalex_cited_by_no_pmid,no_pmid
,10.1007/978-981-99-1802-7_2,Physical Activity as a Protective Factor of COVID-19,2023,Springer eBooks,Campbell_Turner_2018,forward,openalex_cited_by_no_pmid,no_pmid
,10.1007/s10639-024-12616-z,Adaptive fitness enhancement model: Improving exercise feedback and outcomes through tailored independent physical education plan,2024,Education and Information Technologies,Peake_2017,forward,openalex_cited_by_no_pmid,no_pmid
,10.1007/s11377-019-0379-5,Molekulare und biologische Grundlage zum Einfluss von Sport auf die Krebsentstehung,2019,Die Gastroenterologie,Campbell_Turner_2018,forward,openalex_cited_by_no_pmid,no_pmid
,10.1007/s12662-025-01024-1,Long-term clinical outcome and exercise capacity in SARS-CoV-2-positive elite athletes,2025,German Journal of Exercise and Sport Research,Campbell_Turner_2018,forward,openalex_cited_by_no_pmid,no_pmid
,10.1007/s40806-018-0174-4,Shirts or Skins?: Tattoos as Costly Honest Signals of Fitness and Affiliation among US Intercollegiate Athletes and Other Undergraduates,2018,Evolutionary Psychological Science,Campbell_Turner_2018,forward,openalex_cited_by_no_pmid,no_pmid
,10.1016/b978-0-12-815851-7.00006-1,The Impact of Sports and Energy Drinks in Performance,2019,Elsevier eBooks,Peake_2017,forward,openalex_cited_by_no_pmid,no_pmid
,10.1016/b978-0-12-822969-9.00006-7,Sleep and recovery,2024,Elsevier eBooks,Campbell_Turner_2018,forward,openalex_cited_by_no_pmid,no_pmid
,10.1016/b978-0-12-824289-6.00010-6,"Physical activity as a counteracting measure to mitigate the harmful effects of COVID-19 lockdowns: Special focus on healthy children, adolescents, adults, elderly, athletes, and people with Down syndrome",2021,Elsevier eBooks,Campbell_Turner_2018,forward,openalex_cited_by_no_pmid,no_pmid
,10.1016/b978-0-323-85170-1.00024-5,Probiotics in sports nutrition,2022,Elsevier eBooks,Simpson_2020,forward,openalex_cited_by_no_pmid,no_pmid
,10.1016/b978-0-323-85174-9.00012-1,Impact of the COVID-19 pandemic on the physical and mental health of the elderly,2022,Elsevier eBooks,Peake_2017,forward,openalex_cited_by_no_pmid,no_pmid
,10.1016/b978-0-323-89843-0.00033-7,Exercise and immunity,2022,Elsevier eBooks,Simpson_2020,forward,openalex_cited_by_no_pmid,no_pmid
,10.1016/b978-0-323-90235-9.00008-2,Overview of various antiaging strategies,2022,Elsevier eBooks,Campbell_Turner_2018,forward,openalex_cited_by_no_pmid,no_pmid
,10.1016/b978-0-323-90235-9.00013-6,Elimination of damaged cells-dependent antiaging strategy,2022,Elsevier eBooks,Campbell_Turner_2018,forward,openalex_cited_by_no_pmid,no_pmid
,10.1016/b978-0-323-91904-3.00014-8,Exercise,2022,Cancer,Campbell_Turner_2018;Simpson_2020,forward,openalex_cited_by_no_pmid,no_pmid
,10.1016/b978-0-323-95648-2.00047-2,Social distancing behavior and mental health in US adolescents during the COVID-19 pandemic,2024,Elsevier eBooks,Campbell_Turner_2018;Simpson_2020,forward,openalex_cited_by_no_pmid,no_pmid
,10.1016/b978-0-323-99971-7.00019-9,Exercise and the Brain–Gut Axis,2024,Elsevier eBooks,Peake_2017,forward,openalex_cited_by_no_pmid,no_pmid
,10.1016/b978-0-443-15500-0.00004-9,Age-related disease: Immune system,2024,Elsevier eBooks,Campbell_Turner_2018,forward,openalex_cited_by_no_pmid,no_pmid
,10.1016/b978-0-443-23565-8.00009-0,Lifestyle Factors Affecting Biological Processes and Health,2024,Elsevier eBooks,Campbell_Turner_2018,forward,openalex_cited_by_no_pmid,no_pmid
,10.1016/b978-0-443-23565-8.09996-8,References,2024,Elsevier eBooks,Campbell_Turner_2018,forward,openalex_cited_by_no_pmid,no_pmid
,10.1016/b978-0-443-36649-9.00004-9,Recent advances and future research directions in the crosstalk between inflammation and tumors,2026,Elsevier eBooks,Campbell_Turner_2018,forward,openalex_cited_by_no_pmid,no_pmid
,10.1016/b978-0-7020-8370-9.00047-3,Exercise and Immunity in Horses,2024,Elsevier eBooks,Simpson_2020,forward,openalex_cited_by_no_pmid,no_pmid
,10.1016/b978-3-437-21481-3.00005-0,Training und Adaptation,2022,Elsevier eBooks,Campbell_Turner_2018,forward,openalex_cited_by_no_pmid,no_pmid
,10.1016/b978-3-437-23461-3.00009-2,Immunsystem,2021,Elsevier eBooks,Campbell_Turner_2018,forward,openalex_cited_by_no_pmid,no_pmid
,10.1016/b978-3-437-24041-6.00005-2,Intervention bei krankheitsspezifischen Aspekten,2022,Elsevier eBooks,Campbell_Turner_2018,forward,openalex_cited_by_no_pmid,no_pmid
,10.1016/b978-3-437-45059-4.00004-4,Ernährungsstrategien,2025,Elsevier eBooks,Peake_2017,forward,openalex_cited_by_no_pmid,no_pmid
,10.1016/j.afres.2024.100662,"Immunomodulatory effects of herbal extract mixture of Boswellia serrata, Commiphora myrrha, and propolis in a forced swimming-induced mouse model of immune dysfunction",2024,Applied Food Research,Campbell_Turner_2018,forward,openalex_cited_by_no_pmid,no_pmid
,10.1016/j.apunsm.2020.06.003,A study of possible role of exercise and some antioxidant supplements against coronavirus disease 2019 (COVID-19): A cytokines related perspective,2020,Apunts Sports Medicine,Campbell_Turner_2018,forward,openalex_cited_by_no_pmid,no_pmid
,10.1016/j.apunsm.2024.100437,The effects of training conditions on athletes’ mental health throughout the COVID-19 pandemic: Psychometric validation of the Persian athlete psychological strain questionnaire,2024,Apunts Sports Medicine,Campbell_Turner_2018,forward,openalex_cited_by_no_pmid,no_pmid
,10.1016/j.aquaculture.2024.741043,High-intensity exercise training in large yellow croaker is a compromise between disease resistance and fish welfare,2024,Aquaculture,Campbell_Turner_2018,forward,openalex_cited_by_no_pmid,no_pmid
,10.1016/j.bbi.2015.06.102,A randomised controlled trial of resistance exercise prior to administration of influenza vaccination in older adults,2015,Brain Behavior and Immunity,Campbell_Turner_2018,backward,pubmed_efetch_referencelist,no_pmid
,10.1016/j.buildenv.2024.112228,Time and environmental conditions for heat stress recovery based on human physiological responses: Developing a predictive model,2024,Building and Environment,Simpson_2020,forward,openalex_cited_by_no_pmid,no_pmid
,10.1016/j.cobeha.2019.06.002,Exercise and psychoneuroimmunology,2019,Current Opinion in Behavioral Sciences,Campbell_Turner_2018,forward,openalex_cited_by_no_pmid,no_pmid
,10.1016/j.jab.2018.05.001,Effect of different loads of treadmill exercise on Th1/Th2 cytokine balance in rat splenocytes,2018,Journal of Applied Biomedicine,Peake_2017,forward,openalex_cited_by_no_pmid,no_pmid
,10.1016/j.jpedp.2020.07.003,COVID‐19 and obesity in childhood and adolescence: a clinical review,2020,Jornal de Pediatria (Versão em Português),Simpson_2020,forward,openalex_cited_by_no_pmid,no_pmid
,10.1016/j.lpmfor.2020.10.016,Immunité et sport,2020,La Presse Médicale Formation,Campbell_Turner_2018,forward,openalex_cited_by_no_pmid,no_pmid
,10.1016/j.mehy.2022.110780,Can systemic myokine response to an acute exercise bout predict high and low responders to resistance training?,2022,Medical Hypotheses,Peake_2017,forward,openalex_cited_by_no_pmid,no_pmid
,10.1016/j.nupar.2024.04.006,Effect of omega-3 fatty acids supplementation on inflammatory markers following exercise-induced muscle damage: Systematic review and meta-analysis of randomized controlled trials,2024,Nutrition Clinique et Métabolisme,Simpson_2020,forward,openalex_cited_by_no_pmid,no_pmid
,10.1016/j.orthtr.2023.11.003,Current return to sports recommendations after non-severe COVID-19 from an exercise immunology perspective: A scoping review,2023,Sports Orthopaedics and Traumatology,Campbell_Turner_2018,forward,openalex_cited_by_no_pmid,no_pmid
,10.1016/j.scispo.2019.07.003,The short-term effect of caffeine supplementation on immune-endocrine responses to acute intensive exercise,2019,Science & Sports,Peake_2017,forward,openalex_cited_by_no_pmid,no_pmid
,10.1016/j.scispo.2024.12.004,Prevalence of latent CMV and EBV infection and their impact on the incidence of upper respiratory infection among athletes: A systematic review and meta-analysis,2025,Science & Sports,Simpson_2020,forward,openalex_cited_by_no_pmid,no_pmid
,10.1051/bioconf/20202600054,Physical education of students in the format of distance education,2020,BIO Web of Conferences,Campbell_Turner_2018,forward,openalex_cited_by_no_pmid,no_pmid
,10.1051/bioconf/202621702005,Inflammation biomarker and physical exercise: A bibliometric study,2026,BIO Web of Conferences,Campbell_Turner_2018,forward,openalex_cited_by_no_pmid,no_pmid
,10.1055/a-1493-4911,Positive Effects of Probiotics on Motor Coordination and Brain during Moderate and High-Intensity Exercise in Adolescent Female Mice,2021,Physikalische Medizin Rehabilitationsmedizin Kurortmedizin,Campbell_Turner_2018,forward,openalex_cited_by_no_pmid,no_pmid
,10.1056/nejm191810311791801,Fatigue as a Contributory Cause of Pneumonia,1918,New England Journal of Medicine,Campbell_Turner_2018,backward,pubmed_efetch_referencelist,no_pmid
,10.1080/15438628909511878,Decreased secretory immunoglobulins following intense endurance exercise,1989,"Sports medicine, training, and rehabilitation/Sports medicine, training and rehabilitation",Campbell_Turner_2018,backward,pubmed_efetch_referencelist,no_pmid
,10.1080/21641846.2021.1942949,"Acute and delayed biochemical, hematological, and neuromuscular responses to the Rest-pause resistance training method",2021,Fatigue Biomedicine Health & Behavior,Campbell_Turner_2018,forward,openalex_cited_by_no_pmid,no_pmid
,10.1080/21679169.2021.1909649,Effectiveness of aerobic exercise training program on cardio-respiratory fitness and quality of life in patients recovered from COVID-19,2021,European Journal of Physiotherapy,Simpson_2020,forward,openalex_cited_by_no_pmid,no_pmid
,10.1080/23750472.2020.1779115,Effects of COVID-19 on society and sport a national response,2020,Managing Sport and Leisure,Campbell_Turner_2018,forward,openalex_cited_by_no_pmid,no_pmid
,10.1093/9780191919336.003.0002,Cross-cutting Themes Influencing Well-being and Well-becoming across the Life-course,2024,,Simpson_2020,forward,openalex_cited_by_no_pmid,no_pmid
,10.1093/oso/9780190088859.001.0001,Handbook of Religion and Health,2023,,Simpson_2020,forward,openalex_cited_by_no_pmid,no_pmid
,10.1093/oso/9780190088859.002.0003,Copyright Page,2023,,Simpson_2020,forward,openalex_cited_by_no_pmid,no_pmid
,10.1093/oso/9780190088859.002.0004,Dedication,2023,,Simpson_2020,forward,openalex_cited_by_no_pmid,no_pmid
,10.1093/oso/9780190088859.002.0006,Foreword,2023,,Simpson_2020,forward,openalex_cited_by_no_pmid,no_pmid
,10.1093/oso/9780190088859.002.0007,Preface,2023,,Simpson_2020,forward,openalex_cited_by_no_pmid,no_pmid
,10.1093/oso/9780190088859.002.0009,Introduction,2023,,Simpson_2020,forward,openalex_cited_by_no_pmid,no_pmid
,10.1093/oso/9780190088859.003.0001,Definitions,2023,,Simpson_2020,forward,openalex_cited_by_no_pmid,no_pmid
,10.1093/oso/9780190088859.003.0002,Measurement,2023,,Simpson_2020,forward,openalex_cited_by_no_pmid,no_pmid
,10.1093/oso/9780190088859.003.0003,Research Design,2023,,Simpson_2020,forward,openalex_cited_by_no_pmid,no_pmid
,10.1093/oso/9780190088859.003.0004,Coping with Stress,2023,,Simpson_2020,forward,openalex_cited_by_no_pmid,no_pmid
,10.1093/oso/9780190088859.003.0005,Depression,2023,,Simpson_2020,forward,openalex_cited_by_no_pmid,no_pmid
,10.1093/oso/9780190088859.003.0006,Bipolar Disorder,2023,,Simpson_2020,forward,openalex_cited_by_no_pmid,no_pmid
,10.1093/oso/9780190088859.003.0007,Suicide,2023,,Simpson_2020,forward,openalex_cited_by_no_pmid,no_pmid
,10.1093/oso/9780190088859.003.0008,Anxiety,2023,,Simpson_2020,forward,openalex_cited_by_no_pmid,no_pmid
,10.1093/oso/9780190088859.003.0009,Schizophrenia and Other Psychoses,2023,,Simpson_2020,forward,openalex_cited_by_no_pmid,no_pmid
,10.1093/oso/9780190088859.003.0010,Substance Use and Substance Use Disorders,2023,,Simpson_2020,forward,openalex_cited_by_no_pmid,no_pmid
,10.1093/oso/9780190088859.003.0011,Personality Traits and Disorders,2023,,Simpson_2020,forward,openalex_cited_by_no_pmid,no_pmid
,10.1093/oso/9780190088859.003.0012,Psychological Well-Being and Positive Emotions,2023,,Simpson_2020,forward,openalex_cited_by_no_pmid,no_pmid
,10.1093/oso/9780190088859.003.0013,Delinquency and Crime,2023,,Simpson_2020,forward,openalex_cited_by_no_pmid,no_pmid
,10.1093/oso/9780190088859.003.0014,Marital and Family Stability,2023,,Simpson_2020,forward,openalex_cited_by_no_pmid,no_pmid
,10.1093/oso/9780190088859.003.0015,Social Support,2023,,Simpson_2020,forward,openalex_cited_by_no_pmid,no_pmid
,10.1093/oso/9780190088859.003.0016,"Understanding the Religion, Mental, and Social Health Relationship",2023,,Simpson_2020,forward,openalex_cited_by_no_pmid,no_pmid
,10.1093/oso/9780190088859.003.0017,Cigarette Smoking,2023,,Simpson_2020,forward,openalex_cited_by_no_pmid,no_pmid
,10.1093/oso/9780190088859.003.0018,Exercise,2023,,Simpson_2020,forward,openalex_cited_by_no_pmid,no_pmid
,10.1093/oso/9780190088859.003.0019,Diet and Weight,2023,,Simpson_2020,forward,openalex_cited_by_no_pmid,no_pmid
,10.1093/oso/9780190088859.003.0020,Heart Disease,2023,,Simpson_2020,forward,openalex_cited_by_no_pmid,no_pmid
,10.1093/oso/9780190088859.003.0021,Hypertension,2023,,Simpson_2020,forward,openalex_cited_by_no_pmid,no_pmid
,10.1093/oso/9780190088859.003.0022,Cerebrovascular Disease,2023,,Simpson_2020,forward,openalex_cited_by_no_pmid,no_pmid
,10.1093/oso/9780190088859.003.0023,Alzheimer’s Disease and Other Dementias,2023,,Simpson_2020,forward,openalex_cited_by_no_pmid,no_pmid
,10.1093/oso/9780190088859.003.0024,Immune Function,2023,,Simpson_2020,forward,openalex_cited_by_no_pmid,no_pmid
,10.1093/oso/9780190088859.003.0025,Stress Hormones,2023,,Simpson_2020,forward,openalex_cited_by_no_pmid,no_pmid
,10.1093/oso/9780190088859.003.0026,Cancer,2023,,Simpson_2020,forward,openalex_cited_by_no_pmid,no_pmid
,10.1093/oso/9780190088859.003.0027,Mortality,2023,,Simpson_2020,forward,openalex_cited_by_no_pmid,no_pmid
,10.1093/oso/9780190088859.003.0028,Physical Disability,2023,,Simpson_2020,forward,openalex_cited_by_no_pmid,no_pmid
,10.1093/oso/9780190088859.003.0029,Chronic Pain,2023,,Simpson_2020,forward,openalex_cited_by_no_pmid,no_pmid
,10.1093/oso/9780190088859.003.0030,"Disease Prevention, Detection, and Treatment",2023,,Simpson_2020,forward,openalex_cited_by_no_pmid,no_pmid
,10.1093/oso/9780190088859.003.0031,Understanding the Religion–Physical Health Relationship,2023,,Simpson_2020,forward,openalex_cited_by_no_pmid,no_pmid
,10.1093/oso/9780190088859.003.0032,Public Health and Human Flourishing,2023,,Simpson_2020,forward,openalex_cited_by_no_pmid,no_pmid
,10.1093/oso/9780190088859.003.0033,Health Policy Implications,2023,,Simpson_2020,forward,openalex_cited_by_no_pmid,no_pmid
,10.1093/oso/9780190088859.003.0034,Summary and Conclusions,2023,,Simpson_2020,forward,openalex_cited_by_no_pmid,no_pmid
,10.1093/oso/9780190088859.005.0001,Studies on Religion and Health,2023,,Simpson_2020,forward,openalex_cited_by_no_pmid,no_pmid
,10.1101/2020.11.17.20233023,Resuming professional football (soccer) during the COVID-19 pandemic in a country with high infection rates: A prospective cohort study,2020,medRxiv,Simpson_2020,forward,openalex_cited_by_no_pmid,no_pmid
,10.1101/2020.11.25.20237925,No associations between physical activity and clinical outcomes among hospitalized patients with severe COVID-19,2020,medRxiv,Simpson_2020,forward,openalex_cited_by_no_pmid,no_pmid
,10.1101/2020.12.07.20245001,Health Signatures During COVID-19: A Precision Fitness Case Study,2020,medRxiv,Simpson_2020,forward,openalex_cited_by_no_pmid,no_pmid
,10.1101/2021.04.25.21255567,T-cell responses to acute cardiorespiratory or resistance exercise in cohorts of physically active or physically inactive older adults: A randomized complete crossover,2021,medRxiv,Campbell_Turner_2018,forward,openalex_cited_by_no_pmid,no_pmid
,10.1101/2021.05.18.444668,Large-scale genomic study reveals robust activation of the immune system following advanced Inner Engineering meditation retreat,2021,bioRxiv (Cold Spring Harbor Laboratory),Campbell_Turner_2018,forward,openalex_cited_by_no_pmid,no_pmid
,10.1101/2022.01.01.21268576,COVID-19 vaccination status is associated with physical activity in German-speaking countries: the COR-PHYS-Q cohort study,2022,medRxiv,Campbell_Turner_2018,forward,openalex_cited_by_no_pmid,no_pmid
,10.1101/2022.11.13.515896,Analysis of IGHA1 and other salivary proteins post half marathon in female participants,2022,bioRxiv (Cold Spring Harbor Laboratory),Campbell_Turner_2018,forward,openalex_cited_by_no_pmid,no_pmid
,10.1101/2024.05.03.592361,Multi-omics Reveals Immune Response and Metabolic Profiles during High-Altitude Mountaineering,2024,bioRxiv (Cold Spring Harbor Laboratory),Simpson_2020,forward,openalex_cited_by_no_pmid,no_pmid
,10.1101/2025.01.30.25321196,Acute exercise rewires the proteomic landscape of human immune cells,2025,medRxiv,Campbell_Turner_2018,forward,openalex_cited_by_no_pmid,no_pmid
,10.1101/2025.02.18.25322495,WITHDRAWN: Inflammatory profile changes in response to acute endurance exercise from NULISAseq-based detection of analytes in dried blood spot specimens from half marathon participants,2025,medRxiv,Peake_2017,forward,openalex_cited_by_no_pmid,no_pmid
,10.1101/2025.04.22.650067,"DNA Methylation Dynamics of Dose-dependent Acute Exercise, Training Adaptation, and Detraining",2025,bioRxiv (Cold Spring Harbor Laboratory),Campbell_Turner_2018,forward,openalex_cited_by_no_pmid,no_pmid
,10.1108/bfj-11-2021-1250,"Effects of n-3 long-chain polyunsaturated fatty acid supplementation on the omega-3 index, and exercise performance among Malaysian football players: a randomised controlled trial",2022,British Food Journal,Simpson_2020,forward,openalex_cited_by_no_pmid,no_pmid
,10.1111/j.1447-0594.2005.00297.x,Effects of low‐intensity physical exercise on acute changes in resting saliva secretory IgA levels in the elderly,2005,Geriatrics and gerontology international/Geriatrics & gerontology international,Shi_2025,backward,pubmed_efetch_referencelist,no_pmid
,10.1111/jav.02764,"Adaptive immune response and resting metabolism are unaffected by manipulation of flight intensity, but negatively related to each other",2021,Journal of Avian Biology,Simpson_2020,forward,openalex_cited_by_no_pmid,no_pmid
,10.1111/nbu.12427,"Plant‐based eating patterns and endurance performance: A focus on inflammation, oxidative stress and immune responses",2020,Nutrition Bulletin,Peake_2017,forward,openalex_cited_by_no_pmid,no_pmid
,10.1111/nbu.12470,"Effects of diets, foods and nutrients on immunity: Implications for COVID‐19?",2020,Nutrition Bulletin,Simpson_2020,forward,openalex_cited_by_no_pmid,no_pmid
,10.1111/raq.12467,"Aerobic swimming in intensive finfish aquaculture: applications for production, mitigation and selection",2020,Reviews in Aquaculture,Campbell_Turner_2018,forward,openalex_cited_by_no_pmid,no_pmid
,10.1123/ijsnem.2018-0020,IOC Consensus Statement: Dietary Supplements and the High-Performance Athlete,2018,International Journal of Sport Nutrition and Exercise Metabolism,Peake_2017,forward,openalex_cited_by_no_pmid,no_pmid
,10.1123/wspaj.2020-0068,Perceptions of Physical Activity Changes Due to COVID-19 Restrictions Among Women in the United Kingdom,2021,Women in Sport and Physical Activity Journal,Campbell_Turner_2018,forward,openalex_cited_by_no_pmid,no_pmid
,10.1136/bmjimm-2025-000015,Impacts of arduous military training on immune function and susceptibility to respiratory infection: a narrative review,2026,BMJ Immunology,Campbell_Turner_2018,forward,openalex_cited_by_no_pmid,no_pmid
,10.1152/physiol.2024.39.s1.2061,Can just 15 minutes of moderate-intensity exercise mobilize cytotoxic NK cells into circulation?,2024,Physiology,Shi_2025,backward,pubmed_efetch_referencelist,no_pmid
,10.11565/arsmed.v45i4.1732,"Nutrientes, alimentación y actividad física como potenciadores del sistema inmune en tiempos de COVID-19.",2020,ARS MEDICA Revista de Ciencias Médicas,Campbell_Turner_2018,forward,openalex_cited_by_no_pmid,no_pmid
,10.11591/ijphs.v10i3.20827,Eating behavior and physical activity of senior citizens during the COVID-19 lockdown,2021,International Journal of Public Health Science (IJPHS),Campbell_Turner_2018,forward,openalex_cited_by_no_pmid,no_pmid
,10.11606/d.100.2023.tde-28032023-182809,A quantificação do estado emocional em ambiente competitivo: estudo de caso no tiro com arco,2023,,Campbell_Turner_2018;Peake_2017,forward,openalex_cited_by_no_pmid,no_pmid
,10.11606/d.39.2019.tde-21102021-185900,"Imunidade de mucosa oral, condicionamento aeróbio e estresse de jovens jogadores de basquetebol em um curto período de treinamento",2019,,Peake_2017,forward,openalex_cited_by_no_pmid,no_pmid
,10.11606/t.39.2021.tde-18052021-165712,Efeito da suplementação de probióticos sobre parâmetros imunológicos e de permeabilidade intestinal em corredores após uma maratona,2021,,Campbell_Turner_2018,forward,openalex_cited_by_no_pmid,no_pmid
,10.11606/t.42.2021.tde-03082021-110552,Efeitos da suplementação de probióticos na modulação das células dos sistema imunológico e por consequência nas infecções do trato respiratório superior em corredores de longa distância.,2021,,Peake_2017;Simpson_2020,forward,openalex_cited_by_no_pmid,no_pmid
,10.11606/t.5.2022.tde-01022023-090414,Estudo translacional da regulação metabólica do microambiente tumoral através do treinamento físico na modulação da resposta imune antitumoral em pacientes com câncer,2022,,Campbell_Turner_2018,forward,openalex_cited_by_no_pmid,no_pmid
,10.11606/t.58.2022.tde-06122022-114711,"Efeitos dos serviços assistidos por equinos no sistema imunológico, estomatognático e na capacidade funcional de adultos mais velhos: estudo longitudinal",2022,,Campbell_Turner_2018;Simpson_2020,forward,openalex_cited_by_no_pmid,no_pmid
,10.1163/17552559-20220060,Effects of single and multiple bouts of eccentric exercise on immune responses to HSV-gD1 DNA vaccination in mice,2023,Comparative Exercise Physiology,Campbell_Turner_2018;Simpson_2020,forward,openalex_cited_by_no_pmid,no_pmid
,10.1163/17552559-20230033,Effect of exercise on different factors affecting the immune system,2024,Comparative Exercise Physiology,Campbell_Turner_2018,forward,openalex_cited_by_no_pmid,no_pmid
,10.11648/j.ijsspe.20210603.12,COVID-19 Versus University Students Physical Activity,2021,International Journal of Sports Science and Physical Education,Simpson_2020,forward,openalex_cited_by_no_pmid,no_pmid
,10.1175/wcas-d-21-0073.1,Seasonal Climate Effects on Influenza–Pneumonia Mortality and Public Health,2022,Weather Climate and Society,Campbell_Turner_2018,forward,openalex_cited_by_no_pmid,no_pmid
,10.1177/1721727x221134942,Effects of acute endurance exercise and exhaustive exercise on innate immune signals induced by mtDNA,2022,European Journal of Inflammation,Campbell_Turner_2018,forward,openalex_cited_by_no_pmid,no_pmid
,10.1201/9781003265061,Innovation on Education and Social Sciences,2022,Routledge eBooks,Simpson_2020,forward,openalex_cited_by_no_pmid,no_pmid
,10.1201/9781003265061-3,Profile of changes in adaptive physical education learning during the Covid-19 pandemic,2022,Routledge eBooks,Simpson_2020,forward,openalex_cited_by_no_pmid,no_pmid
,10.1249/fit.0000000000000628,Exercise to Support Optimal Immune Function,2020,ACSMʼs Health & Fitness Journal,Simpson_2020,forward,openalex_cited_by_no_pmid,no_pmid
,10.1249/fit.0000000000000656,SHAREABLE RESOURCE,2021,ACSMʼs Health & Fitness Journal,Simpson_2020,forward,openalex_cited_by_no_pmid,no_pmid
,10.1249/tjx.0000000000000376,"Neuromuscular Performance, Cardiovascular Characteristics, and Hematological Responses in Mountain Bike Athletes",2026,Translational Journal of the American College of Sports Medicine,Peake_2017,forward,openalex_cited_by_no_pmid,no_pmid
,10.12680/balneo.2023.581,The Role of Biomarkers in Elite Sports,2023,Balneo and PRM Research Journal,Campbell_Turner_2018,forward,openalex_cited_by_no_pmid,no_pmid
,10.12820/rbafs.25e0112,Multiple benefits of physical activity during the Coronavirus pandemic,2020,Revista Brasileira de Atividade Física & Saúde,Campbell_Turner_2018,forward,openalex_cited_by_no_pmid,no_pmid
,10.12820/rbafs.25e0122,Discursos de instituições de saúde brasileiras sobre atividade física no início da pandemia de COVID-19,2020,Revista Brasileira de Atividade Física & Saúde,Simpson_2020,forward,openalex_cited_by_no_pmid,no_pmid
,10.12820/rbafs.25e0176,Recomendações de atividade física e exercício físico durante a pandemia Covid-19: revisão de escopo sobre publicações no Brasil,2020,Revista Brasileira de Atividade Física & Saúde,Campbell_Turner_2018,forward,openalex_cited_by_no_pmid,no_pmid
,10.12820/rbafs.28e0312,Prática de atividade física ao ar livre na pandemia da COVID-19 entre professores do ensino público,2023,Revista Brasileira de Atividade Física & Saúde,Campbell_Turner_2018,forward,openalex_cited_by_no_pmid,no_pmid
,10.13140/rg.2.1.1730.6000,The impact of endurance exercise intensity on local and systemic hormonal and cytokine responses in the recreationally active young and old,2015,e-space (Manchester Metropolitan University),Peake_2017,forward,openalex_cited_by_no_pmid,no_pmid
,10.13189/saj.2020.080516,Immunoglobulin-A (IgA) Improvement through Sports and Frirage Massage,2020,International journal of human movement and sports sciences,Peake_2017,forward,openalex_cited_by_no_pmid,no_pmid
,10.13189/saj.2021.090418,Gross Motor Skills Levels in Children with Autism Spectrum Disorder during the COVID-19 Pandemic,2021,International journal of human movement and sports sciences,Simpson_2020,forward,openalex_cited_by_no_pmid,no_pmid
,10.13189/saj.2022.100214,The Effect of the Music Tempo on the Recovery of Cardiopulmonary Function after Aerobic Exercise Based on Personal Health Record,2022,International journal of human movement and sports sciences,Peake_2017,forward,openalex_cited_by_no_pmid,no_pmid
,10.13189/ujer.2018.061134,The Effect of Moderate-intensity Technical Training and Resistance Training on Selected Hematological Parameters of Elite Wrestlers,2018,Universal Journal of Educational Research,Peake_2017,forward,openalex_cited_by_no_pmid,no_pmid
,10.13189/ujph.2022.100609,Can a Healthy Lifestyle Reduce Feelings of Anxiety during the COVID-19 Pandemic?,2022,Universal Journal of Public Health,Campbell_Turner_2018,forward,openalex_cited_by_no_pmid,no_pmid
,10.14195/2182-7087_ex2018_6,Immune responses to extreme challenges,2018,Annals of Research in Sport and Physical Activity,Peake_2017,forward,openalex_cited_by_no_pmid,no_pmid
,10.14198/jhse.2021.16.proc4.51,Effect of physical activity on COVID-19 symptoms: A narrative review,2021,,Peake_2017;Simpson_2020,forward,openalex_cited_by_no_pmid,no_pmid
,10.14198/jhse.2022.174.09,Is physical activity a necessary element during Italian coronavirus disease emergency? Yes or no debate,2021,Journal of Human Sport and Exercise,Simpson_2020,forward,openalex_cited_by_no_pmid,no_pmid
,10.14218/erhm.2021.00055,Can Regular Exercise Before COVID-19 Disease Upregulate ACE2 and Downregulate TMPRSS2 in Patient’s Cells?,2022,Exploratory Research and Hypothesis in Medicine,Campbell_Turner_2018;Simpson_2020,forward,openalex_cited_by_no_pmid,no_pmid
,10.14232/phd.10447,A sport-elköteleződés modell összefüggéseinek vizsgálata serdülő sportolók körében,2020,,Peake_2017,forward,openalex_cited_by_no_pmid,no_pmid
,10.14260/jemds/2020/418,Quarantine Exercises in the Time of Covid-19- A Review,2020,Journal of Evolution of Medical and Dental Sciences,Campbell_Turner_2018,forward,openalex_cited_by_no_pmid,no_pmid
,10.14260/jemds/2020/556,COVID-19 Pandemic- A Curse to the Physical Well-Being of Every Individual in Lock-Down,2020,Journal of Evolution of Medical and Dental Sciences,Campbell_Turner_2018,forward,openalex_cited_by_no_pmid,no_pmid
,10.14687/jhs.v17i2.6005,COVID-19 immune system and exercise,2020,Journal of Human Sciences,Campbell_Turner_2018,forward,openalex_cited_by_no_pmid,no_pmid
,10.1519/ssc.0000000000000563,Challenges to Athletes During the Home Confinement Caused by the COVID-19 Pandemic,2020,Strength and conditioning journal,Campbell_Turner_2018,forward,openalex_cited_by_no_pmid,no_pmid
,10.1519/ssc.0000000000000807,Preparing Basketball Players for Competition During COVID-19 Lockdown: An International Strength and Conditioning Perspective,2023,Strength and conditioning journal,Simpson_2020,forward,openalex_cited_by_no_pmid,no_pmid
,10.15294/komunitas.v14i2.37883,Sociology of Space: The Elderly Activity Space Before and During the Covid-19 Pandemic,2022,KOMUNITAS INTERNATIONAL JOURNAL OF INDONESIAN SOCIETY AND CULTURE,Campbell_Turner_2018,forward,openalex_cited_by_no_pmid,no_pmid
,10.15332/2422474x.6469,Perfil del patrón de sueño en deportistas universitarios,2021,Cuerpo Cultura y Movimiento,Peake_2017,forward,openalex_cited_by_no_pmid,no_pmid
,10.15406/jnhfe.2017.07.00226,Micronutrients for Natural Carbonated and Noncarbonated Soft Drink,2017,Journal of Nutritional Health & Food Engineering,Campbell_Turner_2018,forward,openalex_cited_by_no_pmid,no_pmid
,10.15407/fz66.01.083,IN THE STATE OF IMMUNE RESISTANCE OF AN ORGANISM OF PEOPLE WITH DIFFERENT PHYSICAL TRAINING,2020,Fìzìologìčnij žurnal,Peake_2017,forward,openalex_cited_by_no_pmid,no_pmid
,10.15561/26649837.2021.0202,Blood parameters as a measure for controlling physical performance of young Algerian cyclists (U23 category),2021,Pedagogy of Physical Culture and Sports,Peake_2017,forward,openalex_cited_by_no_pmid,no_pmid
,10.15561/26649837.2026.0308,Effects of a sequenced stretching and massage recovery protocol on physiological and perceptual responses after high-intensity exercise in collegiate football players,2026,Pedagogy of Physical Culture and Sports,Peake_2017,forward,openalex_cited_by_no_pmid,no_pmid
,10.15600/2238-1244/sr.v20n52p57-66,COVID-19 e sistema imune: qual o papel do exercício físico e recomendações práticas?,2020,Saúde em Revista,Simpson_2020,forward,openalex_cited_by_no_pmid,no_pmid
,10.15758/ajk.2023.25.4.50,Physical Activity and Immunity in the Elderly for the Post-COVID-19 Pandemic Era: A Literature Review,2023,The Asian Journal of Kinesiology,Campbell_Turner_2018;Simpson_2020,forward,openalex_cited_by_no_pmid,no_pmid
,10.15857/ksep.2019.28.1.31,A Single Bout of Exercise Inhibits Alpha-2-HS-Glycoprotein (fetuin A) in the Adipose Tissue of Obese Mice,2019,Exercise Science,Peake_2017,forward,openalex_cited_by_no_pmid,no_pmid
,10.15857/ksep.2022.00479,Exercise and Gut Microbiome: Trends and Advances in Research Methods,2022,Exercise Science,Campbell_Turner_2018,forward,openalex_cited_by_no_pmid,no_pmid
,10.15857/ksep.2024.00255,Potential for Strengthening Immune Function and Sports Performance with Lactobacillus pentosus b240,2024,Exercise Science,Simpson_2020,forward,openalex_cited_by_no_pmid,no_pmid
,10.1590/0102-311x00054420,COVID-19: importância das novas tecnologias para a prática de atividades físicas como estratégia de saúde pública,2020,Cadernos de Saúde Pública,Campbell_Turner_2018,forward,openalex_cited_by_no_pmid,no_pmid
,10.1590/1517-8692202026052019_0040,"PHYSICAL INACTIVITY, CHRONIC DISEASES, IMMUNITY AND COVID-19",2020,Revista Brasileira de Medicina do Esporte,Simpson_2020,forward,openalex_cited_by_no_pmid,no_pmid
,10.1590/s1980-657420220021121,People with asthma: care during the COVID-19 pandemic and the importance of regular exercise for the immune system,2022,Motriz Revista de Educação Física,Simpson_2020,forward,openalex_cited_by_no_pmid,no_pmid
,10.16887/kza73227,Ação Imunomoduladora da Estimulação Parassimpática promovida pelo Exercício Físico,2024,Fiep Bulletin - online,Campbell_Turner_2018,forward,openalex_cited_by_no_pmid,no_pmid
,10.16965/ijpr.2022.124,"Exercise Performance and Immune Competence [EPIC]: Background of Natural Immunity, Immune Diversity and Immuno-iatrogenesis",2022,International Journal of Physiotherapy and Research,Campbell_Turner_2018;Simpson_2020,forward,openalex_cited_by_no_pmid,no_pmid
,10.17309/tmfv.2023.2.02,Experienced vs Inexperienced Disabled Swimmers: Training Load and Recovery in Preparation Period,2023,Physical Education Theory and Methodology,Peake_2017,forward,openalex_cited_by_no_pmid,no_pmid
,10.17309/tmfv.2025.2.06,Kencur Supplementation Modulates Interleukin-6 (IL-6) and C-Reactive Protein (CRP) in Response to Muscle Damage Following Eccentric Exercise,2025,Physical Education Theory and Methodology,Peake_2017,forward,openalex_cited_by_no_pmid,no_pmid
,10.17309/tmfv.2026.3.20,Phase-Dependent Interaction Between Oxidative Stress and Muscle Damage During Acute Recovery Following Eccentric Exercise,2026,Physical Education Theory and Methodology,Peake_2017,forward,openalex_cited_by_no_pmid,no_pmid
,10.17771/pucrio.acad.52462,INDICADORES DE SAÚDE MENTAL E A PRÁTICA DE ATIVIDADES FÍSICAS NO CONTEXTO DA PANDEMIA DA COVID-19,2021,,Campbell_Turner_2018,forward,openalex_cited_by_no_pmid,no_pmid
,10.17816/mser663975,Physical activity as a regulator of myocardial remodeling: from cellular mechanisms to clinical recommendations,2025,Medical and Social Expert Evaluation and Rehabilitation,Peake_2017,forward,openalex_cited_by_no_pmid,no_pmid
,10.17816/rjpbr657473,Molecular mechanisms of heat shock protein 27 under physical exertion and its role in cardiovascular disease prevention,2025,Russian Journal of Physiotherapy Balneology and Rehabilitation,Campbell_Turner_2018,forward,openalex_cited_by_no_pmid,no_pmid
,10.17869/enu.2026.2383477,"Performance in enduro mountain biking: the influence of training status, recovery, and vibration",2026,Edinburgh Napier Research Repository (Edinburgh Napier University),Peake_2017,forward,openalex_cited_by_no_pmid,no_pmid
,10.17977/um062v5i32023p345-352,Survei Minat Masyarakat Untuk Melakukan Aktivitas Olahraga Setelah PPKM di Stadion Maulana Yusuf Serang,2023,Sport Science and Health,Campbell_Turner_2018,forward,openalex_cited_by_no_pmid,no_pmid
,10.17979/sportis.2022.8.3.8920,Análisis diferencial de variables psicológicas relacionadas con el compromiso para la práctica deportiva en universitarios durante el confinamiento por la COVID-19,2022,Sportis Scientific Journal of School Sport Physical Education and Psychomotricity,Campbell_Turner_2018,forward,openalex_cited_by_no_pmid,no_pmid
,10.18176/archmeddeporte.00014,Analgesic effects of physical exercise in patients with chronic musculoskeletal pain during confinement by the COVID -19 pandemic,2020,Archivos de medicina del deporte: revista de la Federación Española de Medicina del Deporte y de la Confederación Iberoamericana de Medicina del Deporte,Simpson_2020,forward,openalex_cited_by_no_pmid,no_pmid
,10.18282/po4046,Exercise as a stress buffer in cancer patients: a review of the mechanisms and psychological outcomes,2026,Psycho-Oncologie,Peake_2017,forward,openalex_cited_by_no_pmid,no_pmid
,10.18378/rebes.v10i4.8542,Repercussões da prática de exercício físico na quarentena causada pelo COVID-19,2020,Revista Brasileira de Educação e Saúde,Campbell_Turner_2018,forward,openalex_cited_by_no_pmid,no_pmid
,10.18521/ktd.924043,Teachers’ Approaches to Strengthening their Immune Systems during the COVID-19 Pandemic,2021,Konuralp Tıp Dergisi,Campbell_Turner_2018,forward,openalex_cited_by_no_pmid,no_pmid
,10.19131/rpesm.328,Saúde física e mental de profissionais de unidades de saúde da família na pandemia do COVID-19,2022,Revista Portuguesa de Enfermagem de Saúde Mental,Campbell_Turner_2018,forward,openalex_cited_by_no_pmid,no_pmid
,10.20396/conex.v21i00.8668046,Atividade física e saúde mental em atletas brasileiros de basquetebol em cadeira de rodas durante o isolamento social na pandemia de Covid-19,2023,Conexões,Peake_2017,forward,openalex_cited_by_no_pmid,no_pmid
,10.20473/mgk.v12i2.2023.1117-1124,Literature Review: Hubungan Kejadian Sedentary Lifestyle dengan Obesitas di Masa Pandemi Covid-19,2023,Media Gizi Kesmas,Peake_2017,forward,openalex_cited_by_no_pmid,no_pmid
,10.20868/upm.thesis.70736,Valores bioquímicos y hematológicos basales en deportistas de élite españoles,2021,,Campbell_Turner_2018;Peake_2017,forward,openalex_cited_by_no_pmid,no_pmid
,10.20900/immunometab20210001,Immunometabolism and Covid-19: Could Lifelong Exercise Training Have a Protective Effect?,2020,Immunometabolism,Campbell_Turner_2018,forward,openalex_cited_by_no_pmid,no_pmid
,10.20944/preprints202010.0270.v1,Implications of Engaging in Regular Exercise and Reducing Sedentary Behavior During a Global Pandemic: An Immuno-metabolic Perspective in Patients with Obesity and Type 2 Diabetes,2020,Preprints.org,Campbell_Turner_2018,forward,openalex_cited_by_no_pmid,no_pmid
,10.20944/preprints202104.0408.v1,Salivary Biomarkers in COVID-19 Patients: The Rabbit out of the Hat!,2021,Preprints.org,Campbell_Turner_2018,forward,openalex_cited_by_no_pmid,no_pmid
,10.20944/preprints202209.0062.v1,The Efficient Antiviral Response of A549 Cells Is Enhanced When Mitochondrial Respiration Is Promoted,2022,Preprints.org,Simpson_2020,forward,openalex_cited_by_no_pmid,no_pmid
,10.20944/preprints202210.0021.v1,Modeling Community Residents’ Exercise Adherence and Life Satisfaction: An Application of the Influence of the Reference Group,2022,Preprints.org,Simpson_2020,forward,openalex_cited_by_no_pmid,no_pmid
,10.20944/preprints202309.1203.v1,Intervention Effects of Physical Activity on Type 2 Diabetic Patients Potentially Infected with COVID-19: A Systematic Review,2023,Preprints.org,Campbell_Turner_2018;Simpson_2020,forward,openalex_cited_by_no_pmid,no_pmid
,10.20944/preprints202401.0223.v1,"Phytochemical Contain, Biological Properties and Toxicities of Herbals Used for Doping",2024,Preprints.org,Simpson_2020,forward,openalex_cited_by_no_pmid,no_pmid
,10.20944/preprints202402.1112.v1,Cellular Immunity of SARS-CoV-2 in the Borriana COVID-19 Cohort: A Nested Case-Control Study,2024,Preprints.org,Simpson_2020,forward,openalex_cited_by_no_pmid,no_pmid
,10.20944/preprints202403.0358.v1,"The Role of Diet and Physical Activity in Shaping COVID-19 Severity: Design, Validation, and Application of a Retrospective Questionnaire",2024,Preprints.org,Campbell_Turner_2018,forward,openalex_cited_by_no_pmid,no_pmid
,10.21109/kesmas.v0i0.5223,Outdoor Activity: Benefits and Risks to Recreational Runners during the COVID-19 Pandemic,2021,Kesmas National Public Health Journal,Peake_2017,forward,openalex_cited_by_no_pmid,no_pmid
,10.21203/rs.3.rs-130050/v1,Exercise-Induced Engagement of the IL-15/IL15Rα axis Promotes Anti-Tumor Immunity,2021,Research Square,Campbell_Turner_2018,forward,openalex_cited_by_no_pmid,no_pmid
,10.21203/rs.3.rs-139859/v1,A Rise in Percentages of Circulating Lymphocyte Subsets Correlates With Acute Rejection in Liver Transplant Recipients,2021,Research Square,Peake_2017,forward,openalex_cited_by_no_pmid,no_pmid
,10.21203/rs.3.rs-1566865/v1,"Influences of sleep and lifestyle factors on the risk for covid-19 infections: internet survey from 10,000 Japanese business workers",2022,Research Square,Simpson_2020,forward,openalex_cited_by_no_pmid,no_pmid
,10.21203/rs.3.rs-2113868/v1,Microbial Bowel Infections-Induced Biochemical and Biological Abnormalities among Young Egyptian Swimmers: Associated Risk Factors Affecting Swimming Performance Running title: Swimmers’ Microbial Bowel Infections and Swimming Performance,2022,Research Square,Peake_2017,forward,openalex_cited_by_no_pmid,no_pmid
,10.21203/rs.3.rs-2713467/v1,Exercise from home improves physical performance：A study conducted specifically for COVID-19,2023,Research Square,Simpson_2020,forward,openalex_cited_by_no_pmid,no_pmid
,10.21203/rs.3.rs-3190890/v1,Intervention effectiveness of health behaviors during COVID-19: A network meta-analysis,2023,Research Square,Campbell_Turner_2018,forward,openalex_cited_by_no_pmid,no_pmid
,10.21203/rs.3.rs-37899/v1,Healthy Lifestyle Behaviors Are Major Predictors of Mental Wellbeing During COVID-19 Pandemic Confinement: A Study on Adult Arabs in Higher Educational Institutions,2020,Research Square,Simpson_2020,forward,openalex_cited_by_no_pmid,no_pmid
,10.21203/rs.3.rs-37977/v1,Healthy Lifestyle Behaviors Are Major Predictors of Mental Wellbeing During COVID-19 Pandemic Confinement: A Study on Adult Arabs in Higher Educational Institutions,2020,Research Square,Simpson_2020,forward,openalex_cited_by_no_pmid,no_pmid
,10.21203/rs.3.rs-397992/v1,Physical Activity Levels and Mood State during COVID-19 Quarantine among the Kermanshah Population: A Cross-Sectional Online Survey Study,2021,Research Square,Simpson_2020,forward,openalex_cited_by_no_pmid,no_pmid
,10.21203/rs.3.rs-465421/v1,The Relationship Between Physical Activity Level with Quality of Life and General Health among COVID-19 Recovered Individuals,2021,Research Square,Peake_2017;Simpson_2020,forward,openalex_cited_by_no_pmid,no_pmid
,10.21203/rs.3.rs-47396/v1,Lifestyle Exercise Attenuates Immunosenescence; Flow Cytometry Analysis,2020,Research Square,Simpson_2020,forward,openalex_cited_by_no_pmid,no_pmid
,10.21203/rs.3.rs-47396/v2,Lifestyle Exercise Attenuates Immunosenescence; Flow Cytometry Analysis,2020,Research Square,Simpson_2020,forward,openalex_cited_by_no_pmid,no_pmid
,10.21203/rs.3.rs-47396/v3,Lifestyle Exercise Attenuates Immunosenescence; Flow Cytometry Analysis,2021,Research Square,Simpson_2020,forward,openalex_cited_by_no_pmid,no_pmid
,10.21203/rs.3.rs-6214919/v1,"Association between Cytokines, 25-Hydroxyvitamin D, and Physical Activity: Evidence from a cross sectional Brazilian Population",2025,Research Square,Simpson_2020,forward,openalex_cited_by_no_pmid,no_pmid
,10.21203/rs.3.rs-6864249/v1,Acute exercise rewires the proteomic landscape of human immune cells,2025,Research Square,Campbell_Turner_2018,forward,openalex_cited_by_no_pmid,no_pmid
,10.21203/rs.3.rs-770868/v1,Training-Associated Alterations In Equine Respiratory Immunity – A Multi-Omics Comparative Approach.,2021,Research Square,Simpson_2020,forward,openalex_cited_by_no_pmid,no_pmid
,10.21203/rs.3.rs-787990/v1,Training Associated Alterations in Equine Respiratory Immunity Using a Multiomics Comparative Approach,2021,Research Square,Simpson_2020,forward,openalex_cited_by_no_pmid,no_pmid
,10.21203/rs.3.rs-8084613/v1,Subtle changes in exhaled particle size and phospholipid composition of the respiratory tract lining fluid following moderate-intensity exercise in sub-zero conditions,2025,Research Square,Peake_2017,forward,openalex_cited_by_no_pmid,no_pmid
,10.21248/gups.71408,Physical activity and health during the SARS-CoV2 pandemic,2022,,Campbell_Turner_2018,forward,openalex_cited_by_no_pmid,no_pmid
,10.2139/ssrn.4687388,Low Energy Availability Increases Immune Cell Formation of Reactive Oxygen Species to Exercise and Impairs Exercise Performance in Female Endurance Athletes,2024,SSRN Electronic Journal,Campbell_Turner_2018,forward,openalex_cited_by_no_pmid,no_pmid
,10.2139/ssrn.5137605,Childhood Trauma and Immune-Mediated Disease: Evidence from Ecological and Prospective Cohort Studies,2025,SSRN Electronic Journal,Campbell_Turner_2018,forward,openalex_cited_by_no_pmid,no_pmid
,10.2139/ssrn.5143717,Acute Exercise Rewires the Proteomic Landscape of Human Immune Cells,2025,SSRN Electronic Journal,Campbell_Turner_2018,forward,openalex_cited_by_no_pmid,no_pmid
,10.21608/isjpes.2020.32819.1018,The impact of recovered by cold water immersion on some immunoglobulin for young swimmers.,2020,The International Scientific Journal of Physical Education and Sport Sciences,Peake_2017,forward,openalex_cited_by_no_pmid,no_pmid
,10.21608/niles.2022.142671.1068,EFFICACY OF AEROBIC VERSUS RESISTANCE TRAINING ON DYSPNEA AND CRP LEVELS IN POST-COVID-19 PATIENTS,2022,NILES Journal forGeriatric and Gerontology/NILES Journal for Geriatric and Gerontology,Campbell_Turner_2018,forward,openalex_cited_by_no_pmid,no_pmid
,10.21649/akemu.v27i4.4908,An Outlook on the COVID-19 Infection Magnitude in Pakistan and Potential Factors Contributing to Low Mortality Rates,2022,Annals of King Edward Medical University,Campbell_Turner_2018,forward,openalex_cited_by_no_pmid,no_pmid
,10.2187/bss.40.18,Regulation of muscle properties by elevation of mitochondrial metabolism independent of changes in muscle contractility,2026,Biological Sciences in Space,Campbell_Turner_2018,forward,openalex_cited_by_no_pmid,no_pmid
,10.21920/recei72022826398410,IMPORTÂNCIA DA ATIVIDADE FÍSICA PARA A SAÚDE EM TEMPOS DE PANDEMIA COVID-19: revisão de literatura,2022,Revista Eletrônica Científica Ensino Interdisciplinar,Campbell_Turner_2018,forward,openalex_cited_by_no_pmid,no_pmid
,10.21926/obm.icm.2103,,2021,OBM Integrative and Complementary Medicine,Simpson_2020,forward,openalex_cited_by_no_pmid,no_pmid
,10.21926/obm.icm.2103027,Physical Activity Behaviors and COVID-19 Symptoms,2021,OBM Integrative and Complementary Medicine,Simpson_2020,forward,openalex_cited_by_no_pmid,no_pmid
,10.21926/obm.icm.2502021,Moderate Exercise Suppresses Tumor Growth and Progression through Regulating Cytokines,2025,OBM Integrative and Complementary Medicine,Campbell_Turner_2018,forward,openalex_cited_by_no_pmid,no_pmid
,10.22146/ijpther.4567,The effects of Curcuma xanthorrhiza rhizome simplicia and Camellia sinensis green tea in a patient with chronic hepatitis B infection: a case report,2022,Indonesian Journal of Pharmacology and Therapy,Peake_2017,forward,openalex_cited_by_no_pmid,no_pmid
,10.22146/jcoemph.58535,Barrier to health protocol adherence during exercise among youth in the COVID-19 pandemic era,2021,Journal of Community Empowerment for Health,Campbell_Turner_2018,forward,openalex_cited_by_no_pmid,no_pmid
,10.22201/fesz.20075502e.2021.11.44.84415,Consecuencias en salud de la inactividad física: revisión teórica,2022,Psic-Obesidad,Simpson_2020,forward,openalex_cited_by_no_pmid,no_pmid
,10.22215/etd/2018-13331,"From Risk to Resilience: How Lifestyle Factors Interact with Early-Life Trauma, Genetic Polymorphisms, and Stress, in Predicting Risk for Depression",2018,,Campbell_Turner_2018;Peake_2017,forward,openalex_cited_by_no_pmid,no_pmid
,10.22259/2638-4744.0302006,Cardiac Structural Repercussions Induced by Exhaustive Physical Training in the Animal Model,2020,Archives of Cardiology and Cardiovascular Diseases,Simpson_2020,forward,openalex_cited_by_no_pmid,no_pmid
,10.22267/rus.222403.287,Exercise dosing considerations in times of COVID-19 pandemic: A review,2022,Universidad y Salud,Simpson_2020,forward,openalex_cited_by_no_pmid,no_pmid
,10.22271/kheljournal.2021.v8.i5c.2285,"Engagement in physical activity for health and well-being: Self-rated activity level, perception of the value of physical activity and differences among teachers in public primary schools of six selected educational circuits",2021,International Journal of Physical Education Sports and Health,Campbell_Turner_2018,forward,openalex_cited_by_no_pmid,no_pmid
,10.22328/2413-5747-2025-11-3-84-92,Assessment of body’s response in working people in Arctic region of Russia based on leukocyte formula of blood: cohort study,2025,Marine Medicine,Peake_2017,forward,openalex_cited_by_no_pmid,no_pmid
,10.22374/1875-6859.14.3.1,"EFFECT OF 12-WEEK LOW-INTENSITY EXERCISE ON INTERLEUKIN-2, INTERFERON-GAMMA AND INTERLEUKIN-4 CYTOKINE PRODUCTION IN RAT SPLEENS",2018,Journal of Men s Health,Shi_2025,backward,pubmed_efetch_referencelist,no_pmid
,10.22481/recuesb.v9i16.8728,O FUNCIONAMENTO DO GRUPO DE CORRIDA PAPA-LÉGUAS NA PANDEMIA,2021,Revista Extensão & Cidadania/Revista Extensão e Cidadania,Campbell_Turner_2018,forward,openalex_cited_by_no_pmid,no_pmid
,10.22533/at.ed.2272107061,NEUROCIÊNCIA DO EXERCÍCIO E SAÚDE MENTAL,2021,,Campbell_Turner_2018;Peake_2017,forward,openalex_cited_by_no_pmid,no_pmid
,10.22533/at.ed.22721070610,DEPENDÊNCIA QUÍMICA E EXERCICIO FÍSICO,2021,,Campbell_Turner_2018;Peake_2017,forward,openalex_cited_by_no_pmid,no_pmid
,10.22533/at.ed.22721070611,"POLÍTICAS PÚBLICAS PARA A ORIENTAÇÃO DA VOCAÇÃO, DETECÇÃO E DESENVOLVIMENTO DE TALENTOS ESPORTIVOS",2021,,Campbell_Turner_2018;Peake_2017,forward,openalex_cited_by_no_pmid,no_pmid
,10.22533/at.ed.2272107062,"CONDICIONAMENTO FÍSICO, AUTONOMIA FUNCIONAL E QUALIDADE DE VIDA EM IDOSOS",2021,,Campbell_Turner_2018;Peake_2017,forward,openalex_cited_by_no_pmid,no_pmid
,10.22533/at.ed.2272107063,EXERCÍCIO FÍSICO E DOENÇAS AUTOIMUNES,2021,,Campbell_Turner_2018;Peake_2017,forward,openalex_cited_by_no_pmid,no_pmid
,10.22533/at.ed.2272107064,INCLUSÃO DE PESSOAS COM DEFICIÊNCIA E ESPORTE PARALÍMPICO,2021,,Campbell_Turner_2018;Peake_2017,forward,openalex_cited_by_no_pmid,no_pmid
,10.22533/at.ed.2272107065,"EXERCÍCIOS FÍSICOS PARA DENSIDADE MINERAL ÓSSEA, SAÚDE E RISCO DE QUEDA EM IDOSOS",2021,,Campbell_Turner_2018;Peake_2017,forward,openalex_cited_by_no_pmid,no_pmid
,10.22533/at.ed.2272107066,"CONDICIONAMENTO FÍSICO, SAÚDE E QUALIDADE DE VIDA",2021,,Campbell_Turner_2018;Peake_2017,forward,openalex_cited_by_no_pmid,no_pmid
,10.22533/at.ed.2272107067,"SAÚDE, PERFORMANCE E DESENVOLVIMENTO HUMANO",2021,,Campbell_Turner_2018;Peake_2017,forward,openalex_cited_by_no_pmid,no_pmid
,10.22533/at.ed.2272107068,EXERCÍCIO E DOENÇAS CRÔNICAS NÃO TRANSMISSÍVEIS,2021,,Campbell_Turner_2018;Peake_2017,forward,openalex_cited_by_no_pmid,no_pmid
,10.22533/at.ed.541232706,Tópicos em ciências do movimento humano,2023,,Peake_2017,forward,openalex_cited_by_no_pmid,no_pmid
,10.22533/at.ed.5412327061,INTRODUÇÃO,2023,,Peake_2017,forward,openalex_cited_by_no_pmid,no_pmid
,10.22533/at.ed.54123270610,EXERCÍCIO E SAÚDE MENTAL,2023,,Peake_2017,forward,openalex_cited_by_no_pmid,no_pmid
,10.22533/at.ed.54123270611,EXERCÍCIO E SISTEMA IMUNE,2023,,Peake_2017,forward,openalex_cited_by_no_pmid,no_pmid
,10.22533/at.ed.54123270612,EXERCÍCIO E CÂNCER,2023,,Peake_2017,forward,openalex_cited_by_no_pmid,no_pmid
,10.22533/at.ed.5412327062,AVALIAÇÕES OBJETIVAS DO NÍVEL DE ATIVIDADE FÍSICA,2023,,Peake_2017,forward,openalex_cited_by_no_pmid,no_pmid
,10.22533/at.ed.5412327063,VARIÁVEIS DE PRESCRIÇÃO DE EXERCÍCIO,2023,,Peake_2017,forward,openalex_cited_by_no_pmid,no_pmid
,10.22533/at.ed.5412327064,MÉTODOS DE AVALIAÇÃO CARDIORRESPIRATÓRIA,2023,,Peake_2017,forward,openalex_cited_by_no_pmid,no_pmid
,10.22533/at.ed.5412327065,MÉTODOS DE AVALIAÇÃO NEUROMUSCULAR,2023,,Peake_2017,forward,openalex_cited_by_no_pmid,no_pmid
,10.22533/at.ed.5412327066,EXERCÍCIO E FUNÇÃO EXECUTIVA,2023,,Peake_2017,forward,openalex_cited_by_no_pmid,no_pmid
,10.22533/at.ed.5412327067,ATIVIDADE FÍSICA E COGNIÇÃO,2023,,Peake_2017,forward,openalex_cited_by_no_pmid,no_pmid
,10.22533/at.ed.5412327068,EXERCÍCIO E EQUILÍBRIO,2023,,Peake_2017,forward,openalex_cited_by_no_pmid,no_pmid
,10.22533/at.ed.5412327069,OCLUSÃO VASCULAR: APTIDÃO E REABILITAÇÃO,2023,,Peake_2017,forward,openalex_cited_by_no_pmid,no_pmid
,10.22541/au.160270385.53986317/v1,Effect of COVID 19 Lockdown on a Group of Young Egyptian Athletes,2020,,Campbell_Turner_2018,forward,openalex_cited_by_no_pmid,no_pmid
,10.22541/au.170665370.09722541/v1,Salivary biomarkers in COVID-19 patients: the rabbit out of the hat!,2024,,Campbell_Turner_2018,forward,openalex_cited_by_no_pmid,no_pmid
,10.2298/sarh210913095b,The effect of exercise during sport training on levels of salivary diagnostic markers,2021,Srpski arhiv za celokupno lekarstvo,Simpson_2020,forward,openalex_cited_by_no_pmid,no_pmid
,10.23887/jiku.v9i3.39579,Penggunaan Masker pada Saat Aktivitas Fisik di Saat Pandemi Covid-19,2021,Jurnal Ilmu Keolahragaan Undiksha,Campbell_Turner_2018,forward,openalex_cited_by_no_pmid,no_pmid
,10.23887/penjakora.v10i1.58580,Minat Melakukan Aktivitas Olahraga Masyarakat Suku Anak Dalam (SAD) Binaan Komunitas Sobat Eksplorasi Anak Dalam (SEAD),2023,JURNAL PENJAKORA,Peake_2017,forward,openalex_cited_by_no_pmid,no_pmid
,10.23937/2469-5718/1510172,Transient Immune Deficit after Exercise and the Relationship with Immuno-Nutrition: A Short Review of the Literature,2020,International Journal of Sports and Exercise Medicine,Campbell_Turner_2018;Peake_2017,forward,openalex_cited_by_no_pmid,no_pmid
,10.24017/covid.10,The Role of Nutrients in Supporting The Immune System Against Viral Infection; Newly Emerged Coronavirus (COVID19): A Narrative Review,2020,Kurdistan Journal of Applied Research,Peake_2017,forward,openalex_cited_by_no_pmid,no_pmid
,10.24040/sjss.2024.9.2.94-114,Impact of physical activity on respiratory diseases,2025,Slovak Journal of Sport Science,Campbell_Turner_2018,forward,openalex_cited_by_no_pmid,no_pmid
,10.2478/bhk-2023-0033,Support Your Recovery Needs (SYRN) – a systemic approach to improve sport performance,2023,Biomedical Human Kinetics,Peake_2017,forward,openalex_cited_by_no_pmid,no_pmid
,10.25176/rfmh.v20i2.2941,Pandemia COVID-19: ¿Qué más puedo hacer?,2020,Revista de la Facultad de Medicina Humana,Campbell_Turner_2018,forward,openalex_cited_by_no_pmid,no_pmid
,10.25259/ijasm_18_2022,Physical activity levels and sleep quality among military aircrew during COVID-19: A questionnaire-based pilot study,2023,Indian Journal of Aerospace Medicine,Simpson_2020,forward,openalex_cited_by_no_pmid,no_pmid
,10.25307/jssr.894818,Covid-19 Pandemi Sürecinde Spor Yapan Bireylerin Serbest Zaman Motivasyonlarının İncelenmesi,2021,Spor Bilimleri Araştırmaları Dergisi,Campbell_Turner_2018,forward,openalex_cited_by_no_pmid,no_pmid
,10.26182/0c78-pd14,The effect of dietary manipulation on iron metabolism and the immune system in elite athletes,2020,UWA Profiles and Research Repository (University of Western Australia),Simpson_2020,forward,openalex_cited_by_no_pmid,no_pmid
,10.26538/tjnpr/v9i6.19,The Effect of Purwoceng (Pimpella alpina Molk.) on Oxidative Stress and Immunity in Wistar Rats,2025,Tropical Journal of Natural Product Research,Peake_2017,forward,openalex_cited_by_no_pmid,no_pmid
,10.26599/fmh.2027.9420143,"A comprehensive review on traditional uses, botany, chemical constituents, pharmacology of turnip ( Brassica rapa L.)",2026,Food & medicine homology.,Peake_2017,forward,openalex_cited_by_no_pmid,no_pmid
,10.26641/2307-0404.2025.1.325371,Limited impact of roselle flower extract on protein carbonyl levels after physical exercise in healthy men,2025,Medicni perspektivi,Campbell_Turner_2018,forward,openalex_cited_by_no_pmid,no_pmid
,10.26693/jmbs05.04.432,The Systematic Power Fitness Impact on the Humoral Immunity Indices of Athletes with Different Levels of Physical Fitness,2020,Ukraïnsʹkij žurnal medicini bìologìï ta sportu,Campbell_Turner_2018,forward,openalex_cited_by_no_pmid,no_pmid
,10.26717/bjstr.2020.29.004799,Physical Activity is a Preventive Factor Against SARSCOV- 2 in Healthy Subjects (Possible Cellular and Molecular Mechanisms),2020,Biomedical Journal of Scientific & Technical Research,Peake_2017;Simpson_2020,forward,openalex_cited_by_no_pmid,no_pmid
,10.26717/bjstr.2020.30.004899,Physical Training Activity During Chemotherapy Affects Patient’s Immune System Indices,2020,Biomedical Journal of Scientific & Technical Research,Campbell_Turner_2018,forward,openalex_cited_by_no_pmid,no_pmid
,10.26724/2079-8334-2022-1-79-29-33,INDICATORS OF GENERAL IMMUNITY IN PATIENTS WITH IATROGENIC MAXILLARY SINUSITIS,2022,World of Medicine and Biology,Campbell_Turner_2018,forward,openalex_cited_by_no_pmid,no_pmid
,10.26877/jo.v8i2.15050,Pengaruh Latihan Intensitas Sedang Selama Pandemic Covid – 19 Terhadap Keterampilan Sepakbola Dan Kebugaran Jasmani,2023,Jendela Olahraga,Campbell_Turner_2018,forward,openalex_cited_by_no_pmid,no_pmid
,10.28982/josam.935905,How has the initial lockdown and reopening due to the COVID-19 pandemic affected physical activity level and well-being in Turkey?,2022,Journal of Surgery and Medicine,Campbell_Turner_2018,forward,openalex_cited_by_no_pmid,no_pmid
,10.29039/2413-1725-2024-10-3-128-146,MODERN VIEWS ABOUT THE IMMUNO-INDUCED PROCESS IN MUSCLES DURING PHYSICAL ACTIVITY,2024,Scientific Notes of V I Vernadsky Crimean Federal University Biology Chemistry,Peake_2017,forward,openalex_cited_by_no_pmid,no_pmid
,10.29073/jim.v1i2.300,Benefícios do exercício físico e da nutrição na imunidade. Possíveis estratégias para prevenção da COVID-19,2020,Jornal de Investigação Médica,Simpson_2020,forward,openalex_cited_by_no_pmid,no_pmid
,10.29073/jim.v1i2.304,Revista Completa,2020,Jornal de Investigação Médica,Simpson_2020,forward,openalex_cited_by_no_pmid,no_pmid
,10.29086/978-0-9869937-0-1/2022/aasbs9/7,Social Isolation Sport and Exercise Disruptions and Impacts on the Elderly as a Vulnerable Group,2022,Alternation eBooks,Campbell_Turner_2018,forward,openalex_cited_by_no_pmid,no_pmid
,10.29228/joshas.64447,Fiziksel Aktivite Alışkanlıklarının Covid-19 Geçirme Sürecindeki Etkilerinin Araştırılması,2022,JOURNAL OF SOCIAL HUMANITIES AND ADMINISTRATIVE SCIENCES,Simpson_2020,forward,openalex_cited_by_no_pmid,no_pmid
,10.29359/bjhpa.12.3.10,The relationship between physical activity levels and health-related quality of life in elderly individuals aged 65 years and above with a chronic disease,2020,Baltic Journal of Health and Physical Activity,Simpson_2020,forward,openalex_cited_by_no_pmid,no_pmid
,10.29407/js_unpgri.v8i1.17685,Active recovery is better than passive recovery to optimizing post-exercise body recovery,2022,Jurnal SPORTIF Jurnal Penelitian Pembelajaran,Peake_2017,forward,openalex_cited_by_no_pmid,no_pmid
,10.30574/wjarr.2023.18.1.0443,Investigating the genetic basis of disease resistance in animal populations,2023,World Journal of Advanced Research and Reviews,Simpson_2020,forward,openalex_cited_by_no_pmid,no_pmid
,10.30701/ijc.1016,Olahraga Rutin Untuk Meningkatkan Imunitas Pasien Hipertensi Selama Masa Pandemi COVID-19,2020,Indonesian Journal of Cardiology,Campbell_Turner_2018,forward,openalex_cited_by_no_pmid,no_pmid
,10.31080/asnh.2024.08.1385,Boosting the Immune System by Sport Activity and Nutrition Against Coronavirus (COVID),2024,Acta Scientifci Nutritional Health,Campbell_Turner_2018,forward,openalex_cited_by_no_pmid,no_pmid
,10.31083/j.jomh1807149,"Influence of Aerobic Exercise Combined with Forest Bathing on Immunocytes, Stress Hormones, VO2peak, and Body Composition in Elderly Men: A Randomized Controlled Trial",2022,Journal of Men s Health,Simpson_2020,forward,openalex_cited_by_no_pmid,no_pmid
,10.31083/jomh.2021.106,The effects of acute moderate intensity training on hematological parameters in elite para-badminton athletes,2021,Journal of Men s Health,Peake_2017,forward,openalex_cited_by_no_pmid,no_pmid
,10.31189/2165-7629-10.1.35,The Multifaceted Benefits of Exercise in Prevention of COVID-19,2021,Journal of Clinical Exercise Physiology,Campbell_Turner_2018;Peake_2017;Simpson_2020,forward,openalex_cited_by_no_pmid,no_pmid
,10.31219/osf.io/6ervy,COVID-19 - Considerations for the female athlete,2020,,Simpson_2020,forward,openalex_cited_by_no_pmid,no_pmid
,10.31219/osf.io/sq5d3,Characterization of the Cytotoxic T lymphocytes Acute Response Following Continuous Moderate Intensity and High Intensity Interval Exercise in Metastatic Cancer Patients Undergoing Chemotherapy,2023,,Peake_2017,forward,openalex_cited_by_no_pmid,no_pmid
,10.31219/osf.io/uyqfv,Acute Natural Killer Cells Response to a Continuous Moderate Intensity and a Work-Matched High Intensity Interval Exercise Session in Metastatic Cancer Patients Treated With Chemotherapy,2023,,Peake_2017,forward,openalex_cited_by_no_pmid,no_pmid
,10.31274/td-20240329-773,The long-term consequences of exposure to adverse experience on muscle physiology,2023,,Peake_2017,forward,openalex_cited_by_no_pmid,no_pmid
,10.31435/ijitss.1(49).2026.5152,PHYSICAL ACTIVITY AND IMMUNE FUNCTION: IMPLICATIONS FOR RESPIRATORY INFECTIONS AND VACCINE IMMUNOGENICITY – A NARRATIVE REVIEW,2026,International Journal of Innovative Technologies in Social Science,Campbell_Turner_2018,forward,openalex_cited_by_no_pmid,no_pmid
,10.31435/ijitss.3(51).2026.6701,SAUNA BATHING IN COMPETITIVE ATHLETES: BENEFIT OR RISK FOR RESPIRATORY AND IMMUNE FUNCTION? A NARRATIVE REVIEW,2026,International Journal of Innovative Technologies in Social Science,Campbell_Turner_2018,forward,openalex_cited_by_no_pmid,no_pmid
,10.31571/gervasi.v6i2.3440,Program Senam Aerobik Intensitas Sedang sebagai Upaya Meningkatkan Imunitas Tubuh Tenaga Kependidikan di Masa Pandemi,2022,GERVASI Jurnal Pengabdian kepada Masyarakat,Campbell_Turner_2018,forward,openalex_cited_by_no_pmid,no_pmid
,10.32652/spmed.2024.1.49-53,Вторинні імунодефіцитні стани у спортсменів,2024,Спортивна медицина фізична терапія та ерготерапія,Campbell_Turner_2018,forward,openalex_cited_by_no_pmid,no_pmid
,10.32682/bravos.v9i3.1982,Gambaran Aktivitas Fisik Dan Pola Hidup Sehat Siswa Sekolah Menengah Atas Di Kota Surabaya,2021,Bravo’s Jurnal Program Studi Pendidikan Jasmani dan Kesehatan,Peake_2017,forward,openalex_cited_by_no_pmid,no_pmid
,10.32708/uutfd.833931,Fiziksel Aktivitenin Kısıtlanması: Yetişkin ve Yaşlı Yetişkin Bireyler Arasındaki Farklılıklar,2021,Uludağ Üniversitesi Tıp Fakültesi Dergisi,Campbell_Turner_2018,forward,openalex_cited_by_no_pmid,no_pmid
,10.33102/uij.vol33no1.289,Tai Chi to Preserve General Health of Elderly during the COVID-19 Pandemic,2021,Ulum Islamiyyah,Simpson_2020,forward,openalex_cited_by_no_pmid,no_pmid
,10.33233/rbfe.v19i2.4115,COVID-19 and physical activity: What is the relation between exercise immunology and the current pandemic situation?,2020,Revista Brasileira de Fisiologia do Exercício,Simpson_2020,forward,openalex_cited_by_no_pmid,no_pmid
,10.33233/rbfex.v20i1.4254,Recomendações para a prática de exercício físico em face do COVID-19: uma revisão integrativa,2021,Revista Brasileira de Fisiologia do Exercício,Campbell_Turner_2018;Simpson_2020,forward,openalex_cited_by_no_pmid,no_pmid
,10.33369/jk.v6i3.23751,Effect of Regular Exercise and Antioxidant on Superoxide Dismutase (SOD),2022,Kinestetik Jurnal Ilmiah Pendidikan Jasmani,Campbell_Turner_2018,forward,openalex_cited_by_no_pmid,no_pmid
,10.33425/2693-1516.1014,Viral Infection in Athletes,2021,Case Reports and Reviews,Campbell_Turner_2018;Simpson_2020,forward,openalex_cited_by_no_pmid,no_pmid
,10.33448/rsd-v10i10.18183,Análise de proteínas salivares de corredores de rua após evento esportivo real,2021,Research Society and Development,Peake_2017,forward,openalex_cited_by_no_pmid,no_pmid
,10.33448/rsd-v10i13.21045,Como os profissionais de educação física se reinventaram durante a pandemia do COVID-19,2021,Research Society and Development,Campbell_Turner_2018,forward,openalex_cited_by_no_pmid,no_pmid
,10.33448/rsd-v9i10.9186,High intensity interval training (HIIT) as a viable alternative to induce the prevention of respiratory diseases: a point of view of exercise immunology during COVID-19 outbreak,2020,Research Society and Development,Simpson_2020,forward,openalex_cited_by_no_pmid,no_pmid
,10.33607/bjshs.v1i124.1160,"Physical Activity, Outdoor and Adventure Sports During the Covid-19 Pandemic Process",2022,Baltic Journal of Sport and Health Sciences,Campbell_Turner_2018,forward,openalex_cited_by_no_pmid,no_pmid
,10.33860/lnj.v3i1.1723,Aktivitas Fisik pada Masyarakat yang Terpapar dan Tidak Terpapar Covid-19,2022,Lentora Nursing Journal,Peake_2017,forward,openalex_cited_by_no_pmid,no_pmid
,10.3389/fcimb.2026.1918695,Microbiota-mediated gut–brain communication following whey protein supplementation and resistance training: current evidence linking gastrointestinal function and cognitive health,2026,Frontiers in Cellular and Infection Microbiology,Campbell_Turner_2018,forward,openalex_cited_by_no_pmid,no_pmid
,10.3389/fpubh.2026.1958833,"Lifestyle factors or protective behaviors: which are more strongly associated with upper respiratory tract infections after COVID-19? A cross-sectional study of 1,535 Chinese college students",2026,Frontiers in Public Health,Campbell_Turner_2018;Shi_2025,forward,openalex_cited_by_no_pmid,no_pmid
,10.3389/fspor.2026.1944574,Physical activity and improvement of physiological parameters by training,2026,Frontiers in Sports and Active Living,Campbell_Turner_2018,forward,openalex_cited_by_no_pmid,no_pmid
,10.3390/app10165592,Vitamin D Merging into Immune System-Skeletal Muscle Network: Effects on Human Health,2020,Applied Sciences,Simpson_2020,forward,openalex_cited_by_no_pmid,no_pmid
,10.3390/app11157120,From Exercise to Cognitive Performance: Role of Irisin,2021,Applied Sciences,Simpson_2020,forward,openalex_cited_by_no_pmid,no_pmid
,10.3390/app14020570,Novel Study for the Early Identification of Injury Risks in Athletes Using Machine Learning Techniques,2024,Applied Sciences,Simpson_2020,forward,openalex_cited_by_no_pmid,no_pmid
,10.3390/books978-3-0365-1851-0,Energy Metabolism and Diet,2022,MDPI eBooks,Campbell_Turner_2018,forward,openalex_cited_by_no_pmid,no_pmid
,10.3390/books978-3-7258-1157-1,Novel Antioxidants for Animal Nutrition,2024,MDPI eBooks,Peake_2017,forward,openalex_cited_by_no_pmid,no_pmid
,10.3390/cardiogenetics11040025,"Pathogenesis, Diagnosis and Risk Stratification in Arrhythmogenic Cardiomyopathy",2021,Cardiogenetics,Campbell_Turner_2018,forward,openalex_cited_by_no_pmid,no_pmid
,10.3390/data9020023,"Comprehensive Dataset on Pre-SARS-CoV-2 Infection Sports-Related Physical Activity Levels, Disease Severity, and Treatment Outcomes: Insights and Implications for COVID-19 Management",2024,Data,Simpson_2020,forward,openalex_cited_by_no_pmid,no_pmid
,10.3390/endocrines2020012,Natural Killer Cell Mobilization in Breast and Prostate Cancer Survivors: The Implications of Altered Stress Hormones Following Acute Exercise,2021,Endocrines,Campbell_Turner_2018;Peake_2017,forward,openalex_cited_by_no_pmid,no_pmid
,10.3390/fire7120469,Effects of Wildfire Exposure on the Human Immune System,2024,Fire,Shi_2025,backward,pubmed_efetch_referencelist,no_pmid
,10.3390/immuno1030008,The Impact of Exercise Serum on Selected Parameters of CD4+ T Cell Metabolism,2021,Immuno,Simpson_2020,forward,openalex_cited_by_no_pmid,no_pmid
,10.3390/immuno1030009,The Effects of Physical Activity on the Aging of Circulating Immune Cells in Humans: A Systematic Review,2021,Immuno,Campbell_Turner_2018,forward,openalex_cited_by_no_pmid,no_pmid
,10.3390/immuno4010003,Markers for Immunological Resilience: Effects of Moderate- and High-Intensity Endurance Exercise on the Kinetic Response of Leukocyte Subsets,2024,Immuno,Campbell_Turner_2018,forward,openalex_cited_by_no_pmid,no_pmid
,10.3390/obesities3010005,Why Are Obese People Predisposed to Severe Disease in Viral Respiratory Infections?,2023,Obesities,Campbell_Turner_2018;Simpson_2020,forward,openalex_cited_by_no_pmid,no_pmid
,10.3390/stresses5020026,Exploring Stressors: Impact on Cellular Organelles and Implications for Cellular Functions,2025,Stresses,Simpson_2020,forward,openalex_cited_by_no_pmid,no_pmid
,10.33920/med-08-2405-02,"Assessment of formed elements, vitamins B12, folic acid and iron in the blood of men with mental work",2024,Sanitarnyj vrač (Sanitary Doctor),Peake_2017,forward,openalex_cited_by_no_pmid,no_pmid
,10.33920/med-08-2406-03,Assessment of hemograms in military servicemen at different durations of professional activity in the Arctic,2024,Sanitarnyj vrač (Sanitary Doctor),Peake_2017,forward,openalex_cited_by_no_pmid,no_pmid
,10.34119/bjhrv3n2-200,Grupos de risco do COVID-19: a possível relação entre o acometimento de adultos jovens “saudáveis” e a imunidade,2020,Brazilian Journal of Health Review,Simpson_2020,forward,openalex_cited_by_no_pmid,no_pmid
,10.34119/bjhrv3n4-247,Alternativas para a prática de exercícios físicos durante a pandemia da COVID-19 e distanciamento social,2020,Brazilian Journal of Health Review,Campbell_Turner_2018,forward,openalex_cited_by_no_pmid,no_pmid
,10.34119/bjhrv3n5-315,Perception of the level of physical activity of university professors during the isolation of COVID-19 / Percepção do nível de atividade física dos professores universitários durante o isolamento da COVID-19,2020,Brazilian Journal of Health Review,Simpson_2020,forward,openalex_cited_by_no_pmid,no_pmid
,10.34119/bjhrv7n1-581,"Impactos da pandemia de COVID-19 na qualidade de vida de professores de escolas públicas estaduais de um município Sergipano, Brasil",2024,Brazilian Journal of Health Review,Campbell_Turner_2018,forward,openalex_cited_by_no_pmid,no_pmid
,10.34172/ijer.2021.08,Effect of the COVID-19 Pandemic on Interest in Home-Based Exercise: An Application of Digital Epidemiology,2021,International journal of epidemiologic research,Simpson_2020,forward,openalex_cited_by_no_pmid,no_pmid
,10.34172/mj.2020.056,"Effects of the two consecutive anaerobic exercise sessions on leukocyte subsets distribution, blood lactate level and anaerobic power in female athletes with controlling the confounding effect from plasma shift",2020,Medical Journal of Tabriz University of Medical Sciences and Health Services,Peake_2017,forward,openalex_cited_by_no_pmid,no_pmid
,10.34256/ijpefs21211,Covid-19 and Social Distancing of the Elderly: The Importance of Physical Exercise,2021,International Journal of Physical Education Fitness and Sports,Peake_2017,forward,openalex_cited_by_no_pmid,no_pmid
,10.35587/brj.ed.0001379,Excesso de exercício físico?,2022,Brazilian Journals Editora eBooks,Campbell_Turner_2018;Simpson_2020,forward,openalex_cited_by_no_pmid,no_pmid
,10.35587/brj.ed.0001380,OVERTRAINING NO FISICULTURISMO,2022,Brazilian Journals Editora eBooks,Campbell_Turner_2018;Simpson_2020,forward,openalex_cited_by_no_pmid,no_pmid
,10.35587/brj.ed.0001382,ORIGEM DO OVERTRAINING: SISTEMA IMUNE,2022,Brazilian Journals Editora eBooks,Campbell_Turner_2018;Simpson_2020,forward,openalex_cited_by_no_pmid,no_pmid
,10.35587/brj.ed.0001383,ORIGEM DO OVERTRAINING: ESTRESSE OXIDATIVO,2022,Brazilian Journals Editora eBooks,Campbell_Turner_2018;Simpson_2020,forward,openalex_cited_by_no_pmid,no_pmid
,10.35587/brj.ed.0001384,ORIGEM DA FADIGA AGUDA: CÉREBRO,2022,Brazilian Journals Editora eBooks,Campbell_Turner_2018;Simpson_2020,forward,openalex_cited_by_no_pmid,no_pmid
,10.35587/brj.ed.0001385,VARIABILIDADE DA FREQUÊNCIA CARDÍACA,2022,Brazilian Journals Editora eBooks,Campbell_Turner_2018;Simpson_2020,forward,openalex_cited_by_no_pmid,no_pmid
,10.35587/brj.ed.0001386,PERIODIZAÇÃO E ESTRATÉGIAS DE TREINAMENTO,2022,Brazilian Journals Editora eBooks,Campbell_Turner_2018;Simpson_2020,forward,openalex_cited_by_no_pmid,no_pmid
,10.35587/brj.ed.0001387,TÓPICOS ESPECIAIS: METABOLÔMICA,2022,Brazilian Journals Editora eBooks,Campbell_Turner_2018;Simpson_2020,forward,openalex_cited_by_no_pmid,no_pmid
,10.35988/sm-hs.2023.107,FIZINIO KRŪVIO POVEIKIS IMUNINEI SISTEMAI,2023,Health Sciences,Simpson_2020,forward,openalex_cited_by_no_pmid,no_pmid
,10.36283/pjr.zu.15.2/005,Effect of Badminton Sporting Activity on Complete Blood Count Parameters in Untrained University Students: A Pre-Post Tria,2026,Pakistan Journal of Rehabilitation,Campbell_Turner_2018,forward,openalex_cited_by_no_pmid,no_pmid
,10.36347/sjmcr.2022.v10i07.026,Response to COVID 19 Pandemic in MENA Region. Practices and Polices,2022,Scholars Journal of Medical Case Reports,Simpson_2020,forward,openalex_cited_by_no_pmid,no_pmid
,10.36692/v14n1-03,A IMPORTÂNCIA DO PROFISSIONAL DE EDUCAÇÃO FÍSICA FRENTE A PANDEMIA DA COVID-19,2022,Revista CPAQV - Centro de Pesquisas Avançadas em Qualidade de Vida,Campbell_Turner_2018,forward,openalex_cited_by_no_pmid,no_pmid
,10.36706/altius.v10i1.14140,Aktivitas fisik dan aspek kekhawatiran lansia pada masa pandemi Covid-19,2021,Altius Jurnal Ilmu Olahraga dan Kesehatan,Campbell_Turner_2018,forward,openalex_cited_by_no_pmid,no_pmid
,10.37349/ei.2024.00175,"Influence of puberty stage in immune-inflammatory parameters in well-trained adolescent soccer-players, following 8-weeks of pre-seasonal preparation training",2024,Exploration of Immunology,Campbell_Turner_2018,forward,openalex_cited_by_no_pmid,no_pmid
,10.37469/0507-3758-2021-67-2-163-180,"Three pandemics at once: Noninfectious (cancer), infectious (COVID-19), and behavioral (hypokinesia)",2021,Voprosy Onkologii,Campbell_Turner_2018,forward,openalex_cited_by_no_pmid,no_pmid
,10.37527/2021.71.1.007,Papel de la alimentación en la respuesta a infecciones respiratorias altas en atletas de élite,2021,Archivos Latinoamericanos de Nutrición,Campbell_Turner_2018;Peake_2017;Simpson_2020,forward,openalex_cited_by_no_pmid,no_pmid
,10.37989/gumussagbil.1096398,Gençlere Yönelik Egzersiz Bağımlılığı Ölçeği (GYEB): Bir Ölçek Uyarlama Çalışması,2022,Gümüşhane Üniversitesi Sağlık Bilimleri Dergisi,Campbell_Turner_2018,forward,openalex_cited_by_no_pmid,no_pmid
,10.38125/oajbs.000421,"""Tips to Boost Innate Immune System to Fight Viruses with a Focus on COVID-19: A Short Review""",2022,Open Access Journal of Biomedical Science,Peake_2017,forward,openalex_cited_by_no_pmid,no_pmid
,10.3892/wasj.2024.256,Exercise intervention may play a potential therapeutic role in patients with glioblastoma multiforme (Review),2024,World Academy of Sciences Journal,Campbell_Turner_2018,forward,openalex_cited_by_no_pmid,no_pmid
,10.3895/rbqv.v15n0.15100,Influência da pandemia de COVID-19 na qualidade de vida e no comportamento ativo de professores universitários,2023,Revista Brasileira de Qualidade de Vida,Campbell_Turner_2018,forward,openalex_cited_by_no_pmid,no_pmid
,10.4018/978-1-6684-6855-5.ch007,The Clinical Practices and Post-Treatment Care for COVID-19 Patients With Heart Complications,2023,"Advances in medical diagnosis, treatment, and care (AMDTC) book series",Simpson_2020,forward,openalex_cited_by_no_pmid,no_pmid
,10.4103/jmisr.jmisr_46_21,Lower-limb resistive versus aerobic training impact on quality of life in post-COVID-19 patients,2021,Journal of Medicine in Scientific Research,Campbell_Turner_2018,forward,openalex_cited_by_no_pmid,no_pmid
,10.4108/eai.22-7-2020.2300317,Student's Compliance in Doing Physical Activities During COVID-19 Pandemic,2020,,Simpson_2020,forward,openalex_cited_by_no_pmid,no_pmid
,10.4236/jbm.2023.111005,Variations in Inflammatory Cells and IL-6 in Long-Distance Runners Susceptible to Exercise-Induced Bronchospasm and Previously Treated with Salbutamol,2023,Journal of Biosciences and Medicines,Peake_2017,forward,openalex_cited_by_no_pmid,no_pmid
,10.4236/oalib.1108691,Exploring the Potential of Non-Pharmacological Therapeutic Interventions to Promote Resilience of the Human Immune System. Part I: Biological Foundations and Structured Exercise,2022,OALib,Campbell_Turner_2018,forward,openalex_cited_by_no_pmid,no_pmid
,10.4314/ajosi.v7i1.7,Effects of two massage therapy techniques on the rate of perceived exertion and performance recovery among adolescent footballers in Lagos State,2024,African Journal of Social Issues,Peake_2017,forward,openalex_cited_by_no_pmid,no_pmid
,10.4328/acam.21214,The effect of lifestyle on the course of COVID-19 infection,2022,The Annals of Clinical and Analytical Medicine,Campbell_Turner_2018,forward,openalex_cited_by_no_pmid,no_pmid
,10.46328/ijemst.2620,Science Mapping for Nutrition Education in Sports Recovery Research: A Bibliometric Analysis,2022,International Journal of Education in Mathematics Science and Technology,Peake_2017,forward,openalex_cited_by_no_pmid,no_pmid
,10.46551/ruc.v25n1a8,Exercício Físico Como Aliado Profilático Contra a COVID-19: Uma Hipótese Envolvendo o Receptor do Tipo Toll 7 (TLR-7),2023,Unimontes Científica,Campbell_Turner_2018,forward,openalex_cited_by_no_pmid,no_pmid
,10.46919/archv7n2-004,Eixo intestino-músculo: influência da microbiota intestinal na recuperação muscular e na resposta inflamatória pós exercício intenso,2026,Journal Archives of Health,Peake_2017,forward,openalex_cited_by_no_pmid,no_pmid
,10.46998/ijcmcr.2021.12.000299,COVID-19 Lockdowns: Exacerbating the Silent Pandemic,2021,International Journal of Clinical Studies and Medical Case Reports,Campbell_Turner_2018,forward,openalex_cited_by_no_pmid,no_pmid
,10.47197/retos.v42i0.88098,"Repercusión en la calidad de vida, salud y práctica de actividad física del confinamiento por Covid-19 en España (Effects on quality of life, health and practice of physical activity of Covid-19 confinement in Spain)",2021,Retos,Peake_2017,forward,openalex_cited_by_no_pmid,no_pmid
,10.47197/retos.v45i0.91455,"Nutrición y ejercicio físico, una considerable propuesta de ayuda no farmacológica ante el COVID-19 (Nutrition and exercise, a considerable proposal for non-pharmacological help against COVID-19)",2022,Retos,Campbell_Turner_2018,forward,openalex_cited_by_no_pmid,no_pmid
,10.47197/retos.v47.95252,Beneficios y riesgos de la práctica de la carrera de resistencia en corredores veteranos. Un análisis crítico ( Benefits and risks of endurance running in veteran runners. A critical análisis),2022,Retos,Campbell_Turner_2018,forward,openalex_cited_by_no_pmid,no_pmid
,10.47197/retos.v51.101475,Ejercicio físico reduce la discapacidade física y el sufrimento psicológico em pacientes con lumbalgia: un estudio cuasi experimental (Physical exercise reduces physical disability and psychological suffering in patients with chronic low back pain: a quasi-experimental study),2023,Retos,Campbell_Turner_2018,forward,openalex_cited_by_no_pmid,no_pmid
,10.47328/ufvbbt.2021.271,Influência do exercício físico e do nível de atividade física na saúde física e mental de mulheres idosas,2021,,Peake_2017,forward,openalex_cited_by_no_pmid,no_pmid
,10.47363/jcrrr/2020(1)117,"COVID-19, Cardiological Issues & Health Education",2020,Journal of Cardiology Research Review & Reports,Campbell_Turner_2018,forward,openalex_cited_by_no_pmid,no_pmid
,10.47470/0016-9900-2024-103-8-895-905,Experimental study of toxic effects of cadmium against background of physical exercise,2024,Hygiene and Sanitation,Peake_2017,forward,openalex_cited_by_no_pmid,no_pmid
,10.47529/2223-2524.2024.2.1,Assessment of the functional state of the body of highly qualified swimmers based on the analysis of correlations and dynamics of indicators of the morphological composition of the blood after the stress test,2024,Sports medicine research and practice,Campbell_Turner_2018;Peake_2017,forward,openalex_cited_by_no_pmid,no_pmid
,10.47749/t/unicamp.2014.922428,"Avaliação do conteúdo de treinamento e sua relação com biomarcadores imunológicos, dano muscular e desempenho físico em jogadores de futebol júnior",2014,,Peake_2017,forward,openalex_cited_by_no_pmid,no_pmid
,10.47749/t/unicamp.2021.1168948,"Resposta imune, bem-estar e microbiota intestinal de militares suplementados com sorvete simbiótico e submetidos a treinamento de campo",2021,,Campbell_Turner_2018,forward,openalex_cited_by_no_pmid,no_pmid
,10.48019/peam8812,"The Roadmap for Resilience: The California Surgeon General's Report on Adverse Childhood Experiences, Toxic Stress, and Health",2020,,Campbell_Turner_2018,forward,openalex_cited_by_no_pmid,no_pmid
,10.48140/digitaleditora.2020.002.17,EFEITO DO SISTEMA IMUNOLÓGICO FRENTE AO EXERCICIO FISICO,2021,DIGITAL EDITORA eBooks,Peake_2017,forward,openalex_cited_by_no_pmid,no_pmid
,10.5114/pq.2022.121150,COVID-19 pandemic: regular physical activity and respiratory exercises at home as prevention and treatment,2022,Physiotherapy Quarterly,Campbell_Turner_2018,forward,openalex_cited_by_no_pmid,no_pmid
,10.5124/jkma.26.0087,"Liver-centric strategies for immune enhancement: an evidence-based review of the gut–liver axis, metabolism, lifestyle, and vaccination",2026,Journal of Korean Medical Association,Campbell_Turner_2018,forward,openalex_cited_by_no_pmid,no_pmid
,10.51271/jorr-0011,"Comparison of physical activity, internet addiction, and healthy lifestyle behavior of Turkish University students before and during the early COVID-19 Pandemic",2023,Journal of Orthopedics Research and Rehabilitation,Campbell_Turner_2018,forward,openalex_cited_by_no_pmid,no_pmid
,10.51847/fccjs2pjin,The Impact of Moderate Intensity Exercise and Lemon Peel Essential Oil on Immune Function During the COVID-19 Pandemic,2022,Specialty journal of Pharmacognosy Phytochemistry and Biotechnology,Campbell_Turner_2018,forward,openalex_cited_by_no_pmid,no_pmid
,10.51847/gplgidmfkz,Regular Exercise of Moderate Intensity and Lemon Peel Essential Oil as Immunomodulator during Covid-19,2022,Pharmacophore,Campbell_Turner_2018,forward,openalex_cited_by_no_pmid,no_pmid
,10.5204/thesis.eprints.228685,The effects of an educational intervention on exercise advice behaviours of Thai oncology nurses,2022,Queensland University of Technology,Peake_2017,forward,openalex_cited_by_no_pmid,no_pmid
,10.52142/omujecm.39.4.32,Evaluation of sleep quality and physical activity levels of university students during the COVID-19 pandemic,2022,Journal of Experimental and Clinical Medicine,Campbell_Turner_2018,forward,openalex_cited_by_no_pmid,no_pmid
,10.52547/iau.31.4.413,"The effect of leisure time regular exercise on neutrophil function, myeloperoxidase levels, and antioxidant capacity in middle-aged men",2021,فصلنامه علوم پزشکی دانشگاه آزاد اسلامی واحد پزشکی تهران,Peake_2017,forward,openalex_cited_by_no_pmid,no_pmid
,10.52711/0974-360x.2023.00051,"Physical human Activity, Immunity and COVID-19",2023,Research Journal of Pharmacy and Technology,Peake_2017,forward,openalex_cited_by_no_pmid,no_pmid
,10.5281/zenodo.40804,Fpga-Based Implementation Of A Real-Time 5000-Word Continuous Speech Recognizer,2008,,Simpson_2020,forward,openalex_cited_by_no_pmid,no_pmid
,10.52976/vansaglik.1741773,Covid 19 Aşısı Olan Sağlık Çalışanlarında Antikor Düzeyi İle Egzersiz Alışkanlığı Arasındaki İlişkinin Değerlendirilmesi,2026,Van Sağlık Bilimleri Dergisi,Campbell_Turner_2018,forward,openalex_cited_by_no_pmid,no_pmid
,10.5336/sportsci.2020-76411,"Does the COVID-19 Outbreak, Global Trends, Physical Inactivity and Sedentary Behavior Effects?",2020,Turkiye Klinikleri Journal of Sports Sciences,Campbell_Turner_2018,forward,openalex_cited_by_no_pmid,no_pmid
,10.53520/jen2021.103100,Highly Branched Cyclic Dextrin and its Ergogenic Effects in Athletes: A Brief Review,2021,Journal of Exercise and Nutrition,Peake_2017,forward,openalex_cited_by_no_pmid,no_pmid
,10.53569/apjhls.991895,THE KEY TO STRONG IMMUNITY: LIFESTYLE,2021,Academic Platform Journal of Halal Life Style,Simpson_2020,forward,openalex_cited_by_no_pmid,no_pmid
,10.5377/alerta.v5i2.12803,Factores del estilo de vida con efecto inmunomodulador ante infecciones virales respiratorias en el adulto,2022,ALERTA Revista Científica del Instituto Nacional de Salud,Peake_2017;Simpson_2020,forward,openalex_cited_by_no_pmid,no_pmid
,10.53897/li.2024.0018.ucol,Aportes para la práctica del running,2024,Universidad de Colima eBooks,Campbell_Turner_2018;Peake_2017,forward,openalex_cited_by_no_pmid,no_pmid
,10.54033/cadpedv21n6-141,Fatores motivacionais de alunos praticantes de neopilates durante a pandemia do COVID-19,2024,Caderno Pedagógico,Simpson_2020,forward,openalex_cited_by_no_pmid,no_pmid
,10.54167/rmccf.v6i12.2284,"Hormonas, sueño y recuperación en deportistas femeninas",2026,Revista Mexicana de Ciencias de la Cultura Física,Peake_2017,forward,openalex_cited_by_no_pmid,no_pmid
,10.54284/jopi.v1i1.4,Tingkat aktivitas fisik dan kualitas tidur masyarakat di Jawa Timur selama masa pandemi covid-19,2021,Jurnal Olahraga Pendidikan Indonesia (JOPI),Peake_2017,forward,openalex_cited_by_no_pmid,no_pmid
,10.54393/pbmj.v5i6.523,Breast Cancer Screening Practices Amongst Female Students in Pakistan,2022,Pakistan BioMedical Journal,Campbell_Turner_2018,forward,openalex_cited_by_no_pmid,no_pmid
,10.54434/candj.64,Assessing for the Co-morbidities and Factors That May Affect a Patient’s Risk and Response to COVID-19,2020,CAND Journal,Campbell_Turner_2018,forward,openalex_cited_by_no_pmid,no_pmid
,10.5463/thesis.263,Mitigation of heat strain during exercise in hot-humid conditions,2023,,Simpson_2020,forward,openalex_cited_by_no_pmid,no_pmid
,10.5495/wjcid.v10.i4.47,COVID-19 risk comorbidities: Time to reappraise our physical inactivity habits (again!),2020,World Journal of Clinical Infectious Diseases,Campbell_Turner_2018,forward,openalex_cited_by_no_pmid,no_pmid
,10.55453/rjmm.2026.129.5.6,"Effects of intermittent pneumatic compression method on muscle pain, soreness, and recovery after exercise: a systematic review with meta-analysis",2026,Romanian Journal of Military Medicine,Peake_2017,forward,openalex_cited_by_no_pmid,no_pmid
,10.56984/8zg7d197y8i,Exercise immunology in 2 decades: systematic review and bibliometric analysis,2025,,Campbell_Turner_2018,forward,openalex_cited_by_no_pmid,no_pmid
,10.5772/27971,Applicability of the Reference Interval and Reference Change Value of Hematological and Biochemical Biomarkers to Sport Science,2012,InTech eBooks,Peake_2017,forward,openalex_cited_by_no_pmid,no_pmid
,10.5772/intechopen.1008423,Physical Activity: An Immunity Booster for Treating Respiratory Diseases,2025,IntechOpen eBooks,Campbell_Turner_2018,forward,openalex_cited_by_no_pmid,no_pmid
,10.5772/intechopen.102531,Physical Activity and Vaccine Response,2022,IntechOpen eBooks,Campbell_Turner_2018,forward,openalex_cited_by_no_pmid,no_pmid
,10.5812/asjsm-127151,Exercise in Cold Weather for COVID-19-Recovered Individuals,2022,Asian Journal of Sports Medicine,Peake_2017,forward,openalex_cited_by_no_pmid,no_pmid
,10.5812/zjrms-127999,Anthropometric and Physiological Changes in Bodybuilders During the COVID Pandemic,2023,Zahedan Journal of Research in Medical Sciences,Campbell_Turner_2018,forward,openalex_cited_by_no_pmid,no_pmid
,10.5817/sts2021-2-3,Covid-19 versus Physical Activity in the Context of University Students,2021,Studia sportiva,Simpson_2020,forward,openalex_cited_by_no_pmid,no_pmid
,10.5960/dzsm.2020.441,"Sport, exercise and COVID-19, the disease caused by the SARS-CoV-2 coronavirus",2020,German Journal of Sports Medicine,Simpson_2020,forward,openalex_cited_by_no_pmid,no_pmid
,10.5960/dzsm.2025.637,Recovery methods and medical issues during the transalpinerun 2023:A prospective observational study,2025,German Journal of Sports Medicine,Peake_2017,forward,openalex_cited_by_no_pmid,no_pmid
,10.59614/acief62026275,"Exercise and Human Immunity in Adolescents (12–18 Years): Biomarkers, Sex Differences, and Evidence From Mexico and International Studies: a Narrative Review",2026,Revista Académica Internacional de Educación Física,Campbell_Turner_2018,forward,openalex_cited_by_no_pmid,no_pmid
,10.6018/sportk.362071,Reposición del Glucógeno Muscular en la Recuperación del Deportista,2019,SPORT TK-Revista EuroAmericana de Ciencias del Deporte,Peake_2017,forward,openalex_cited_by_no_pmid,no_pmid
,10.61186/jbums.30.1.56,Effect of periodic of resistance training on lipid peroxidation and Tumor necrosis factor-alpha in the heart tissue of male rats exposed to stanazol,2023,Sālnāmah va āmār.,Campbell_Turner_2018,forward,openalex_cited_by_no_pmid,no_pmid
,10.61399/ikcusbfd.1636975,Şiddetli Fiziksel Aktiviteye Bağlı Ortaya Çıkan Gastrointestinal ve Bağışıklık Sistemi Problemlerinin Önlenmesinde Probiyotik Takviyesinin Rolü: Geleneksel Derleme,2026,İzmir Katip Çelebi Üniversitesi Sağlık Bilimleri Fakültesi Dergisi,Campbell_Turner_2018,forward,openalex_cited_by_no_pmid,no_pmid
,10.62617/mcb713,Effect of physical exercise on the proliferation and inactivation capacity of biological immune cells,2025,Molecular & cellular biomechanics,Shi_2025,backward,pubmed_efetch_referencelist,no_pmid
,10.64628/aa.csqdf36cq,Does regular exercise stop you getting sick in winter?,2026,,Shi_2025,forward,openalex_cited_by_no_pmid,no_pmid
,10.64628/aai.cyqupp7av,Untangling tattoos’ influence on immune response,2019,,Campbell_Turner_2018,forward,openalex_cited_by_no_pmid,no_pmid
,10.64898/2026.02.05.704049,Exercise-conditioned tear fluid suppresses myopia progression,2026,bioRxiv (Cold Spring Harbor Laboratory),Shi_2025,forward,openalex_cited_by_no_pmid,no_pmid
,10.64898/2026.02.19.706732,"Gene III ® L-Ergothioneine Ameliorates Exercise-Induced Fatigue by Attenuating Oxidative Stress, Inflammation, and Modulating the AMPK/PGC-1α Signaling Pathway",2026,bioRxiv (Cold Spring Harbor Laboratory),Peake_2017,forward,openalex_cited_by_no_pmid,no_pmid
,10.69665/iss.v46i1.15,Physical Activity Adaptations in Vietnam during COVID-19,2024,International Sports Studies,Simpson_2020,forward,openalex_cited_by_no_pmid,no_pmid
,10.70675/208ba22bz2ec2z47d3z9889z4157016e475d,Influence du sexe et de l'exercice physique sur la réponse immune dans un modèle murin de pneumopathie,2023,,Peake_2017,forward,openalex_cited_by_no_pmid,no_pmid
,10.70675/4abe6de9z03b8z4096zaf2dz172152e67c73,Etude de différents protocoles d’exercice chez la souris et dans un modèle préclinique de lésion médullaire cervicale,2020,,Campbell_Turner_2018;Peake_2017,forward,openalex_cited_by_no_pmid,no_pmid
,10.70675/ed8e1406zad5dz489dzbbf9z1b29193856b2,Effets de l’exercice physique aigu pré administration de l’immunochimiothérapie dans les cancers métastatiques : données précliniques et faisabilité clinique,2023,,Peake_2017,forward,openalex_cited_by_no_pmid,no_pmid
,10.7476/9786586383829,"Educação física e ciências do esporte no tempo presente: desmonte dos processos democráticos, desvalorização da ciência, da educação e ações em defesa da vida",2021,,Simpson_2020,forward,openalex_cited_by_no_pmid,no_pmid
,10.7476/9786586383829.0017,Impacto da pandemia de Covid-19 sobre o treinamento esportivo,2021,,Simpson_2020,forward,openalex_cited_by_no_pmid,no_pmid
,10.7752/jpes.2020.s1050,,2020,Journal of Physical Education and Sport,Peake_2017,forward,openalex_cited_by_no_pmid,no_pmid
,10.7752/jpes.2020.s6427,,2020,Journal of Physical Education and Sport,Simpson_2020,forward,openalex_cited_by_no_pmid,no_pmid
,10.7752/jpes.2021.04235,Effects of small-sided games on the haematological profile of soccer players,2021,Journal of Physical Education and Sport,Simpson_2020,forward,openalex_cited_by_no_pmid,no_pmid
,10.7752/jpes.2021.s4328,,2021,Journal of Physical Education and Sport,Campbell_Turner_2018,forward,openalex_cited_by_no_pmid,no_pmid
,10.9734/jpri/2020/v32i1430616,The Relationship between Exercise and Medication in Preventing Severe forms of COVID-19 Infection,2020,Journal of Pharmaceutical Research International,Simpson_2020,forward,openalex_cited_by_no_pmid,no_pmid
,10.9734/jpri/2020/v32i3430972,"Vasodilators, Enhancers of Prevention through Exercise of COVID-19?",2020,Journal of Pharmaceutical Research International,Simpson_2020,forward,openalex_cited_by_no_pmid,no_pmid
,,Bishop NC 2009 Exerc Immunol Rev 15:127,2009,Exerc Immunol Rev,Peake_2017,backward,unresolved_no_doi_in_crossref,no_pmid
,,Gleeson M 2005 Ann Transplant 10:43,2005,Ann Transplant,Peake_2017,backward,unresolved_no_doi_in_crossref,no_pmid
,,Neubauer O 2015  :39,2015,,Peake_2017,backward,unresolved_no_doi_in_crossref,no_pmid
,,Nieman DC 1998 Exerc Immunol Rev 4:64,1998,Exerc Immunol Rev,Peake_2017,backward,unresolved_no_doi_in_crossref,no_pmid
,,Peake J 2005 Exerc Immunol Rev 11:64,2005,Exerc Immunol Rev,Peake_2017,backward,unresolved_no_doi_in_crossref,no_pmid
,,Peake JM 2002 Exerc Immunol Rev 8:49,2002,Exerc Immunol Rev,Peake_2017,backward,unresolved_no_doi_in_crossref,no_pmid
,,Prather AA 2012 Sleep 35:1063,2012,Sleep,Peake_2017,backward,unresolved_no_doi_in_crossref,no_pmid
,,Rohde T 1998 Med Sci Sports Exerc 30:856,1998,Med Sci Sports Exerc,Peake_2017,backward,unresolved_no_doi_in_crossref,no_pmid
,,Simpson RJ 2016 Exerc Immunol Rev 22:8,2016,Exerc Immunol Rev,Peake_2017,backward,unresolved_no_doi_in_crossref,no_pmid
,,Walsh NP 2011 Exerc Immunol Rev 17:64,2011,Exerc Immunol Rev,Peake_2017,backward,unresolved_no_doi_in_crossref,no_pmid
,,Walsh NP 2011 Exerc Immunol Rev 17:6,2011,Exerc Immunol Rev,Peake_2017,backward,unresolved_no_doi_in_crossref,no_pmid
,,"Mackinnon LT. Advances in Exercise Immunology. Champaign, IL: Human Kinetics; (1999). xii, 363 p.",,,Campbell_Turner_2018,backward,unresolved_book_or_chapter_no_doi_no_pmid,no_pmid
,,Xia S. Effects of sports exercises on immunity system in aging. J Wuhan Institute Phys Educ. (2005) 39:63.,,,Shi_2025,backward,unresolved_book_or_chapter_no_doi_no_pmid,no_pmid
,,"Sheer MP, Hainsworth R. The cardiovascular response to exercise. In: Shephard RJ, Åstrand PO, editors.Endurance in Sport. Blackwell Science; (2000). p. 321–33.",,,Xie_2026,backward,unresolved_book_or_chapter_no_doi_no_pmid,no_pmid
,,West JB. Respiratory physiology: the essentials. Lippincott Williams & Wilkins; (2012).,,,Xie_2026,backward,unresolved_book_or_chapter_no_doi_no_pmid,no_pmid
,,"Sawka MN, Wenger CB, Pandolf KB. Thermoregulatory responses to acute exercise-heat stress and heat acclimation. In: Fregly MJ, Blatteis CM, editors. Handbook of Physiology. Oxford University Press; (1996). p. 157–85.",,,Xie_2026,backward,unresolved_book_or_chapter_no_doi_no_pmid,no_pmid
,,Impact of Exercise on Some Haematological and Cellular Immune Markers in Male Athletes,2020,HAL (Le Centre pour la Communication Scientifique Directe),Peake_2017,forward,openalex_cited_by_no_pmid,no_pmid
,,"The influence of anxiety, psychological stress and exercise on an in vivo measure of immune competence",2020,,Campbell_Turner_2018;Peake_2017,forward,openalex_cited_by_no_pmid,no_pmid
,,The immune system: A common link mediating exercise effects on the tumour microenvironment and skeletal muscle mitochondria?,2020,Otago University Research Archive (University of Otago),Peake_2017,forward,openalex_cited_by_no_pmid,no_pmid
,,Effects of Exercise on Factors Regulating Adipose Tissue Expandability,2020,Deep Blue (University of Michigan),Peake_2017,forward,openalex_cited_by_no_pmid,no_pmid
,,Histamine and the Exercise Responsome,2020,Scholars' Bank (University of Oregon),Campbell_Turner_2018,forward,openalex_cited_by_no_pmid,no_pmid
,,How has the initial lockdown and reopening due to the COVID-19 pandemic affected physical activity level and well-being in Turkey?,2021,DergiPark (Istanbul University),Campbell_Turner_2018,forward,openalex_cited_by_no_pmid,no_pmid
,,"Inactividad física, ejercicio y pandemia COVID-19",2020,VIREF revista de educación física,Simpson_2020,forward,openalex_cited_by_no_pmid,no_pmid
,,Cancer in U.S. Latino communities: an exploratory review,1993,,Simpson_2020,forward,openalex_cited_by_no_pmid,no_pmid
,,$O_{2}(c^{1}\sum^{-}_{u}-b^{1}\sum^{+}_{g})$ BAND EMISSION IN THE TERRESTRIAL NIGHTGLOW,2002,The Knowledge Bank (The Ohio State University),Simpson_2020,forward,openalex_cited_by_no_pmid,no_pmid
,,Avatares italianos de un soldados español con ambiciones literarias: Pedro Gaytán,1993,Dialnet (Universidad de la Rioja),Simpson_2020,forward,openalex_cited_by_no_pmid,no_pmid
