11214
42584
55457
70128
74333
77709
90094
113446
115619
142076
197018
210128
210497
212093
217632
225530
261597
301451
303485
304653
326440
344200
360743
378837
383877
400712
401519
401834
404357
407642
438328
447945
467370
468238
469263
479364
483246
495074
495565
518263
529861
552217
558064
560318
561790
566372
574737
589779
594284
601733
609275
654936
659632
668205
675000
687888
705238
709794
724340
727242
748398
769217
775963
786143
786422
791331
793466
818704
833280
844890
874052
881393
929097
931838
953051
984733
998438
1015843
1053440
1137210
1138808
1144527
1152101
1163663
1187275
1208508
1215833
1221553
1233286
1254723
1260119
1261498
1279289
1282126
1293425
1296028
1303777
1303779
1308496
1310814
1311663
1315252
1317470
1318887
1319854
1322477
1325321
1325959
1330501
1330942
1330946
1331648
1332427
1334395
1334947
1336452
1336720
1337160
1337562
1338332
1340183
1340737
1342899
1350363
1352619
1355518
1356184
1360013
1360258
1371655
1382701
1382982
1383311
1384474
1386364
1396129
1405203
1410527
1410578
1412114
1413389
1419796
1421011
1422653
1423526
1424411
1425633
1425654
1426100
1428375
1433493
1434945
1436308
1439092
1442451
1443865
1447084
1447096
1450881
1452414
1453125
1461574
1466192
1466500
1470015
1470016
1472339
1476324
1477186
1481777
1483055
1483448
1484507
1486038
1487340
1489006
1489148
1490963
1494761
1497188
1507497
1510314
1510320
1510513
1511428
1514665
1516192
1518395
1519838
1521950
1524281
1533632
1537746
1541071
1544729
1547987
1548991
1549029
1552482
1555908
1555909
1555910
1563367
1569605
1575611
1580445
1582284
1584314
1586308
1592056
1592057
1592059
1593614
1594266
1598851
1601565
1610394
1611082
1611721
1611723
1613544
1616052
1618188
1618189
1618817
1618860
1619005
1621391
1626787
1628766
1630031
1633899
1634916
1634942
1636408
1639453
1639801
1639942
1645055
1647707
1651148
1651924
1655191
1655391
1657578
1658009
1661352
1661353
1662538
1663738
1663932
1667235
1668757
1669597
1669975
1671059
1672355
1672914
1675522
1676995
1687437
1690442
1690627
1691382
1692786
1695151
1712552
1712638
1713847
1715932
1716333
1716617
1721863
1724287
1724622
1725635
1725743
1730841
1735254
1745605
1747281
1748099
1752711
1752720
1756437
1761026
1765060
1766181
1768160
1768585
1769708
1770751
1772997
1776971
1778160
1779658
1783027
1784873
1790208
1799694
1802475
1805988
1806734
1810612
1813985
1814900
1826879
1827015
1834739
1834901
1837265
1844822
1844996
1846079
1854105
1857281
1864348
1867950
1868031
1868324
1875559
1882513
1882515
1885446
1889935
1890489
1890634
1893375
1894394
1894395
1894397
1894398
1898715
1904348
1905495
1906973
1907258
1910239
1910812
1912557
1917224
1917518
1918374
1927920
1930769
1934381
1939206
1940351
1940379
1941755
1949968
1953305
1955630
1958676
1962068
1967046
1967950
1968005
1968366
1968526
1978755
1981784
1984801
1986393
1991041
1991921
1993888
1996808
1999478
2010374
2010406
2010413
2011496
2015714
2018527
2022201
2022743
2026872
2044521
2047622
2057900
2059133
2061101
2064457
2068468
2069511
2072829
2078299
2078416
2079319
2084446
2096490
2100704
2100988
2104878
2105990
2114413
2114811
2115372
2115507
2117534
2118904
2120336
2122516
2123179
2123891
2125577
2126834
2127039
2127819
2128459
2128980
2137551
2140110
2140346
2140453
2141380
2141475
2142294
2143586
2144055
2144268
2144551
2150727
2158469
2161722
2162022
2163095
2163299
2166542
2169064
2172361
2172465
2173541
2173558
2173645
2174317
2175569
2176520
2176521
2176705
2178091
2184192
2189680
2190773
2192813
2193534
2193890
2199363
2199436
2199691
2205778
2208662
2211861
2217667
2221489
2221579
2228562
2229822
2233195
2233197
2239053
2246189
2247593
2252629
2263920
2265308
2272984
2273662
2282903
2288498
2289302
2289504
2291305
2294985
2295643
2296874
2297463
2298189
2300706
2303726
2307786
2310095
2311596
2316221
2322497
2329285
2337686
2338373
2338672
2340503
2353850
2355818
2357488
2357582
2361883
2364097
2365037
2368963
2370554
2376167
2378512
2381520
2382875
2394012
2399254
2406173
2410478
2411121
2411709
2425516
2428243
2431285
2435698
2437839
2447247
2451018
2453506
2454490
2463458
2468060
2478773
2478805
2479362
2483571
2491815
2497109
2499454
2502312
2506303
2507568
2508430
2511248
2515951
2520485
2521746
2524206
2526117
2527243
2527473
2532074
2532135
2532442
2533414
2536896
2537995
2540146
2542006
2542574
2543197
2543200
2543677
2547562
2555188
2556143
2557857
2560604
2561149
2561150
2562000
2562957
2563454
2566292
2568112
2568341
2575325
2582967
2583158
2584408
2587418
2588697
2589975
2589988
2591361
2598536
2599719
2604308
2607537
2608065
2611661
2627160
2628363
2640937
2643520
2643633
2646355
2657038
2658699
2659162
2661700
2662321
2663518
2664463
2664665
2669532
2670759
2674588
2674852
2683633
2684406
2691165
2698253
2702239
2712427
2713996
2717882
2722325
2723749
2727617
2736328
2736428
2751624
2752561
2759221
2760163
2760905
2767064
2767079
2777198
2781502
2783948
2788050
2789200
2790228
2792786
2797032
2799077
2799582
2807607
2809506
2813813
2814940
2820200
2829311
2830106
2837826
2838231
2839777
2845229
2846456
2849339
2853054
2853442
2856048
2856815
2857802
2861168
2868822
2869830
2877881
2877958
2878813
2879475
2881663
2881945
2884082
2886573
2887018
2888163
2893919
2903279
2910217
2913900
2917932
2920441
2925625
2926084
2928096
2934748
2934749
2935110
2935392
2936942
2940252
2941105
2943019
2943049
2943957
2945977
2949974
2952824
2953396
2954481
2955158
2955192
2956095
2956427
2957655
2958280
2958611
2958954
2963368
2965563
2967239
2967315
2967895
2967991
2968323
2969669
2970923
2972785
2973274
2973977
2976336
2979030
2980285
2982888
2986095
2988270
2991341
2994334
2994961
2998791
3003080
3009951
3010548
3013056
3016636
3018423
3021486
3030607
3036413
3040390
3042306
3045529
3054276
3055110
3058136
3062960
3065859
3066040
3068126
3068772
3083743
3087936
3087967
3088378
3089583
3102198
3106867
3112307
3117569
3120145
3126216
3127042
3129500
3132963
3137433
3139406
3141802
3144130
3146021
3153468
3155583
3158183
3166460
3175339
3185468
3185915
3186933
3187956
3195802
3207805
3211441
3214970
3216722
3218215
3225213
3232527
3242654
3244560
3245505
3258238
3258880
3260323
3261379
3261760
3261875
3262525
3266562
3268289
3272287
3276758
3276786
3281995
3282291
3286224
3290254
3302177
3302842
3304774
3313458
3315917
3316344
3316738
3336270
3339187
3346690
3349139
3354341
3366523
3366525
3370401
3371343
3371344
3372913
3378203
3384515
3387293
3392702
3393847
3397035
3402185
3403039
3403455
3410778
3412288
3412289
3416323
3417520
3425789
3427696
3429083
3434658
3440861
3469103
3476861
3491061
3491062
3493395
3494554
3496677
3498415
3500741
3516717
3517044
3517382
3529285
3535535
3537627
3538802
3540234
3544936
3553739
3556196
3557778
3558215
3565853
3571958
3572403
3574054
3580296
3583968
3584247
3589959
3597550
3599008
3623425
3623681
3623682
3624045
3624128
3652088
3653031
3656116
3658225
3667019
3667020
3668031
3671888
3676203
3677557
3678183
3678186
3679644
3680562
3687561
3690021
3691462
3691477
3713102
3715202
3717698
3719937
3722630
3732988
3733605
3739543
3755053
3764730
3765090
3769902
3773085
3773678
3778226
3787472
3787646
3789331
3795010
3799410
3801909
3810106
3824471
3830254
3846439
3858102
3872744
3875451
3875620
3882503
3885434
3888637
3888949
3898460
3898985
3902853
3908350
3912098
3913762
3926508
3927301
3932453
3942368
3945185
3946457
3959868
3964740
3965775
3970143
3975490
3976693
3977134
3977357
3985025
3990340
3992143
4003228
4004819
4019697
4019941
4028040
4036416
4039304
4061121
4064841
4071440
4077362
4083296
4084185
4090405
4146764
4164884
4170390
4197023
4278108
4362865
4539831
4558095
4627093
4689994
4851120
5056911
5229367
5558032
6083246
6086099
6089529
6091944
6092664
6094088
6096319
6108073
6110560
6114930
6116197
6130331
6139570
6142562
6143769
6147087
6154972
6156056
6159992
6166985
6171341
6172974
6178768
6179651
6180503
6181614
6183024
6185251
6191165
6191589
6198178
6199249
6199398
6201522
6209819
6211089
6211296
6217583
6218237
6221435
6227215
6229241
6230298
6231713
6240477
6241754
6249895
6254105
6257746
6257784
6258958
6270853
6274471
6311860
6316823
6317848
6319947
6325524
6325953
6339822
6342165
6343864
6349443
6349876
6352303
6352578
6364841
6370093
6372803
6376015
6379367
6382567
6386559
6408915
6413743
6417283
6418559
6424421
6425442
6427157
6430138
6451281
6466254
6467702
6467840
6469714
6488887
6497804
6499282
6502424
6505076
6507997
6536668
6539491
6539680
6542502
6543306
6547065
6567229
6576087
6578063
6611335
6617208
6628608
6646162
6648856
6652491
6653877
6654543
6656187
6662758
6665971
6677174
6681602
6681624
6696530
6698677
6700436
6703499
6711012
6714204
6715733
6718502
6720324
6721556
6721720
6739727
6754134
6754602
6764895
6768491
6788213
6812659
6814599
6822065
6826426
6832236
6836306
6840229
6841829
6843319
6850145
6854135
6854349
6863505
6873048
6885903
6889299
6962851
6981653
6986264
6986534
6987518
6995104
6998881
7010904
7015876
7023768
7026183
7048098
7059401
7059675
7066115
7072115
7072316
7072633
7076852
7077258
7080012
7083632
7094462
7097751
7107103
7107863
7132356
7140866
7167736
7168438
7173139
7178673
7180570
7197212
7199452
7204196
7210700
7218326
7219473
7237936
7265628
7297320
7300236
7303695
7310010
7337836
7343131
7347730
7350185
7350460
7354133
7356685
7371880
7372954
7377111
7383850
7389711
7408143
7411167
7417180
7426354
7430505
7431121
7444701
7447110
7447111
7452749
7473344
7474460
7474534
7476053
7476281
7481277
7487830
7493953
7494944
7496078
7496949
7497587
7500613
7503009
7505095
7507886
7507977
7515501
7516736
7521830
7526114
7528335
7530230
7530415
7534285
7537269
7538942
7539055
7540564
7540992
7541087
7545552
7551367
7554392
7556193
7558524
7558530
7558532
7559209
7579049
7582190
7585754
7586269
7588680
7588685
7588696
7588702
7589485
7591392
7591393
7591394
7593059
7595057
7595980
7597661
7600046
7601977
7606741
7606943
7610315
7615453
7616010
7616318
7616798
7619033
7620608
7623131
7630031
7630203
7633966
7640882
7644106
7649675
7653737
7654732
7666364
7667350
7667506
7667830
7670247
7671874
7671876
7674539
7679976
7680745
7681061
7681633
7681834
7683314
7683333
7684582
7689475
7692898
7695138
7696582
7701450
7703369
7713623
7713627
7718006
7722297
7723358
7723642
7727459
7730003
7730754
7735247
7742765
7742772
7744303
7744650
7744690
7750460
7751084
7752863
7753111
7759332
7759444
7761414
7766862
7768193
7768243
7769779
7772028
7772456
7775308
7776675
7777171
7779149
7787319
7789326
7790786
7791579
7793208
7796156
7802931
7805676
7806089
7808244
7809382
7816556
7819013
7820608
7822069
7824567
7827368
7827927
7830383
7836145
7836163
7836192
7836220
7837949
7839497
7840344
7845291
7849657
7850938
7857313
7865864
7867481
7868057
7868437
7869265
7871295
7883317
7883395
7883396
7883397
7883398
7883399
7883401
7883402
7886823
7889038
7892069
7893746
7894212
7894955
7895691
7898341
7900526
7903211
7905038
7905757
7907114
7908308
7910170
7913292
7914831
7915172
7915680
7923257
7924476
7928850
7928885
7928891
7931036
7932079
7932851
7934007
7934017
7934967
7942053
7943200
7946939
7949108
7954467
7955915
7957518
7960319
7961280
7961495
7967717
7970032
7977720
7977847
7980595
7980655
7987667
7988196
7988471
7995268
7995489
7996055
7996280
7997741
7999177
8000813
8002126
8004296
8005725
8005881
8007806
8009138
8012649
8018911
8019055
8021515
8022655
8024942
8025563
8025739
8026042
8032288
8033504
8045831
8047444
8048485
8049874
8052432
8053176
8054786
8056127
8059537
8059951
8062260
8062846
8063468
8063469
8063510
8063684
8065332
8071372
8074270
8077233
8077904
8088088
8088121
8095894
8098560
8100607
8101092
8102156
8104879
8105146
8106565
8107540
8109858
8112238
8112321
8113394
8114174
8117324
8118692
8128398
8128887
8129569
8144226
8148372
8148442
8148868
8149449
8155915
8155997
8157368
8157376
8162923
8163323
8163324
8163567
8164528
8164530
8164533
8165058
8166601
8170537
8170538
8171226
8171379
8173759
8175048
8177053
8178326
8187809
8190837
8195017
8195378
8197986
8202606
8205743
8207245
8207249
8207255
8207941
8222367
8222889
8223526
8223532
8223790
8226494
8226517
8226764
8226779
8227133
8231289
8231757
8239177
8241956
8242001
8242628
8243295
8244530
8253515
8258620
8260713
8261557
8261702
8262700
8275406
8276881
8280021
8281369
8285277
8287959
8288312
8294688
8297475
8298715
8299603
8300212
8300275
8300794
8302459
8307155
8307608
8309706
8310708
8312837
8313360
8321104
8323460
8325716
8330194
8330616
8333245
8337480
8339429
8342683
8342889
8345799
8346919
8350611
8350698
8351443
8355680
8359284
8364755
8365836
8365998
8370648
8375478
8377940
8378588
8381082
8383598
8390927
8399854
8400288
8407151
8407720
8408448
8409337
8413317
8415774
8419117
8419894
8425458
8432990
8432993
8439433
8439522
8440265
8444683
8444721
8445990
8450597
8450718
8452519
8460066
8463030
8468369
8472663
8475681
8475891
8480381
8480545
8483642
8484581
8489239
8501397
8503414
8504830
8507002
8514706
8518098
8521678
8524282
8531621
8536622
8538932
8541103
8543757
8543968
8544948
8549080
8549572
8550071
8550256
8550757
8553993
8558205
8558905
8562699
8563110
8563720
8567513
8567577
8567581
8572241
8572588
8575573
8575584
8576868
8579361
8583962
8584027
8589798
8590039
8590819
8591988
8594005
8594014
8610081
8611721
8612031
8613710
8619029
8619143
8619330
8621799
8621800
8622824
8630571
8633805
8635530
8639473
8639826
8641321
8658507
8659198
8664371
8665277
8668959
8674256
8675396
8676612
8679267
8680687
8682086
8685536
8689824
8697451
8698828
8701633
8703029
8703485
8713015
8713437
8714517
8714708
8717802
8720501
8724203
8726938
8728513
8731108
8732372
8736335
8737117
8737609
8739575
8739576
8741082
8744557
8744693
8748723
8752491
8760159
8760224
8763895
8765812
8768860
8769723
8770036
8770917
8772768
8775515
8775577
8775578
8776010
8776070
8777209
8781725
8783878
8784764
8786730
8786817
8787548
8789587
8793024
8795474
8795478
8799596
8800359
8803512
8803520
8804655
8808696
8814050
8814552
8814976
8816919
8817287
8820884
8820892
8822619
8822629
8827017
8827844
8828685
8832535
8832604
8833719
8833720
8834831
8836642
8836681
8837577
8837666
8843497
8843757
8846536
8849571
8850573
8852929
8857109
8858412
8861664
8861675
8862448
8867287
8869196
8869727
8871903
8872652
8876449
8880030
8880102
8883465
8883894
8884412
8889739
8889746
8889756
8891515
8893252
8893977
8895733
8896716
8897027
8897029
8897030
8898517
8898521
8898955
8901801
8903323
8903581
8905353
8907804
8909257
8910439
8911827
8911828
8912016
8912061
8913777
8915577
8916319
8917349
8921568
8924030
8925290
8925677
8925809
8925815
8928790
8929606
8929618
8930331
8932593
8937803
8941498
8941502
8942845
8943519
8945021
8950946
8954030
8954290
8959114
8964229
8964718
8964754
8964871
8967414
8968609
8969043
8969726
8969794
8970441
8971495
8971500
8971677
8971760
8973979
8973981
8973982
8978955
8983087
8983453
8990128
9001956
9001959
9003550
9006102
9007457
9008885
9010384
9011329
9013579
9018406
9018442
9023588
9023782
9030474
9030773
9033711
9037745
9038697
9042071
9042238
9048217
9051584
9059898
9059906
9061215
9062046
9062052
9065766
9075691
9081263
9081270
9083591
9089520
9090473
9093301
9093390
9100258
9102142
9102846
9104510
9105081
9107303
9107624
9107628
9107634
9114237
9114618
9116117
9116281
9116974
9116992
9117523
9118978
9119541
9120394
9121953
9126921
9129258
9129259
9129260
9129261
9129262
9129264
9129265
9129266
9129268
9129627
9130176
9131208
9133674
9134370
9134380
9139172
9139173
9139751
9139754
9139768
9140910
9148901
9148944
9152651
9153071
9156349
9159758
9166750
9168063
9170624
9173960
9174114
9176030
9176042
9185859
9187024
9187972
9187976
9189722
9190807
9192688
9192753
9194532
9196114
9200319
9201240
9203809
9205771
9208054
9209184
9212344
9212346
9214422
9216177
9223075
9225953
9227168
9227599
9228525
9238794
9241026
9250598
9252220
9252463
9252483
9255135
9255436
9259081
9262509
9262535
9263279
9265236
9265928
9272775
9272780
9278557
9286967
9288594
9289826
9295187
9296243
9298361
9298779
9302491
9303485
9309628
9310018
9314719
9316530
9326122
9334454
9338514
9342441
9346162
9346165
9352230
9356758
9363111
9363742
9366410
9372679
9373449
9375306
9379682
9381514
9387195
9387196
9387965
9393634
9393771
9395231
9401605
9408015
9408201
9413374
9413749
9413958
9414072
9417806
9421951
9424393
9426320
9432092
9433372
9433899
9443552
9444942
9447607
9449911
9458082
9458721
9458795
9459184
9459427
9459517
9461493
9462692
9464849
9465923
9466403
9474388
9475639
9476305
9482755
9483498
9484466
9485526
9486420
9490428
9490433
9494056
9494559
9495222
9497880
9502346
9502353
9502526
9503938
9505073
9510192
9512820
9515591
9516191
9517680
9518143
9518504
9518509
9518745
9518994
9521622
9521974
9523154
9532250
9533203
9534081
9536039
9541133
9543356
9547407
9547413
9559881
9562223
9562294
9562439
9563618
9564713
9564982
9571703
9572805
9575306
9578346
9578378
9579074
9582962
9583212
9588607
9588609
9588843
9591399
9593765
9595377
9595493
9607120
9609131
9609615
9609785
9612414
9618001
9618704
9620946
9621622
9622029
9623688
9624643
9624644
9627406
9630020
9630207
9631480
9634608
9637195
9637507
9639272
9644092
9644093
9644094
9647606
9650735
9650740
9656912
9657569
9662688
9668536
9670106
9670112
9673965
9677325
9678660
9684056
9696990
9700132
9703315
9705109
9708470
9708660
9710578
9710746
9712702
9716707
9721070
9722284
9722286
9727594
9727783
9729593
9733460
9736675
9743408
9744050
9746272
9749694
9749777
9753519
9753521
9754577
9754906
9756554
9757760
9758173
9760110
9762014
9763794
9763795
9764849
9767396
9769831
9769999
9770574
9772687
9774211
9774212
9776348
9777948
9778981
9779681
9783997
9784508
9787299
9788520
9790605
9793002
9794479
9800053
9802174
9804279
9806154
9809846
9811282
9812615
9814508
9817162
9817493
9823739
9824725
9824788
9827458
9827771
9828917
9839070
9839072
9839073
9839076
9839078
9839079
9839081
9839083
9839086
9843845
9843861
9850068
9855323
9857113
9857658
9858109
9863959
9868308
9877146
9877151
9885969
9887119
9887206
9888162
9890653
9892511
9894945
9917505
9917531
9918153
9918916
9923788
9924724
9925898
9927002
9927011
9927013
9927234
9927384
9931177
9950871
9950928
9951445
10023828
10023832
10024133
10027157
10027750
10036305
10051240
10051250
10051729
10052662
10052667
10052669
10065667
10066712
10068871
10069269
10070077
10072961
10072979
10077430
10080859
10082257
10084466
10085487
10085684
10086213
10087868
10088017
10090328
10090453
10091272
10091624
10098462
10101151
10101512
10102676
10168548
10184583
10186448
10188738
10190769
10190770
10190775
10193492
10194033
10194157
10194203
10194215
10195069
10198968
10200576
10206203
10206502
10208342
10211844
10211848
10211849
10215205
10216090
10216987
10217340
10219670
10222113
10222539
10224210
10226888
10227988
10230161
10232441
10232851
10233044
10233127
10322101
10325247
10326158
10326602
10328426
10328438
10329828
10336118
10344359
10344454
10344456
10344463
10344704
10352758
10353825
10356912
10359573
10360680
10360922
10361331
10362386
10364418
10364419
10364420
10368344
10368355
10369120
10370724
10372595
10372978
10376483
10377201
10378074
10378238
10378910
10379481
10381545
10382096
10383486
10385269
10388483
10389551
10391842
10392849
10392852
10394828
10395749
10400042
10403401
10404497
10407779
10408317
10409590
10410329
10410839
10410846
10413133
10414164
10416558
10420137
10425414
10428295
10428573
10430071
10430105
10435479
10438325
10445622
10445623
10446165
10448900
10449025
10452230
10453859
10454083
10458589
10461814
10463962
10467563
10469525
10469623
10472319
10472525
10477441
10478608
10484001
10484593
10484595
10484597
10485515
10485779
10486837
10489015
10491346
10494134
10496119
10497403
10500036
10501476
10502079
10503090
10509363
10509709
10511268
10513800
10514273
10516985
10517561
10517764
10519061
10519062
10519063
10527820
10532808
10533844
10534262
10541440
10541441
10542921
10544390
10546647
10547161
10547426
10547630
10551346
10552266
10562353
10562607
10565881
10566635
10567624
10572208
10573332
10573667
10575750
10582548
10585051
10585274
10587253
10589473
10589862
10589863
10590187
10597849
10598480
10600657
10600658
10600795
10600843
10601141
10601173
10601174
10601175
10602722
10603704
10604210
10605950
10610832
10613431
10619370
10619980
10620398
10622205
10622270
10623982
10624393
10626567
10627077
10630682
10634215
10637182
10638381
10638510
10639280
10640577
10640980
10642360
10642363
10644818
10647540
10653445
10656294
10657985
10658054
10659224
10659227
10659230
10659236
10659275
10659327
10660661
10664086
10668761
10671807
10672493
10676644
10677619
10679046
10680098
10683114
10686044
10686775
10690446
10692318
10692607
10694117
10700629
10703164
10704115
10707477
10711678
10711822
10712361
10714561
10715562
10719781
10720041
10722780
10727075
10727694
10729075
10731000
10734666
10737418
10738706
10749807
10753674
10754401
10754517
10756131
10758334
10759448
10759475
10759703
10768734
10768898
10771377
10772939
10773726
10774876
10782525
10784117
10790819
10792309
10795783
10795786
10796616
10796798
10797131
10797139
10804041
10804292
10805072
10806050
10806364
10807963
10809925
10817169
10817423
10817726
10818279
10820224
10822060
10827786
10834269
10834317
10834351
10837342
10838248
10839228
10844520
10846424
10849471
10852756
10852757
10853701
10853702
10853703
10853774
10853849
10856533
10858997
10862515
10862535
10862637
10870095
10871699
10875627
10876011
10877971
10879444
10879457
10879896
10888976
10891568
10893017
10893018
10893020
10893021
10893023
10893024
10893026
10893341
10893431
10898410
10901701
10904046
10908411
10909963
10910293
10910295
10910296
10910297
10911809
10912177
10912880
10912884
10912885
10913348
10913482
10914677
10919060
10919061
10919971
10922016
10922142
10922143
10923865
10924077
10926657
10928657
10929210
10931748
10942707
10944959
10946862
10949003
10949106
10953066
10953894
10955700
10955749
10956359
10967152
10968373
10971628
10973867
10983891
10984359
10984362
10984363
10986351
10986551
10987594
10988117
10988133
10989160
10991865
10997311
10998053
10998112
10999422
11001259
11003794
11003990
11005747
11007588
11011017
11011034
11013815
11014218
11019901
11022798
11027515
11029335
11029651
11033992
11034437
11035087
11037258
11039131
11043503
11044635
11046195
11050531
11050535
11050536
11050537
11050538
11050539
11050540
11053067
11053329
11053345
11060137
11068366
11069521
11069620
11072780
11072864
11076696
11079521
11080265
11081322
11081462
11082379
11082415
11083139
11083752
11084209
11085559
11087903
11090564
11090586
11090595
11093658
11094537
11096461
11112890
11116068
11122359
11124582
11125891
11128842
11128850
11128860
11131600
11132604
11137745
11137827
11139007
11139454
11142669
11146312
11149003
11149117
11156284
11156363
11158029
11158473
11160069
11164833
11166337
11169006
11170059
11171715
11172061
11174795
11176144
11179134
11181584
11181610
11186876
11190202
11192058
11192956
11196525
11197566
11200071
11208531
11211112
11214741
11215420
11216749
11217623
11222653
11224813
11226825
11227804
11228396
11230780
11232001
11232592
11237996
11238237
11244864
11245592
11247917
11247941
11247956
11249493
11252065
11260160
11261899
11262785
11263348
11264655
11266234
11273934
11274021
11277211
11278573
11281614
11281615
11281616
11283429
11285004
11288819
11290517
11294315
11295229
11297610
11298785
11302558
11303145
11303695
11303698
11310415
11315468
11320633
11320643
11326135
11335051
11336598
11344086
11345561
11348965
11350279
11350752
11350769
11354527
11356781
11358983
11361204
11364737
11369190
11374121
11374427
11379687
11381069
11384783
11386642
11389214
11389929
11394236
11394246
11398337
11399389
11401015
11402249
11404280
11405243
11407315
11408420
11408427
11408460
11412135
11412144
11414666
11414667
11414798
11417313
11418473
11421935
11421938
11425909
11427764
11427768
11428738
11430586
11431133
11432478
11434894
11437684
11437689
11440399
11441228
11441906
11445277
11447362
11448858
11454031
11455433
11457792
11457793
11457800
11458072
11470050
11475932
11477013
11477613
11483846
11486487
11487604
11488954
11491240
11494224
11494490
11496728
11500083
11500334
11502145
11502577
11504595
11504695
11506126
11506181
11509277
11509506
11509513
11510867
11510869
11513303
11514086
11514308
11517862
11518675
11525801
11531039
11531966
11533573
11546660
11546663
11547540
11549533
11549539
11551866
11556321
11557914
11560093
11564421
11568149
11568154
11568166
11572476
11574951
11579175
11579319
11579696
11579745
11579746
11579747
11579749
11581559
11583104
11583637
11590393
11590482
11594985
11595212
11597761
11597945
11597999
11599572
11599596
11600586
11600669
11600973
11601568
11603175
11606252
11607653
11641355
11641701
11673859
11683483
11684385
11686666
11687509
11692086
11698292
11702112
11702935
11703029
11704591
11708138
11708855
11709958
11710403
11714780
11717005
11718885
11719206
11721092
11721547
11722656
11726831
11728520
11728819
11731593
11734440
11736764
11738291
11740295
11741827
11742855
11744662
11745907
11746905
11761810
11763190
11765146
11770539
11770721
11770987
11772320
11772878
11774070
11780906
11781068
11781390
11786493
11787345
11788050
11788138
11788904
11791761
11792016
11792032
11792664
11792880
11795476
11795515
11795898
11796688
11797181
11798672
11802990
11803705
11809052
11811977
11813986
11814572
11817509
11817996
11820329
11822472
11827796
11830635
11832998
11840365
11840451
11842056
11843167
11845775
11846784
11849865
11851596
11858186
11860169
11860375
11861272
11862109
11862890
11863284
11865773
11865966
11867569
11869595
11880803
11882370
11882518
11882931
11884081
11889587
11892748
11894876
11896018
11897880
11897882
11906290
11910134
11913820
11914988
11915776
11915781
11915783
11915784
11915934
11917907
11918290
11918664
11922323
11929358
11930190
11932568
11936695
11938559
11939314
11940481
11942919
11948040
11948606
11952334
11952547
11953278
11955787
11958805
11959049
11959380
11960925
11960947
11960950
11972140
11976917
11977310
11979731
11980463
11984298
11985939
11990147
11990724
11990730
11991618
11991691
11999719
12001543
12007686
12009078
12009757
12010760
12012074
12015352
12015372
12015508
12015807
12020858
12021547
12025463
12027889
12028134
12031456
12031618
12031653
12035723
12037605
12039732
12041734
12044118
12044481
12044822
12045417
12050331
12055098
12056177
12056855
12062457
12062692
12063525
12065578
12065709
12069261
12070192
12070194
12070198
12077012
12079851
12082247
12082250
12094129
12096931
12100359
12104081
12106272
12108850
12108923
12111248
12111283
12111841
12112306
12113221
12114353
12117239
12117480
12118835
12122444
12131018
12131264
12133434
12133863
12133875
12135936
12136222
12137245
12137715
12139703
12145115
12147225
12149043
12151106
12154195
12154196
12160252
12160946
12161104
12161934
12164364
12165871
12172874
12174096
12174707
12176165
12181307
12182918
12183472
12183474
12185637
12187615
12189012
12189520
12191816
12191881
12193626
12197575
12204517
12207817
12208423
12213499
12215965
12215966
12217898
12218735
12220476
12225263
12227415
12228066
12231501
12232073
12233601
12236820
12242082
12243286
12269641
12270675
12271415
12289836
12294682
12295875
12318832
12319333
12319957
12324676
12341136
12342258
12345096
12346916
12346917
12347546
12355175
12355198
12355200
12357995
12359780
12361983
12369262
12370562
12370565
12374465
12381341
12381755
12383240
12383667
12384241
12388066
12388302
12388822
12391077
12391112
12391122
12391137
12392497
12394203
12394607
12396420
12399251
12405677
12405683
12405724
12405727
12405731
12405733
12405741
12405987
12409811
12411528
12418587
12431394
12433850
12433870
12433947
12436267
12436279
12439776
12443984
12445534
12446281
12447840
12449164
12453160
12455842
12460041
12461065
12461477
12463399
12464051
12464623
12468058
12471300
12471309
12472278
12476857
12479515
12479521
12485317
12485433
12491810
12493716
12498381
12499861
12501759
12502997
12506522
12506771
12507778
12507851
12507944
12509497
12513109
12515786
12517964
12519089
12519750
12525694
12527721
12533503
12534544
12534555
12538423
12546693
12547748
12552363
12560949
12560956
12562167
12562918
12563088
12567866
12569215
12569227
12569228
12571133
12575917
12578123
12579455
12580109
12580537
12580656
12581478
12581771
12582947
12582950
12590055
12590308
12590951
12591860
12600287
12601634
12603367
12604842
12607910
12607946
12608592
12608594
12609481
12611772
12611775
12611918
12613731
12617510
12618066
12624706
12626126
12627301
12627313
12628445
12629470
12637205
12638400
12638788
12640021
12641640
12642831
12644717
12653983
12656639
12657696
12663748
12665980
12667184
12672711
12673140
12673144
12673155
12674037
12676189
12682838
12684464
12684795
12688826
12690457
12690937
12690938
12690939
12692182
12695636
12696983
12699775
12702182
12702735
12707230
12712104
12713516
12716964
12723764
12730348
12732732
12735483
12735786
12736833
12736844
12736876
12736886
12738543
12740743
12740744
12742283
12743530
12744565
12745079
12745448
12746466
12747663
12748730
12751337
12752568
12754174
12759116
12761810
12763094
12763746
12765422
12765986
12768609
12770667
12771389
12774969
12780390
12782718
12783034
12783040
12783048
12783052
12788477
12789243
12794182
12797503
12798626
12800860
12801003
12801290
12806217
12810190
12811502
12812636
12816679
12817469
12818361
12828262
12831664
12832426
12832432
12833518
12837125
12837556
12840630
12840633
12840634
12840635
12840704
12842840
12845225
12849672
12855922
12856769
12856872
12857678
12865474
12866607
12867581
12868042
12870175
12870315
12878167
12883077
12883106
12885590
12890418
12892009
12894597
12895132
12897748
12900681
12900686
12904324
12904636
12909602
12911267
12917829
12919124
12923113
12923117
12923810
12924520
12928784
12930169
12931630
12937035
12940940
12941047
12945825
12946660
12947003
12947328
12950057
12953346
12955164
12955516
12955865
12956033
12958150
12959623
12959703
12960045
12968214
12972438
12972863
13129654
13129819
13678808
14164430
14178459
14207389
14209396
14292940
14374344
14472423
14499492
14499869
14499994
14501312
14504950
14506596
14510960
14514026
14514871
14516140
14519196
14520724
14521945
14522952
14523485
14550853
14551773
14552492
14556997
14557909
14559150
14560236
14561237
14561590
14566016
14567443
14575871
14575874
14581135
14583239
14584592
14585250
14586208
14586394
14586663
14587080
14587654
14596859
14601671
14608415
14608461
14609146
14609594
14613275
14616245
14617055
14618196
14621104
14622208
14625057
14630354
14630817
14638921
14639442
14639557
14640997
14641043
14641609
14642414
14644390
14644471
14646972
14647482
14648906
14649541
14651947
14652498
14653048
14654172
14654750
14659976
14661177
14663087
14667246
14669191
14669936
14670000
14670005
14672428
14672962
14672970
14673503
14674932
14676070
14678245
14679921
14681718
14685863
14686093
14686094
14686095
14686096
14688280
14688913
14691418
14692464
14693296
14694421
14699123
14705109
14705138
14707770
14707785
14708888
14710522
14711188
14714875
14715252
14718904
14719632
14720013
14720267
14723787
14727566
14732365
14736066
14738209
14738473
14747207
14747433
14748457
14751278
14754991
14755482
14756263
14763232
14765038
14766094
14766800
14766942
14767242
14960356
14962054
14962275
14966303
14967173
14967868
14967869
14970749
14970983
14971437
14971656
14977347
14977813
14978005
14980729
14980739
14983236
14984727
14984966
14988094
14989116
14989550
14989560
14991331
14992126
14996591
14997318
15000880
15001462
15004345
15010702
15011130
15012858
15012914
15015151
15015747
15020578
15024666
15024832
15028250
15032137
15033599
15034069
15034480
15034608
15038432
15038439
15039933
15042294
15042451
15046975
15050304
15052109
15054156
15056825
15058044
15059637
15059966
15060978
15062855
15064130
15065149
15067979
15070080
15070082
15072962
15075299
15075305
15076781
15079864
15080512
15080764
15082102
15083751
15084423
15086110
15095037
15095727
15099677
15100671
15102381
15104658
15107413
15110397
15111488
15111587
15112279
15115595
15115685
15115691
15118187
15120030
15121802
15123562
15126711
15129828
15133013
15133861
15136977
15138764
15139163
15140648
15142013
15142869
15154602
15155146
15155718
15156523
15160390
15161838
15162504
15169848
15171174
15177511
15177518
15178910
15180967
15181192
15184067
15184263
15185297
15187570
15189958
15192572
15193699
15194674
15196899
15198230
15204794
15208292
15212697
15212746
15212755
15216571
15218566
15219506
15219523
15219849
15221402
15222954
15225901
15226784
15233272
15234435
15235301
15237914
15239093
15240029
15240377
15245648
15248294
15253894
15254217
15255958
15256219
15256319
15256691
15257327
15258317
15260459
15262810
15264183
15266630
15271877
15273179
15277023
15283696
15291759
15292489
15292739
15292827
15296940
15297119
15297577
15302083
15302115
15304377
15306159
15309724
15310464
15310737
15314133
15317982
15322070
15322327
15324748
15330882
15331687
15342269
15345683
15346238
15348765
15350850
15351379
15353026
15354026
15355818
15358232
15362321
15363103
15363145
15370188
15371879
15374074
15379860
15381386
15382761
15386812
15388263
15388551
15388566
15389293
15447664
15448122
15448596
15450111
15451363
15452392
15458015
15459136
15459833
15459834
15466208
15470320
15478215
15479685
15481615
15483351
15484853
15485084
15486931
15490094
15495710
15498531
15500710
15501016
15501922
15501962
15505876
15508792
15511713
15513276
15514501
15515415
15516314
15517337
15518646
15518675
15519843
15520371
15523206
15523895
15528034
15528395
15531573
15533054
15537770
15542409
15542410
15542570
15543336
15545947
15547490
15548201
15548423
15550964
15556775
15556970
15560351
15562152
15562167
15562839
15568415
15568497
15570135
15570140
15571670
15575930
15578203
15579425
15579575
15580192
15581660
15582690
15589040
15595293
15595993
15596263
15604297
15606981
15607401
15611026
15611373
15616790
15617036
15618276
15619894
15620536
15623494
15623503
15624703
15629012
15632668
15632669
15633588
15633589
15633591
15635295
15636152
15637635
15638358
15639300
15639635
15640275
15640395
15643530
15643538
15643642
15644458
15647741
15648008
15653959
15657470
15658883
15659745
15661814
15665189
15665611
15672478
15673097
15673199
15676038
15676061
15677523
15684618
15686784
15692332
15695298
15696782
15696862
15698768
15698891
15703892
15705028
15705724
15707378
15707382
15707875
15711230
15712469
15715053
15717662
15719649
15727088
15727950
15728699
15730139
15730339
15730626
15733511
15737752
15741833
15741837
15741920
15742826
15743390
15744012
15744131
15744245
15746663
15746676
15754499
15756167
15756172
15756173
15757860
15758150
15762549
15763951
15764007
15764306
15768531
15769980
15770878
15772061
15778895
15778896
15778897
15784713
15790422
15791041
15795476
15796202
15797738
15798963
15801495
15801503
15803054
15805996
15808004
15809665
15811309
15811354
15811877
15817800
15818720
15819985
15820291
15821635
15821777
15822132
15831772
15832641
15832877
15835523
15836754
15837717
15838928
15843522
15847645
15852896
15855262
15857269
15857681
15859363
15860712
15863644
15866494
15867292
15867559
15870347
15870626
15870820
15871852
15875530
15875813
15876313
15878492
15879167
15881546
15881651
15882955
15884243
15885945
15886359
15887024
15888549
15889044
15889194
15889426
15889621
15890510
15892452
15894018
15894122
15896843
15902981
15905211
15906078
15907206
15907270
15907829
15908252
15913952
15914578
15914652
15920102
15922554
15922557
15924927
15927336
15929847
15935613
15942695
15943803
15944076
15947280
15947305
15947713
15947719
15951311
15953530
15954057
15961612
15964914
15965411
15967745
15967791
15973171
15973964
15975653
15978023
15980654
15981679
15981788
15985525
15988704
15992837
15993138
15998811
15999526
16000549
16002377
16002437
16002535
16003537
16006604
16008232
16020520
16020527
16024173
16024529
16026159
16026170
16027018
16027142
16028368
16031845
16036405
16038480
16039284
16040142
16040353
16040783
16045024
16046219
16049677
16060136
16061149
16061150
16061151
16076092
16079650
16081620
16082634
16082689
16083788
16084517
16087250
16091670
16095050
16095819
16096840
16099893
16102936
16103516
16107219
16110728
16112733
16112839
16113967
16114512
16116346
16117823
16118270
16118307
16118573
16118791
16127194
16128812
16128859
16129069
16129338
16135807
16136008
16138928
16139778
16143583
16144753
16150034
16150053
16150115
16151834
16151835
16152682
16154522
16154929
16156450
16156704
16158886
16159628
16159987
16164571
16175141
16179492
16181089
16182462
16183552
16185906
16194151
16195010
16195021
16195619
16195883
16195988
16196095
16197367
16197509
16210050
16211415
16212787
16230983
16234977
16235342
16237911
16238100
16239282
16239607
16250274
16254718
16256862
16258047
16260351
16261958
16262650
16264038
16266013
16266368
16266380
16268054
16268799
16268805
16269218
16269513
16270641
16272543
16280032
16280263
16281644
16282566
16284083
16285400
16286856
16286895
16287611
16290227
16298260
16298350
16298535
16298740
16298748
16298861
16300072
16302176
16303837
16305699
16306499
16306505
16307279
16307596
16308838
16309636
16309884
16310967
16311912
16313144
16315322
16320167
16320174
16322914
16326014
16327030
16327031
16331127
16331742
16332505
16332921
16336008
16337418
16337810
16338272
16338907
16339549
16344383
16352670
16357068
16357073
16360327
16362354
16362849
16364163
16364481
16365212
16365507
16365696
16368719
16369816
16371218
16373444
16376593
16377431
16385425
16385845
16385846
16385848
16387708
16389409
16393676
16394137
16394601
16394956
16402246
16403491
16406203
16408233
16410379
16412266
16413508
16414552
16418171
16423814
16424411
16424463
16426684
16426710
16427614
16428332
16431998
16434552
16435151
16435601
16437030
16437348
16438805
16439510
16439858
16440504
16445310
16446686
16446690
16448013
16450573
16456143
16457979
16463697
16469108
16469958
16472048
16475052
16478782
16479828
16481153
16482080
16484300
16485106
16487963
16489970
16492602
16493001
16497793
16497818
16497841
16498856
16504463
16505610
16506060
16507605
16508231
16514109
16519670
16520674
16524511
16524708
16525578
16528904
16531298
16531896
16531897
16531898
16533976
16540394
16540833
16540839
16546475
16548423
16549131
16549931
16553622
16554145
16558388
16558471
16558628
16566548
16569534
16572599
16575266
16585908
16586331
16586343
16586429
16596104
16596114
16597463
16601301
16603073
16608770
16611706
16611726
16616012
16616795
16616958
16619533
16635605
16636272
16637870
16643140
16646626
16647242
16648267
16649919
16650607
16668492
16669412
16670153
16672838
16672839
16674719
16676701
16676702
16678922
16679984
16681569
16685547
16697051
16698670
16701034
16703337
16703482
16705140
16710348
16716364
16718734
16724626
16726547
16728524
16729381
16731842
16736097
16738451
16749944
16753196
16753838
16757529
16760923
16761962
16763006
16765122
16766504
16772322
16775544
16777225
16778069
16781862
16783485
16786530
16790484
16791601
16794028
16798823
16798875
16799097
16799132
16799818
16802769
16809239
16814335
16815780
16815786
16816486
16817318
16823297
16823984
16826027
16831213
16832747
16835404
16835823
16836982
16837839
16839365
16840030
16840578
16840584
16840657
16842535
16843723
16845225
16848885
16849458
16858636
16860618
16860801
16862279
16864821
16865895
16868228
16869708
16870547
16871524
16872565
16873412
16875919
16875979
16877125
16879121
16880877
16882631
16885450
16886497
16886585
16888405
16889932
16890368
16891191
16894407
16895834
16896726
16897236
16898878
16899922
16902065
16902602
16904923
16906627
16911159
16912127
16915023
16916920
16917486
16920774
16923247
16923249
16926272
16926664
16934883
16935507
16937953
16940930
16941179
16941810
16943025
16944403
16946240
16948343
16949191
16952356
16955245
16956056
16958799
16960513
16960523
16963301
16963671
16965573
16967774
16970809
16971747
16977800
16978071
16979915
16985263
16987990
16990507
16991193
16995852
16996838
17002673
17003243
17004846
17008436
17010529
17019295
17021002
17023150
17023765
17023828
17024634
17025375
17027102
17027777
17028311
17030466
17030560
17031693
17032742
17035481
17037087
17037088
17038487
17042728
17048254
17048976
17051372
17052132
17052294
17053416
17054960
17058271
17063930
17072110
17073880
17074690
17076221
17076226
17076827
17078478
17079748
17085788
17085791
17089158
17090311
17093155
17095643
17098267
17099529
17100851
17109621
17111013
17111212
17114486
17123550
17125041
17126770
17127720
17129833
17133288
17133350
17136044
17136443
17137583
17138632
17138937
17140162
17143564
17143883
17146438
17151738
17156994
17161060
17163285
17166379
17169664
17170204
17171478
17188474
17188945
17189550
17190062
17194564
17196275
17197641
17201070
17201071
17201073
17201075
17201231
17204573
17206441
17206443
17210115
17219174
17219756
17223209
17229982
17236787
17239147
17239840
17241237
17242490
17242495
17244903
17261316
17263477
17264397
17268025
17269885
17270258
17271267
17272957
17277591
17277593
17277903
17278879
17284654
17284668
17287330
17292393
17292721
17293730
17295796
17296645
17298388
17299080
17299108
17301436
17303681
17303714
17304178
17307311
17307913
17311191
17317230
17317377
17317708
17320067
17321559
17326860
17327367
17330282
17332159
17332449
17334512
17337041
17337702
17339869
17340570
17344910
17346285
17347387
17351545
17353883
17356298
17357792
17357968
17360317
17367339
17369804
17369807
17373603
17374405
17374527
17374946
17379755
17380191
17381977
17386066
17386713
17387314
17388749
17390499
17390544
17395765
17402390
17402424
17402430
17402436
17402446
17402476
17405169
17410478
17412579
17414801
17414802
17414803
17414812
17417987
17422365
17425744
17425850
17426740
17428078
17429628
17433829
17436201
17436202
17437363
17439409
17439482
17441376
17442117
17443785
17451800
17459004
17463304
17465622
17466660
17467672
17470207
17470570
17473001
17473771
17481381
17481554
17482371
17484057
17485255
17485581
17486164
17487278
17488391
17488808
17493014
17493195
17494108
17495117
17496422
17499931
17504039
17504658
17504785
17507204
17507740
17510683
17515877
17515885
17517356
17519359
17520024
17522120
17523180
17524613
17524838
17530938
17531926
17535634
17535637
17536885
17538844
17542038
17545376
17545885
17545886
17546680
17547096
17551749
17553007
17553622
17553643
17554082
17554797
17555544
17555883
17558196
17558675
17561093
17561270
17568252
17569075
17569770
17570987
17573453
17574440
17576630
17581317
17584054
17590012
17590200
17593181
17606726
17609220
17610586
17612071
17613801
17614022
17615280
17616252
17617470
17620066
17620934
17622206
17625241
17627187
17636479
17636704
17637762
17638095
17638844
17639094
17640599
17641910
17643876
17644577
17645594
17645926
17653570
17654044
17654135
17658945
17660720
17661068
17663926
17664898
17668230
17673556
17673559
17675223
17675754
17683168
17683400
17689992
17690013
17690139
17691939
17692037
17692348
17692424
17693690
17693961
17695568
17695931
17698179
17699350
17700214
17701424
17710587
17713356
17714897
17717057
17717063
17717114
17718784
17720362
17722693
17724255
17727826
17728180
17762360
17765329
17765878
17766486
17803058
17805083
17805088
17805089
17812291
17823084
17823296
17825587
17826016
17852404
17853070
17869589
17870426
17873550
17883728
17885861
17886034
17886063
17886368
17887810
17890157
17890162
17893256
17900086
17901240
17901411
17903129
17905990
17907114
17907213
17908291
17910846
17910910
17915021
17916077
17916342
17916670
17917404
17917696
17918255
17921432
17923401
17923882
17924965
17925628
17926567
17928316
17928942
17934907
17936753
17939163
17942986
17943596
17945332
17946814
17947354
17949944
17951371
17955365
17960731
17960887
17962609
17962974
17973234
17973986
17973988
17974582
17975974
17976973
17978833
17979105
17980516
17981552
17981633
17984241
17986898
17987505
17990210
17997840
18000201
18003791
18006867
18026625
18030491
18031559
18035426
18037159
18037316
18043274
18044102
18046184
18046185
18047888
18048590
18049987
18050667
18056791
18057549
18059043
18059155
18059606
18063820
18064330
18068432
18068779
18070804
18070806
18071011
18073271
18073516
18074760
18075491
18076246
18077639
18079262
18082034
18082418
18085895
18088472
18089370
18089464
18089939
18091016
18091693
18093421
18096757
18097650
18156356
18156658
18156661
18157531
18162322
18162461
18163418
18164185
18164586
18166693
18166694
18171428
18172520
18175295
18176391
18182465
18184752
18184856
18186814
18191756
18191757
18196587
18198311
18198657
18198658
18198660
18198663
18198664
18199592
18199616
18199727
18203867
18206729
18208422
18211747
18212640
18212715
18213545
18214523
18216379
18217411
18220027
18223025
18226825
18227952
18229573
18230043
18230697
18239077
18239078
18239561
18239630
18240310
18242048
18245126
18246321
18246538
18247405
18248614
18255313
18256330
18258444
18260791
18263710
18264776
18268066
18268931
18271284
18273073
18274945
18277180
18278981
18280899
18282674
18282767
18284711
18286388
18288046
18292129
18295408
18295445
18295822
18300941
18301387
18302826
18302839
18305954
18312445
18313703
18315356
18315727
18316211
18317375
18317386
18320358
18321939
18321953
18324908
18326921
18326980
18328105
18328837
18331218
18333175
18333663
18339008
18341089
18341444
18342060
18342145
18342290
18344132
18344136
18347118
18347652
18347656
18347668
18347680
18347698
18348176
18348589
18349067
18349382
18350308
18350409
18353878
18353886
18354247
18355470
18356478
18358480
18359813
18360319
18367844
18369614
18371952
18373741
18377953
18379200
18379220
18380542
18382266
18383559
18388249
18389390
18390000
18394123
18394461
18397384
18400758
18400809
18401836
18404134
18404530
18405950
18405993
18406184
18407425
18410551
18413173
18414498
18415941
18420181
18420352
18423636
18424033
18426580
18427418
18434215
18437347
18437348
18442628
18446601
18447786
18450865
18450983
18455389
18457670
18460597
18461004
18461006
18461212
18461215
18466654
18467545
18467550
18468929
18469645
18473012
18475358
18475541
18477503
18482594
18487488
18487689
18489742
18499764
18499767
18503123
18505468
18508822
18508828
18514933
18518808
18520608
18522619
18523036
18524625
18524881
18525382
18535123
18539063
18539856
18543381
18545721
18547863
18548269
18551035
18557660
18562773
18562790
18563627
18566962
18567275
18569228
18569558
18572243
18574327
18580401
18580406
18580410
18581408
18586016
18587436
18595005
18599675
18614944
18614945
18614946
18614951
18615388
18616682
18616717
18616823
18619722
18619772
18621092
18622759
18625221
18635813
18635912
18647882
18648839
18650318
18651163
18651484
18651716
18651831
18652963
18664375
18665387
18667985
18672032
18672169
18672196
18674624
18677171
18680698
18681165
18685529
18688201
18691297
18691558
18691944
18694652
18694830
18703238
18705536
18705849
18705862
18708380
18712940
18713090
18713812
18714220
18714535
18714542
18716401
18720755
18721084
18723079
18728056
18729804
18751620
18753466
18753954
18755633
18758806
18758907
18758954
18761646
18767191
18768771
18769155
18772258
18773991
18774602
18777139
18780757
18780777
18783723
18784206
18784283
18784398
18784539
18784937
18789762
18793247
18794210
18796751
18797181
18797182
18797740
18797920
18799138
18799672
18801773
18805543
18806122
18806550
18808442
18809471
18812416
18816607
18817851
18818249
18819019
18821123
18821985
18826359
18826379
18827171
18828030
18828195
18832014
18832521
18833489
18834667
18835959
18836780
18837653
18838049
18845784
18846326
18847018
18850491
18852273
18923185
18923572
18923573
18923577
18925890
18927160
18927263
18927332
18927609
18928119
18928693
18930806
18937524
18940002
18942952
18948173
18948209
18952865
18958698
18974721
18977173
18978137
18980943
18988757
18992134
18997657
19000265
19001042
19003082
19003444
19004637
19005161
19007519
19011891
19012528
19014837
19015737
19017835
19018559
19024324
19026750
19029634
19031335
19032777
19032901
19033545
19033608
19033710
19036825
19036901
19038583
19041926
19050160
19052642
19053138
19056428
19057403
19061232
19062255
19076642
19077702
19078648
19088763
19088779
19089748
19092138
19093280
19096831
19097916
19102241
19110037
19112032
19118820
19123439
19123450
19125286
19127215
19128355
19130647
19131212
19131276
19131420
19131478
19139034
19143193
19144959
19161363
19161668
19164834
19166981
19168924
19169141
19170708
19170961
19173675
19173788
19173793
19176547
19176740
19180197
19180262
19180801
19181618
19183755
19184087
19185336
19186292
19187547
19188904
19193941
19195263
19197204
19203081
19203082
19203084
19204593
19208233
19208252
19208478
19209530
19212136
19213787
19214570
19215534
19218333
19223675
19223676
19225528
19227648
19231322
19233694
19234582
19236577
19236729
19244551
19244554
19244933
19249327
19253084
19254756
19260638
19260984
19261870
19261913
19263072
19264137
19265525
19266472
19269849
19273362
19276764
19276902
19279507
19287093
19290951
19291327
19291460
19297212
19301143
19303869
19303893
19308790
19317510
19317520
19317861
19318930
19318954
19327992
19332084
19336500
19338340
19339242
19340769
19340942
19343415
19343718
19344695
19345340
19346970
19346972
19347350
19351957
19359608
19360903
19363498
19363619
19365147
19367119
19368805
19370050
19372269
19376127
19379704
19383088
19383558
19389002
19390825
19392865
19395583
19397807
19398346
19403859
19404671
19405028
19407057
19407257
19409213
19411708
19414023
19416697
19422646
19423836
19424714
19426810
19426826
19429812
19430945
19432298
19435833
19440340
19443744
19445648
19447175
19448713
19451201
19454716
19457057
19457763
19461538
19461540
19461936
19463806
19465014
19465554
19466604
19469242
19470773
19476405
19478194
19478337
19479628
19484149
19486647
19489006
19489322
19490933
19496666
19496956
19497752
19498058
19498091
19498098
19500352
19500355
19501674
19504265
19505458
19506333
19512920
19515792
19516084
19516153
19521552
19527938
19528902
19530939
19539099
19540617
19542781
19549794
19552796
19554361
19555673
19560474
19562893
19562925
19563304
19566475
19567392
19567922
19568765
19570208
19574506
19574610
19574612
19585317
19590876
19591014
19591221
19591694
19592412
19593593
19593736
19593759
19594207
19594891
19603105
19608208
19608262
19609060
19609552
19617815
19619615
19620907
19622583
19623415
19625514
19627457
19629842
19638362
19638826
19640328
19642399
19642904
19643002
19643947
19644031
19646854
19647494
19649376
19649649
19650929
19651408
19652995
19654918
19656473
19656544
19657294
19660611
19661770
19667531
19669787
19669788
19672044
19672617
19674255
19674573
19675726
19679621
19679675
19681661
19681768
19682410
19682667
19683592
19685505
19687610
19688220
19688869
19689454
19691834
19692658
19693299
19693532
19694624
19696125
19697999
19698718
19700138
19700581
19704379
19706001
19707851
19710089
19711027
19712664
19713429
19723090
19726014
19727022
19730134
19734437
19735019
19735699
19736809
19737872
19741299
19741514
19741540
19744088
19746274
19747852
19747899
19749011
19752078
19752112
19756700
19756713
19757148
19758373
19759100
19765242
19766513
19767388
19767794
19767796
19767811
19767814
19769414
19769703
19770655
19771447
19773283
19775917
19783602
19784086
19786178
19789403
19793061
19793156
19794185
19794879
19797690
19800931
19804580
19807385
19808337
19808614
19809332
19811098
19814865
19814916
19816213
19816216
19816709
19817503
19817717
19818521
19818846
19822630
19825922
19827454
19827462
19833610
19834334
19839497
19841289
19841583
19843481
19846424
19847096
19850730
19857472
19857542
19857707
19861432
19868506
19878013
19879152
19880387
19882746
19884317
19884489
19885855
19886196
19886927
19892539
19894201
19897460
19897558
19897567
19898873
19900418
19900823
19902242
19903761
19907005
19907925
19908172
19910654
19912528
19913705
19915456
19918193
19920930
19922034
19925488
19925575
19927028
19927143
19933361
19933801
19936205
19938760
19939750
19939823
19939871
19942986
19943160
19943924
19944361
19944558
19945435
19947855
19952502
19952825
19954777
19954944
19955864
19956970
19957870
19957873
19957874
19957875
19961582
19962746
19963039
19963158
19967420
19967592
19969016
19995614
19996575
19996787
19997049
20001441
20003209
20003492
20003624
20007518
20007742
20007854
20010123
20010127
20010129
20011246
20012242
20013622
20020786
20028270
20028515
20029520
20029832
20030905
20031575
20033704
20034235
20036894
20036931
20042072
20043581
20044327
20044475
20045059
20045469
20047266
20047941
20048468
20048476
20048505
20051263
20051733
20052409
20053569
20062979
20063104
20064208
20065510
20070283
20083167
20086345
20086431
20086724
20086954
20089891
20099470
20101405
20101885
20102734
20102772
20105036
20110541
20110809
20116411
20117590
20127160
20132073
20134177
20135208
20142766
20143084
20145562
20149706
20150565
20150740
20153335
20153875
20164070
20164809
20166598
20167678
20168253
20175040
20175428
20175433
20175815
20175886
20176680
20178632
20181080
20187728
20187772
20188818
20189027
20192244
20193772
20195842
20200939
20203534
20211688
20214665
20216468
20219060
20220304
20221295
20224659
20226040
20229018
20229019
20229679
20230500
20232574
20235883
20298376
20298404
20299351
20301289
20301328
20301705
20303456
20304442
20307567
20308205
20308693
20308694
20308927
20308973
20309004
20309397
20309693
20332799
20336330
20336464
20339010
20339244
20347489
20351374
20351512
20354834
20355218
20357483
20357488
20358704
20362307
20363101
20363849
20364046
20364347
20367053
20368384
20369365
20370926
20373468
20374761
20376076
20377886
20378284
20379786
20380359
20382893
20383226
20383302
20384440
20386338
20386340
20386477
20388960
20392617
20393160
20396801
20396982
20401754
20404050
20406487
20407233
20408920
20411234
20414820
20416393
20418184
20418667
20419620
20421958
20428993
20431985
20433584
20436237
20437076
20438851
20439551
20439704
20444958
20448032
20449660
20451651
20459662
20460259
20462402
20462507
20464812
20465867
20467575
20473228
20473230
20473683
20477066
20477279
20479533
20483212
20490823
20495476
20496745
20500927
20502695
20505214
20506316
20507967
20510350
20512337
20519362
20524712
20525371
20528768
20529321
20533245
20533403
20533854
20536334
20538061
20538849
20540623
20544356
20552383
20554511
20555369
20560169
20561279
20561997
20563600
20563916
20570735
20571229
20571405
20574537
20574676
20581719
20585296
20585853
20592470
20594330
20595456
20595540
20597134
20598139
20601741
20602110
20607065
20619281
20620141
20624792
20625491
20634418
20634742
20634924
20634953
20637132
20637616
20638470
20639131
20640440
20640951
20641501
20644637
20648207
20649054
20651218
20652829
20659908
20666650
20667477
20668015
20668874
20669100
20670337
20671032
20673111
20673563
20675551
20675923
20677625
20678226
20678784
20685307
20686993
20687899
20688919
20689451
20690091
20691248
20694538
20696001
20696684
20701543
20703165
20704929
20708452
20710055
20716531
20723894
20724368
20724934
20725124
20726625
20726881
20727160
20727372
20731182
20731625
20733099
20738823
20739169
20739506
20739715
20797460
20798490
20799043
20800058
20801212
20804462
20804543
20810503
20822780
20823453
20824621
20826261
20827340
20830663
20832579
20835904
20836754
20837310
20839226
20839490
20839491
20839492
20839496
20839498
20839499
20839500
20840303
20842100
20845212
20847704
20849910
20850488
20850711
20853205
20854968
20855081
20860856
20862278
20863169
20863269
20863590
20864290
20864555
20865485
20868319
20869354
20875919
20878013
20878876
20878889
20882061
20883153
20884344
20888901
20919909
20920329
20921216
20922508
20925920
20930125
20932058
20932279
20933083
20933482
20933601
20936392
20937099
20937116
20942907
20944452
20945364
20950383
20951381
20952358
20952375
20952613
20953240
20953513
20955601
20955767
20955779
20956141
20956866
20956867
20960487
20965824
20967198
20967458
20967890
20969727
20971800
20972576
20973830
20973949
20975796
20976161
20976509
20978713
20979915
20981399
21030670
21030675
21031346
21031618
21033565
21035949
21036145
21037057
21040371
21045919
21046139
21050164
21052026
21055937
21056105
21058976
21058978
21058992
21059012
21059014
21059018
21059019
21059020
21059021
21059033
21059067
21059070
21068158
21068223
21069377
21070126
21070272
21070292
21070797
21070923
21071151
21072283
21072740
21075942
21078702
21083649
21087324
21088282
21088571
21088862
21088901
21088973
21094523
21095135
21103510
21106073
21106694
21108244
21109753
21113612
21116112
21123763
21127208
21131870
21132438
21134464
21134993
21135997
21137074
21138941
21143333
21146188
21148077
21148745
21150144
21151377
21152312
21152932
21153418
21157391
21158025
21161264
21163129
21164546
21165406
21165407
21168179
21168782
21170794
21171323
21171386
21177953
21178936
21178941
21186060
21190152
21191722
21191798
21195590
21195695
21195768
21200338
21203694
21203888
21206679
21207519
21208154
21212730
21214711
21216881
21220530
21222129
21223504
21224226
21228339
21228725
21233776
21233790
21238578
21240011
21240184
21242700
21242869
21243240
21243292
21244727
21246372
21247587
21247745
21249381
21249386
21249387
21249392
21251178
21252484
21253483
21258804
21262132
21265312
21266089
21266444
21267745
21270351
21272132
21277509
21280651
21282367
21286214
21286230
21291822
21291933
21296577
21297566
21298258
21300303
21307596
21307858
21308777
21311168
21311362
21315825
21321404
21321954
21321955
21324061
21324353
21326189
21326381
21328025
21329662
21331628
21332932
21333667
21343420
21346336
21350025
21352507
21354469
21356110
21356205
21358504
21359408
21359569
21360670
21362469
21368271
21374645
21376125
21381352
21381923
21382451
21384434
21386180
21386701
21391120
21392768
21393471
21394639
21396859
21399959
21402714
21403394
21403625
21403796
21403878
21406198
21408055
21411834
21415719
21420026
21420424
21421045
21421702
21424274
21430660
21432082
21432111
21432455
21435392
21436248
21436348
21437139
21437602
21439804
21440499
21443510
21443529
21443585
21446354
21446356
21446357
21448080
21448320
21448922
21450569
21453519
21453804
21459942
21463911
21465244
21465614
21466824
21470666
21474377
21477330
21477383
21479965
21479966
21481871
21484033
21484158
21487312
21490511
21492351
21493722
21494635
21496419
21497182
21497564
21498114
21498562
21501017
21505843
21507065
21508135
21514398
21514604
21515397
21516340
21516508
21519285
21519639
21524939
21527666
21530305
21530866
21547366
21551601
21552156
21554245
21554894
21554903
21555357
21556451
21556609
21556736
21556816
21558570
21558573
21558574
21558575
21558577
21558621
21559110
21559350
21560341
21566780
21572351
21573469
21574872
21576921
21584438
21584681
21584686
21586505
21593332
21598413
21599899
21600784
21602910
21603441
21606857
21606873
21606878
21613428
21613778
21615492
21615807
21617884
21620953
21622964
21623468
21628408
21632260
21634030
21635947
21636214
21636569
21636968
21641662
21642242
21644273
21645321
21653222
21658062
21659488
21659904
21665113
21668966
21679324
21679351
21680116
21681171
21681172
21682669
21684340
21685807
21685813
21690193
21696440
21697747
21700895
21701084
21702657
21703750
21704658
21704880
21705539
21706288
21706313
21707016
21710598
21711381
21712436
21713732
21715081
21717121
21718293
21718662
21719562
21719901
21724864
21726905
21730029
21731162
21735199
21740413
21744266
21745244
21747289
21749398
21750272
21753869
21757760
21767606
21769734
21773023
21774822
21775557
21777165
21777302
21778671
21780209
21780849
21782028
21782401
21782956
21784683
21785345
21786539
21788952
21789971
21792066
21793382
21794044
21796498
21798089
21800478
21803422
21805302
21806789
21807423
21810123
21810471
21812221
21812623
21813916
21813917
21814483
21816445
21818123
21820492
21820686
21823675
21827635
21829501
21830949
21832188
21832834
21835619
21836369
21837478
21839511
21839800
21839840
21841130
21841514
21842214
21844700
21848513
21855658
21862713
21867962
21869764
21870037
21871152
21874215
21874557
21881949
21882525
21883283
21883960
21885387
21887695
21889586
21890113
21892961
21893170
21893190
21895524
21899733
21900885
21903878
21904285
21904641
21905269
21906793
21911323
21913140
21916608
21916768
21917016
21918193
21920630
21921437
21922038
21922261
21922263
21923203
21928828
21931634
21931703
21933039
21933643
21933704
21933900
21936805
21937026
21940848
21944314
21945500
21949869
21951697
21952635
21953294
21953402
21962281
21964537
21964865
21970447
21972636
21975737
21980800
21980993
21982757
21985216
21985845
21990004
21991887
21993016
21996532
21999176
21999792
22002935
22003929
22004715
22005961
22007193
22008124
22011707
22018014
22018397
22022407
22026160
22027851
22029953
22031036
22031502
22031510
22031640
22033458
22034629
22038148
22039371
22039382
22040257
22052454
22052872
22052873
22053933
22054177
22061501
22064359
22064722
22067240
22067616
22068206
22071714
22073162
22073734
22079507
22089127
22090804
22092479
22092703
22096078
22101329
22101528
22103498
22104362
22105617
22107086
22108098
22108190
22108655
22111516
22113537
22113856
22117018
22118636
22120186
22124756
22127711
22128720
22130467
22131204
22132765
22133377
22134216
22136466
22140046
22141210
22145648
22152087
22155280
22155657
22157157
22162529
22168345
22169056
22170013
22172110
22172369
22172860
22174394
22174491
22178328
22180654
22183053
22183086
22184874
22187333
22187388
22188991
22189517
22189669
22189771
22193379
22207723
22207725
22209782
22210239
22210376
22212240
22212272
22212276
22214688
22214691
22215119
22215335
22217457
22218729
22218743
22222125
22223060
22227851
22227852
22228796
22231471
22232395
22233774
22238460
22238679
22241939
22242116
22247297
22249325
22258505
22261825
22262048
22266856
22270483
22273028
22276411
22278332
22279080
22282227
22283403
22293241
22294379
22299297
22301269
22301554
22301670
22302958
22313870
22323351
22323646
22326661
22327327
22328937
22329339
22329653
22330028
22334289
22334786
22337866
22339417
22341563
22343778
22343976
22344059
22348870
22348967
22349362
22350161
22350357
22351246
22351769
22356533
22359642
22371387
22374379
22374613
22375217
22375234
22376254
22377500
22380598
22380726
22382669
22383913
22385646
22386744
22388653
22390917
22394983
22396409
22399699
22402061
22403007
22404431
22405075
22407581
22415455
22418276
22421926
22425808
22431007
22435055
22437529
22439679
22441647
22448737
22449054
22449457
22452610
22459782
22461445
22464112
22464646
22465199
22465454
22473696
22473820
22475430
22476915
22477664
22482790
22487616
22487949
22493718
22498778
22499665
22500008
22506246
22514113
22515573
22517770
22519907
22520533
22520831
22521383
22521827
22523382
22525657
22525658
22525761
22526147
22531920
22534495
22534974
22535747
22538307
22539835
22542955
22543735
22543737
22543740
22546489
22550064
22550549
22554340
22554903
22555274
22556394
22562735
22562744
22564864
22565552
22570754
22573060
22573101
22573666
22575076
22577435
22578853
22578970
22579040
22581684
22582267
22584259
22589083
22594650
22595981
22604887
22607567
22608481
22610152
22614149
22615654
22616015
22616638
22619275
22623023
22623297
22624448
22626841
22629149
22634967
22642427
22644638
22646975
22648735
22649920
22651989
22652161
22652654
22652748
22660813
22661188
22661642
22662003
22666396
22669600
22677919
22678961
22680406
22681184
22682343
22684913
22686429
22688987
22689155
22693239
22693976
22694348
22696524
22698875
22701172
22701757
22704376
22706325
22706344
22706574
22709706
22710476
22711898
22712527
22720913
22721434
22723013
22727609
22728943
22732313
22734448
22736094
22736236
22739328
22741204
22747247
22749578
22750520
22759602
22761190
22762561
22764600
22766100
22769860
22770385
22770992
22773766
22773769
22774482
22776871
22776879
22777327
22777489
22778602
22780983
22781146
22782807
22790687
22791999
22792289
22792382
22794031
22794682
22794688
22794697
22798210
22805422
22805461
22805466
22805477
22807478
22808715
22809016
22809390
22809791
22810957
22812572
22812729
22820210
22825820
22827474
22828212
22836602
22836633
22842663
22843041
22844518
22851666
22852116
22856570
22858194
22858628
22859389
22860109
22861354
22863207
22863748
22864904
22867935
22867973
22868052
22871212
22874536
22875052
22876721
22876722
22876723
22876724
22876725
22876726
22876728
22882829
22884415
22884610
22889657
22889927
22897162
22902522
22903133
22903136
22906631
22906782
22906940
22907232
22912838
22915245
22918559
22918716
22919442
22921739
22922408
22922803
22924161
22926601
22927832
22928872
22933145
22935858
22936334
22942180
22946099
22948775
22949030
22951521
22952194
22954831
22955572
22957963
22960031
22960413
22962218
22962897
22963378
22963750
22968308
22969944
22971240
22972391
22972482
22972879
22973295
22976745
22978369
22986420
22988506
22988837
22989160
22989324
22989604
22990119
22990626
22990627
22991778
22992437
23006673
23007142
23008975
23010237
23011062
23013143
23013520
23013531
23017234
23018308
23018614
23019303
23022567
23028138
23028479
23028694
23029958
23032440
23035273
23041963
23042913
23046723
23046739
23049336
23049442
23049912
23050857
23056106
23061662
23062383
23064267
23064509
23066084
23070789
23070801
23070830
23071065
23071534
23071720
23073213
23073708
23074451
23074478
23074525
23075478
23075554
23075556
23078757
23079864
23085145
23089333
23090122
23090292
23093796
23093953
23095814
23095908
23096155
23096164
23096695
23097090
23099986
23100589
23103543
23104690
23106469
23106665
23110577
23111107
23112908
23113305
23114379
23117697
23118406
23118635
23121289
23121913
23124730
23127699
23129090
23132759
23132760
23143992
23146048
23150891
23154452
23156122
23156847
23160657
23161867
23170751
23171070
23171400
23172863
23173055
23173095
23176341
23176675
23177296
23177745
23178377
23179205
23180154
23180212
23182014
23182229
23182776
23183440
23183510
23184317
23187334
23187431
23198909
23201423
23201588
23205470
23206314
23206852
23207491
23211708
23216061
23216760
23219743
23219942
23220477
23220714
23224298
23226462
23232710
23238355
23239683
23240635
23242195
23246503
23249819
23249823
23249825
23251741
23253265
23257203
23262233
23265258
23266138
23266375
23269119
23271141
23271699
23273137
23274593
23274598
23274613
23275453
23276495
23276704
23276946
23277090
23278283
23279587
23280781
23281720
23282381
23282804
23284836
23285093
23286834
23288554
23290033
23291317
23295959
23297307
23299262
23299767
23300391
23301779
23302299
23304338
23304460
23307488
23311765
23314683
23315753
23318557
23319202
23323271
23324121
23324660
23326665
23328723
23330822
23331909
23332426
23332920
23333431
23340126
23341572
23342222
23342896
23345246
23347069
23348535
23349254
23352535
23356141
23356717
23358536
23358617
23358827
23360676
23361845
23368813
23372811
23374645
23376168
23380222
23382008
23383690
23384231
23384635
23385620
23392112
23392939
23395721
23396085
23397151
23398265
23399848
23400620
23400626
23401642
23405528
23409140
23411941
23413167
23417583
23417937
23418092
23418527
23418609
23419164
23426816
23429235
23434860
23435500
23439418
23442260
23442267
23442274
23443989
23444084
23444087
23444089
23449935
23451164
23458430
23460302
23461617
23463480
23464508
23465172
23466502
23467900
23470311
23470315
23470914
23472137
23473923
23473925
23475168
23479406
23483891
23487396
23493183
23493360
23494259
23495361
23497303
23500094
23502103
23504182
23505022
23505917
23505929
23506418
23506598
23507375
23509213
23511700
23512570
23513282
23514330
23516583
23517650
23518437
23519606
23520529
23525551
23525982
23528286
23528874
23531229
23531600
23532861
23539314
23542441
23547679
23549462
23551197
23552587
23558828
23558872
23558924
23559121
23559285
23559611
23560213
23560618
23560674
23566176
23566489
23568097
23568098
23568816
23570263
23571464
23571777
23577705
23580449
23580538
23580600
23580602
23582525
23588255
23589230
23590869
23591157
23595134
23596423
23598645
23600861
23603325
23604000
23604641
23606218
23606665
23610057
23614012
23614662
23615154
23615482
23615823
23616151
23620490
23620492
23621999
23624378
23624624
23624785
23625113
23629953
23632419
23634700
23634727
23636696
23637784
23640133
23640243
23642942
23643947
23644173
23646180
23649460
23650531
23651238
23651601
23651873
23659106
23661147
23662417
23663276
23663962
23664016
23665499
23667643
23669019
23669253
23670359
23671849
23672020
23675185
23680036
23682797
23684439
23684819
23685440
23688327
23689525
23691280
23695648
23697359
23700527
23702348
23707281
23708196
23710799
23710994
23713533
23713834
23715254
23717271
23717770
23719546
23720271
23724875
23727274
23729962
23731173
23733541
23733647
23733650
23733655
23734119
23738257
23739685
23739686
23739902
23739920
23742867
23743397
23747802
23751727
23755049
23756136
23756400
23759215
23760567
23761119
23762368
23764022
23764436
23764959
23765350
23765353
23765543
23766505
23767790
23772926
23773211
23776343
23777197
23780557
23780711
23782589
23784375
23791860
23793170
23795734
23796122
23796707
23798494
23798948
23799989
23800166
23800565
23805108
23817823
23819851
23820200
23821393
23823021
23823150
23823756
23823923
23825002
23825078
23825534
23827718
23830126
23830127
23830134
23830435
23830446
23834392
23834429
23834543
23834774
23835040
23835851
23837574
23837748
23838844
23840345
23840720
23841691
23844402
23846158
23846823
23848167
23849351
23850138
23850671
23850770
23855061
23861558
23864258
23868687
23869397
23870832
23872069
23872109
23872145
23873339
23874436
23875823
23876603
23877375
23878681
23880311
23880617
23882144
23885614
23886229
23886340
23886347
23887230
23887901
23889121
23891593
23891916
23893349
23896049
23896206
23897688
23898803
23899753
23899757
23903534
23905664
23906552
23908147
23908318
23909934
23913913
23918451
23921625
23922695
23923026
23924918
23927032
23927572
23928114
23928571
23929537
23929720
23930668
23932432
23933696
23935635
23936397
23937816
23940437
23945717
23946692
23947690
23949664
23950163
23950168
23954795
23954829
23956159
23958502
23958575
23958827
23959209
23961685
23963475
23964024
23967286
23968691
23975222
23977717
23977718
23977719
23977720
23977721
23977724
23977725
23977896
23979922
23980734
23981903
23982645
23983013
23983900
23984841
23990384
23994238
23995275
23995471
23998660
24000373
24001778
24002347
24002469
24003921
24004719
24007624
24009275
24013674
24013943
24019188
24022566
24023948
24027260
24036849
24047927
24051449
24054495
24055493
24055627
24055861
24057224
24061198
24068487
24069271
24069843
24071567
24074875
24075894
24078045
24078209
24080428
24083685
24089379
24091353
24095694
24095896
24102905
24105420
24105840
24107611
24112691
24113700
24117160
24117976
24118944
24119405
24120240
24120496
24120932
24124586
24124761
24126151
24126611
24127054
24130669
24130904
24133612
24134735
24135080
24139605
24141170
24141991
24145722
24146969
24148323
24148695
24148812
24149529
24149537
24149556
24149559
24149560
24149590
24149602
24149613
24149705
24149724
24149782
24149996
24150084
24150614
24150751
24150782
24153330
24154977
24160223
24167225
24169546
24172719
24176749
24180469
24180543
24184481
24185705
24188143
24189370
24195623
24195702
24197107
24198564
24198583
24198586
24200513
24200514
24200515
24201089
24204344
24209961
24216536
24216763
24217075
24219008
24220303
24220317
24222703
24223732
24224738
24225086
24225534
24225668
24225901
24225928
24229326
24231601
24232751
24237186
24238233
24239769
24245100
24245863
24249354
24251328
24251540
24251622
24258473
24260184
24261331
24262762
24265280
24265539
24266614
24267043
24269495
24274281
24274358
24276267
24277055
24278522
24282574
24284514
24284618
24285149
24286756
24289085
24291686
24293360
24295867
24296687
24299261
24303126
24303535
24305629
24306214
24309138
24311225
24311515
24311745
24316789
24322886
24334166
24338970
24340670
24341728
24343326
24344140
24345335
24345577
24346188
24347207
24349059
24349333
24352029
24355422
24355644
24356757
24357964
24359015
24363306
24368252
24370184
24373281
24373771
24375915
24375980
24379703
24382994
24383513
24385283
24387204
24387247
24388225
24389906
24391776
24392457
24395610
24398181
24398262
24399634
24399722
24399841
24404356
24407188
24411942
24412238
24416176
24416250
24423293
24423463
24425758
24430216
24434040
24435816
24436293
24440628
24444198
24445063
24448005
24451001
24451691
24452950
24456264
24458142
24458745
24458825
24462152
24463844
24465022
24469890
24472542
24476465
24476467
24479464
24482680
24484196
24487960
24489985
24491916
24497379
24498034
24498143
24499262
24500432
24501137
24502337
24503659
24504226
24506871
24507241
24507829
24509134
24509247
24509995
24512517
24512783
24513876
24514907
24517839
24518865
24519543
24520153
24520199
24520541
24523764
24525423
24531434
24531911
24548423
24550837
24551287
24552382
24552607
24553690
24558878
24559067
24563822
24563869
24565602
24566440
24569858
24570619
24571880
24571891
24573809
24573919
24576272
24576321
24576857
24576865
24577845
24583548
24586268
24592300
24593791
24596617
24598469
24598699
24599630
24600268
24600547
24601107
24604295
24615035
24616425
24617642
24620995
24621058
24621878
24622577
24624007
24626137
24627661
24628428
24631681
24633223
24633453
24635513
24636198
24637346
24639242
24641528
24642808
24643011
24643426
24643755
24645793
24648779
24649002
24654858
24655147
24657956
24658125
24658361
24659521
24662009
24662155
24662848
24666744
24667393
24668759
24669984
24669986
24673178
24674975
24676178
24676476
24678747
24678855
24680283
24681210
24683529
24685781
24686403
24688170
24691558
24697255
24700875
24701035
24702172
24703167
24707823
24709362
24709586
24709689
24710921
24713141
24714530
24714543
24715762
24719046
24719632
24722875
24726197
24729923
24731917
24735334
24739129
24739260
24741111
24743270
24744458
24744468
24744472
24744502
24744911
24747283
24748461
24749240
24751578
24751614
24751711
24752092
24752326
24756198
24759554
24760118
24760997
24762334
24763113
24766238
24767486
24767549
24770423
24772065
24773370
24776325
24779748
24780767
24781425
24784832
24787230
24788542
24791918
24792369
24793567
24794336
24794340
24796977
24797797
24798414
24802951
24809007
24816885
24828425
24832001
24832977
24833778
24833781
24833959
24833967
24833978
24833984
24837262
24838805
24842264
24845185
24848492
24848627
24851546
24853398
24858952
24862866
24863538
24864189
24865509
24868432
24870578
24871587
24873936
24874932
24876361
24876671
24877123
24878772
24884163
24884656
24884762
24885615
24886918
24888677
24889217
24890098
24891006
24893635
24894384
24895488
24895525
24899772
24903923
24906147
24906198
24909812
24913160
24914689
24914927
24916951
24917202
24917356
24917688
24917689
24920218
24920273
24920561
24920969
24923439
24923763
24924232
24926824
24927367
24927872
24928197
24928342
24928893
24930518
24936673
24936876
24936899
24940861
24943735
24944290
24947029
24950152
24951643
24951811
24954162
24955731
24958738
24959824
24962470
24966438
24966805
24967004
24967270
24968868
24971503
24972482
24974719
24974720
24974723
24974724
24974725
24975928
24976488
24976537
24977916
24977955
24982601
24984601
24986928
24987193
24989479
24990089
24996847
24998353
24998653
25002755
25003778
25005793
25007086
25009290
25009551
25010680
25011496
25012425
25012964
25020258
25029008
25029675
25029699
25031678
25038103
25038148
25044557
25047853
25048075
25050010
25050349
25055050
25055558
25060913
25061264
25061277
25062931
25064781
25066541
25068429
25068884
25069238
25071598
25072536
25073564
25074283
25079378
25085553
25087597
25088029
25088157
25096178
25104428
25104521
25107987
25108351
25116861
25117383
25118318
25120968
25121612
25121967
25123045
25123240
25127878
25128203
25129807
25131507
25132877
25133574
25133710
25134502
25136550
25138607
25140763
25142912
25144177
25145588
25145663
25145813
25145982
25146754
25147735
25147765
25149076
25149589
25153307
25164464
25164777
25170624
25170749
25175011
25177094
25177180
25177192
25177203
25177963
25178179
25178379
25179880
25180783
25181429
25186010
25187675
25190304
25190745
25192647
25195522
25196361
25198252
25202101
25202180
25202189
25206718
25212659
25213007
25213552
25213719
25219132
25219816
25224537
25224944
25228359
25234442
25242721
25245621
25247628
25249340
25250173
25252756
25253897
25255587
25259652
25260437
25261012
25261051
25261325
25263651
25264157
25264280
25265043
25266142
25266525
25267457
25269870
25270782
25272587
25279151
25280353
25280408
25283328
25286884
25289701
25292108
25294127
25294662
25294957
25295663
25298754
25301024
25305179
25305666
25306916
25307725
25308320
25310943
25310951
25311752
25312619
25313863
25316129
25319354
25321659
25326761
25326831
25327415
25328886
25329434
25329458
25333960
25338085
25343025
25344270
25344476
25345309
25345837
25347141
25350665
25352022
25354787
25355575
25356771
25358020
25358055
25358760
25360077
25360210
25361393
25363036
25363865
25365008
25366252
25367519
25371035
25371101
25373099
25373482
25374517
25377300
25379137
25380472
25380621
25381099
25381629
25386658
25386711
25387489
25389637
25391587
25392260
25394809
25398224
25398804
25405414
25409020
25409324
25412294
25412336
25412561
25412620
25414542
25415018
25419789
25422002
25424502
25424602
25426284
25426511
25428747
25431545
25433101
25434245
25434246
25435788
25436628
25438525
25438993
25439356
25441613
25442169
25446648
25446758
25451014
25451016
25451309
25451387
25455599
25456038
25457842
25460722
25460913
25462364
25463301
25464018
25464926
25465030
25465530
25467846
25470525
25472972
25474597
25474642
25475830
25478896
25479564
25480930
25484327
25488023
25490295
25493588
25494543
25498371
25500579
25503301
25503707
25504501
25504747
25518849
25519953
25522723
25522923
25523351
25523909
25524713
25525952
25525953
25526659
25528044
25530477
25530736
25531450
25531801
25538889
25539502
25539934
25539938
25541057
25546615
25547896
25549301
25551694
25552261
25556001
25557386
25560998
25561135
25562035
25566087
25566431
25566439
25566441
25566442
25566447
25567682
25568457
25569281
25571669
25571709
25573319
25577172
25578514
25579865
25582807
25585360
25586690
25587208
25594826
25596018
25598393
25598495
25599310
25599385
25599607
25601465
25602857
25603810
25604346
25604632
25604940
25610818
25611207
25613417
25613538
25615794
25617538
25617625
25622243
25626819
25628521
25630247
25630301
25632790
25633560
25634256
25637303
25639911
25640113
25642444
25643617
25644323
25647393
25648616
25648788
25648888
25649272
25649847
25658816
25665003
25666347
25668058
25671614
25676847
25678206
25678437
25678701
25679469
25683949
25685088
25688040
25689491
25691103
25692862
25693894
25694027
25702530
25706655
25709495
25710076
25711612
25713670
25714571
25714619
25714675
25720858
25722377
25722659
25722660
25727914
25729146
25729295
25729365
25732261
25734341
25738482
25739573
25741287
25741409
25743405
25747047
25748834
25749006
25749442
25752356
25754998
25756415
25758553
25760150
25762936
25764518
25769383
25772829
25775591
25776454
25782579
25783765
25785928
25788954
25789424
25789872
25791914
25793414
25793527
25794236
25795285
25796304
25799924
25802475
25802681
25802746
25805191
25810642
25811415
25811948
25818207
25819958
25820396
25820756
25820928
25822481
25823269
25823763
25824442
25825391
25825870
25826051
25826125
25826370
25826388
25826432
25828753
25830597
25831401
25833478
25837246
25837444
25838103
25843429
25844530
25844686
25844857
25845088
25847024
25847280
25848241
25853030
25853878
25853879
25854132
25854282
25855985
25857276
25857722
25860146
25862351
25862833
25863248
25864742
25864870
25865148
25867528
25868334
25871999
25872588
25873292
25874021
25879043
25880462
25880506
25888302
25891368
25891645
25893429
25893563
25898703
25899994
25900267
25902870
25908726
25910792
25915178
25915424
25915527
25916419
25916782
25919405
25920499
25921578
25921600
25922201
25923482
25924908
25924960
25924962
25925064
25927335
25933933
25934139
25935433
25936296
25936311
25938074
25941924
25942100
25943677
25947256
25954207
25955720
25958170
25960006
25960403
25961393
25962747
25964813
25966363
25966749
25969463
25970076
25970439
25970495
25970665
25972532
25976698
25977451
25980488
25982374
25982396
25983669
25984345
25984722
25985708
25988195
25988762
25995584
25997943
26000301
26001545
26001775
26004176
26008676
26011919
26016739
26016944
26017065
26019878
26021089
26023229
26023337
26025969
26028298
26030347
26031748
26033642
26034073
26034606
26034898
26036219
26036910
26040789
26042664
26043924
26044807
26044827
26045721
26046684
26050911
26053857
26056010
26056159
26056723
26057332
26057630
26057940
26058992
26059364
26061528
26062198
26065048
26065091
26067360
26070197
26070270
26073606
26075288
26082010
26084373
26084589
26088573
26090621
26092485
26093208
26093876
26096789
26098419
26100553
26105008
26105274
26105530
26105554
26107372
26110366
26111094
26111200
26111934
26111949
26112240
26112242
26112841
26113584
26114988
26115505
26115721
26116711
26117739
26121431
26122818
26123321
26123789
26124766
26125166
26126684
26132037
26132827
26135366
26136486
26141182
26141939
26142253
26146019
26147001
26149272
26149822
26151770
26153476
26154051
26154730
26155120
26156267
26157720
26161338
26163337
26163877
26163998
26165153
26168312
26168775
26170871
26173458
26173803
26174596
26175401
26176236
26179091
26181653
26182832
26183477
26185443
26185989
26189600
26190309
26195804
26198915
26200194
26211649
26211650
26213534
26213714
26215984
26216195
26218753
26223833
26227152
26228714
26229458
26229970
26230740
26233864
26234794
26238349
26239262
26240057
26240654
26241349
26243212
26244123
26244875
26247548
26248565
26251510
26252642
26253520
26254031
26254062
26254576
26254779
26259546
26263552
26264882
26265479
26266053
26266115
26268930
26269566
26270693
26275065
26275117
26276511
26279287
26280319
26283663
26285024
26287390
26288101
26288392
26289619
26289919
26289996
26293291
26295915
26296772
26296794
26298752
26300012
26301706
26303257
26303678
26303912
26305466
26305613
26311110
26311920
26315081
26316585
26318584
26319564
26321521
26324152
26328480
26329839
26331117
26331134
26331692
26332044
26332577
26333785
26334308
26334786
26335525
26335627
26336058
26338830
26339686
26347378
26347654
26348035
26351746
26351935
26352938
26357438
26358368
26358775
26360640
26367861
26368927
26369674
26370102
26372108
26376410
26377004
26377330
26380736
26381478
26381504
26381714
26387191
26388378
26398817
26398938
26399932
26400438
26401040
26404616
26406298
26407095
26407995
26408054
26410862
26410865
26411586
26413718
26415977
26419189
26420865
26423686
26424920
26424921
26429962
26433893
26434713
26435683
26437761
26442273
26443037
26444557
26445409
26445495
26447512
26447559
26447701
26447778
26448147
26448816
26448852
26448857
26449837
26451086
26452676
26453141
26453313
26453327
26456230
26456522
26457176
26460627
26462690
26464112
26464853
26464882
26467819
26467845
26468400
26469542
26471760
26472331
26472868
26472872
26473365
26473430
26475418
26475491
26475529
26475583
26476404
26477911
26477915
26477921
26477922
26477925
26477926
26477927
26480811
26482865
26487283
26491419
26491600
26493164
26494443
26496418
26498269
26499819
26501345
26502460
26506242
26508702
26512338
26513005
26513386
26520214
26522057
26522131
26522871
26523243
26525001
26526620
26529510
26529560
26531238
26535212
26535213
26537365
26538319
26540263
26540518
26543713
26545590
26545642
26545710
26546248
26546348
26548414
26549337
26551468
26553492
26554595
26556240
26557261
26557653
26558831
26558832
26558835
26559468
26560107
26561314
26566243
26567275
26577267
26578852
26578983
26581795
26582633
26583066
26584022
26588807
26589249
26590123
26593732
26594634
26596327
26596416
26598816
26600736
26604429
26605139
26608509
26609170
26609966
26611937
26619202
26620039
26626027
26632421
26632602
26632760
26632851
26634839
26635566
26636649
26642303
26643864
26643874
26644265
26646371
26647745
26648640
26651029
26652490
26657969
26660396
26660547
26660557
26663352
26664265
26664283
26666745
26669455
26669710
26671977
26672959
26673245
26675168
26676894
26679110
26680134
26680502
26681181
26682073
26682206
26684634
26686693
26689317
26690262
26692906
26695382
26699119
26700183
26701121
26701638
26704899
26705018
26705248
26707127
26707388
26707538
26708179
26711679
26714424
26715225
26715966
26717214
26718191
26719499
26721328
26721721
26725948
26731484
26733888
26739815
26741133
26742261
26743757
26744505
26745664
26755735
26760415
26765632
26768410
26769680
26770145
26770647
26774022
26778138
26779179
26784277
26786756
26788076
26790722
26792644
26793125
26793652
26794963
26794964
26796076
26797700
26799589
26799789
26801350
26807345
26808606
26809946
26811029
26813135
26814159
26827528
26827898
26828393
26829612
26833814
26837931
26841003
26843989
26844418
26845575
26846550
26847726
26849281
26850043
26852949
26853134
26853328
26853451
26853488
26853678
26854180
26856335
26859426
26859843
26860222
26864794
26868639
26868641
26872295
26873498
26879649
26879839
26882488
26884479
26885637
26887432
26889090
26891874
26893473
26894503
26897464
26898145
26898783
26901573
26908041
26909532
26911944
26912001
26914269
26914703
26916558
26918560
26921802
26924420
26926225
26926872
26927198
26927744
26940016
26941574
26942576
26943141
26943835
26944197
26945587
26949378
26950003
26950356
26952960
26955904
26956025
26957930
26957941
26957943
26958898
26960911
26964061
26966875
26969923
26969941
26970705
26973459
26978328
26978330
26979339
26982073
26984892
26985136
26987685
26987748
26988766
26991894
26992432
26993283
26998176
26998359
26999116
27000188
27000810
27000826
27004851
27005804
27012012
27013699
27014087
27014090
27014700
27018002
27019674
27020400
27021964
27023222
27023369
27025446
27025719
27026050
27026109
27027694
27028294
27030712
27031035
27032901
27034919
27035929
27040770
27044851
27045322
27047388
27051354
27051592
27052561
27053000
27053692
27056728
27059930
27061420
27062041
27062398
27063791
27064890
27065876
27072166
27082615
27084769
27085776
27085781
27085996
27087983
27088469
27090768
27094349
27095550
27096389
27101291
27101297
27101373
27102569
27103182
27103377
27105192
27106555
27107520
27109910
27109967
27112583
27112755
27114181
27114257
27116339
27118812
27122157
27124720
27125695
27128606
27128726
27129582
27132803
27135610
27136539
27137219
27138166
27139422
27139796
27143996
27146485
27150271
27150832
27152505
27152850
27156748
27157340
27160658
27162527
27164317
27165730
27167715
27167978
27173892
27174779
27175304
27178556
27179638
27181409
27182297
27182363
27182614
27182886
27183117
27184276
27185107
27185489
27186097
27186145
27186470
27186917
27187099
27189188
27189876
27191606
27197440
27203679
27206297
27208396
27208923
27209403
27212809
27213161
27215025
27215643
27216432
27217926
27222654
27228549
27229333
27230460
27230461
27230949
27231439
27235543
27237374
27239103
27239331
27239425
27239554
27240141
27241818
27251407
27253067
27259333
27259811
27260579
27261170
27262381
27262505
27266702
27267689
27273884
27274108
27274677
27275838
27278421
27278854
27282804
27283912
27284981
27287648
27287855
27293111
27293505
27294353
27294501
27296820
27297387
27297959
27300145
27302304
27304508
27306382
27320704
27321758
27327080
27335279
27335401
27335432
27339183
27339185
27341380
27351985
27357095
27358131
27364992
27366132
27372268
27373236
27374148
27375484
27376075
27376813
27377137
27377816
27379471
27379793
27384580
27387290
27388225
27390252
27390433
27390441
27403899
27404346
27406012
27406816
27414688
27418438
27419121
27420587
27421833
27425176
27427499
27428678
27430504
27433899
27434079
27434082
27441600
27444041
27444976
27445361
27445841
27445850
27447685
27449203
27451589
27453549
27453812
27454135
27455316
27456854
27458060
27458387
27466195
27468258
27471471
27477524
27477921
27478305
27478459
27481271
27484001
27484434
27486743
27491620
27492148
27493198
27493272
27494270
27497636
27497779
27499923
27501153
27501182
27503950
27504148
27504150
27506196
27506674
27506998
27507700
27509306
27512079
27512815
27518102
27518889
27522380
27522585
27522667
27523186
27523646
27524866
27524970
27530134
27534876
27536249
27537409
27538513
27540045
27543065
27544851
27545396
27547577
27547716
27548017
27548212
27548653
27549214
27549591
27550926
27551969
27554053
27556353
27556488
27562067
27564917
27568363
27575834
27576169
27579699
27580591
27580693
27582262
27586837
27588179
27590301
27590681
27591889
27593492
27594321
27600458
27601139
27601776
27601974
27604511
27605972
27608614
27609306
27613664
27614202
27615448
27616162
27617485
27620999
27621722
27622168
27624896
27625607
27633843
27637250
27639585
27641234
27650251
27651323
27652022
27652031
27653273
27656621
27657503
27657515
27664189
27672675
27676148
27676149
27676156
27677455
27678307
27682205
27683359
27684595
27686013
27686277
27686402
27687884
27690418
27692617
27697714
27699583
27704074
27704555
27706732
27713703
27717154
27718123
27719658
27719675
27720500
27721367
27721912
27722926
27723957
27725121
27725122
27725261
27725411
27727360
27733273
27733941
27735833
27736966
27737602
27739650
27742668
27743179
27747777
27748470
27753739
27754427
27755513
27756573
27765863
27767272
27768523
27770498
27771663
27777049
27777795
27782354
27784675
27787946
27790157
27795900
27796565
27797730
27798330
27798349
27798350
27798441
27799464
27799809
27800393
27802217
27805476
27805707
27807666
27808433
27810335
27810494
27813725
27822074
27822850
27825179
27826245
27826398
27826703
27827949
27829044
27830328
27831561
27832652
27832807
27833825
27834290
27835955
27836414
27837598
27838246
27839749
27840690
27841026
27841405
27844051
27845339
27845704
27846149
27849116
27852235
27852617
27853705
27853721
27854073
27856557
27856609
27865540
27866236
27867360
27871066
27874264
27876507
27876685
27878552
27881669
27881671
27881987
27884590
27884622
27885969
27886064
27887811
27890482
27891165
27894336
27894409
27895542
27895662
27897408
27901267
27901337
27909225
27909226
27909917
27911915
27912940
27913427
27915477
27923636
27924137
27924138
27927626
27927737
27931302
27933348
27938033
27940662
27941490
27943148
27960614
27965757
27966392
27974875
27974950
27975171
27977796
27978474
27979780
27980782
27983587
27988308
27993588
27993842
27994602
27996272
28000620
28002466
28002685
28011264
28012598
28017505
28018592
28024129
28028062
28028158
28028619
28028888
28028974
28031785
28033454
28035017
28035018
28039193
28039439
28043028
28049238
28051341
28052868
28054593
28062722
28066330
28066938
28068026
28068681
28070602
28072631
28077004
28078614
28079706
28082336
28082894
28082910
28085082
28087817
28088898
28090558
28090681
28092067
28093289
28093566
28093924
28100311
28103874
28104750
28106721
28107215
28111441
28114415
28116577
28118062
28119886
28121185
28122717
28122718
28122967
28133869
28134772
28135290
28138311
28138894
28141914
28143529
28144410
28145015
28146072
28149370
28149418
28150163
28152068
28153106
28153942
28163029
28163997
28165424
28165768
28166653
28168937
28173788
28177124
28177716
28177718
28178355
28178530
28179068
28180933
28181836
28182749
28183451
28183821
28185807
28185925
28192465
28194116
28199799
28202852
28203319
28207531
28209739
28210986
28211000
28211192
28212946
28214385
28216296
28216540
28223398
28223710
28224232
28225205
28230531
28235185
28236438
28238270
28241125
28241477
28248217
28249253
28250797
28251488
28251506
28254586
28255358
28255731
28257486
28257526
28257639
28257895
28261001
28263745
28263851
28264047
28270597
28270867
28271803
28272268
28273280
28274919
28275273
28277406
28282757
28283153
28283560
28285256
28285432
28285847
28286759
28291817
28292758
28293931
28296518
28302499
28303105
28303338
28303472
28304151
28306130
28314078
28315391
28315479
28316011
28317171
28320258
28320830
28322752
28323945
28326005
28336535
28336726
28336790
28337878
28341903
28344444
28344463
28346122
28347291
28347780
28350207
28353539
28361355
28361576
28362366
28363731
28365405
28366645
28367157
28368957
28371392
28376678
28377874
28378071
28378453
28379266
28379838
28381454
28382580
28385599
28386239
28386694
28387682
28388333
28388779
28391394
28392707
28392973
28393558
28394978
28398573
28398943
28400677
28402191
28403174
28404813
28407446
28407740
28408332
28408697
28409098
28409396
28409397
28409682
28412025
28412479
28415917
28417963
28418996
28421200
28421384
28421528
28422588
28422851
28428330
28428736
28428879
28429777
28430950
28432115
28433920
28435687
28437223
28437380
28438715
28440716
28444660
28447186
28449327
28451455
28452071
28452590
28452831
28453295
28453868
28455310
28456776
28457318
28460195
28460534
28461877
28464406
28467493
28467726
28469272
28469403
28469748
28469752
28473755
28474795
28479192
28479394
28479667
28480382
28480692
28482363
28490541
28491135
28492701
28499455
28500647
28503530
28507168
28508505
28512432
28515695
28520754
28521685
28521867
28524103
28526870
28527895
28530511
28532150
28533262
28542490
28542873
28543931
28545403
28548588
28549733
28553531
28553755
28554920
28555251
28558787
28559456
28562133
28562650
28571132
28572502
28575522
28576734
28576853
28577104
28579942
28580833
28582461
28585492
28587932
28589631
28591543
28592692
28595590
28595644
28597109
28597506
28599081
28605481
28605609
28606216
28611681
28612976
28613960
28616851
28620885
28621702
28624982
28625282
28627102
28628078
28629959
28630575
28638919
28638968
28639862
28639865
28642810
28645281
28646302
28647678
28648649
28648815
28649743
28656283
28658085
28658657
28659745
28659827
28664094
28666093
28667428
28668892
28669560
28669689
28670189
28671626
28672073
28673573
28674872
28677946
28680370
28680380
28680454
28682654
28684587
28685977
28685994
28687176
28693341
28694500
28694723
28695463
28696985
28697756
28701956
28702438
28702900
28704555
28705996
28706001
28708268
28708331
28708930
28712031
28713178
28713483
28718891
28719765
28721124
28722106
28725111
28726269
28727760
28728374
28729213
28729393
28732805
28736511
28737585
28740887
28744226
28744255
28747329
28747888
28748372
28750051
28750957
28751729
28751932
28754556
28758951
28759130
28769550
28771574
28777518
28777927
28778950
28783845
28784272
28785862
28786928
28789683
28790966
28790985
28793058
28793853
28793919
28795002
28795443
28795586
28796154
28796240
28797697
28798202
28798999
28799160
28801524
28801819
28801989
28802262
28803110
28803453
28803883
28804461
28807718
28810271
28810853
28810984
28811749
28812766
28818617
28821632
28822267
28822763
28823029
28823494
28825174
28826663
28826901
28828083
28829792
28829838
28831951
28838344
28844967
28845719
28846611
28850582
28853337
28854149
28854781
28855275
28856518
28859014
28860122
28860166
28861930
28862530
28863804
28864849
28867469
28867701
28869324
28871832
28872424
28875479
28879033
28879123
28885279
28886691
28887058
28887210
28888922
28891198
28891296
28899858
28904013
28906407
28910365
28911021
28914426
28916625
28916639
28920922
28926865
28927254
28929343
28930874
28931917
28935827
28937582
28940555
28941809
28942507
28942931
28944087
28944651
28948400
28948979
28955817
28956621
28957754
28958144
28958347
28958753
28959650
28961407
28964826
28965341
28966053
28966648
28967237
28967239
28967579
28971834
28972639
28972854
28981384
28982716
28982941
28983994
28985159
28986178
28987235
28988230
28988307
28991044
28992911
28994515
29016675
29017969
29019056
29020942
29021092
29021911
29022261
29022263
29023199
29024599
29028112
29028836
29031484
29033851
29035597
29035687
29036633
29037153
29039447
29039798
29040223
29042269
29046018
29046644
29049889
29053883
29057472
29058466
29059326
29062100
29063619
29065496
29068603
29069318
29070274
29070484
29071380
29073097
29074709
29075862
29078106
29082755
29085305
29087932
29089051
29091464
29091530
29094279
29095264
29098625
29098626
29098628
29098658
29099031
29099680
29100991
29104540
29105312
29105558
29107647
29108047
29112629
29114501
29114515
29114528
29119294
29121681
29121940
29123488
29124664
29126336
29127316
29127510
29127590
29129889
29131079
29133224
29134614
29135983
29136572
29137117
29140910
29141087
29142617
29143384
29143594
29143667
29143975
29145499
29146687
29147573
29150280
29155091
29156141
29156382
29159091
29161407
29161748
29163201
29163473
29164533
29165732
29166903
29167123
29167228
29168064
29177473
29177585
29182431
29183152
29189426
29189636
29190851
29191837
29197879
29198900
29199785
29200982
29200983
29203638
29203714
29204289
29210916
29212849
29212859
29215325
29215751
29218015
29220580
29223653
29225572
29225901
29227300
29231783
29232153
29232412
29233288
29233428
29234915
29236301
29237078
29241666
29250678
29253016
29254627
29256048
29259281
29259617
29259804
29260747
29262409
29263119
29265114
29265525
29271291
29271872
29272042
29274034
29275344
29281146
29281195
29284661
29284664
29285709
29286166
29287151
29287792
29287840
29288824
29291316
29293748
29297205
29298082
29298441
29299877
29302585
29306260
29306740
29309386
29311951
29311955
29312105
29313111
29315115
29315567
29315771
29316316
29318900
29320704
29321779
29323174
29324825
29325455
29326600
29330356
29331169
29331586
29334806
29335597
29335765
29338015
29340006
29340527
29341364
29343136
29344422
29345156
29346160
29351335
29351515
29356211
29357482
29359592
29362711
29363055
29368598
29370244
29370268
29371075
29373460
29374537
29375644
29377313
29379533
29382913
29382948
29384105
29385732
29387292
29389248
29393240
29394148
29398617
29399585
29401629
29401699
29402724
29403717
29410194
29410606
29410617
29411336
29414686
29415294
29415833
29417082
29420397
29421799
29425971
29426834
29427565
29427982
29428619
29429408
29430287
29432893
29433015
29436629
29440939
29440989
29442075
29443922
29445118
29445271
29445295
29446232
29448996
29452585
29458098
29458118
29461420
29461477
29461966
29461967
29461969
29462969
29466232
29466686
29466693
29467598
29471132
29472736
29473115
29474750
29477569
29486166
29486768
29488810
29489086
29490613
29490680
29498254
29500383
29500848
29501882
29503051
29506053
29508232
29508289
29508714
29509640
29512299
29513791
29514893
29518708
29519347
29520369
29521064
29521582
29521704
29522767
29524997
29525202
29525330
29526567
29526844
29527681
29527793
29529387
29531564
29535548
29540296
29541032
29541092
29541095
29541106
29541134
29542892
29543133
29543139
29546780
29548567
29548689
29548782
29548887
29554815
29559378
29561921
29562489
29562604
29566095
29571007
29572683
29575649
29578204
29578836
29584528
29590534
29596311
29597198
29599721
29599722
29599862
29599864
29600898
29601376
29601782
29602631
29603414
29607334
29614808
29617367
29623649
29623829
29624000
29625466
29627864
29629955
29631728
29631730
29631732
29631734
29631741
29633637
29637836
29641567
29643134
29644961
29648517
29648986
29649584
29650130
29653118
29653629
29654509
29654597
29656052
29659080
29659417
29659739
29662308
29662456
29662554
29663142
29664002
29667338
29668082
29669488
29669987
29671347
29672225
29674140
29674668
29676885
29678911
29680463
29682215
29683771
29684446
29684558
29685786
29685828
29689688
29689723
29693510
29695812
29696063
29696212
29698111
29698651
29700574
29704309
29705396
29705471
29705845
29709643
29710765
29713249
29713319
29718998
29719226
29719514
29720225
29721510
29723594
29726656
29729373
29730547
29731416
29732371
29733563
29734881
29735541
29740341
29743826
29744684
29746891
29746958
29748720
29752998
29754835
29755363
29763678
29764548
29764897
29765494
29765839
29767342
29767569
29769416
29769824
29774032
29776561
29776562
29777409
29780023
29781940
29782463
29783162
29784526
29784554
29786965
29787583
29790452
29792580
29795723
29795726
29795727
29797237
29797687
29799087
29799315
29799466
29802941
29807487
29842933
29843140
29845329
29845842
29846834
29847191
29849887
29850382
29854443
29856774
29856928
29859711
29861827
29862831
29865929
29867549
29869823
29870157
29875681
29875682
29875683
29876020
29878269
29878340
29879135
29880392
29881354
29883262
29883433
29885824
29885920
29889141
29890037
29891775
29893381
29893929
29895236
29896090
29896523
29897097
29901080
29903591
29904333
29908286
29910299
29910316
29910371
29910424
29910741
29917108
29917209
29920290
29921716
29922173
29922177
29922184
29923561
29924476
29926662
29928698
29928912
29931905
29931948
29933914
29939490
29940668
29942262
29945025
29945898
29949436
29952693
29953414
29953821
29953961
29955695
29958080
29958736
29962914
29965583
29967417
29969318
29971078
29975700
29980140
29982948
29983237
29983399
29983927
29986043
29987522
29988087
29989859
29991458
30000958
30001216
30005739
30006508
30007452
30008038
30008613
30009276
30009507
30010196
30012518
30012664
30013070
30014518
30014782
30015301
30026174
30026562
30027785
30028191
30030222
30030654
30031682
30031753
30032205
30033924
30037768
30037837
30040009
30041123
30041701
30043997
30046617
30047602
30049931
30050592
30057665
30057694
30058460
30063084
30063442
30068247
30068899
30068936
30069057
30069484
30070608
30070609
30071921
30075349
30076006
30077767
30077950
30078194
30078757
30079068
30080272
30084314
30084805
30085994
30090067
30091036
30093355
30093357
30094437
30096249
30096269
30096581
30099793
30100749
30102811
30104954
30109631
30110239
30113273
30113718
30113919
30113953
30116124
30116329
30117365
30119133
30119658
30121141
30123060
30123426
30126654
30127214
30127648
30128352
30132382
30132448
30133322
30133549
30134985
30135522
30137674
30138543
30141164
30144942
30146632
30147830
30148431
30149421
30152715
30155567
30155761
30160559
30160565
30160998
30165987
30167958
30172114
30172615
30172948
30174618
30176241
30176834
30177313
30177888
30178480
30178811
30179684
30180518
30180527
30182426
30184508
30186809
30187684
30188362
30189146
30193052
30194520
30194727
30195913
30196232
30196447
30198318
30199586
30200326
30200480
30203770
30207314
30207506
30208686
30211983
30212608
30213008
30213948
30215336
30219263
30219702
30220679
30221665
30222207
30223447
30224737
30226421
30230598
30231482
30231484
30238979
30240154
30243702
30243850
30243893
30244288
30246290
30246800
30246809
30248300
30248907
30249353
30252882
30255016
30256758
30257503
30258281
30260095
30262297
30262703
30265651
30266522
30270687
30272137
30276193
30276194
30276476
30277854
30279507
30280511
30283350
30283903
30284241
30289745
30290200
30290334
30291307
30291850
30292287
30293407
30293527
30293597
30294974
30296804
30301473
30303776
30304134
30309223
30309628
30310979
30311980
30312832
30315670
30317879
30319436
30319764
30320041
30321486
30323349
30323766
30323770
30324630
30324690
30325737
30326526
30328526
30334389
30334414
30334958
30335579
30337914
30337971
30339660
30340850
30343000
30344562
30346078
30346867
30347824
30348406
30349484
30350760
30351684
30351988
30354558
30355286
30355832
30356443
30356475
30356572
30356594
30356659
30356739
30356748
30360698
30361931
30363006
30365907
30366410
30367484
30367977
30370532
30371169
30372442
30373228
30373378
30374018
30375987
30376575
30377641
30379415
30380356
30382930
30383773
30389774
30392112
30392703
30395761
30398905
30398957
30399190
30399477
30400033
30400340
30404012
30404413
30405875
30406067
30410150
30414609
30419498
30419577
30421104
30422334
30423218
30425562
30428890
30429675
30430746
30430884
30430900
30442770
30443032
30445104
30445461
30449946
30450252
30453505
30455720
30456534
30459468
30462228
30462646
30463509
30466059
30466141
30467437
30471116
30471384
30472249
30472250
30472302
30472732
30473788
30476171
30478609
30479441
30479520
30483174
30485685
30486243
30487411
30487553
30489352
30496493
30497092
30497093
30499275
30503849
30504821
30506108
30507260
30508516
30508863
30512987
30513813
30516950
30518388
30519842
30522530
30526319
30528700
30529882
30530200
30531697
30532351
30534085
30535270
30536945
30537791
30539106
30540495
30541575
30543856
30545255
30548426
30551234
30552877
30555945
30559681
30560481
30561141
30563468
30564548
30566056
30566057
30566760
30568263
30568518
30568599
30568733
30569067
30569154
30571279
30575321
30578072
30580432
30580469
30581100
30581558
30582446
30582950
30585801
30587230
30588054
30588325
30588901
30589484
30589838
30590242
30592183
30594545
30594892
30595047
30595477
30598869
30599881
30600546
30601082
30601673
30601706
30601825
30602606
30610443
30611351
30613054
30616033
30617467
30617517
30618462
30618797
30618808
30618835
30618836
30619089
30619254
30619885
30620236
30620743
30625152
30625976
30627775
30627890
30630742
30633566
30636471
30639252
30641593
30643228
30643927
30649094
30649103
30649275
30652637
30654196
30656180
30657053
30659823
30661326
30661328
30661331
30661444
30661855
30662486
30663116
30664359
30665439
30669449
30669994
30671479
30671906
30673629
30673849
30676214
30676840
30679986
30684541
30687098
30687109
30690060
30692939
30696041
30696423
30696591
30700754
30703845
30704008
30704304
30704398
30705375
30706970
30707054
30707740
30707962
30712024
30714983
30719682
30721838
30723416
30723479
30726106
30726210
30726225
30728822
30730806
30733582
30736479
30737079
30738322
30739342
30740234
30741369
30741858
30745881
30745882
30753114
30753129
30753130
30755154
30758087
30760755
30761840
30764669
30764736
30769206
30770758
30771724
30771734
30774600
30778760
30778851
30779632
30781824
30782942
30783776
30787243
30788928
30788942
30790162
30790541
30791082
30792542
30794658
30796945
30797636
30803503
30804809
30806141
30807859
30808027
30808728
30810797
30811073
30812059
30814417
30817465
30818032
30819077
30821155
30822271
30825891
30826457
30826599
30828430
30830390
30830401
30832493
30835436
30836690
30836837
30837717
30840513
30840894
30842540
30843284
30849417
30849952
30850619
30859892
30860468
30860714
30860878
30861351
30862473
30862794
30862844
30862999
30863280
30863761
30865387
30865708
30866569
30866755
30873004
30873121
30873215
30874285
30875990
30877025
30879399
30881958
30884427
30887868
30889043
30890937
30893086
30895460
30896356
30897114
30901475
30902674
30903866
30905721
30906313
30907123
30907990
30909945
30911346
30912279
30917034
30918743
30918915
30920888
30922751
30922985
30923976
30928184
30929785
30929860
30932750
30933945
30935010
30937600
30938299
30939061
30939402
30940499
30941004
30941660
30946838
30949035
30949063
30949073
30949075
30951969
30953177
30956525
30957673
30958058
30958346
30958451
30959461
30962090
30962874
30964703
30964704
30969228
30969722
30970215
30972997
30973483
30974319
30978133
30978596
30980923
30982100
30983932
30984014
30984226
30986813
30988688
30991601
30991661
30992181
30993696
30995444
30996129
30998584
30998792
30998998
31000410
31001142
31002670
31003882
31004882
31005728
31008133
31010132
31010270
31010925
31011008
31011777
31016183
31016868
31017108
31017504
31020199
31021705
31023353
31025894
31027192
31031645
31032475
31032585
31034253
31035246
31035959
31036091
31038529
31039280
31039624
31042671
31044644
31045685
31046576
31048415
31053293
31053589
31054867
31057415
31058522
31058762
31061480
31063458
31063848
31064116
31065382
31068341
31071084
31073303
31080908
31081428
31081430
31085130
31085710
31087541
31087549
31089417
31093990
31094229
31096217
31099085
31100354
31100372
31101833
31102684
31102726
31105587
31109152
31111223
31117828
31118902
31119285
31119677
31122862
31130358
31131517
31132909
31134054
31135059
31135622
31138221
31138314
31144370
31146762
31150497
31152256
31156335
31156345
31156468
31158555
31161258
31164094
31166569
31167081
31171362
31175438
31175682
31176598
31179123
31181740
31182054
31186789
31188696
31189189
31190821
31191051
31191245
31191366
31191804
31191831
31192216
31193280
31194049
31194785
31196135
31197156
31200657
31200956
31201584
31207273
31207807
31208054
31208055
31213408
31213865
31217380
31217898
31218824
31218848
31219211
31220834
31221173
31221292
31222379
31223191
31228241
31228726
31230801
31231369
31232686
31234790
31234943
31235964
31236285
31238673
31241425
31241504
31241790
31242498
31244673
31245385
31245868
31246554
31246713
31247093
31247303
31248182
31248228
31249834
31250976
31257737
31261645
31262006
31263056
31263423
31264282
31264387
31267575
31267859
31268684
31269677
31273522
31279079
31279712
31288151
31288290
31288431
31289711
31291729
31293445
31300358
31301268
31307029
31307117
31308645
31310581
31310707
31311447
31312344
31315458
31319174
31319856
31323005
31323685
31327964
31331099
31331342
31332728
31332982
31335708
31336570
31336760
31336992
31337198
31337199
31338039
31338245
31340608
31341027
31347074
31356920
31361024
31364768
31366352
31366396
31367217
31367897
31369326
31370903
31374753
31377443
31379590
31379605
31380886
31387082
31388975
31388976
31392488
31396273
31398213
31398258
31399415
31401675
31402874
31405020
31409363
31409383
31410778
31411900
31412018
31412365
31414955
31415034
31415590
31427875
31429798
31430684
31434437
31437586
31442336
31443827
31444397
31446016
31447683
31447697
31450521
31451954
31453723
31454685
31455308
31455439
31456825
31461307
31462005
31464409
31466764
31467419
31469710
31473278
31473614
31476736
31479541
31480163
31480668
31482146
31482208
31483750
31484617
31487224
31487226
31487401
31487794
31487891
31488342
31493415
31494152
31495890
31496160
31496670
31496907
31501021
31505057
31505122
31505947
31507436
31512988
31513876
31516349
31518371
31520264
31523348
31525404
31525732
31527301
31527725
31527914
31529972
31531060
31531130
31534920
31537408
31538208
31539487
31541731
31541874
31545156
31545540
31546638
31547508
31548557
31552706
31553624
31553742
31553765
31555536
31557507
31558360
31563463
31564171
31565753
31567804
31568925
31569012
31569351
31570159
31573387
31575002
31578459
31579613
31581549
31584799
31586588
31589602
31589674
31591287
31592223
31593504
31593865
31600098
31603935
31606888
31607867
31608602
31609300
31609518
31612566
31614160
31614329
31616260
31618076
31618484
31618888
31619825
31620020
31621198
31622239
31622640
31624951
31627188
31628558
31628909
31628931
31629353
31629790
31630180
31632302
31632603
31634003
31634755
31635162
31636570
31636910
31638093
31639865
31641821
31644518
31644597
31644996
31647720
31647849
31648815
31649549
31650307
31652404
31652853
31652937
31654083
31654972
31655016
31655193
31656679
31657764
31658287
31660533
31661892
31662994
31663002
31664435
31664780
31665878
31665880
31665900
31665951
31668306
31668423
31668688
31672317
31675607
31676994
31678111
31678371
31680301
31680450
31680540
31681226
31681275
31682154
31684076
31684092
31685910
31686980
31687452
31690376
31690393
31692257
31693893
31695564
31695615
31695905
31696230
31697945
31699973
31701851
31703029
31703805
31703832
31706202
31706694
31708767
31708941
31708962
31709879
31714391
31714452
31715290
31717554
31718796
31720438
31720487
31723347
31723551
31723556
31729169
31729600
31732851
31733216
31733219
31733833
31734892
31736098
31736354
31737216
31740879
31741050
31743617
31743809
31743985
31747468
31747702
31749706
31751077
31751149
31751180
31752370
31754080
31757578
31758209
31758610
31758667
31759092
31760113
31762356
31765432
31768383
31772603
31774356
31774701
31775404
31779600
31781893
31782268
31785241
31787729
31790279
31790604
31791311
31792837
31793464
31794264
31796267
31796986
31798452
31798466
31801412
31803496
31805224
31805424
31807631
31810462
31814168
31814258
31814894
31815833
31818876
31820188
31825515
31827351
31827687
31828478
31829803
31832004
31836968
31837091
31843448
31847307
31847912
31848152
31848626
31849709
31850069
31850676
31855381
31856035
31861331
31862402
31862991
31863075
31863100
31863109
31864395
31864419
31873952
31875585
31875620
31876672
31877965
31881350
31882214
31882844
31882966
31883925
31887353
31888596
31890228
31890657
31890686
31896010
31898880
31898922
31899220
31905167
31906239
31908952
31910159
31911001
31911805
31911902
31914620
31914659
31915387
31915481
31917487
31917629
31918723
31920698
31920703
31920720
31924223
31925579
31927360
31930683
31935113
31937892
31938581
31939997
31940143
31940232
31943235
31944292
31944378
31946854
31950310
31952571
31953936
31954418
31963105
31966081
31967338
31968549
31969132
31969634
31975358
31975547
31977586
31977634
31978523
31979994
31982078
31984676
31985783
31987872
31990143
31990927
31992987
31995226
31996106
31999528
32002424
32003547
32004915
32005665
32008847
32012046
32012372
32012817
32013568
32013825
32014136
32021139
32024023
32024104
32024713
32025886
32026362
32026469
32028168
32031291
32033172
32033211
32036920
32037857
32038278
32038628
32038806
32039828
32040782
32041223
32042924
32045661
32047202
32047471
32047808
32051367
32051584
32052504
32053942
32056388
32056983
32056985
32058259
32059002
32060352
32062818
32066368
32067915
32069784
32074302
32074471
32075287
32079027
32079925
32082125
32082404
32085792
32088743
32088984
32089954
32095087
32095904
32099540
32099827
32100400
32101032
32101750
32101952
32102573
32103137
32106271
32106527
32108237
32108722
32109201
32110986
32111840
32115978
32116592
32116736
32118696
32121570
32125224
32125249
32125874
32125909
32127173
32127592
32131554
32132925
32132934
32134712
32139350
32139353
32139354
32139762
32140172
32140173
32141134
32141277
32142766
32143279
32143325
32143716
32144492
32144857
32145701
32148616
32148620
32149122
32150150
32150215
32151691
32151735
32153078
32154028
32160058
32162041
32166105
32167202
32170443
32173863
32175326
32175974
32179050
32180546
32181562
32181667
32182104
32182747
32183167
32186768
32187373
32187611
32189665
32190096
32191368
32193273
32196379
32196924
32198828
32199226
32199946
32200682
32201138
32202307
32204320
32205908
32208989
32210109
32210714
32210759
32213112
32216934
32218107
32218982
32221992
32230858
32231243
32232327
32234365
32236752
32238166
32239376
32239380
32239852
32239870
32241223
32244618
32245197
32245988
32248856
32249661
32253893
32253986
32256529
32258106
32259540
32259772
32260421
32265851
32265910
32266969
32267632
32268508
32271843
32272973
32274173
32276034
32277130
32280255
32281170
32283859
32286239
32286405
32290385
32290521
32291269
32291908
32292355
32295037
32295600
32295683
32298225
32299029
32299534
32301852
32303300
32303327
32303828
32303987
32304342
32306154
32309817
32311399
32314053
32316587
32319320
32320382
32322542
32323740
32325673
32325851
32325856
32326082
32327939
32328133
32332199
32334642
32335533
32337129
32339794
32340467
32340626
32341927
32342449
32342460
32342473
32344528
32344650
32353822
32353882
32355774
32358841
32358919
32359813
32360589
32361773
32363414
32363539
32365859
32368517
32369215
32369590
32369763
32369998
32375572
32377438
32378422
32380175
32383739
32384389
32384941
32385589
32388491
32390738
32390864
32396288
32397304
32399024
32399209
32399590
32399949
32401165
32401626
32403230
32407239
32407241
32408137
32409005
32409493
32411011
32411343
32411578
32412780
32416181
32423418
32427794
32431698
32433250
32435201
32435204
32436346
32442440
32445660
32446530
32448624
32450107
32451793
32453607
32453997
32455608
32455749
32457637
32458495
32458557
32459413
32459916
32460104
32460239
32460679
32463134
32463731
32464238
32466598
32466660
32467996
32469398
32470357
32470399
32470924
32471482
32477368
32479814
32480032
32481236
32484928
32485888
32485990
32488243
32488585
32488605
32489563
32490852
32491486
32492913
32498637
32499034
32505092
32506067
32506984
32507419
32509119
32509120
32509348
32512234
32517297
32519158
32519391
32522526
32523674
32525432
32526841
32529311
32529412
32529456
32530734
32531180
32531761
32536110
32537688
32538286
32539581
32540043
32540047
32541828
32543279
32545655
32546009
32546077
32546088
32547073
32547154
32547489
32550734
32554091
32556029
32558349
32560148
32560436
32561386
32561824
32562377
32562386
32567438
32570815
32572752
32574173
32581226
32581847
32583280
32583428
32586083
32587527
32587872
32589290
32597030
32598083
32598607
32599642
32603601
32604417
32604889
32609225
32609897
32614675
32615535
32616275
32616758
32619204
32619564
32619926
32620352
32620430
32620433
32622763
32626731
32627050
32628714
32632105
32632128
32632275
32636147
32638526
32639114
32645896
32646062
32647573
32650366
32650851
32653449
32655403
32657634
32660526
32660564
32660675
32661302
32662238
32663551
32663714
32664088
32664290
32664648
32667095
32670020
32671871
32672048
32672095
32674533
32675582
32681124
32681810
32684249
32684250
32684749
32692061
32693326
32693363
32694367
32698121
32698256
32698260
32704295
32704381
32705925
32708237
32708286
32708398
32708894
32711519
32712700
32713261
32715550
32717273
32717972
32718978
32720778
32722013
32725886
32726647
32731626
32732187
32732905
32735825
32737925
32738730
32740287
32741294
32744049
32744099
32744297
32747665
32748060
32748254
32748470
32748580
32748746
32749071
32751307
32752917
32754054
32756048
32756447
32760282
32765023
32765291
32766406
32767113
32767532
32768573
32769404
32769874
32773365
32773585
32774242
32774539
32774781
32776613
32776828
32779001
32780692
32780750
32781050
32782698
32783602
32784748
32784847
32785263
32790747
32791334
32792975
32793846
32796254
32798310
32800972
32802260
32804358
32804900
32806711
32808587
32810739
32812391
32813570
32813644
32814311
32816096
32817243
32819304
32819437
32821265
32822717
32822984
32823615
32824020
32825470
32826835
32829109
32829494
32830550
32831895
32835931
32839476
32841100
32845171
32847099
32848853
32848864
32850844
32850939
32854825
32856422
32857763
32859009
32866619
32869227
32872199
32875489
32875687
32877102
32879387
32880050
32880214
32881035
32881764
32890662
32892543
32893357
32894773
32897167
32899477
32901996
32902017
32902062
32902644
32903547
32904520
32904810
32905142
32905708
32905988
32907591
32908933
32909059
32915883
32918173
32919431
32921628
32922524
32923098
32923484
32926455
32927962
32928447
32929110
32932041
32932194
32932235
32933545
32954232
32956398
32957090
32957522
32957571
32958812
32961298
32965623
32966338
32969535
32969782
32972266
32972679
32974907
32975301
32979101
32981958
32982688
32982777
32989478
32989889
32989959
32992440
32992781
33001223
33001473
33002381
33002382
33003495
33006190
33007044
33007710
33009195
33010727
33011401
33012216
33013484
33013740
33014083
33015245
33019579
33020134
33020140
33021585
33022861
33023275
33025520
33027929
33028418
33028850
33032600
33033025
33033375
33037261
33037627
33039652
33040733
33042761
33044438
33045219
33045432
33046009
33047690
33049706
33050077
33050362
33051039
33054657
33055061
33063303
33063528
33064304
33065594
33069782
33070698
33071692
33075479
33077128
33082494
33087757
33089004
33094520
33095157
33096842
33104519
33105359
33107813
33108717
33113283
33114186
33117418
33120292
33123481
33123594
33126555
33128925
33129244
33130034
33130783
33131146
33134345
33134444
33135583
33136772
33137990
33139757
33140866
33146567
33148515
33149196
33149582
33151775
33152341
33156414
33158459
33161019
33162409
33162898
33166347
33167085
33167086
33172327
33173426
33175348
33176302
33176672
33176760
33176796
33176827
33180998
33181008
33181663
33183673
33184375
33184627
33185152
33186056
33187382
33187477
33188851
33191613
33192562
33192567
33192581
33196371
33196606
33197153
33197676
33198760
33200009
33200398
33201413
33201749
33206786
33208467
33210444
33211154
33211989
33217190
33218293
33222297
33225322
33227829
33228265
33229713
33233549
33234406
33236417
33237723
33238373
33241183
33242546
33247449
33249618
33250881
33253425
33260365
33260915
33261642
33265103
33268842
33270727
33274349
33280953
33281615
33281621
33281632
33281950
33284089
33285367
33285761
33288784
33289019
33289637
33292022
33292439
33293311
33294758
33296684
33297363
33301630
33301991
33302352
33302709
33303450
33303928
33310265
33312438
33315811
33317366
33317411
33318978
33319421
33320103
33320779
33320868
33323171
33326140
33326978
33327008
33329017
33329019
33329027
33329033
33332232
33332945
33333910
33337689
33337695
33344666
33344941
33344994
33345026
33345033
33345040
33345052
33345107
33347841
33348847
33349414
33352104
33356580
33356867
33362710
33364251
33369020
33369253
33372236
33373648
33374836
33375497
33375691
33376598
33378671
33382364
33383570
33384615
33386792
33390189
33392293
33393454
33393937
33394972
33396843
33396972
33398798
33400404
33400973
33406502
33409721
33414377
33416030
33417046
33417294
33418951
33420603
33421187
33422561
33422599
33423613
33424360
33424629
33425832
33426106
33428175
33430753
33433932
33435279
33437559
33438228
33439763
33440400
33441158
33442880
33442884
33442910
33445452
33445717
33446622
33447728
33450134
33451281
33452071
33453323
33453676
33453715
33455471
33456511
33462306
33462797
33463135
33463489
33463910
33466327
33466971
33467225
33467356
33467381
33467642
33469385
33473109
33476494
33477110
33478060
33479442
33480271
33481484
33485483
33487503
33488302
33490844
33490928
33492681
33495962
33497737
33499711
33501422
33503634
33505159
33505932
33507839
33510799
33511484
33513924
33515032
33517669
33517825
33517967
33521041
33521166
33523420
33527018
33528800
33529767
33530535
33531538
33533497
33535128
33536202
33541428
33546018
33546247
33546739
33551450
33551824
33553406
33554010
33554687
33555667
33557682
33559680
33560044
33561994
33566847
33567967
33568227
33571957
33572086
33572176
33572495
33572513
33572891
33573608
33574024
33574413
33577778
33578324
33582858
33584134
33584489
33584796
33585482
33586196
33587816
33589589
33589633
33592494
33593255
33593462
33595788
33596033
33600831
33603000
33604274
33604554
33604558
33604627
33605495
33609736
33613323
33614541
33614655
33614663
33615264
33616017
33616048
33617465
33618716
33624286
33624912
33626393
33627287
33628286
33628645
33628774
33629149
33629561
33631721
33632280
33633280
33633589
33634732
33636171
33637404
33637766
33638689
33640538
33646423
33648546
33650824
33651560
33659268
33661084
33661544
33663303
33663414
33666595
33667592
33669194
33671082
33675423
33679327
33679435
33679872
33680500
33683127
33684166
33684544
33685569
33686124
33689861
33689907
33691569
33692779
33708967
33709257
33710344
33710654
33710777
33710926
33713916
33716759
33719323
33719605
33719724
33721696
33722268
33726550
33729250
33731656
33732719
33736315
33737299
33737300
33738615
33739383
33740329
33741414
33742064
33742346
33742528
33745023
33749947
33750257
33753482
33754249
33755857
33757294
33757972
33759230
33763749
33764172
33765652
33766700
33768186
33770195
33770205
33770509
33772703
33774542
33776794
33776795
33786887
33787332
33787675
33787989
33790323
33790945
33790962
33793091
33793144
33794319
33794694
33794977
33795919
33797398
33799833
33799958
33801313
33801684
33803975
33805073
33806669
33806756
33807198
33807377
33808079
33808154
33808213
33810574
33813987
33814027
33820879
33821439
33822261
33823058
33825570
33831620
33832294
33833856
33835667
33836067
33837247
33838004
33838014
33838636
33839233
33840593
33841183
33841224
33841702
33842524
33842909
33843093
33845181
33845932
33847380
33850084
33853848
33854105
33854356
33858214
33859520
33859869
33861145
33861353
33865081
33866753
33870263
33871622
33874859
33876191
33876259
33876675
33877054
33877402
33879761
33885098
33885715
33886789
33887828
33888141
33893555
33894268
33897458
33898988
33900264
33902151
33902152
33902428
33902989
33904125
33908093
33913170
33915709
33917772
33918465
33919722
33920695
33920705
33921520
33922998
33923577
33924645
33925633
33926070
33926145
33931996
33932527
33937753
33938371
33939383
33946330
33951058
33951310
33951731
33953853
33954182
33955259
33956146
33957169
33960149
33961505
33963521
33964816
33964910
33965431
33965556
33965897
33965902
33965903
33966520
33971938
33974472
33975581
33977686
33977937
33978364
33979568
33989080
33991175
33991647
33991760
33992177
33992633
33993936
33993938
33995307
33997019
33998067
33999966
34004418
34007816
34014020
34014471
34015658
34015936
34016352
34017836
34020388
34021921
34025029
34027448
34028235
34028651
34033143
34033323
34038727
34039086
34039357
34039432
34039771
34043469
34043471
34044369
34045613
34046570
34051439
34052925
34055008
34055855
34060114
34061009
34062189
34062449
34063723
34065342
34065969
34066667
34066983
34067240
34067297
34067984
34069060
34071378
34071457
34071724
34072718
34074520
34074584
34074604
34075857
34077453
34078729
34086773
34088392
34093216
34093436
34095194
34096391
34096570
34097114
34097298
34098164
34099023
34099736
34104096
34107508
34107510
34108459
34109424
34110707
34114048
34114918
34115575
34116579
34118476
34119190
34119583
34121363
34123418
34123603
34124161
34124164
34124592
34126232
34127570
34127858
34132483
34135021
34136728
34137568
34139397
34140269
34144055
34146655
34148020
34150829
34151694
34152092
34154603
34154651
34154658
34156184
34157728
34157861
34158658
34166988
34168606
34169424
34169917
34169918
34170574
34172544
34172698
34172818
34174085
34174325
34175554
34175862
34176023
34177798
34177910
34178654
34181212
34181491
34181565
34181580
34181712
34182165
34182411
34183020
34184078
34185244
34185322
34188383
34189765
34190319
34193197
34196057
34196787
34197807
34198288
34198661
34200791
34200794
34201077
34201950
34204199
34204228
34204359
34204386
34204566
34208271
34213131
34214629
34218397
34219762
34220725
34220974
34221736
34223764
34224819
34224965
34225750
34229006
34229361
34229671
34234788
34238089
34244323
34245373
34245811
34246305
34247425
34247559
34248066
34248672
34248940
34252634
34253202
34254700
34255271
34256371
34256388
34260663
34261830
34261990
34262723
34264129
34267242
34267505
34271953
34273682
34274371
34274534
34276303
34280211
34280480
34284150
34284726
34285564
34295165
34295166
34299993
34301778
34306470
34307692
34308485
34308698
34309331
34311247
34312731
34314944
34317680
34320459
34324704
34325488
34326176
34326269
34326271
34326779
34328388
34332596
34335295
34336166
34338033
34339111
34339767
34342052
34344315
34344360
34348201
34348347
34352395
34355211
34356234
34358431
34359731
34362082
34362156
34362824
34363827
34364218
34366251
34367486
34368654
34369870
34371824
34371826
34371846
34374241
34374243
34378339
34379882
34380425
34381940
34383825
34386193
34387950
34391213
34391456
34392539
34394316
34394340
34397689
34398078
34398938
34399619
34399653
34399856
34400989
34402657
34407549
34408247
34410849
34412760
34413391
34420785
34421981
34424793
34425103
34425599
34428718
34431926
34434350
34435273
34436450
34436476
34436485
34436759
34436846
34437833
34439993
34440015
34440412
34440684
34441551
34444424
34445440
34446381
34452400
34453025
34453348
34454893
34456749
34456752
34459805
34461703
34466417
34470608
34472674
34476198
34476741
34477931
34479601
34481978
34482105
34485418
34486662
34488043
34488314
34489717
34492228
34492258
34495225
34495765
34496147
34496702
34496953
34498946
34499337
34501797
34502387
34503198
34505734
34506746
34508569
34512406
34514439
34514917
34519716
34522242
34524940
34526100
34526914
34527535
34528132
34528459
34531760
34535852
34537015
34537801
34540898
34543566
34549413
34549627
34551964
34552508
34554363
34557109
34558201
34558366
34562473
34563602
34564755
34565078
34566685
34568359
34571745
34571843
34572568
34573494
34573692
34575215
34575347
34576235
34578807
34578866
34579095
34582364
34584659
34585379
34586898
34589726
34589749
34589753
34589833
34590239
34590906
34595123
34597617
34599100
34603072
34606978
34609702
34612495
34619248
34620559
34621803
34621993
34624767
34625058
34630249
34630848
34631708
34634175
34638694
34639204
34640359
34641941
34644412
34644675
34646160
34647335
34650440
34652339
34655019
34655746
34656916
34659641
34660940
34662156
34662162
34665826
34665981
34667719
34669081
34676696
34677371
34677749
34678400
34678553
34678911
34678914
34678915
34678972
34680464
34682324
34684067
34684459
34685485
34687403
34688197
34688752
34690285
34690286
34690798
34690818
34693365
34693756
34695711
34706104
34707184
34707507
34707508
34707862
34708051
34708098
34708271
34709693
34712126
34712226
34712631
34718779
34720029
34721075
34721478
34722208
34722677
34727684
34730177
34730817
34734071
34736535
34739602
34740320
34742317
34743271
34743855
34743949
34747202
34748225
34748408
34754212
34757595
34760745
34761243
34762527
34762789
34763678
34764525
34764879
34765311
34768999
34769041
34770094
34772901
34774860
34776996
34777004
34777246
34777343
34779025
34787291
34790706
34791066
34793367
34793492
34795585
34797867
34798391
34799437
34801744
34803913
34804878
34809611
34809670
34816666
34817324
34818796
34819906
34819985
34821104
34822649
34823178
34823469
34829610
34830458
34835006
34836160
34836255
34836268
34836275
34836278
34837851
34841594
34844088
34847565
34848204
34848337
34849709
34852208
34853093
34853628
34854381
34856759
34857251
34857871
34860287
34861868
34862250
34862643
34867291
34867463
34867470
34868427
34868428
34870208
34871710
34874512
34878037
34878822
34880778
34881860
34883250
34884603
34884790
34886049
34889067
34894109
34895300
34895337
34899372
34899404
34902775
34904527
34906222
34907264
34911479
34912238
34916723
34917230
34921847
34922023
34922262
34922604
34922621
34926868
34927380
34929632
34929709
34931742
34932122
34934832
34935709
34937022
34939183
34940586
34940592
34940614
34940627
34941434
34941437
34942162
34942595
34943027
34943078
34943111
34943814
34944661
34945120
34948868
34954198
34954278
34955891
34956267
34957283
34959851
34960712
34962433
34962595
34965647
34970877
34974322
34975545
34979262
34981891
34988436
34990636
34990878
34991643
34991697
34992351
34993452
34995166
34995365
35001564
35001658
35002809
35004797
35008427
35010758
35010943
35010953
35011745
35012047
35012626
35015112
35018360
35018575
35020409
35023307
35023763
35024257
35026191
35027050
35027828
35029590
35030324
35032224
35032890
35032893
35033556
35034018
35034531
35035509
35035676
35037662
35040046
35041989
35043573
35043645
35046841
35047233
35050795
35052517
35052568
35053101
35054484
35054874
35056684
35057413
35060417
35061892
35063356
35065407
35066096
35067552
35068187
35069187
35071382
35072877
35077296
35077859
35078560
35079448
35081094
35081660
35083247
35087418
35087866
35089057
35090033
35092221
35093181
35099405
35105389
35106183
35107808
35110995
35111366
35112091
35112856
35113938
35114706
35114812
35115578
35116126
35118031
35118166
35118721
35119142
35120159
35124292
35126168
35129529
35131407
35131441
35133113
35133923
35135964
35136382
35138743
35138972
35139874
35140629
35141477
35142082
35142560
35142562
35145424
35145425
35145802
35147174
35151510
35152857
35159290
35162877
35163344
35163799
35170227
35171347
35172120
35173125
35173360
35173380
35178206
35180646
35180967
35182830
35183493
35185596
35189318
35189580
35191221
35192550
35195373
35195747
35195832
35197431
35197541
35199220
35199237
35201920
35204138
35205105
35205118
35206483
35210394
35211515
35213038
35217704
35218552
35222093
35222269
35224736
35224871
35226566
35228820
35229257
35229934
35232974
35235092
35236328
35237867
35238798
35240124
35240260
35245366
35247016
35249225
35250639
35250845
35251471
35254122
35254602
35254716
35255646
35256637
35260267
35261309
35264400
35265126
35268210
35269608
35273516
35274818
35276813
35276903
35279015
35279852
35282364
35282369
35283168
35284271
35285935
35286051
35287112
35289642
35290440
35291017
35291414
35292948
35293040
35295573
35296490
35296491
35296602
35296975
35298547
35301117
35302400
35309531
35309684
35312042
35312183
35313534
35316209
35317102
35317387
35317931
35321145
35321743
35323667
35325353
35329066
35329172
35337312
35338786
35342620
35344476
35347728
35350863
35355119
35355885
35356135
35356271
35356739
35358096
35358624
35359426
35360242
35363316
35368334
35370771
35370792
35370955
35377222
35381320
35381388
35382556
35383160
35385770
35386651
35387180
35389942
35391634
35393043
35393316
35394081
35394687
35398179
35402558
35403960
35405482
35405915
35409073
35410394
35411800
35411956
35412405
35413134
35418948
35421557
35426063
35426091
35426092
35428332
35431794
35433749
35433970
35434019
35435055
35436132
35438219
35441718
35442483
35447130
35449317
35449803
35452394
35452395
35452397
35452398
35453438
35453736
35453772
35454797
35455983
35456380
35458161
35460295
35466716
35467016
35469018
35470095
35470975
35473780
35476749
35478272
35479747
35482326
35482788
35482790
35483818
35483978
35485658
35485959
35487878
35489165
35490435
35490790
35491884
35491961
35498148
35499967
35500972
35506387
35507276
35510255
35510944
35511301
35514339
35522098
35523357
35523821
35524944
35527667
35532069
35536222
35546218
35546573
35547420
35550109
35554791
35557513
35557975
35561231
35563043
35563313
35563749
35564540
35564858
35565629
35565853
35566573
35567488
35569120
35569582
35571883
35574443
35574627
35575746
35576846
35581489
35584475
35584886
35587779
35592278
35592697
35592698
35593599
35594443
35595191
35596116
35596876
35597962
35599472
35599912
35599913
35606306
35608026
35608201
35612337
35614404
35614461
35615563
35615873
35616304
35617604
35619160
35621834
35623888
35624690
35625041
35625766
35626116
35629949
35631107
35631137
35633098
35634181
35634669
35636585
35636880
35637877
35641582
35649253
35650420
35653966
35654369
35657571
35658935
35660135
35660523
35660647
35661560
35661896
35664833
35665223
35665251
35666835
35669577
35674827
35674828
35676256
35677073
35679818
35681702
35682840
35688382
35690877
35692200
35698432
35702980
35703536
35704557
35704989
35705806
35706006
35710102
35710395
35713567
35715102
35716382
35719239
35721009
35721117
35723223
35723412
35723680
35724800
35727396
35727479
35729829
35730335
35730432
35734274
35735819
35736406
35738097
35739899
35741176
35742183
35742522
35743423
35744077
35745133
35746153
35747643
35749411
35751748
35753072
35755035
35755444
35757370
35761105
35761371
35769582
35770468
35770632
35771575
35772290
35774290
35775530
35776031
35777726
35778856
35779519
35779717
35780524
35780711
35781843
35782477
35782677
35783371
35783372
35784579
35784874
35785528
35788968
35791000
35791396
35793739
35795051
35795281
35802811
35803265
35805170
35805787
35805808
35805814
35807826
35810369
35812339
35813370
35813950
35817784
35818300
35818628
35821795
35822106
35822542
35831667
35832314
35837018
35837822
35838063
35838316
35839441
35841628
35842906
35843176
35846232
35850080
35850277
35850762
35851724
35852047
35852657
35852665
35853580
35854224
35854255
35855056
35857747
35860283
35861956
35866597
35868017
35868987
35869513
35870436
35873209
35874516
35875335
35875810
35878113
35878471
35886639
35886662
35887685
35888095
35889523
35889917
35889929
35892765
35893413
35897037
35902372
35903146
35903270
35904698
35905178
35908579
35908788
35910388
35910560
35910832
35912994
35913010
35914849
35918136
35921255
35924034
35924510
35925074
35926578
35927868
35928228
35928570
35929479
35929617
35931969
35933048
35935623
35935864
35937838
35938380
35938680
35940964
35941982
35947101
35948305
35950407
35952344
35954552
35954937
35957969
35962209
35963615
35965199
35966110
35966203
35967805
35968296
35969708
35970317
35971341
35973581
35976197
35977540
35979508
35979962
35981048
35982267
35983187
35984934
35986306
35986353
35986789
35991185
35991522
35991938
35992157
35993558
35995362
35999474
36000470
36001564
36005837
36005919
36006939
36011581
36011938
36028073
36028736
36030629
36033514
36034195
36036015
36040371
36042416
36044093
36044273
36044549
36044708
36045751
36047700
36048789
36049555
36049970
36051902
36051913
36052887
36053365
36056843
36060624
36060625
36062787
36062789
36063823
36069803
36070371
36070781
36071599
36071856
36073362
36073631
36078075
36078774
36079091
36079794
36082169
36084256
36085194
36090035
36090046
36090921
36091357
36091394
36091401
36092718
36093904
36096206
36096832
36096873
36098335
36102198
36104706
36105719
36105795
36107108
36107505
36107989
36109282
36109571
36110977
36114653
36114677
36114840
36115316
36115999
36116389
36116736
36117383
36117688
36118105
36120316
36123345
36123655
36125694
36126818
36129040
36129579
36133956
36134901
36135034
36135193
36135432
36136603
36138329
36139762
36141015
36141561
36142056
36142751
36143865
36144256
36145064
36145083
36146913
36147012
36148310
36148837
36149089
36150714
36151082
36152526
36153118
36153584
36154490
36156182
36156825
36157565
36158229
36158576
36159328
36160840
36160946
36168944
36171971
36172458
36174033
36175840
36176774
36177306
36178236
36179606
36180934
36182918
36183850
36185677
36186099
36186906
36188763
36188798
36189306
36190113
36193515
36194166
36198295
36198510
36199257
36200164
36200266
36203436
36206875
36210653
36213296
36220328
36220447
36222272
36225310
36225933
36227377
36230231
36231323
36231510
36232420
36232755
36235676
36235737
36237879
36242699
36247952
36247953
36250148
36250559
36251066
36251370
36251564
36251842
36252815
36257166
36259068
36263975
36267750
36270479
36273106
36277142
36283086
36284330
36285617
36287008
36287760
36288601
36289902
36290179
36290285
36292967
36293513
36294224
36295813
36296973
36297014
36297022
36297076
36298234
36303113
36305382
36305972
36309405
36311094
36311197
36311224
36311634
36311768
36313058
36314302
36319102
36319747
36322031
36322558
36323877
36325128
36327016
36334911
36338481
36339833
36339836
36340019
36340394
36341799
36348102
36348131
36348809
36350502
36352208
36355108
36356496
36356591
36357747
36359130
36361978
36362131
36362174
36362598
36363775
36364748
36364794
36364825
36368193
36368573
36370176
36370846
36371597
36374177
36374769
36376958
36377504
36379667
36384910
36385566
36394515
36395350
36398372
36400404
36400821
36402848
36403832
36403906
36410685
36413696
36417202
36418750
36421381
36422277
36423772
36425549
36425900
36426413
36431026
36432469
36432591
36437126
36437324
36439269
36440217
36440674
36444545
36445747
36445874
36446945
36448040
36448290
36449571
36452038
36452042
36454034
36455805
36457259
36458119
36458168
36462879
36465055
36467072
36468768
36470688
36471186
36473795
36474473
36474875
36474913
36477189
36479905
36481406
36481702
36490309
36494472
36496958
36497112
36497720
36498228
36499029
36499053
36499630
36501037
36501099
36505319
36511580
36512955
36514526
36515911
36516573
36516689
36517767
36519178
36520220
36521672
36523357
36525022
36527845
36529085
36529280
36531176
36533424
36535313
36536114
36536534
36537845
36539114
36539791
36539818
36541258
36545337
36545878
36545879
36549915
36551321
36552249
36552576
36552653
36554566
36554961
36555564
36555965
36556478
36560545
36560580
36560914
36561213
36563967
36566465
36567902
36568282
36569726
36570133
36570889
36572038
36572130
36572197
36574933
36581315
36583069
36585103
36588001
36588657
36590230
36591526
36595699
36599416
36603044
36606507
36607416
36610590
36613665
36614106
36614901
36615779
36615791
36615834
36615842
36615898
36618977
36620189
36620222
36621699
36622417
36624248
36624558
36624765
36626149
36626649
36632690
36636200
36637747
36639616
36641300
36642217
36646099
36648516
36652270
36653096
36656983
36660043
36660198
36661228
36661485
36670787
36670847
36670902
36671013
36672198
36672627
36673920
36674009
36678604
36679861
36681141
36681798
36682600
36685057
36685204
36686422
36686689
36687718
36689014
36689081
36689291
36691849
36691850
36692144
36695573
36696236
36698469
36698470
36699549
36701486
36701731
36702539
36703752
36713033
36713459
36714311
36719416
36719647
36719842
36720393
36720425
36721080
36722691
36724589
36727046
36727618
36727984
36729688
36730066
36730979
36731005
36733290
36733389
36733846
36734383
36736068
36736396
36736481
36739598
36743994
36744038
36745952
36747595
36750904
36751814
36756543
36756979
36758649
36759165
36759197
36760176
36769022
36769362
36771331
36774413
36774999
36775507
36775650
36779839
36780527
36780902
36786723
36787735
36789636
36791646
36793372
36793858
36794581
36794689
36798343
36798943
36800687
36800893
36804995
36808332
36812915
36814134
36815557
36816327
36819840
36823656
36824534
36824608
36824685
36828150
36828315
36828321
36829205
36829858
36830344
36830444
36831101
36833405
36834025
36834246
36835097
36835571
36835625
36839267
36839333
36839344
36839906
36840400
36840460
36841515
36842369
36843281
36845826
36846561
36847832
36850004
36855276
36860155
36861669
36861818
36864213
36866178
36867445
36870396
36872593
36873818
36875037
36875113
36875192
36875451
36875689
36878020
36878600
36880055
36881179
36892052
36892205
36892889
36893922
36894602
36894992
36895628
36895634
36895638
36896225
36896942
36897507
36899726
36900433
36900471
36901661
36902190
36904156
36905198
36909225
36909316
36909796
36915453
36916088
36916120
36918228
36918416
36920320
36921686
36922167
36923290
36927754
36929533
36933017
36934419
36934998
36936701
36936914
36936976
36939205
36939211
36940570
36940656
36940733
36944051
36945966
36949965
36950022
36951615
36960152
36965010
36965683
36968475
36968761
36969592
36971053
36971422
36973869
36974540
36978890
36980239
36982095
36982198
36982633
36983374
36983932
36986269
36986552
36993555
36995003
36997723
36998141
36998723
36999024
37002647
37003087
37005963
37007990
37008354
37008762
37010103
37018654
37019582
37022961
37025615
37030149
37031221
37033257
37033330
37037674
37039867
37041671
37049474
37049535
37049548
37049594
37051668
37051807
37053002
37055038
37061651
37062444
37062892
37065809
37077354
37077375
37077709
37077797
37077913
37078289
37083724
37085128
37085562
37085769
37085935
37088765
37090706
37090919
37091121
37092746
37093637
37093856
37099450
37100006
37104148
37106475
37108035
37108210
37111136
37111214
37113620
37113691
37114141
37114193
37115775
37119213
37119360
37120612
37123249
37123395
37125432
37127785
37128843
37129248
37139298
37140179
37141424
37143238
37143734
37148147
37148487
37149504
37155235
37163759
37164358
37165473
37166076
37168123
37169504
37170623
37171059
37171559
37172366
37173175
37173457
37174590
37174965
37178095
37178122
37179415
37179769
37180073
37180378
37181059
37182575
37182674
37184115
37187878
37187963
37189633
37190038
37190994
37192365
37193030
37194560
37194635
37198619
37198971
37204588
37206341
37208107
37208955
37209878
37210573
37210648
37211353
37212596
37213099
37215177
37215731
37216124
37217446
37217586
37219588
37220826
37221858
37223612
37224335
37224728
37225167
37225892
37233688
37234930
37236143
37237471
37237501
37238721
37240505
37242198
37245426
37245863
37246817
37247442
37251812
37252825
37254221
37255256
37255419
37257522
37265560
37266586
37269192
37269832
37270365
37272094
37272297
37273279
37273695
37274559
37278109
37278196
37282487
37285478
37285622
37290332
37290439
37291548
37293669
37298239
37299425
37299443
37299549
37300850
37301554
37305539
37305791
37305794
37306939
37307577
37309068
37310402
37312153
37312242
37315838
37318985
37324492
37325799
37328077
37331215
37331983
37332103
37335605
37336322
37336368
37336816
37337583
37340011
37340967
37343698
37344558
37346288
37347443
37352261
37354450
37358362
37358364
37358676
37366122
37366805
37367266
37367410
37367852
37368137
37371465
37371923
37372026
37372715
37372810
37373102
37373402
37375567
37380818
37381675
37382855
37384105
37389949
37391884
37392834
37395680
37396001
37396339
37398491
37398548
37398956
37399685
37399887
37400433
37400578
37400839
37403287
37405698
37407986
37408367
37410154
37416624
37422154
37425111
37425824
37427401
37428166
37428393
37429969
37433523
37435522
37435785
37436930
37437011
37439283
37439906
37448760
37452363
37453973
37455687
37457546
37458775
37462335
37465975
37467077
37468453
37468583
37471217
37473737
37476010
37476688
37477387
37477956
37481160
37481476
37481962
37484924
37485006
37485032
37485756
37486024
37488250
37489957
37493472
37497815
37498159
37500010
37502886
37505614
37505624
37507427
37508217
37509292
37510743
37511159
37512013
37513484
37513640
37517049
37517672
37522724
37523376
37524050
37524075
37525261
37526943
37527566
37532066
37543569
37543952
37549454
37549955
37550058
37550306
37551724
37558977
37562184
37562938
37565649
37566234
37566481
37567106
37567830
37568603
37569056
37570393
37572028
37575268
37575412
37580991
37582398
37583068
37583074
37585912
37587147
37589058
37591793
37593830
37595493
37596062
37597604
37600508
37600637
37607126
37624043
37625246
37625676
37626763
37627028
37627359
37628548
37633799
37638448
37640274
37640958
37641937
37642236
37642806
37643985
37644046
37645798
37646063
37647944
37649760
37649778
37650311
37650513
37651264
37651463
37654004
37654656
37657526
37659283
37660209
37663413
37665079
37666925
37674290
37675469
37676715
37680507
37681023
37681443
37685205
37686264
37686781
37690699
37692724
37693468
37693565
37694373
37697056
37700761
37703087
37707508
37709247
37709636
37712443
37712927
37712975
37719442
37719939
37720997
37725436
37726373
37728099
37730689
37731264
37732509
37732638
37735048
37735938
37741562
37745894
37747756
37748258
37751833
37753832
37754829
37756046
37758685
37760634
37761072
37761807
37762244
37767470
37772056
37775621
37775945
37783410
37787039
37787091
37793637
37794239
37794768
37802398
37808274
37808658
37812184
37813825
37814020
37816992
37821006
37823465
37824059
37827703
37829712
37832643
37834132
37834172
37835636
37836487
37839038
37840045
37841310
37845692
37848571
37848929
37851190
37853489
37854981
37857430
37857871
37860003
37861346
37861946
37862464
37864292
37866235
37867744
37868046
37869715
37870601
37871796
37873899
37873905
37875283
37876940
37878335
37878422
37880167
37881559
37887374
37888516
37889181
37889396
37889665
37890604
37893557
37893663
37895328
37895379
37897547
37899535
37901799
37904065
37904169
37905004
37907845
37910166
37914143
37914850
37915140
37915182
37916270
37918137
37923703
37923938
37925072
37926785
37927615
37928757
37929293
37933559
37934783
37936222
37937007
37937528
37938533
37940869
37942230
37944960
37951202
37951937
37955130
37959219
37962706
37964674
37972712
37974299
37977137
37977212
37977348
37978517
37981125
37981793
37982172
37982448
37984634
37985201
37985354
37985769
37986021
37986675
37986748
37988600
37992002
37994415
37994729
37995681
37997928
37999866
37999885
37999952
38000522
38000591
38002258
38002710
38003313
38003571
38004133
38004173
38006357
38006381
38009375
38011327
38012706
38013274
38015889
38016772
38022690
38022701
38026130
38028058
38028800
38029393
38031815
38032451
38032797
38033334
38034739
38041014
38043087
38048912
38051142
38051396
38052997
38053947
38054817
38056555
38056858
38059986
38060535
38060605
38062810
38062841
38063067
38063124
38063653
38064260
38068312
38068782
38071285
38073078
38076084
38081166
38081360
38081853
38082919
38084908
38088908
38088925
38089549
38090572
38092582
38095016
38097092
38098039
38099335
38099661
38102536
38103729
38105961
38107018
38107476
38109167
38109855
38111130
38116708
38126450
38129896
38132648
38133109
38134032
38134917
38135670
38137440
38140360
38141850
38143912
38144146
38144321
38146498
38149260
38149568
38151020
38151351
38153352
38157312
38157944
38158031
38159471
38163222
38164413
38165220
38167090
38170266
38172837
38173127
38177083
38179774
38182033
38183640
38187820
38188117
38191164
38191955
38192745
38193770
38197701
38198808
38198850
38199289
38199628
38201866
38201920
38205185
38205547
38214271
38217093
38222805
38226005
38232699
38232727
38232788
38235143
38235553
38238594
38239881
38241017
38242245
38242550
38242693
38243724
38247026
38247038
38249092
38251306
38253008
38253403
38254811
38255287
38257125
38257136
38258958
38260074
38260638
38262127
38262710
38263452
38263989
38265578
38268770
38269239
38269313
38269522
38272759
38275112
38277576
38278317
38279234
38284362
38285689
38288402
38290132
38290844
38291355
38292700
38293127
38293762
38294173
38294822
38295887
38297475
38298902
38300362
38301875
38305401
38306312
38306359
38307711
38308310
38309936
38309959
38310908
38311255
38317104
38318197
38318467
38319954
38320573
38322540
38323091
38323410
38323433
38324177
38327764
38328715
38329867
38332379
38332629
38334647
38337694
38337738
38338233
38339067
38341137
38342586
38345321
38345808
38346687
38347855
38348376
38349543
38350483
38354249
38355879
38358238
38359412
38362064
38362265
38364731
38368293
38373069
38375571
38377006
38377415
38377416
38377422
38378505
38378702
38380580
38383211
38383879
38390924
38391187
38393552
38396551
38396900
38397742
38398615
38398828
38399518
38410280
38411371
38423673
38426110
38427981
38428817
38430901
38431219
38431856
38432054
38432877
38434297
38435372
38436878
38438999
38439706
38441939
38443220
38443944
38445207
38445901
38446078
38446191
38448730
38451309
38452909
38453752
38455429
38455906
38455937
38459458
38459757
38459904
38462201
38466246
38466352
38466679
38470997
38471807
38473112
38473351
38474004
38474128
38474721
38475495
38475842
38478179
38480473
38492919
38495292
38495879
38497478
38500885
38501161
38502603
38503395
38505706
38507777
38509905
38511300
38514216
38516822
38517904
38520001
38521778
38521799
38525221
38528075
38528308
38529312
38531223
38532845
38533161
38535093
38535413
38535623
38535735
38537687
38539624
38540173
38541185
38541324
38545725
38545792
38547044
38547208
38552099
38555307
38558524
38558786
38561301
38561436
38562737
38565402
38565829
38567559
38570300
38572538
38572744
38573638
38575643
38576169
38577295
38578562
38578731
38580155
38584937
38586026
38587596
38590831
38592213
38594112
38596629
38597350
38598554
38599540
38599845
38600123
38600451
38601749
38604403
38604409
38605969
38606291
38607740
38609238
38610771
38611035
38613044
38613057
38615247
38615667
38622529
38622609
38628857
38630952
38633807
38634902
38635724
38636205
38636620
38642320
38642879
38643471
38647980
38648864
38650596
38653129
38654913
38656072
38662134
38663534
38665559
38668580
38669056
38669527
38669608
38670875
38671861
38672120
38672282
38673878
38677127
38679081
38679655
38680225
38681143
38681790
38682314
38686226
38686869
38697940
38702085
38703412
38703616
38704414
38706416
38706964
38708602
38710264
38711499
38715643
38716152
38717997
38719448
38722403
38723134
38724553
38726186
38732106
38735625
38738316
38739079
38745259
38746443
38749087
38750394
38752873
38753017
38753824
38754696
38757161
38757249
38757729
38759790
38760452
38766042
38766755
38768035
38768153
38768976
38771358
38775724
38776176
38777281
38779876
38780696
38782352
38783385
38785940
38786764
38787599
38790678
38791248
38794135
38796403
38797190
38798834
38798837
38802727
38803062
38809975
38810334
38816804
38818523
38819353
38821438
38821564
38821996
38823233
38823353
38823493
38825499
38826085
38826268
38826385
38827614
38828206
38831955
38831970
38834174
38834572
38841630
38841642
38843995
38845493
38846523
38848903
38849292
38850881
38855485
38856749
38856757
38858339
38860912
38865108
38867250
38871050
38871057
38871236
38873567
38874882
38874966
38875105
38876093
38876216
38880256
38881428
38881541
38882207
38888127
38892536
38892584
38892912
38897365
38899635
38900673
38900759
38903909
38904260
38905055
38906488
38906729
38912735
38915583
38915776
38915843
38916358
38916665
38917635
38918542
38919390
38919622
38921001
38921470
38921478
38921661
38923603
38925692
38926142
38929155
38929159
38931158
38931275
38932912
38933599
38933969
38934509
38934511
38935415
38936255
38938283
38938668
38940908
38941285
38943268
38946610
38950777
38951803
38952916
38952992
38953046
38954512
38955026
38956405
38960174
38961400
38965555
38967279
38967387
38970776
38974339
38976201
38976357
38979417
38979727
38981157
38982651
38988841
38989952
38990406
38992966
38999738
38999792
38999835
39000562
39001761
39003156
39006362
39007170
39007414
39008500
39009098
39009176
39010201
39013149
39018183
39022159
39022489
39022559
39023008
39024345
39024836
39028735
39029586
39030282
39031532
39031694
39031986
39036488
39037494
39040079
39044030
39045870
39047463
39047637
39052763
39053097
39053609
39059515
39062097
39063080
39063609
39064785
39066479
39067203
39067627
39068809
39068934
39070775
39076242
39076378
39076488
39076775
39077398
39077434
39077591
39077758
39078461
39085321
39086058
39091997
39092347
39093757
39094180
39094181
39096211
39096490
39097177
39097995
39098584
39099311
39104830
39107824
39111593
39113793
39117304
39123444
39125358
39125779
39129059
39130639
39136551
39138018
39138393
39141644
39141732
39142893
39143847
39144140
39149399
39151836
39152162
39154658
39155711
39155952
39156304
39156350
39156757
39161283
39161765
39162561
39163874
39166005
39166408
39170342
39171191
39172352
39174870
39178797
39180757
39181037
39182596
39186722
39187050
39190027
39190743
39191230
39193818
39194610
39195529
39198331
39199244
39199416
39207252
39209203
39211867
39216411
39216605
39217611
39218853
39220302
39220571
39221051
39222006
39222208
39222357
39223594
39224219
39224599
39227231
39229025
39229166
39229191
39231737
39232815
39234305
39234310
39235161
39235566
39237538
39238378
39240941
39245802
39246645
39248402
39249538
39250437
39250567
39250818
39250901
39253542
39253813
39253893
39256490
39257478
39257711
39257863
39258653
39259397
39260522
39274429
39275173
39275273
39277120
39277714
39279026
39279540
39281311
39281745
39283720
39284497
39285213
39289269
39289997
39290635
39294920
39295999
39296960
39298058
39300595
39302417
39303144
39303372
39304515
39305340
39306028
39308032
39309458
39310269
39311228
39311262
39312178
39316445
39316684
39317138
39317628
39317641
39320996
39328024
39328164
39330519
39331128
39332640
39334708
39334887
39335873
39336127
39336803
39337079
39337450
39337673
39339678
39339697
39339805
39341137
39341494
39342308
39343184
39343927
39344235
39344384
39344668
39344749
39345392
39346967
39349610
39352112
39354034
39354481
39355153
39360698
39362477
39369140
39370102
39372725
39374409
39375608
39376917
39386181
39391738
39392053
39404950
39407171
39407358
39407458
39407919
39408218
39408581
39409102
39411424
39411514
39416859
39417821
39417838
39421809
39422600
39425012
39425857
39427043
39427332
39431769
39433273
39433712
39434721
39449475
39452919
39456876
39457008
39457580
39457699
39458523
39458532
39464116
39464829
39465236
39465344
39467260
39467457
39467763
39469338
39472279
39475859
39476967
39477281
39477552
39479523
39479585
39480267
39481644
39481808
39482487
39484785
39485295
39486525
39487264
39487511
39487678
39488262
39494214
39497389
39497827
39499658
39500416
39502531
39502580
39507469
39507513
39510208
39513967
39514761
39517758
39518919
39518934
39519159
39519493
39519594
39521726
39533549
39534447
39534527
39534856
39537423
39543149
39543800
39544990
39545720
39546234
39548231
39549874
39550994
39551263
39551608
39554613
39557196
39558302
39559795
39562632
39563153
39566357
39566865
39568140
39570295
39570634
39578822
39580859
39581460
39586663
39588272
39588650
39589608
39590904
39593278
39594432
39594505
39595161
39595269
39595692
39597503
39598074
39598406
39599590
39599657
39599754
39600087
39601362
39601770
39604770
39606286
39606610
39607207
39607529
39608648
39608880
39613253
39615287
39618226
39618876
39619008
39623590
39624122
39624491
39625335
39625505
39626636
39628869
39629720
39630939
39632267
39633280
39633874
39638743
39640787
39647668
39649497
39649648
39649787
39651155
39652048
39657853
39659803
39661768
39662484
39663727
39665197
39666140
39667826
39668509
39670455
39671564
39673712
39674426
39675158
39676093
39676125
39677448
39678362
39678787
39678825
39678831
39682469
39683475
39683574
39685536
39686921
39687518
39689747
39692997
39693276
39694730
39695883
39696111
39698044
39699070
39702096
39702295
39703911
39708528
39708672
39711342
39714123
39715263
39716617
39722026
39722170
39723719
39726860
39727052
39728473
39728833
39729203
39734601
39735712
39737023
39738130
39741281
39742886
39744162
39745717
39748236
39751206
39751855
39752975
39754456
39757622
39758093
39758322
39766337
39767720
39770918
39771005
39771010
39775196
39775851
39775881
39779795
39780028
39780143
39780353
39781531
39786561
39787008
39787044
39787500
39789226
39789551
39792484
39793626
39795637
39797104
39800728
39802037
39803714
39804464
39804518
39804570
39804656
39805013
39805032
39805617
39807384
39808588
39808679
39809255
39811408
39811409
39812441
39815028
39817606
39818278
39819908
39822200
39822427
39823644
39825222
39826528
39826614
39827311
39827765
39828711
39830113
39832562
39834460
39834935
39835195
39841659
39845226
39845508
39846296
39846667
39851581
39852400
39853819
39856561
39857407
39857575
39858215
39861354
39861408
39861437
39864488
39869298
39871014
39876077
39876965
39878357
39879948
39880386
39884490
39887554
39889004
39891610
39891907
39895101
39895674
39896729
39897551
39902167
39902852
39902884
39903041
39903553
39904418
39905635
39909188
39914261
39915022
39916368
39917273
39919251
39919738
39920535
39923222
39928149
39929231
39930306
39931708
39931771
39933702
39934616
39938597
39940417
39940731
39940866
39941050
39941111
39941151
39941693
39943096
39944998
39946517
39947139
39949665
39950255
39952614
39954868
39955578
39957063
39959224
39960339
39961420
39968300
39968942
39969260
39972513
39975006
39976554
39977859
39979696
39981021
39982256
39982429
39984795
39985583
39987567
39990545
39991166
39991485
39992562
40000838
40001256
40002396
40002689
40003234
40003448
40004554
40004951
40008210
40009244
40010075
40010361
40011348
40011544
40012033
40014011
40015765
40015854
40017026
40017568
40019723
40020680
40021627
40021833
40022144
40022440
40024450
40025157
40033182
40033858
40033989
40034870
40035033
40035867
40041508
40045665
40046694
40048058
40049515
40050291
40053075
40054305
40059099
40060168
40061448
40063304
40063518
40064557
40064728
40067213
40067241
40069235
40070268
40070614
40071363
40072034
40073691
40074557
40075996
40077505
40077683
40077698
40079502
40083143
40087747
40088269
40090086
40090601
40091956
40092171
40093256
40095500
40102451
40102899
40103603
40104546
40104682
40105215
40106454
40107424
40110185
40110326
40110646
40110901
40112254
40113058
40114154
40115383
40115437
40115669
40117732
40119305
40120073
40122036
40128417
40128889
40128954
40129436
40130752
40131898
40132579
40133428
40136711
40137102
40138653
40141718
40142598
40148142
40149850
40151718
40152388
40156268
40159416
40159584
40164036
40166007
40167390
40168065
40169604
40170455
40170530
40173332
40174711
40178842
40179993
40182030
40182705
40182711
40182720
40185253
40188470
40189677
40192010
40194634
40194740
40197497
40200367
40201998
40204125
40205487
40206398
40206950
40210726
40211683
40211897
40213145
40215109
40217981
40218387
40219599
40220193
40222175
40223161
40223391
40225997
40227488
40228677
40229731
40231445
40231684
40233682
40235231
40235325
40235877
40239196
40239930
40240134
40240321
40241810
40243109
40243609
40243713
40243714
40244523
40244862
40246773
40247925
40248705
40250619
40252731
40254925
40255692
40257056
40257739
40261537
40264476
40269232
40270615
40271743
40278368
40279333
40279553
40280491
40281807
40282391
40283065
40283415
40284200
40284238
40284247
40285987
40287116
40288594
40289582
40291424
40291720
40292009
40293097
40293435
40293552
40296354
40301994
40305557
40307246
40307890
40307934
40308419
40310138
40310374
40311885
40312145
40313441
40313877
40314321
40315254
40318104
40319213
40319714
40320886
40322518
40323301
40325270
40331975
40332022
40334838
40335829
40336478
40336821
40338654
40339359
40339675
40340015
40340957
40341022
40341642
40343293
40345472
40347853
40348246
40349018
40349313
40352188
40352907
40356568
40356773
40358233
40358479
40360496
40362165
40362215
40365911
40366727
40366742
40367520
40367725
40371183
40371873
40372680
40376695
40376939
40378926
40382050
40383256
40384186
40386658
40388242
40392269
40392854
40393809
40395026
40395083
40395322
40397783
40399268
40400571
40400786
40402402
40404130
40404671
40405171
40407261
40409750
40411469
40414810
40417740
40417941
40418335
40418349
40418711
40418845
40420095
40425397
40427303
40427313
40429895
40431901
40432142
40433620
40433920
40434155
40436301
40436519
40436565
40438423
40438779
40438901
40445217
40445834
40448885
40453722
40456183
40457554
40458145
40458983
40462081
40463546
40463932
40465195
40465482
40465974
40468964
40471451
40475539
40475957
40478681
40479264
40482643
40483127
40486993
40490603
40490834
40492069
40495484
40497823
40499717
40502530
40503326
40504253
40507030
40507193
40508019
40509362
40511589
40512179
40512358
40513560
40513715
40514287
40516195
40516752
40516819
40517393
40519261
40520940
40521953
40522367
40522747
40523362
40523608
40530719
40531695
40532368
40532750
40533202
40534644
40534779
40534886
40537091
40537122
40537472
40537575
40539198
40543235
40544314
40545540
40547947
40551374
40551391
40552423
40553263
40553581
40553788
40554687
40554695
40555304
40559429
40559624
40559696
40559702
40560440
40562095
40562230
40563979
40565002
40565086
40565115
40565271
40565987
40566521
40566712
40566717
40569240
40570836
40572269
40573107
40573125
40573223
40574863
40574901
40576496
40580185
40580209
40581647
40583128
40585108
40585351
40586379
40588098
40588182
40588595
40590946
40591549
40592488
40594526
40595512
40595707
40595976
40596326
40596577
40596852
40601479
40601697
40602653
40603565
40607195
40607404
40608178
40609647
40613684
40614598
40615512
40615903
40617129
40618320
40621119
40623475
40625276
40626047
40627142
40627397
40637247
40639377
40639689
40640190
40645404
40646880
40647193
40648912
40648913
40650093
40650781
40651083
40652239
40654849
40654889
40654987
40655156
40656991
40660464
40662628
40663352
40663496
40665959
40666847
40670227
40670969
40671677
40673305
40679399
40679703
40680227
40682239
40682843
40683252
40685995
40687903
40689836
40690272
40690900
40692837
40693573
40693778
40694173
40694215
40695537
40695747
40695772
40697094
40699540
40699770
40699781
40701293
40702409
40703584
40704062
40705846
40706194
40707970
40708865
40711080
40711504
40712831
40713754
40713821
40715441
40715644
40718117
40718182
40718790
40719540
40722596
40723384
40723880
40724596
40724847
40725466
40725470
40726009
40726316
40726355
40732922
40733004
40737449
40737703
40744296
40744993
40746438
40746820
40746864
40746988
40749295
40751845
40752619
40756803
40757529
40757568
40757590
40759392
40760148
40760469
40760802
40765126
40768767
40768787
40771108
40775252
40778181
40778577
40780262
40781899
40784216
40787159
40788202
40789176
40789518
40789650
40790490
40794101
40795054
40796189
40796291
40796353
40796355
40799615
40803001
40803696
40805093
40806038
40806155
40806247
40809025
40810104
40810354
40810749
40815154
40819118
40821651
40821811
40822014
40828678
40829555
40829770
40830310
40830729
40831565
40831975
40832134
40832971
40834288
40836781
40839339
40841449
40846098
40847397
40849077
40849310
40850305
40851553
40853965
40853983
40858047
40858524
40859364
40859541
40862179
40864737
40865600
40867756
40867773
40868853
40869220
40869331
40869529
40870407
40872612
40873756
40874570
40874701
40876953
40879772
40879884
40880260
40881686
40881862
40886374
40886619
40889003
40889575
40889726
40890725
40892428
40892466
40892949
40893166
40894879
40896238
40899572
40900286
40902333
40902699
40903011
40903540
40904246
40906143
40907786
40909984
40910423
40911795
40913284
40914549
40916170
40918994
40920631
40921273
40923295
40923429
40925442
40927389
40929144
40930248
40933317
40933333
40933335
40933392
40933823
40936007
40936280
40936660
40936988
40937083
40938456
40940923
40941404
40943482
40943811
40944155
40944203
40947037
40947309
40947642
40948308
40949872
40950921
40950963
40951466
40954610
40957493
40957604
40958628
40959574
40960308
40960642
40962336
40963103
40963364
40963395
40964682
40969596
40970779
40971961
40976767
40977946
40979308
40979691
40981050
40983275
40983804
40983985
40988029
40989799
40991213
40992209
40992260
40992652
40993371
40993770
40994451
40994468
40995945
40998287
41000964
41001950
41002741
41003931
41004098
41007263
41007334
41007349
41009422
41010487
41010491
41011665
41013808
41017705
41019709
41024702
41025117
41025805
41026576
41027017
41027588
41028992
41030226
41030736
41032531
41032842
41034431
41036226
41036582
41038268
41038351
41039231
41040018
41041307
41041386
41041602
41044544
41046976
41051969
41056502
41056621
41056946
41057610
41061255
41062473
41063974
41064119
41067491
41067533
41068547
41069199
41070329
41071648
41071722
41072356
41074544
41076219
41076654
41077366
41080184
41082313
41082584
41083147
41088219
41088346
41090781
41091458
41095501
41096930
41097081
41098164
41098478
41098796
41099966
41101781
41102475
41103295
41103319
41105175
41105695
41106712
41106846
41110230
41110493
41111991
41112909
41114347
41115071
41115579
41117415
41117483
41117895
41120895
41121188
41121573
41121597
41123091
41124031
41126503
41127870
41128440
41128772
41132128
41132381
41133003
41134637
41134649
41134656
41135838
41139155
41139389
41139415
41141849
41141855
41141867
41142583
41143166
41143429
41146440
41149619
41150205
41152780
41153331
41154619
41154623
41154646
41155766
41156066
41159023
41159994
41160096
41160589
41162381
41162901
41163346
41165878
41166412
41166552
41167485
41168088
41168450
41168681
41168772
41168834
41169370
41169391
41170539
41170552
41173314
41173373
41178442
41180562
41181733
41183972
41185418
41186329
41187159
41187933
41188318
41190441
41190581
41194800
41196241
41197061
41198540
41199224
41199406
41199407
41199666
41200313
41200708
41201844
41203676
41204708
41204927
41205154
41205848
41206583
41208056
41208396
41208983
41209037
41214136
41214961
41219818
41220705
41220947
41221158
41221589
41222681
41223152
41227650
41228481
41228567
41231045
41233637
41234235
41234692
41236124
41237904
41238973
41240785
41241889
41241935
41242537
41242955
41243337
41243363
41245391
41246440
41247313
41247658
41247790
41247792
41247794
41252862
41258963
41259430
41261027
41261763
41262984
41263665
41266776
41267634
41269434
41270908
41274352
41274384
41275975
41278785
41279622
41281911
41281914
41283176
41283436
41283454
41283543
41283559
41283585
41284622
41285619
41291910
41291926
41292942
41295766
41295784
41298645
41300522
41300938
41301412
41301508
41301678
41301840
41301959
41303517
41305554
41306051
41308250
41308718
41310682
41311554
41312481
41312699
41314005
41314147
41314632
41315271
41316469
41318531
41320288
41320950
41321015
41321034
41321425
41323861
41323862
41325290
41333238
41334763
41337765
41338125
41338314
41340726
41341136
41343688
41343775
41344195
41349705
41349896
41350861
41351269
41351700
41351754
41351761
41354622
41355999
41356772
41357947
41362050
41364683
41365208
41365974
41366475
41368348
41370052
41371375
41372350
41372576
41373279
41374023
41374052
41375612
41376515
41379311
41383006
41385499
41386684
41387212
41389094
41389445
41389890
41390043
41390291
41392020
41397335
41398160
41399030
41400998
41401015
41403600
41406602
41407887
41408643
41408684
41408789
41408794
41408795
41409470
41410550
41410592
41412308
41415290
41416079
41416948
41417436
41417777
41418714
41420397
41421649
41423624
41424789
41424841
41429548
41429572
41429838
41432641
41436671
41440284
41440783
41441410
41441428
41441536
41442090
41445672
41450851
41453684
41460218
41460249
41461583
41462441
41462444
41462507
41463319
41463529
41463651
41465520
41467764
41472185
41478467
41478938
41479689
41482726
41483327
41484100
41486461
41486510
41488924
41489243
41489916
41490862
41491333
41493086
41493140
41494358
41494650
41496326
41496492
41496807
41499403
41501916
41504165
41505374
41506440
41506728
41509425
41510933
41511610
41511977
41514178
41515196
41515291
41515940
41516008
41516392
41517383
41517582
41524256
41527122
41527605
41528325
41531287
41531441
41534132
41534738
41534874
41535906
41538301
41540479
41541656
41542537
41543369
41547677
41547744
41547836
41548697
41550722
41551662
41554300
41554463
41555288
41555523
41556240
41558611
41559546
41562755
41562853
41562855
41562977
41568334
41571033
41572276
41572518
41574581
41576003
41576317
41577633
41577799
41578624
41580116
41580156
41585523
41585797
41588020
41588850
41590624
41590649
41590651
41590687
41590966
41591089
41592718
41594545
41594585
41594638
41594656
41594889
41594893
41595529
41595663
41596082
41596256
41596546
41597263
41598239
41599826
41599850
41599941
41600695
41602310
41603421
41603483
41606419
41608335
41608485
41608747
41609009
41609377
41611130
41613295
41613504
41617156
41619405
41620394
41621709
41622221
41624015
41624139
41624262
41624348
41624616
41624840
41626477
41630123
41630655
41630896
41631762
41631779
41632620
41632929
41633983
41634723
41634956
41635664
41636301
41637231
41637285
41637404
41639166
41639886
41641160
41642653
41644092
41646182
41648610
41650529
41657234
41657365
41658709
41659426
41659924
41660510
41661185
41662889
41664082
41666921
41667602
41668187
41668454
41668769
41670016
41674114
41675500
41676273
41676384
41676584
41677899
41678332
41683256
41683324
41683346
41683362
41684917
41685587
41687812
41688634
41689216
41689378
41691131
41691319
41693491
41695095
41695959
41696404
41701327
41701866
41704821
41705158
41705654
41707779
41708628
41710434
41710440
41710469
41711669
41714436
41715225
41716985
41718182
41718246
41723912
41725005
41725018
41727419
41729927
41730260
41730502
41731349
41731726
41733003
41734407
41734596
41736739
41736795
41737301
41737594
41738991
41739819
41740469
41742004
41742560
41743864
41744293
41744637
41744947
41745577
41746634
41749441
41750299
41750333
41750533
41750810
41750881
41751201
41751275
41751953
41751986
41752088
41752728
41753167
41754131
41754192
41754211
41754217
41759080
41759774
41760328
41760380
41760757
41762089
41763365
41766979
41772068
41773190
41773697
41774891
41775691
41775886
41776562
41776652
41779174
41780807
41786068
41786247
41787548
41788955
41791225
41792034
41792245
41793261
41793277
41793434
41795834
41796012
41796132
41796987
41798953
41799344
41801539
41802864
41804829
41805821
41806479
41806509
41809696
41811709
41818320
41818395
41818607
41820963
41822178
41823202
41823245
41825129
41825555
41827064
41827731
41827843
41828552
41828667
41829932
41829950
41829959
41829975
41830866
41831054
41831355
41831799
41831991
41832545
41834140
41835387
41835783
41836333
41837066
41840606
41842715
41843336
41843412
41844130
41847930
41850784
41851918
41854643
41855587
41856088
41859671
41859741
41860253
41861189
41862469
41863491
41864501
41866584
41867825
41867854
41868246
41869022
41869769
41870601
41870605
41870821
41872747
41874457
41876914
41877304
41877520
41878041
41879062
41882830
41883429
41884217
41884268
41885792
41886286
41888476
41888681
41888861
41889988
41890233
41891174
41893040
41893354
41893929
41894197
41897712
41897954
41898246
41898620
41898902
41899032
41899269
41901133
41901166
41901354
41903760
41904552
41904841
41906349
41906448
41906559
41909920
41911459
41912101
41914525
41914778
41915057
41915342
41917538
41917722
41921254
41921918
41923121
41923240
41928319
41928725
41929939
41930485
41931002
41931027
41931937
41932611
41933175
41933867
41935338
41936972
41937599
41937674
41944041
41944571
41944950
41945263
41945629
41947110
41947493
41948081
41948284
41948821
41952016
41953043
41954857
41955091
41956455
41956491
41956499
41956699
41959258
41959380
41959469
41959835
41960190
41960683
41961280
41962775
41962970
41963416
41964077
41964396
41964790
41966073
41966520
41970989
41971374
41974589
41977131
41977206
41978112
41978296
41979147
41981959
41983081
41983698
41985798
41987151
41987242
41991430
41993944
41994354
41995662
41995884
41996458
41997052
41997134
41997503
41997565
41999828
42001980
42002932
42003177
42003465
42004591
42004824
42008620
42010766
42010994
42011425
42012472
42013313
42014596
42014732
42016403
42020262
42023299
42023778
42024050
42024694
42025676
42025818
42026608
42026739
42029527
42029571
42029608
42029923
42031562
42031886
42033051
42033865
42034059
42034172
42034967
42037706
42038255
42038451
42040376
42040673
42041840
42042930
42043068
42043172
42044030
42045986
42046670
42047745
42049052
42049429
42050009
42051517
42051615
42052014
42052400
42053829
42053899
42055175
42055357
42058068
42059412
42061479
42063202
42065088
42065231
42065629
42065923
42066739
42067131
42068281
42069681
42070654
42072083
42072616
42074239
42074313
42074592
42075011
42075028
42075383
42077126
42081186
42082041
42082194
42085204
42085607
42088589
42089800
42090083
42090323
42090623
42090738
42093474
42094600
42096113
42096626
42099779
42099915
42100686
42101356
42103955
42104013
42105570
42105992
42107909
42111835
42112164
42114087
42116941
42118677
42119174
42119638
42123572
42124027
42124634
42129699
42130396
42130861
42131346
42131872
42133604
42135533
42136341
42138775
42139045
42141366
42142246
42143857
42144061
42145235
42145827
42146664
42149693
42151421
42151687
42151748
42152184
42153013
42154569
42155981
42159410
42162798
42164870
42165230
42165356
42166123
42166636
42167231
42168977
42169190
42170456
42171031
42172289
42174056
42174721
42175738
42176778
42176884
42178054
42180831
42181513
42182065
42182294
42182400
42182658
42182947
42185030
42186183
42187499
42188545
42188588
42190017
42193839
42193869
42195021
42196142
42196277
42196296
42196395
42197004
42197007
42197026
42197030
42197058
42197087
42197097
42198444
42198855
42199432
42200610
42200900
42201410
42201614
42203565
42204392
42205650
42210080
42210382
42213158
42214609
42215334
42215931
42216391
42216524
42217742
42218755
42218768
42220584
42221302
42221768
42222673
42225862
42227100
42228614
42230415
42232809
42233178
42234268
42234952
42237705
42238414
42239864
42241674
42242580
42243746
42244667
42244873
42245630
42245833
42249014
42249952
42251345
42251903
42255586
42255793
42257999
42258404
42258417
42258430
42260225
42262593
42263051
42264276
42265179
42265787
42265868
42266733
42267527
42267767
42267976
42268350
42268366
42268495
42268574
42268956
42269175
42270042
42270524
42270889
42271532
42272906
42273167
42274574
42278105
42278265
42278474
42278521
42279294
42280321
42280331
42280339
42281246
42284195
42284291
42285757
42285772
42286567
42287393
42288718
42288978
42289299
42289336
42289482
42290027
42291405
42292366
42293142
42293177
42294001
42295944
42296701
42297720
42297876
42299118
42303371
42304279
42305061
42310923
42311035
42311326
42312038
42313222
42313781
42315824
42315974
42316869
42318273
42318624
42318940
42320482
42320488
42321890
42322395
42324021
42325615
42326337
42329302
42331523
42331870
42331944
42332716
42335646
42335978
42336065
42338952
42340004
42340681
42343043
42343250
42343877
42344963
42346350
42346377
42346485
42346740
42347463
42347472
42347478
42347480
42348332
42349896
42351984
42352004
42352011
42352294
42352929
42352970
42353316
42353777
42353784
42354592
42354990
42355321
42355713
42355829
42356276
42356358
42356379
42356486
42357190
42357729
42358156
42359679
42361418
42361953
42362024
42364670
42364789
42368199
42368410
42368776
42369610
42369646
42369655
42369884
42370391
42370596
42373033
42373698
42374445
42375078
42375599
42376797
42377205
42377763
42379275
42379524
42380019
42381997
42382056
42382319
42385612
42386294
42390527
42390909
42394143
42394499
42394699
42395032
42396351
42396376
42396726
42397160
42399371
42399740
42400308
42400741
42401082
42404979
42405510
42406061
42406066
42409310
42413512
42416010
42417962
42420556
42420830
42421570
42422385
42423953
42425844
42426781
42427091
42428420
42428498
42428786
42431345
42431709
42432678
42432679
42433116
42435218
42435866
42437920
42440029
42441413
42442009
42442053
42442368
42442604
42442691
42444316
42444969
42448002
42450549
42450581
42451119
42451454
42452432
42454063
42454911
42455516
42458256
42461394
42461968
42462077
42463009
42463907
42465082
42466635
42468713
42469114
42470581
42471101
42471390
42472537
42473428
42474806
42476008
42477911
42479929
42482764
42483938
42484080
42486398
42487598
42488538
42489020
42490673
42491492
42492814
42493787
42494058
42494155
42494618
42495615
42495624
42498624
42500124
42500296
42501047
42501056
42502361
42502427
42503233
42503393
42503405
42505346
42506406
42506425
42506435
42506460
42508903
42509650
42509737
42510739
42511313
42511461
42512191
42512404
42513244
42514226
42514298
42514342
42514472
42516255
42516259
42519021
42520997
42521682
42523671
42526662
42528548
42528893
42531218
42532322
42534352
42537931
42539657
42539704
42539765
42539963
42539998
42543373
42543961
42545855
42547671
42547690
42549251
42550210
42550391
42551803
42553746
42554894
42556117
42556122
42556252
42557446
42557978
42558227
42560438
42561457
42564150
42564180
42566940
42571303
42571782
42572021
42574568
42576206
42576465
42576610
42577070
42577566
42583675
42584764
42586752
42587777
42588073
42588107
42588146
42588175
42589246
42589366
42589389
42589391
42590047
42591912
42591915
42598088
42598495
42601056
42601059
42601392
42601457
42602191
42602326
42602426
42603599
42604443
42604473
42606357
42606830
42606956
42610114
42612823
42614538
42615877
42616143
42617632
42618021
42618162
42618257
42618261
42618265
42618741
42620535
42622378
42623301
42625234
42625404
42625455
42625625
42626834
42627570
42628035
42629215
42632247
42632526
42633395
42633752
42634934
42635410
42635475
42636148
42637262
42638989
42642884
42643429
42643612
42644357
42646266
42646298
42646629
42646673
42646866
42647954
42650156
42650837
42650876
42650977
42651848
42652201
42652971
42653109
42654196
42654251
42656621
42656947
42657462
42658039
42658215
42658480
42660280
42661049
42661568
42661679
42662534
42666016
42666019
42666190
42666369
42666808
42667462
42667675
42670222
42671752
42673620
42677054
42679097
42680624
42684215
42685973
42687398
42689310
42689376
42690561
42694301
42694682
42694706
42694922
42698042
42698568
42698767
42702010
42702159
42702905
42703261
42704504
42706483
42706520
42707282
42707668
42711121
42711623
42713115
42713168
42714005
42718706
42719152
42719265
42720802
42720847
42721772
42722290
42722624
42725037
42727196
42727492
42727861
42728636
42728866
42729312
42730397
42730590
42732455
42733894
42736602
42737432
42737798
42738403
42738531
42738954
42739033
42739676
42739901
42739926
42740355
42740391
42740930
42740961
42742697
42743735
42744676
42745923
42749002
42750645
42751417
42751917
42752343
42752398
42753768
42756022
42759487
42759499
42759583
42759885
42760983
42761183
42765120
42765390
42769245
42770277
42770839
42773257
42774773
42775089
42775175
42775235
42776298
42776338
42776989
42777345
42779008
42780120
42780578
42782731
42782768
42783751
42783799
42783800
42783812
42784047
42784384
42785554
42786052
42786466
42787426
42789796
42790922
42792173
42792182
42794215
42794676
42795021
42795031
42795429
42795768
42796707
42797032
42798389
42798446
42798530
42798689
42799570
42800685
42802505
42805372
42807821
42807828
42808427
42808444
42812173
42812632
42813311
42814861
42816732
42818100
42818646
42818838
42819224
42820058
42821255
42824069
42824430
42828228
42828502
42828569
